id,kentAtlasiDegeriKodu,kentAtlasiDegeri,gecirimsizlikKatmani,tucbsNo,aciklama,gecerlilikBaslangici,gecerlilikSonu,gozlemTarihi,hilucsAraziKullanimi,hilucsDurumu,olcek,surumBaslangicZamani,surumBitisZamani,total_population,estimated_water_supply,population_pressure,urban_water_stress_score
sehirAtlasi.1,11230,Düşük Yoğunluklu Süreksiz Kentsel Alan (10% - 30%),20,CBSGM_1_338821,,2019-02-18 00:00:00+00:00,,,,,1:10000,,,0.0,2.4158856509330553,0.0,0.0
sehirAtlasi.672,12170,İbadethane Alanları,0,CBSGM_1_7976389,,2019-06-10 00:00:00+00:00,,,,,1:10000,,,0.0,1.0151939108894168,0.0,0.0
sehirAtlasi.659,12150,Eğitim Alanları,9,CBSGM_1_7976378,,2019-05-30 00:00:00+00:00,,,,,1:10000,,,0.0,1.2759315752126767,0.0,0.0
sehirAtlasi.660,12170,İbadethane Alanları,0,CBSGM_1_7976379,,2019-05-30 00:00:00+00:00,,,,,1:10000,,,0.0,0.9276704190868084,0.0,0.0
sehirAtlasi.661,12170,İbadethane Alanları,0,CBSGM_1_7976380,,2019-05-30 00:00:00+00:00,,,,,1:10000,,,0.0,1.0517272211902498,0.0,0.0
sehirAtlasi.662,12170,İbadethane Alanları,0,CBSGM_1_7976381,,2019-05-30 00:00:00+00:00,,,,,1:10000,,,0.0,1.3131757724771298,0.0,0.0
sehirAtlasi.663,12150,Eğitim Alanları,0,CBSGM_1_7976382,,2019-11-14 00:00:00+00:00,,,,,1:10000,,,0.0,1.2849898835821656,0.0,0.0
sehirAtlasi.664,13400,Mevcut Kullanımı Olmayan Alanlar,0,CBSGM_1_7976383,,2019-05-30 00:00:00+00:00,,,,,1:10000,,,0.0,1.2919954086959327,0.0,0.0
sehirAtlasi.665,11240,Çok Düşük Yoğunluklu Süreksiz Kentsel Alan (< 10%),0,CBSGM_1_7976384,,2019-06-10 00:00:00+00:00,,,,,1:10000,,,0.0,1.0566173685024827,0.0,0.0
sehirAtlasi.666,11210,Yüksek Yoğunluklu Süreksiz Kentsel Alan (50% - 80%),0,CBSGM_1_7976385,,2019-06-10 00:00:00+00:00,,,,,1:10000,,,0.0,1.2060792387488464,0.0,0.0
sehirAtlasi.667,12170,İbadethane Alanları,0,CBSGM_1_7976386,,2019-06-10 00:00:00+00:00,,,,,1:10000,,,0.0,1.5738239459071257,0.0,0.0
sehirAtlasi.668,13300,İnşaat Alanları,0,CBSGM_1_7976387,,2019-06-10 00:00:00+00:00,,,,,1:10000,,,0.0,1.4598127583755902,0.0,0.0
sehirAtlasi.669,12130,Kamu Alanları,0,CBSGM_1_7976388,,2019-06-10 00:00:00+00:00,,,,,1:10000,,,0.0,1.305836932004897,0.0,0.0
sehirAtlasi.670,11240,Çok Düşük Yoğunluklu Süreksiz Kentsel Alan (< 10%),8,CBSGM_1_142500,,2019-06-17 00:00:00+00:00,,,,,1:10000,,,0.0,0.8247886347160489,0.0,0.0
sehirAtlasi.671,11220,Orta Yoğunluklu Süreksiz Kentsel Alan (30% - 50%),28,CBSGM_1_142501,,2019-02-08 00:00:00+00:00,,,,,1:10000,,,0.0,0.8279581585303601,0.0,0.0
sehirAtlasi.673,12120,Ticaret Alanları,0,CBSGM_1_7976390,,2019-06-10 00:00:00+00:00,,,,,1:10000,,,0.0,1.2223292727419106,0.0,0.0
sehirAtlasi.688,11210,Yüksek Yoğunluklu Süreksiz Kentsel Alan (50% - 80%),34,CBSGM_1_1398983,,2019-02-25 00:00:00+00:00,,,,,1:10000,,,0.0,0.5611113483649323,0.0,0.0
sehirAtlasi.674,12110,Sanayi ve Üretim Alanları,0,CBSGM_1_7976391,,2019-06-10 00:00:00+00:00,,,,,1:10000,,,0.0,1.2544807433051899,0.0,0.0
sehirAtlasi.675,12120,Ticaret Alanları,0,CBSGM_1_7976392,,2019-06-10 00:00:00+00:00,,,,,1:10000,,,0.0,1.3016682411857603,0.0,0.0
sehirAtlasi.676,14120,Kent İçindeki Yeşil Alanlar ( Aktif ),0,CBSGM_1_7976393,,2019-06-10 00:00:00+00:00,,,,,1:10000,,,0.0,1.308862087431283,0.0,0.0
sehirAtlasi.677,12170,İbadethane Alanları,0,CBSGM_1_7976394,,2019-11-14 00:00:00+00:00,,,,,1:10000,,,0.0,1.3141202901386424,0.0,0.0
sehirAtlasi.678,32000,Maki veya Otsu Bitkiler,0,CBSGM_1_7976395,,2019-11-14 00:00:00+00:00,,,,,1:10000,,,0.0,1.0225032516244503,0.0,0.0
sehirAtlasi.679,12130,Kamu Alanları,0,CBSGM_1_7976396,,2019-11-14 00:00:00+00:00,,,,,1:10000,,,0.0,1.21404098068356,0.0,0.0
sehirAtlasi.680,12130,Kamu Alanları,0,CBSGM_1_7976397,,2019-06-10 00:00:00+00:00,,,,,1:10000,,,0.0,1.1886839013388268,0.0,0.0
sehirAtlasi.681,12170,İbadethane Alanları,0,CBSGM_1_7976398,,2019-06-10 00:00:00+00:00,,,,,1:10000,,,0.0,1.2158133449961155,0.0,0.0
sehirAtlasi.682,50000,Su Alanları,0,CBSGM_1_7976399,,2019-06-10 00:00:00+00:00,,,,,1:10000,,,0.0,1.2915838800827286,0.0,0.0
sehirAtlasi.683,11300,İzole Yapılar,0,CBSGM_1_7976400,,2019-06-10 00:00:00+00:00,,,,,1:10000,,,0.0,1.295076783421428,0.0,0.0
sehirAtlasi.684,12110,Sanayi ve Üretim Alanları,0,CBSGM_1_7976401,,2019-11-14 00:00:00+00:00,,,,,1:10000,,,0.0,1.2959420096074337,0.0,0.0
sehirAtlasi.685,11100,Sürekli Kentsel Alan (> 80%),55,CBSGM_1_808,,2019-02-06 00:00:00+00:00,,,,,1:10000,,,0.0,0.4463011429676932,0.0,0.0
sehirAtlasi.686,11100,Sürekli Kentsel Alan (> 80%),38,CBSGM_1_1398981,,2019-02-25 00:00:00+00:00,,,,,1:10000,,,0.0,0.5556674172551951,0.0,0.0
sehirAtlasi.658,12150,Eğitim Alanları,9,CBSGM_1_7976377,,2019-05-30 00:00:00+00:00,,,,,1:10000,,,0.0,1.2585737669874515,0.0,0.0
sehirAtlasi.657,11210,Yüksek Yoğunluklu Süreksiz Kentsel Alan (50% - 80%),0,CBSGM_1_7976376,,2019-06-13 00:00:00+00:00,,,,,1:10000,,,0.0,0.9876232751922296,0.0,0.0
sehirAtlasi.656,11230,Düşük Yoğunluklu Süreksiz Kentsel Alan (10% - 30%),18,CBSGM_1_337112,,2019-02-15 00:00:00+00:00,,,,,1:10000,,,0.0,1.2739313708896354,0.0,0.0
sehirAtlasi.655,12160,Sağlık Alanları,0,CBSGM_1_7976375,,2019-06-13 00:00:00+00:00,,,,,1:10000,,,0.0,0.9825512121365889,0.0,0.0
sehirAtlasi.628,13400,Mevcut Kullanımı Olmayan Alanlar,0,CBSGM_1_7976350,,2019-05-24 00:00:00+00:00,,,,,1:10000,,,0.0,1.4024515673202593,0.0,0.0
sehirAtlasi.629,11240,Çok Düşük Yoğunluklu Süreksiz Kentsel Alan (< 10%),0,CBSGM_1_7976351,,2019-10-01 00:00:00+00:00,,,,,1:10000,,,0.0,0.569375845075342,0.0,0.0
sehirAtlasi.630,11210,Yüksek Yoğunluklu Süreksiz Kentsel Alan (50% - 80%),36,CBSGM_1_338314,,2019-02-16 00:00:00+00:00,,,,,1:10000,,,0.0,1.1118661106617027,0.0,0.0
sehirAtlasi.631,11230,Düşük Yoğunluklu Süreksiz Kentsel Alan (10% - 30%),0,CBSGM_1_7976352,,2019-10-01 00:00:00+00:00,,,,,1:10000,,,0.0,0.57127737699529,0.0,0.0
sehirAtlasi.632,11300,İzole Yapılar,0,CBSGM_1_7976353,,2019-10-01 00:00:00+00:00,,,,,1:10000,,,0.0,0.5694327691460032,0.0,0.0
sehirAtlasi.633,22000,Sürekli Ürünler,0,CBSGM_1_7976354,,2019-10-01 00:00:00+00:00,,,,,1:10000,,,0.0,0.5700196253665704,0.0,0.0
sehirAtlasi.634,33000,Bitki Örtüsü Az Ya da Olmayan Alanlar,0,CBSGM_1_7976355,,2019-09-12 00:00:00+00:00,,,,,1:10000,,,0.0,1.2788857149576636,0.0,0.0
sehirAtlasi.635,11210,Yüksek Yoğunluklu Süreksiz Kentsel Alan (50% - 80%),35,CBSGM_1_338313,,2019-02-16 00:00:00+00:00,,,,,1:10000,,,0.0,1.1115430578423176,0.0,0.0
sehirAtlasi.636,22000,Sürekli Ürünler,0,CBSGM_1_7976356,,2019-05-24 00:00:00+00:00,,,,,1:10000,,,0.0,1.1234350152979118,0.0,0.0
sehirAtlasi.637,11210,Yüksek Yoğunluklu Süreksiz Kentsel Alan (50% - 80%),43,CBSGM_1_7976357,,2019-02-12 00:00:00+00:00,,,,,1:10000,,,0.0,0.6036204352202208,0.0,0.0
sehirAtlasi.638,11230,Düşük Yoğunluklu Süreksiz Kentsel Alan (10% - 30%),20,CBSGM_1_7976358,,2019-02-13 00:00:00+00:00,,,,,1:10000,,,0.0,0.6037987821596723,0.0,0.0
sehirAtlasi.639,11240,Çok Düşük Yoğunluklu Süreksiz Kentsel Alan (< 10%),0,CBSGM_1_7976359,,2019-02-12 00:00:00+00:00,,,,,1:10000,,,0.0,0.8621564813760004,0.0,0.0
sehirAtlasi.640,13400,Mevcut Kullanımı Olmayan Alanlar,0,CBSGM_1_7976360,,2019-02-08 00:00:00+00:00,,,,,1:10000,,,0.0,1.3058680322240284,0.0,0.0
sehirAtlasi.641,14200,Spor Ve Eğlence Alanları,0,CBSGM_1_7976361,,2019-02-08 00:00:00+00:00,,,,,1:10000,,,0.0,1.3754203066941508,0.0,0.0
sehirAtlasi.642,14200,Spor Ve Eğlence Alanları,0,CBSGM_1_7976362,,2019-02-08 00:00:00+00:00,,,,,1:10000,,,0.0,1.3237958562049739,0.0,0.0
sehirAtlasi.643,11300,İzole Yapılar,0,CBSGM_1_7976363,,2019-02-08 00:00:00+00:00,,,,,1:10000,,,0.0,1.2399097577201614,0.0,0.0
sehirAtlasi.644,11300,İzole Yapılar,4,CBSGM_1_7976364,,2019-02-08 00:00:00+00:00,,,,,1:10000,,,0.0,1.2072782258633898,0.0,0.0
sehirAtlasi.645,13400,Mevcut Kullanımı Olmayan Alanlar,0,CBSGM_1_7976365,,2019-02-08 00:00:00+00:00,,,,,1:10000,,,0.0,1.123369918474736,0.0,0.0
sehirAtlasi.646,11300,İzole Yapılar,0,CBSGM_1_7976366,,2019-02-11 00:00:00+00:00,,,,,1:10000,,,0.0,1.3734114477338486,0.0,0.0
sehirAtlasi.647,13400,Mevcut Kullanımı Olmayan Alanlar,0,CBSGM_1_7976367,,2019-09-16 00:00:00+00:00,,,,,1:10000,,,0.0,1.3671729147531257,0.0,0.0
sehirAtlasi.648,11230,Düşük Yoğunluklu Süreksiz Kentsel Alan (10% - 30%),0,CBSGM_1_7976368,,2019-02-11 00:00:00+00:00,,,,,1:10000,,,0.0,1.3821426301623694,0.0,0.0
sehirAtlasi.649,11300,İzole Yapılar,0,CBSGM_1_7976369,,2019-02-11 00:00:00+00:00,,,,,1:10000,,,0.0,1.576819277549072,0.0,0.0
sehirAtlasi.650,11240,Çok Düşük Yoğunluklu Süreksiz Kentsel Alan (< 10%),8,CBSGM_1_7976370,,2019-02-12 00:00:00+00:00,,,,,1:10000,,,0.0,0.7966895483387877,0.0,0.0
sehirAtlasi.651,12150,Eğitim Alanları,0,CBSGM_1_7976371,,2019-05-31 00:00:00+00:00,,,,,1:10000,,,0.0,0.7098620535198245,0.0,0.0
sehirAtlasi.652,11230,Düşük Yoğunluklu Süreksiz Kentsel Alan (10% - 30%),0,CBSGM_1_7976372,,2019-05-30 00:00:00+00:00,,,,,1:10000,,,0.0,1.4111968779658386,0.0,0.0
sehirAtlasi.653,11230,Düşük Yoğunluklu Süreksiz Kentsel Alan (10% - 30%),0,CBSGM_1_7976373,,2019-05-30 00:00:00+00:00,,,,,1:10000,,,0.0,1.422150915644488,0.0,0.0
sehirAtlasi.654,12170,İbadethane Alanları,0,CBSGM_1_7976374,,2019-05-30 00:00:00+00:00,,,,,1:10000,,,0.0,1.1169595756116606,0.0,0.0
sehirAtlasi.687,11220,Orta Yoğunluklu Süreksiz Kentsel Alan (30% - 50%),32,CBSGM_1_1398982,,2019-02-25 00:00:00+00:00,,,,,1:10000,,,0.0,0.554170046856509,0.0,0.0
sehirAtlasi.689,11100,Sürekli Kentsel Alan (> 80%),85,CBSGM_1_1398984,,2019-02-25 00:00:00+00:00,,,,,1:10000,,,0.0,0.5667191557959212,0.0,0.0
sehirAtlasi.2,11240,Çok Düşük Yoğunluklu Süreksiz Kentsel Alan (< 10%),10,CBSGM_1_7984195,,2019-02-11 00:00:00+00:00,,,,,1:10000,,,0.0,0.5701858153881436,0.0,0.0
sehirAtlasi.735,12130,Kamu Alanları,0,CBSGM_1_7976440,,2019-06-11 00:00:00+00:00,,,,,1:10000,,,0.0,1.028528494183593,0.0,0.0
sehirAtlasi.722,14200,Spor Ve Eğlence Alanları,0,CBSGM_1_7976428,,2019-06-11 00:00:00+00:00,,,,,1:10000,,,0.0,1.1301749781619266,0.0,0.0
sehirAtlasi.723,14100,Kent İçindeki Yeşil Alanlar ( Pasif ),0,CBSGM_1_7976429,,2019-06-11 00:00:00+00:00,,,,,1:10000,,,0.0,1.1820773062690029,0.0,0.0
sehirAtlasi.724,12110,Sanayi ve Üretim Alanları,0,CBSGM_1_7976430,,2019-06-11 00:00:00+00:00,,,,,1:10000,,,0.0,1.3675740768414204,0.0,0.0
sehirAtlasi.725,14120,Kent İçindeki Yeşil Alanlar ( Aktif ),0,CBSGM_1_7976431,,2019-06-11 00:00:00+00:00,,,,,1:10000,,,0.0,1.2172161160766402,0.0,0.0
sehirAtlasi.726,12130,Kamu Alanları,0,CBSGM_1_7976432,,2019-06-11 00:00:00+00:00,,,,,1:10000,,,0.0,0.9080991803748254,0.0,0.0
sehirAtlasi.727,11230,Düşük Yoğunluklu Süreksiz Kentsel Alan (10% - 30%),23,CBSGM_1_338827,,2019-02-18 00:00:00+00:00,,,,,1:10000,,,0.0,2.419685841498848,0.0,0.0
sehirAtlasi.728,11210,Yüksek Yoğunluklu Süreksiz Kentsel Alan (50% - 80%),0,CBSGM_1_7976433,,2019-06-13 00:00:00+00:00,,,,,1:10000,,,0.0,0.859401590294671,0.0,0.0
sehirAtlasi.729,12120,Ticaret Alanları,0,CBSGM_1_7976434,,2019-06-11 00:00:00+00:00,,,,,1:10000,,,0.0,1.1182369242492394,0.0,0.0
sehirAtlasi.730,11230,Düşük Yoğunluklu Süreksiz Kentsel Alan (10% - 30%),0,CBSGM_1_7976435,,2019-06-11 00:00:00+00:00,,,,,1:10000,,,0.0,0.6851897493666541,0.0,0.0
sehirAtlasi.731,14200,Spor Ve Eğlence Alanları,0,CBSGM_1_7976436,,2019-06-11 00:00:00+00:00,,,,,1:10000,,,0.0,0.6962189198530575,0.0,0.0
sehirAtlasi.732,12150,Eğitim Alanları,0,CBSGM_1_7976437,,2019-06-11 00:00:00+00:00,,,,,1:10000,,,0.0,1.2610238532741662,0.0,0.0
sehirAtlasi.733,12150,Eğitim Alanları,0,CBSGM_1_7976438,,2019-06-11 00:00:00+00:00,,,,,1:10000,,,0.0,1.286656724359701,0.0,0.0
sehirAtlasi.734,12220,Diğer Yollar ve İlgili Alanlar,0,CBSGM_1_7976439,,2019-02-05 00:00:00+00:00,,,,,1:10000,,,0.0,1.4880782708575258,0.0,0.0
sehirAtlasi.736,12120,Ticaret Alanları,0,CBSGM_1_7976441,,2019-06-12 00:00:00+00:00,,,,,1:10000,,,0.0,0.7644559303787036,0.0,0.0
sehirAtlasi.690,11100,Sürekli Kentsel Alan (> 80%),66,CBSGM_1_1398985,,2019-02-25 00:00:00+00:00,,,,,1:10000,,,0.0,0.5693741962695721,0.0,0.0
sehirAtlasi.737,11210,Yüksek Yoğunluklu Süreksiz Kentsel Alan (50% - 80%),48,CBSGM_1_338889,,2019-02-21 00:00:00+00:00,,,,,1:10000,,,0.0,0.7123310142730834,0.0,0.0
sehirAtlasi.738,14120,Kent İçindeki Yeşil Alanlar ( Aktif ),0,CBSGM_1_7976442,,2019-06-12 00:00:00+00:00,,,,,1:10000,,,0.0,0.6937605905268034,0.0,0.0
sehirAtlasi.739,13400,Mevcut Kullanımı Olmayan Alanlar,0,CBSGM_1_7976443,,2019-06-12 00:00:00+00:00,,,,,1:10000,,,0.0,0.6882684776737968,0.0,0.0
sehirAtlasi.740,11240,Çok Düşük Yoğunluklu Süreksiz Kentsel Alan (< 10%),0,CBSGM_1_7976232,,2019-05-24 00:00:00+00:00,,,,,1:10000,,,0.0,1.3673672856604118,0.0,0.0
sehirAtlasi.741,11240,Çok Düşük Yoğunluklu Süreksiz Kentsel Alan (< 10%),0,CBSGM_1_7976233,,2019-05-24 00:00:00+00:00,,,,,1:10000,,,0.0,1.3637775451944658,0.0,0.0
sehirAtlasi.742,11240,Çok Düşük Yoğunluklu Süreksiz Kentsel Alan (< 10%),0,CBSGM_1_7976234,,2019-05-24 00:00:00+00:00,,,,,1:10000,,,0.0,1.3728817205035333,0.0,0.0
sehirAtlasi.743,14200,Spor Ve Eğlence Alanları,0,CBSGM_1_7976235,,2019-06-11 00:00:00+00:00,,,,,1:10000,,,0.0,0.6656008120614326,0.0,0.0
sehirAtlasi.744,12130,Kamu Alanları,0,CBSGM_1_7976236,,2019-05-22 00:00:00+00:00,,,,,1:10000,,,0.0,0.6673111725511762,0.0,0.0
sehirAtlasi.745,12130,Kamu Alanları,0,CBSGM_1_7976237,,2019-05-22 00:00:00+00:00,,,,,1:10000,,,0.0,0.6684164720445007,0.0,0.0
sehirAtlasi.746,12130,Kamu Alanları,0,CBSGM_1_7976238,,2019-05-22 00:00:00+00:00,,,,,1:10000,,,0.0,0.6683415806738956,0.0,0.0
sehirAtlasi.747,12130,Kamu Alanları,0,CBSGM_1_7976239,,2019-05-22 00:00:00+00:00,,,,,1:10000,,,0.0,0.6888991240981885,0.0,0.0
sehirAtlasi.748,12220,Diğer Yollar ve İlgili Alanlar,0,CBSGM_1_7976240,,2019-01-01 00:00:00+00:00,,,,,1:10000,,,0.0,0.6363414016620841,0.0,0.0
sehirAtlasi.749,12220,Diğer Yollar ve İlgili Alanlar,0,CBSGM_1_7976241,,2019-01-01 00:00:00+00:00,,,,,1:10000,,,0.0,0.618128511759513,0.0,0.0
sehirAtlasi.721,12120,Ticaret Alanları,0,CBSGM_1_7976427,,2019-06-11 00:00:00+00:00,,,,,1:10000,,,0.0,1.1375108132882534,0.0,0.0
sehirAtlasi.720,12120,Ticaret Alanları,0,CBSGM_1_7976426,,2019-06-11 00:00:00+00:00,,,,,1:10000,,,0.0,1.1315212540949269,0.0,0.0
sehirAtlasi.719,12130,Kamu Alanları,0,CBSGM_1_7976425,,2019-06-11 00:00:00+00:00,,,,,1:10000,,,0.0,1.1200411034210236,0.0,0.0
sehirAtlasi.718,50000,Su Alanları,0,CBSGM_1_7976424,,2019-06-11 00:00:00+00:00,,,,,1:10000,,,0.0,1.126809136477677,0.0,0.0
sehirAtlasi.691,11100,Sürekli Kentsel Alan (> 80%),64,CBSGM_1_1398986,,2019-02-25 00:00:00+00:00,,,,,1:10000,,,0.0,0.5637503250491489,0.0,0.0
sehirAtlasi.692,11230,Düşük Yoğunluklu Süreksiz Kentsel Alan (10% - 30%),23,CBSGM_1_7976402,,2019-06-10 00:00:00+00:00,,,,,1:10000,,,0.0,1.3162221065648914,0.0,0.0
sehirAtlasi.693,12220,Diğer Yollar ve İlgili Alanlar,0,CBSGM_1_7976403,,2019-06-10 00:00:00+00:00,,,,,1:10000,,,0.0,1.3322848205083757,0.0,0.0
sehirAtlasi.694,23000,Mera Alanları,0,CBSGM_1_7976404,,2019-06-10 00:00:00+00:00,,,,,1:10000,,,0.0,1.3115362984473176,0.0,0.0
sehirAtlasi.695,12120,Ticaret Alanları,0,CBSGM_1_7976405,,2019-06-10 00:00:00+00:00,,,,,1:10000,,,0.0,1.3311483072459351,0.0,0.0
sehirAtlasi.696,11230,Düşük Yoğunluklu Süreksiz Kentsel Alan (10% - 30%),0,CBSGM_1_7976406,,2019-06-10 00:00:00+00:00,,,,,1:10000,,,0.0,1.3327157896328352,0.0,0.0
sehirAtlasi.697,22000,Sürekli Ürünler,0,CBSGM_1_7976407,,2019-06-10 00:00:00+00:00,,,,,1:10000,,,0.0,1.3188942985956014,0.0,0.0
sehirAtlasi.698,12120,Ticaret Alanları,0,CBSGM_1_7976408,,2019-06-10 00:00:00+00:00,,,,,1:10000,,,0.0,1.2177728325814299,0.0,0.0
sehirAtlasi.699,21000,Ekilebilir Alanlar,0,CBSGM_1_6293294,,2019-09-10 00:00:00+00:00,,,,,1:10000,,,0.0,0.5406680927142992,0.0,0.0
sehirAtlasi.700,14200,Spor Ve Eğlence Alanları,0,CBSGM_1_7976409,,2019-06-10 00:00:00+00:00,,,,,1:10000,,,0.0,1.129351870816693,0.0,0.0
sehirAtlasi.701,12170,İbadethane Alanları,0,CBSGM_1_7976410,,2019-06-10 00:00:00+00:00,,,,,1:10000,,,0.0,1.1223088734800308,0.0,0.0
sehirAtlasi.702,12130,Kamu Alanları,0,CBSGM_1_7976411,,2019-11-14 00:00:00+00:00,,,,,1:10000,,,0.0,0.9012210608002523,0.0,0.0
sehirAtlasi.703,11230,Düşük Yoğunluklu Süreksiz Kentsel Alan (10% - 30%),0,CBSGM_1_6293295,,2019-09-10 00:00:00+00:00,,,,,1:10000,,,0.0,0.5377036013878838,0.0,0.0
sehirAtlasi.704,14110,Mezarlık Alanları,0,CBSGM_1_6293296,,2019-09-10 00:00:00+00:00,,,,,1:10000,,,0.0,0.5352113829033915,0.0,0.0
sehirAtlasi.705,11230,Düşük Yoğunluklu Süreksiz Kentsel Alan (10% - 30%),0,CBSGM_1_6293297,,2019-09-10 00:00:00+00:00,,,,,1:10000,,,0.0,0.536349205795823,0.0,0.0
sehirAtlasi.706,12230,Demiryolları ve ilgili Alanlar,0,CBSGM_1_7976412,,2019-11-14 00:00:00+00:00,,,,,1:10000,,,0.0,0.9122956174002461,0.0,0.0
sehirAtlasi.707,12230,Demiryolları ve ilgili Alanlar,0,CBSGM_1_7976413,,2019-11-14 00:00:00+00:00,,,,,1:10000,,,0.0,0.9122599087873698,0.0,0.0
sehirAtlasi.708,12170,İbadethane Alanları,0,CBSGM_1_7976414,,2019-06-10 00:00:00+00:00,,,,,1:10000,,,0.0,0.9211883351341019,0.0,0.0
sehirAtlasi.709,14200,Spor Ve Eğlence Alanları,0,CBSGM_1_7976415,,2019-06-10 00:00:00+00:00,,,,,1:10000,,,0.0,1.1325464746066376,0.0,0.0
sehirAtlasi.710,12150,Eğitim Alanları,0,CBSGM_1_7976416,,2019-06-10 00:00:00+00:00,,,,,1:10000,,,0.0,0.9905868679497192,0.0,0.0
sehirAtlasi.711,12160,Sağlık Alanları,0,CBSGM_1_7976417,,2019-06-10 00:00:00+00:00,,,,,1:10000,,,0.0,0.9606151021676793,0.0,0.0
sehirAtlasi.712,13400,Mevcut Kullanımı Olmayan Alanlar,0,CBSGM_1_7976418,,2019-06-10 00:00:00+00:00,,,,,1:10000,,,0.0,0.9951790035652378,0.0,0.0
sehirAtlasi.713,12170,İbadethane Alanları,0,CBSGM_1_7976419,,2019-06-10 00:00:00+00:00,,,,,1:10000,,,0.0,1.2215177738233771,0.0,0.0
sehirAtlasi.714,11230,Düşük Yoğunluklu Süreksiz Kentsel Alan (10% - 30%),0,CBSGM_1_7976420,,2019-06-11 00:00:00+00:00,,,,,1:10000,,,0.0,0.861376354949287,0.0,0.0
sehirAtlasi.715,50000,Su Alanları,0,CBSGM_1_7976421,,2019-06-11 00:00:00+00:00,,,,,1:10000,,,0.0,1.1254419709852699,0.0,0.0
sehirAtlasi.716,50000,Su Alanları,0,CBSGM_1_7976422,,2019-06-11 00:00:00+00:00,,,,,1:10000,,,0.0,1.1310631840120888,0.0,0.0
sehirAtlasi.717,50000,Su Alanları,0,CBSGM_1_7976423,,2019-06-11 00:00:00+00:00,,,,,1:10000,,,0.0,1.1371837132479512,0.0,0.0
sehirAtlasi.627,11300,İzole Yapılar,0,CBSGM_1_7976349,,2019-05-24 00:00:00+00:00,,,,,1:10000,,,0.0,1.3938573242159449,0.0,0.0
sehirAtlasi.626,11300,İzole Yapılar,0,CBSGM_1_7976348,,2019-05-24 00:00:00+00:00,,,,,1:10000,,,0.0,1.4148617948434847,0.0,0.0
sehirAtlasi.625,11300,İzole Yapılar,0,CBSGM_1_7976347,,2019-05-24 00:00:00+00:00,,,,,1:10000,,,0.0,1.3885632314807814,0.0,0.0
sehirAtlasi.547,12110,Sanayi ve Üretim Alanları,92,CBSGM_1_7984506,,2019-05-27 00:00:00+00:00,,,,,1:10000,,,0.0,1.0641239795287178,0.0,0.0
sehirAtlasi.534,12220,Diğer Yollar ve İlgili Alanlar,6,CBSGM_1_7984493,,2019-02-04 00:00:00+00:00,,,,,1:10000,,,0.0,1.0649767505944745,0.0,0.0
sehirAtlasi.535,12220,Diğer Yollar ve İlgili Alanlar,0,CBSGM_1_7984494,,2019-02-04 00:00:00+00:00,,,,,1:10000,,,0.0,1.0625827354273356,0.0,0.0
sehirAtlasi.536,12220,Diğer Yollar ve İlgili Alanlar,40,CBSGM_1_7984495,,2019-02-08 00:00:00+00:00,,,,,1:10000,,,0.0,1.4295936514056644,0.0,0.0
sehirAtlasi.537,12220,Diğer Yollar ve İlgili Alanlar,34,CBSGM_1_7984496,,2019-02-11 00:00:00+00:00,,,,,1:10000,,,0.0,0.6222871783626565,0.0,0.0
sehirAtlasi.538,12220,Diğer Yollar ve İlgili Alanlar,0,CBSGM_1_7984497,,2019-02-07 00:00:00+00:00,,,,,1:10000,,,0.0,1.3198582711561384,0.0,0.0
sehirAtlasi.539,12220,Diğer Yollar ve İlgili Alanlar,0,CBSGM_1_7984498,,2019-02-05 00:00:00+00:00,,,,,1:10000,,,0.0,1.1537807112180343,0.0,0.0
sehirAtlasi.540,12220,Diğer Yollar ve İlgili Alanlar,5,CBSGM_1_7984499,,2019-02-08 00:00:00+00:00,,,,,1:10000,,,0.0,1.242144440519881,0.0,0.0
sehirAtlasi.541,12120,Ticaret Alanları,0,CBSGM_1_7984500,,2019-05-22 00:00:00+00:00,,,,,1:10000,,,0.0,1.1365562486872092,0.0,0.0
sehirAtlasi.542,12220,Diğer Yollar ve İlgili Alanlar,0,CBSGM_1_7984501,,2019-02-05 00:00:00+00:00,,,,,1:10000,,,0.0,1.2197784633666124,0.0,0.0
sehirAtlasi.543,12220,Diğer Yollar ve İlgili Alanlar,0,CBSGM_1_7984502,,2019-02-05 00:00:00+00:00,,,,,1:10000,,,0.0,1.1748815007641156,0.0,0.0
sehirAtlasi.544,14100,Kent İçindeki Yeşil Alanlar ( Pasif ),0,CBSGM_1_7984503,,2019-02-07 00:00:00+00:00,,,,,1:10000,,,0.0,1.1735560352739087,0.0,0.0
sehirAtlasi.545,11100,Sürekli Kentsel Alan (> 80%),59,CBSGM_1_7984504,,2019-02-20 00:00:00+00:00,,,,,1:10000,,,0.0,1.216403237641614,0.0,0.0
sehirAtlasi.546,14100,Kent İçindeki Yeşil Alanlar ( Pasif ),0,CBSGM_1_7984505,,2019-02-11 00:00:00+00:00,,,,,1:10000,,,0.0,1.061905083491785,0.0,0.0
sehirAtlasi.548,12120,Ticaret Alanları,35,CBSGM_1_7984507,,2019-05-29 00:00:00+00:00,,,,,1:10000,,,0.0,1.1436334152685372,0.0,0.0
sehirAtlasi.624,11300,İzole Yapılar,0,CBSGM_1_7976346,,2019-05-24 00:00:00+00:00,,,,,1:10000,,,0.0,1.3995017648331558,0.0,0.0
sehirAtlasi.549,14100,Kent İçindeki Yeşil Alanlar ( Pasif ),0,CBSGM_1_7984508,,2019-02-07 00:00:00+00:00,,,,,1:10000,,,0.0,1.1389240775344183,0.0,0.0
sehirAtlasi.550,13400,Mevcut Kullanımı Olmayan Alanlar,0,CBSGM_1_7984509,,2019-02-12 00:00:00+00:00,,,,,1:10000,,,0.0,1.310561382745393,0.0,0.0
sehirAtlasi.551,12110,Sanayi ve Üretim Alanları,64,CBSGM_1_7984510,,2019-05-27 00:00:00+00:00,,,,,1:10000,,,0.0,1.0127372001624106,0.0,0.0
sehirAtlasi.552,13400,Mevcut Kullanımı Olmayan Alanlar,0,CBSGM_1_7984511,,2019-02-07 00:00:00+00:00,,,,,1:10000,,,0.0,1.1951728027454163,0.0,0.0
sehirAtlasi.553,11210,Yüksek Yoğunluklu Süreksiz Kentsel Alan (50% - 80%),33,CBSGM_1_7984512,,2019-06-13 00:00:00+00:00,,,,,1:10000,,,0.0,0.9910623889392871,0.0,0.0
sehirAtlasi.554,12150,Eğitim Alanları,0,CBSGM_1_7984513,,2019-05-24 00:00:00+00:00,,,,,1:10000,,,0.0,1.1797106132817903,0.0,0.0
sehirAtlasi.555,13400,Mevcut Kullanımı Olmayan Alanlar,0,CBSGM_1_7984514,,2019-02-07 00:00:00+00:00,,,,,1:10000,,,0.0,1.1701550281305488,0.0,0.0
sehirAtlasi.556,11100,Sürekli Kentsel Alan (> 80%),0,CBSGM_1_7984515,,2019-02-18 00:00:00+00:00,,,,,1:10000,,,0.0,1.1720514782066798,0.0,0.0
sehirAtlasi.557,50000,Su Alanları,0,CBSGM_1_8761388,,2019-12-09 00:00:00+00:00,,,,,1:10000,,,0.0,0.44996675433055305,0.0,0.0
sehirAtlasi.558,11210,Yüksek Yoğunluklu Süreksiz Kentsel Alan (50% - 80%),37,CBSGM_1_7984516,,2019-02-05 00:00:00+00:00,,,,,1:10000,,,0.0,0.7656575571592157,0.0,0.0
sehirAtlasi.559,11210,Yüksek Yoğunluklu Süreksiz Kentsel Alan (50% - 80%),26,CBSGM_1_7984517,,2019-06-13 00:00:00+00:00,,,,,1:10000,,,0.0,1.0024332437281358,0.0,0.0
sehirAtlasi.560,50000,Su Alanları,0,CBSGM_1_8761391,,2019-04-10 00:00:00+00:00,,,,,1:10000,,,0.0,0.4512424337098834,0.0,0.0
sehirAtlasi.561,12110,Sanayi ve Üretim Alanları,24,CBSGM_1_7984518,,2019-05-27 00:00:00+00:00,,,,,1:10000,,,0.0,1.7078659298152257,0.0,0.0
sehirAtlasi.533,12220,Diğer Yollar ve İlgili Alanlar,0,CBSGM_1_7984492,,2019-02-04 00:00:00+00:00,,,,,1:10000,,,0.0,1.0622977077641935,0.0,0.0
sehirAtlasi.532,12220,Diğer Yollar ve İlgili Alanlar,0,CBSGM_1_7984491,,2019-02-04 00:00:00+00:00,,,,,1:10000,,,0.0,1.066977429357315,0.0,0.0
sehirAtlasi.531,12220,Diğer Yollar ve İlgili Alanlar,2,CBSGM_1_7984490,,2019-02-04 00:00:00+00:00,,,,,1:10000,,,0.0,1.06853174295705,0.0,0.0
sehirAtlasi.530,12220,Diğer Yollar ve İlgili Alanlar,0,CBSGM_1_7984489,,2019-02-11 00:00:00+00:00,,,,,1:10000,,,0.0,1.0425266947046863,0.0,0.0
sehirAtlasi.503,11240,Çok Düşük Yoğunluklu Süreksiz Kentsel Alan (< 10%),10,CBSGM_1_7984647,,2019-02-12 00:00:00+00:00,,,,,1:10000,,,0.0,0.6217065116017615,0.0,0.0
sehirAtlasi.504,12220,Diğer Yollar ve İlgili Alanlar,0,CBSGM_1_7984648,,2019-02-08 00:00:00+00:00,,,,,1:10000,,,0.0,1.0676207124162072,0.0,0.0
sehirAtlasi.505,12220,Diğer Yollar ve İlgili Alanlar,0,CBSGM_1_7984649,,2019-02-04 00:00:00+00:00,,,,,1:10000,,,0.0,0.8601418619827801,0.0,0.0
sehirAtlasi.506,12220,Diğer Yollar ve İlgili Alanlar,0,CBSGM_1_7984650,,2019-02-04 00:00:00+00:00,,,,,1:10000,,,0.0,1.0817090170138426,0.0,0.0
sehirAtlasi.507,12220,Diğer Yollar ve İlgili Alanlar,0,CBSGM_1_7984651,,2019-02-04 00:00:00+00:00,,,,,1:10000,,,0.0,1.0456793528494053,0.0,0.0
sehirAtlasi.508,12220,Diğer Yollar ve İlgili Alanlar,0,CBSGM_1_7984652,,2019-02-04 00:00:00+00:00,,,,,1:10000,,,0.0,0.9993673689078393,0.0,0.0
sehirAtlasi.509,11100,Sürekli Kentsel Alan (> 80%),60,CBSGM_1_7984653,,2019-02-04 00:00:00+00:00,,,,,1:10000,,,0.0,1.133374406785133,0.0,0.0
sehirAtlasi.510,12110,Sanayi ve Üretim Alanları,29,CBSGM_1_7984654,,2019-05-24 00:00:00+00:00,,,,,1:10000,,,0.0,1.2025719080667114,0.0,0.0
sehirAtlasi.511,13400,Mevcut Kullanımı Olmayan Alanlar,0,CBSGM_1_7984655,,2019-02-05 00:00:00+00:00,,,,,1:10000,,,0.0,1.1392455840823714,0.0,0.0
sehirAtlasi.512,12110,Sanayi ve Üretim Alanları,37,CBSGM_1_7984656,,2019-05-24 00:00:00+00:00,,,,,1:10000,,,0.0,1.123746678360309,0.0,0.0
sehirAtlasi.513,13400,Mevcut Kullanımı Olmayan Alanlar,0,CBSGM_1_7984657,,2019-02-05 00:00:00+00:00,,,,,1:10000,,,0.0,1.130234306856648,0.0,0.0
sehirAtlasi.514,13400,Mevcut Kullanımı Olmayan Alanlar,19,CBSGM_1_7984473,,2019-02-07 00:00:00+00:00,,,,,1:10000,,,0.0,1.1308128704205644,0.0,0.0
sehirAtlasi.515,13400,Mevcut Kullanımı Olmayan Alanlar,0,CBSGM_1_7984474,,2019-02-05 00:00:00+00:00,,,,,1:10000,,,0.0,1.141409167957887,0.0,0.0
sehirAtlasi.516,12110,Sanayi ve Üretim Alanları,63,CBSGM_1_7984475,,2019-05-24 00:00:00+00:00,,,,,1:10000,,,0.0,1.114992400653424,0.0,0.0
sehirAtlasi.517,12220,Diğer Yollar ve İlgili Alanlar,0,CBSGM_1_7984476,,2019-02-04 00:00:00+00:00,,,,,1:10000,,,0.0,0.7041619286751288,0.0,0.0
sehirAtlasi.518,12220,Diğer Yollar ve İlgili Alanlar,0,CBSGM_1_7984477,,2019-02-04 00:00:00+00:00,,,,,1:10000,,,0.0,1.0812094181792973,0.0,0.0
sehirAtlasi.519,12220,Diğer Yollar ve İlgili Alanlar,0,CBSGM_1_7984478,,2019-02-04 00:00:00+00:00,,,,,1:10000,,,0.0,1.2339358149865616,0.0,0.0
sehirAtlasi.520,12220,Diğer Yollar ve İlgili Alanlar,0,CBSGM_1_7984479,,2019-02-07 00:00:00+00:00,,,,,1:10000,,,0.0,1.2328709152892432,0.0,0.0
sehirAtlasi.521,12220,Diğer Yollar ve İlgili Alanlar,0,CBSGM_1_7984480,,2019-02-04 00:00:00+00:00,,,,,1:10000,,,0.0,1.2243353931695449,0.0,0.0
sehirAtlasi.522,12220,Diğer Yollar ve İlgili Alanlar,0,CBSGM_1_7984481,,2019-02-11 00:00:00+00:00,,,,,1:10000,,,0.0,0.705919198137914,0.0,0.0
sehirAtlasi.523,13400,Mevcut Kullanımı Olmayan Alanlar,21,CBSGM_1_7984482,,2019-02-19 00:00:00+00:00,,,,,1:10000,,,0.0,1.2601024259156233,0.0,0.0
sehirAtlasi.524,12110,Sanayi ve Üretim Alanları,79,CBSGM_1_7984483,,2019-05-23 00:00:00+00:00,,,,,1:10000,,,0.0,1.1642873706421581,0.0,0.0
sehirAtlasi.525,14120,Kent İçindeki Yeşil Alanlar ( Aktif ),0,CBSGM_1_7984484,,2019-02-04 00:00:00+00:00,,,,,1:10000,,,0.0,1.2089080428156644,0.0,0.0
sehirAtlasi.526,11240,Çok Düşük Yoğunluklu Süreksiz Kentsel Alan (< 10%),4,CBSGM_1_7984485,,2019-02-12 00:00:00+00:00,,,,,1:10000,,,0.0,0.6226206051853476,0.0,0.0
sehirAtlasi.527,14120,Kent İçindeki Yeşil Alanlar ( Aktif ),0,CBSGM_1_7984486,,2019-02-06 00:00:00+00:00,,,,,1:10000,,,0.0,0.8242364355334797,0.0,0.0
sehirAtlasi.528,12220,Diğer Yollar ve İlgili Alanlar,0,CBSGM_1_7984487,,2019-02-06 00:00:00+00:00,,,,,1:10000,,,0.0,1.1480257127812754,0.0,0.0
sehirAtlasi.529,12220,Diğer Yollar ve İlgili Alanlar,0,CBSGM_1_7984488,,2019-02-06 00:00:00+00:00,,,,,1:10000,,,0.0,1.4231324816008404,0.0,0.0
sehirAtlasi.562,11100,Sürekli Kentsel Alan (> 80%),101,CBSGM_1_8036694,,2019-03-01 00:00:00+00:00,,,,,1:10000,,,0.0,0.4866151835286954,0.0,0.0
sehirAtlasi.563,11100,Sürekli Kentsel Alan (> 80%),79,CBSGM_1_8036695,,2019-03-04 00:00:00+00:00,,,,,1:10000,,,0.0,0.7735066671139006,0.0,0.0
sehirAtlasi.564,12120,Ticaret Alanları,77,CBSGM_1_8036696,,2019-03-11 00:00:00+00:00,,,,,1:10000,,,0.0,0.6217349527449662,0.0,0.0
sehirAtlasi.595,12110,Sanayi ve Üretim Alanları,0,CBSGM_1_7976320,,2019-06-11 00:00:00+00:00,,,,,1:10000,,,0.0,1.1939689608875463,0.0,0.0
sehirAtlasi.597,21010,Sera Alanları,0,CBSGM_1_7976322,,2019-06-11 00:00:00+00:00,,,,,1:10000,,,0.0,1.176690588392514,0.0,0.0
sehirAtlasi.598,11300,İzole Yapılar,0,CBSGM_1_7976323,,2019-05-24 00:00:00+00:00,,,,,1:10000,,,0.0,1.2128213712708793,0.0,0.0
sehirAtlasi.599,11300,İzole Yapılar,0,CBSGM_1_7976324,,2019-05-23 00:00:00+00:00,,,,,1:10000,,,0.0,0.6670736828939982,0.0,0.0
sehirAtlasi.600,11300,İzole Yapılar,0,CBSGM_1_7976325,,2019-05-24 00:00:00+00:00,,,,,1:10000,,,0.0,1.1757733320209462,0.0,0.0
sehirAtlasi.601,11230,Düşük Yoğunluklu Süreksiz Kentsel Alan (10% - 30%),0,CBSGM_1_7976326,,2019-10-01 00:00:00+00:00,,,,,1:10000,,,0.0,0.5739608254631915,0.0,0.0
sehirAtlasi.602,11300,İzole Yapılar,0,CBSGM_1_7976327,,2019-05-24 00:00:00+00:00,,,,,1:10000,,,0.0,1.1701833188427435,0.0,0.0
sehirAtlasi.603,12120,Ticaret Alanları,0,CBSGM_1_7976328,,2019-05-29 00:00:00+00:00,,,,,1:10000,,,0.0,0.7954085142950265,0.0,0.0
sehirAtlasi.604,13400,Mevcut Kullanımı Olmayan Alanlar,0,CBSGM_1_7976329,,2019-05-24 00:00:00+00:00,,,,,1:10000,,,0.0,1.2857139461394262,0.0,0.0
sehirAtlasi.605,11240,Çok Düşük Yoğunluklu Süreksiz Kentsel Alan (< 10%),0,CBSGM_1_7976330,,2019-10-01 00:00:00+00:00,,,,,1:10000,,,0.0,0.5741740063880446,0.0,0.0
sehirAtlasi.606,13400,Mevcut Kullanımı Olmayan Alanlar,0,CBSGM_1_7976331,,2019-05-24 00:00:00+00:00,,,,,1:10000,,,0.0,1.3901285301022432,0.0,0.0
sehirAtlasi.607,13400,Mevcut Kullanımı Olmayan Alanlar,0,CBSGM_1_7976332,,2019-09-12 00:00:00+00:00,,,,,1:10000,,,0.0,1.3697696705720348,0.0,0.0
sehirAtlasi.608,21000,Ekilebilir Alanlar,0,CBSGM_1_7976333,,2019-11-15 00:00:00+00:00,,,,,1:10000,,,0.0,1.4305770244476514,0.0,0.0
sehirAtlasi.609,12220,Diğer Yollar ve İlgili Alanlar,0,CBSGM_1_7976334,,2019-05-22 00:00:00+00:00,,,,,1:10000,,,0.0,0.6723758973949232,0.0,0.0
sehirAtlasi.610,32000,Maki veya Otsu Bitkiler,0,CBSGM_1_7976335,,2019-05-23 00:00:00+00:00,,,,,1:10000,,,0.0,0.6724100601697517,0.0,0.0
sehirAtlasi.611,12220,Diğer Yollar ve İlgili Alanlar,0,CBSGM_1_7976336,,2019-01-01 00:00:00+00:00,,,,,1:10000,,,0.0,0.5713497777053234,0.0,0.0
sehirAtlasi.612,11230,Düşük Yoğunluklu Süreksiz Kentsel Alan (10% - 30%),0,CBSGM_1_7976337,,2019-05-23 00:00:00+00:00,,,,,1:10000,,,0.0,0.6506014013214394,0.0,0.0
sehirAtlasi.613,12220,Diğer Yollar ve İlgili Alanlar,0,CBSGM_1_7976338,,2019-01-01 00:00:00+00:00,,,,,1:10000,,,0.0,0.637921655518611,0.0,0.0
sehirAtlasi.614,11100,Sürekli Kentsel Alan (> 80%),50,CBSGM_1_1398978,,2019-02-25 00:00:00+00:00,,,,,1:10000,,,0.0,0.8312085484961538,0.0,0.0
sehirAtlasi.615,12220,Diğer Yollar ve İlgili Alanlar,0,CBSGM_1_7976339,,2019-01-01 00:00:00+00:00,,,,,1:10000,,,0.0,0.660455922924891,0.0,0.0
sehirAtlasi.616,12220,Diğer Yollar ve İlgili Alanlar,0,CBSGM_1_7976340,,2019-05-24 00:00:00+00:00,,,,,1:10000,,,0.0,1.3468996111783618,0.0,0.0
sehirAtlasi.617,11100,Sürekli Kentsel Alan (> 80%),67,CBSGM_1_1398979,,2019-02-25 00:00:00+00:00,,,,,1:10000,,,0.0,0.569939222489594,0.0,0.0
sehirAtlasi.618,11240,Çok Düşük Yoğunluklu Süreksiz Kentsel Alan (< 10%),0,CBSGM_1_7976341,,2019-05-24 00:00:00+00:00,,,,,1:10000,,,0.0,1.4054951695376174,0.0,0.0
sehirAtlasi.619,12120,Ticaret Alanları,0,CBSGM_1_7976342,,2019-05-24 00:00:00+00:00,,,,,1:10000,,,0.0,1.3811355980479028,0.0,0.0
sehirAtlasi.620,11100,Sürekli Kentsel Alan (> 80%),36,CBSGM_1_1398980,,2019-02-25 00:00:00+00:00,,,,,1:10000,,,0.0,0.5568243489414344,0.0,0.0
sehirAtlasi.621,22000,Sürekli Ürünler,0,CBSGM_1_7976343,,2019-05-24 00:00:00+00:00,,,,,1:10000,,,0.0,1.3792533260960396,0.0,0.0
sehirAtlasi.622,13400,Mevcut Kullanımı Olmayan Alanlar,0,CBSGM_1_7976344,,2019-05-24 00:00:00+00:00,,,,,1:10000,,,0.0,1.4104652095516594,0.0,0.0
sehirAtlasi.623,11240,Çok Düşük Yoğunluklu Süreksiz Kentsel Alan (< 10%),0,CBSGM_1_7976345,,2019-05-24 00:00:00+00:00,,,,,1:10000,,,0.0,1.3957761088718073,0.0,0.0
sehirAtlasi.596,11230,Düşük Yoğunluklu Süreksiz Kentsel Alan (10% - 30%),0,CBSGM_1_7976321,,2019-06-11 00:00:00+00:00,,,,,1:10000,,,0.0,1.1397298649890544,0.0,0.0
sehirAtlasi.594,23000,Mera Alanları,0,CBSGM_1_7976319,,2019-06-11 00:00:00+00:00,,,,,1:10000,,,0.0,1.1670620942018985,0.0,0.0
sehirAtlasi.565,11100,Sürekli Kentsel Alan (> 80%),69,CBSGM_1_8036697,,2019-02-27 00:00:00+00:00,,,,,1:10000,,,0.0,0.5331574419991608,0.0,0.0
sehirAtlasi.593,12220,Diğer Yollar ve İlgili Alanlar,13,CBSGM_1_7984540,,2019-02-04 00:00:00+00:00,,,,,1:10000,,,0.0,0.6854927140871813,0.0,0.0
sehirAtlasi.566,11100,Sürekli Kentsel Alan (> 80%),37,CBSGM_1_8036698,,2019-03-13 00:00:00+00:00,,,,,1:10000,,,0.0,0.626378458570765,0.0,0.0
sehirAtlasi.567,11100,Sürekli Kentsel Alan (> 80%),92,CBSGM_1_8036699,,2019-02-27 00:00:00+00:00,,,,,1:10000,,,0.0,0.561821930496389,0.0,0.0
sehirAtlasi.568,11230,Düşük Yoğunluklu Süreksiz Kentsel Alan (10% - 30%),10,CBSGM_1_7984520,,2019-02-07 00:00:00+00:00,,,,,1:10000,,,0.0,0.6593747319494991,0.0,0.0
sehirAtlasi.569,12210,Hızlı Transit Yollar ve İlgili Alanlar,0,CBSGM_1_7984522,,2019-02-04 00:00:00+00:00,,,,,1:10000,,,0.0,0.7599953259914767,0.0,0.0
sehirAtlasi.570,12210,Hızlı Transit Yollar ve İlgili Alanlar,0,CBSGM_1_7984524,,2019-12-03 00:00:00+00:00,,,,,1:10000,,,0.0,0.8084181246238751,0.0,0.0
sehirAtlasi.571,11230,Düşük Yoğunluklu Süreksiz Kentsel Alan (10% - 30%),0,CBSGM_1_8409883,,2019-05-28 00:00:00+00:00,,,,,1:10000,,,0.0,1.1225359258324805,0.0,0.0
sehirAtlasi.572,11100,Sürekli Kentsel Alan (> 80%),57,CBSGM_1_7984525,,2019-02-20 00:00:00+00:00,,,,,1:10000,,,0.0,1.2171236147461149,0.0,0.0
sehirAtlasi.573,11230,Düşük Yoğunluklu Süreksiz Kentsel Alan (10% - 30%),0,CBSGM_1_8409884,,2019-05-29 00:00:00+00:00,,,,,1:10000,,,0.0,0.9267413461041193,0.0,0.0
sehirAtlasi.574,21000,Ekilebilir Alanlar,0,CBSGM_1_8409885,,2019-05-28 00:00:00+00:00,,,,,1:10000,,,0.0,1.11537104398336,0.0,0.0
sehirAtlasi.575,12150,Eğitim Alanları,29,CBSGM_1_7984526,,2019-05-29 00:00:00+00:00,,,,,1:10000,,,0.0,0.6723279546313073,0.0,0.0
sehirAtlasi.576,11100,Sürekli Kentsel Alan (> 80%),0,CBSGM_1_7984527,,2019-02-18 00:00:00+00:00,,,,,1:10000,,,0.0,1.1548698497448948,0.0,0.0
sehirAtlasi.577,21010,Sera Alanları,0,CBSGM_1_8409886,,2019-05-28 00:00:00+00:00,,,,,1:10000,,,0.0,1.1231697288121163,0.0,0.0
sehirAtlasi.578,11230,Düşük Yoğunluklu Süreksiz Kentsel Alan (10% - 30%),0,CBSGM_1_8409887,,2019-05-29 00:00:00+00:00,,,,,1:10000,,,0.0,0.9500926514243526,0.0,0.0
sehirAtlasi.579,21000,Ekilebilir Alanlar,0,CBSGM_1_8409888,,2019-05-25 00:00:00+00:00,,,,,1:10000,,,0.0,0.9081415736608238,0.0,0.0
sehirAtlasi.580,21000,Ekilebilir Alanlar,0,CBSGM_1_8409889,,2019-05-25 00:00:00+00:00,,,,,1:10000,,,0.0,0.8430634135780167,0.0,0.0
sehirAtlasi.581,13300,İnşaat Alanları,0,CBSGM_1_7984528,,2019-02-11 00:00:00+00:00,,,,,1:10000,,,0.0,0.8904367204001824,0.0,0.0
sehirAtlasi.582,11240,Çok Düşük Yoğunluklu Süreksiz Kentsel Alan (< 10%),6,CBSGM_1_7984529,,2019-02-12 00:00:00+00:00,,,,,1:10000,,,0.0,1.3380685598465698,0.0,0.0
sehirAtlasi.583,11240,Çok Düşük Yoğunluklu Süreksiz Kentsel Alan (< 10%),6,CBSGM_1_7984530,,2019-02-12 00:00:00+00:00,,,,,1:10000,,,0.0,0.7820520580562198,0.0,0.0
sehirAtlasi.584,14120,Kent İçindeki Yeşil Alanlar ( Aktif ),0,CBSGM_1_7984531,,2019-02-06 00:00:00+00:00,,,,,1:10000,,,0.0,1.0804307511760247,0.0,0.0
sehirAtlasi.585,12220,Diğer Yollar ve İlgili Alanlar,0,CBSGM_1_7984532,,2019-02-06 00:00:00+00:00,,,,,1:10000,,,0.0,0.7847293947062388,0.0,0.0
sehirAtlasi.586,12220,Diğer Yollar ve İlgili Alanlar,0,CBSGM_1_7984533,,2019-02-05 00:00:00+00:00,,,,,1:10000,,,0.0,1.4035195173593862,0.0,0.0
sehirAtlasi.587,13400,Mevcut Kullanımı Olmayan Alanlar,0,CBSGM_1_7984534,,2019-02-13 00:00:00+00:00,,,,,1:10000,,,0.0,0.6856399857314206,0.0,0.0
sehirAtlasi.588,11210,Yüksek Yoğunluklu Süreksiz Kentsel Alan (50% - 80%),43,CBSGM_1_7984535,,2019-02-06 00:00:00+00:00,,,,,1:10000,,,0.0,1.398605385567508,0.0,0.0
sehirAtlasi.589,11210,Yüksek Yoğunluklu Süreksiz Kentsel Alan (50% - 80%),24,CBSGM_1_7984536,,2019-02-06 00:00:00+00:00,,,,,1:10000,,,0.0,0.8726474367184418,0.0,0.0
sehirAtlasi.590,12220,Diğer Yollar ve İlgili Alanlar,0,CBSGM_1_7984537,,2019-02-12 00:00:00+00:00,,,,,1:10000,,,0.0,0.7822304703269903,0.0,0.0
sehirAtlasi.591,12220,Diğer Yollar ve İlgili Alanlar,0,CBSGM_1_7984538,,2019-02-21 00:00:00+00:00,,,,,1:10000,,,0.0,1.0412024058506983,0.0,0.0
sehirAtlasi.592,12220,Diğer Yollar ve İlgili Alanlar,0,CBSGM_1_7984539,,2019-02-04 00:00:00+00:00,,,,,1:10000,,,0.0,0.6867439257610444,0.0,0.0
sehirAtlasi.750,12120,Ticaret Alanları,0,CBSGM_1_7976242,,2019-05-22 00:00:00+00:00,,,,,1:10000,,,0.0,0.6815992306336947,0.0,0.0
sehirAtlasi.751,50000,Su Alanları,0,CBSGM_1_7976243,,2019-05-22 00:00:00+00:00,,,,,1:10000,,,0.0,0.6685711513504742,0.0,0.0
sehirAtlasi.752,32000,Maki veya Otsu Bitkiler,0,CBSGM_1_7976244,,2019-05-24 00:00:00+00:00,,,,,1:10000,,,0.0,1.386602197224346,0.0,0.0
sehirAtlasi.923,11230,Düşük Yoğunluklu Süreksiz Kentsel Alan (10% - 30%),0,CBSGM_1_7976624,,2019-09-13 00:00:00+00:00,,,,,1:10000,,,0.0,1.2170265538799527,0.0,0.0
sehirAtlasi.910,11240,Çok Düşük Yoğunluklu Süreksiz Kentsel Alan (< 10%),0,CBSGM_1_7976611,,2019-09-13 00:00:00+00:00,,,,,1:10000,,,0.0,1.218237290878814,0.0,0.0
sehirAtlasi.911,21010,Sera Alanları,0,CBSGM_1_7976612,,2019-09-13 00:00:00+00:00,,,,,1:10000,,,0.0,1.2170817060233252,0.0,0.0
sehirAtlasi.912,22000,Sürekli Ürünler,0,CBSGM_1_7976613,,2019-09-13 00:00:00+00:00,,,,,1:10000,,,0.0,1.2371161002603608,0.0,0.0
sehirAtlasi.913,13400,Mevcut Kullanımı Olmayan Alanlar,0,CBSGM_1_7976614,,2019-09-13 00:00:00+00:00,,,,,1:10000,,,0.0,1.2353639490107178,0.0,0.0
sehirAtlasi.914,11230,Düşük Yoğunluklu Süreksiz Kentsel Alan (10% - 30%),0,CBSGM_1_7976615,,2019-09-13 00:00:00+00:00,,,,,1:10000,,,0.0,0.5326140693335518,0.0,0.0
sehirAtlasi.915,11230,Düşük Yoğunluklu Süreksiz Kentsel Alan (10% - 30%),8,CBSGM_1_7976616,,2019-09-13 00:00:00+00:00,,,,,1:10000,,,0.0,0.5351763882880297,0.0,0.0
sehirAtlasi.916,11230,Düşük Yoğunluklu Süreksiz Kentsel Alan (10% - 30%),0,CBSGM_1_7976617,,2019-09-13 00:00:00+00:00,,,,,1:10000,,,0.0,0.5344967862153567,0.0,0.0
sehirAtlasi.917,11230,Düşük Yoğunluklu Süreksiz Kentsel Alan (10% - 30%),0,CBSGM_1_7976618,,2019-09-13 00:00:00+00:00,,,,,1:10000,,,0.0,1.2258971185438345,0.0,0.0
sehirAtlasi.918,11230,Düşük Yoğunluklu Süreksiz Kentsel Alan (10% - 30%),0,CBSGM_1_7976619,,2019-09-13 00:00:00+00:00,,,,,1:10000,,,0.0,1.2225208191373254,0.0,0.0
sehirAtlasi.919,11230,Düşük Yoğunluklu Süreksiz Kentsel Alan (10% - 30%),0,CBSGM_1_7976620,,2019-09-13 00:00:00+00:00,,,,,1:10000,,,0.0,1.223212529466156,0.0,0.0
sehirAtlasi.920,22000,Sürekli Ürünler,0,CBSGM_1_7976621,,2019-09-13 00:00:00+00:00,,,,,1:10000,,,0.0,1.227538753916006,0.0,0.0
sehirAtlasi.921,32000,Maki veya Otsu Bitkiler,0,CBSGM_1_7976622,,2019-09-13 00:00:00+00:00,,,,,1:10000,,,0.0,1.2224039245004334,0.0,0.0
sehirAtlasi.922,11230,Düşük Yoğunluklu Süreksiz Kentsel Alan (10% - 30%),0,CBSGM_1_7976623,,2019-09-13 00:00:00+00:00,,,,,1:10000,,,0.0,1.22150991325424,0.0,0.0
sehirAtlasi.924,50000,Su Alanları,0,CBSGM_1_7976625,,2019-09-13 00:00:00+00:00,,,,,1:10000,,,0.0,1.2163585339233676,0.0,0.0
sehirAtlasi.877,12130,Kamu Alanları,14,CBSGM_1_8933246,,2019-12-16 00:00:00+00:00,,,,,1:10000,,,0.0,0.8055405976404074,0.0,0.0
sehirAtlasi.925,11240,Çok Düşük Yoğunluklu Süreksiz Kentsel Alan (< 10%),0,CBSGM_1_7976626,,2019-11-15 00:00:00+00:00,,,,,1:10000,,,0.0,1.3223628733930017,0.0,0.0
sehirAtlasi.926,11230,Düşük Yoğunluklu Süreksiz Kentsel Alan (10% - 30%),0,CBSGM_1_7976627,,2019-11-15 00:00:00+00:00,,,,,1:10000,,,0.0,1.337236515989081,0.0,0.0
sehirAtlasi.927,12150,Eğitim Alanları,0,CBSGM_1_7976628,,2019-06-11 00:00:00+00:00,,,,,1:10000,,,0.0,0.6468503932838129,0.0,0.0
sehirAtlasi.928,12150,Eğitim Alanları,16,CBSGM_1_7976629,,2019-06-12 00:00:00+00:00,,,,,1:10000,,,0.0,1.0452957853655835,0.0,0.0
sehirAtlasi.929,12160,Sağlık Alanları,0,CBSGM_1_7976630,,2019-06-12 00:00:00+00:00,,,,,1:10000,,,0.0,1.0268894746729187,0.0,0.0
sehirAtlasi.930,12150,Eğitim Alanları,0,CBSGM_1_7976631,,2019-06-12 00:00:00+00:00,,,,,1:10000,,,0.0,1.0483058098860414,0.0,0.0
sehirAtlasi.931,14200,Spor Ve Eğlence Alanları,0,CBSGM_1_7976632,,2019-06-12 00:00:00+00:00,,,,,1:10000,,,0.0,0.6204633585890016,0.0,0.0
sehirAtlasi.932,14100,Kent İçindeki Yeşil Alanlar ( Pasif ),0,CBSGM_1_7976633,,2019-06-12 00:00:00+00:00,,,,,1:10000,,,0.0,0.7063082363824247,0.0,0.0
sehirAtlasi.933,12150,Eğitim Alanları,0,CBSGM_1_7976634,,2019-11-14 00:00:00+00:00,,,,,1:10000,,,0.0,0.7566650580576024,0.0,0.0
sehirAtlasi.934,14200,Spor Ve Eğlence Alanları,0,CBSGM_1_7976635,,2019-11-14 00:00:00+00:00,,,,,1:10000,,,0.0,0.7574935000152423,0.0,0.0
sehirAtlasi.935,12170,İbadethane Alanları,0,CBSGM_1_7976636,,2019-06-12 00:00:00+00:00,,,,,1:10000,,,0.0,0.7424559686705067,0.0,0.0
sehirAtlasi.936,11230,Düşük Yoğunluklu Süreksiz Kentsel Alan (10% - 30%),0,CBSGM_1_7976637,,2019-06-12 00:00:00+00:00,,,,,1:10000,,,0.0,0.6888291893382936,0.0,0.0
sehirAtlasi.937,14100,Kent İçindeki Yeşil Alanlar ( Pasif ),0,CBSGM_1_7976638,,2019-06-12 00:00:00+00:00,,,,,1:10000,,,0.0,0.6946177551648912,0.0,0.0
sehirAtlasi.909,11240,Çok Düşük Yoğunluklu Süreksiz Kentsel Alan (< 10%),0,CBSGM_1_7976609,,2019-09-13 00:00:00+00:00,,,,,1:10000,,,0.0,1.2031235415572115,0.0,0.0
sehirAtlasi.908,21010,Sera Alanları,0,CBSGM_1_7976608,,2019-09-13 00:00:00+00:00,,,,,1:10000,,,0.0,1.2171575835935164,0.0,0.0
sehirAtlasi.907,11230,Düşük Yoğunluklu Süreksiz Kentsel Alan (10% - 30%),0,CBSGM_1_7976607,,2019-09-13 00:00:00+00:00,,,,,1:10000,,,0.0,1.2044152530426526,0.0,0.0
sehirAtlasi.906,11240,Çok Düşük Yoğunluklu Süreksiz Kentsel Alan (< 10%),0,CBSGM_1_7976606,,2019-09-13 00:00:00+00:00,,,,,1:10000,,,0.0,1.2033959155726137,0.0,0.0
sehirAtlasi.879,11230,Düşük Yoğunluklu Süreksiz Kentsel Alan (10% - 30%),0,CBSGM_1_7976580,,2019-09-13 00:00:00+00:00,,,,,1:10000,,,0.0,1.2204226867907777,0.0,0.0
sehirAtlasi.880,33000,Bitki Örtüsü Az Ya da Olmayan Alanlar,0,CBSGM_1_7976581,,2019-09-13 00:00:00+00:00,,,,,1:10000,,,0.0,0.5266828280711302,0.0,0.0
sehirAtlasi.881,33000,Bitki Örtüsü Az Ya da Olmayan Alanlar,0,CBSGM_1_7976582,,2019-09-13 00:00:00+00:00,,,,,1:10000,,,0.0,0.5257892407217831,0.0,0.0
sehirAtlasi.882,33000,Bitki Örtüsü Az Ya da Olmayan Alanlar,0,CBSGM_1_7976583,,2019-09-13 00:00:00+00:00,,,,,1:10000,,,0.0,0.5250516890352576,0.0,0.0
sehirAtlasi.883,11300,İzole Yapılar,0,CBSGM_1_7976584,,2019-09-13 00:00:00+00:00,,,,,1:10000,,,0.0,0.5266200858122696,0.0,0.0
sehirAtlasi.884,11230,Düşük Yoğunluklu Süreksiz Kentsel Alan (10% - 30%),0,CBSGM_1_7976585,,2019-09-13 00:00:00+00:00,,,,,1:10000,,,0.0,0.5166530118034116,0.0,0.0
sehirAtlasi.885,33000,Bitki Örtüsü Az Ya da Olmayan Alanlar,0,CBSGM_1_7976586,,2019-09-13 00:00:00+00:00,,,,,1:10000,,,0.0,0.5485197721198037,0.0,0.0
sehirAtlasi.886,32000,Maki veya Otsu Bitkiler,0,CBSGM_1_7976587,,2019-09-13 00:00:00+00:00,,,,,1:10000,,,0.0,1.217391898788709,0.0,0.0
sehirAtlasi.887,11230,Düşük Yoğunluklu Süreksiz Kentsel Alan (10% - 30%),0,CBSGM_1_7976588,,2019-11-15 00:00:00+00:00,,,,,1:10000,,,0.0,1.331758722380206,0.0,0.0
sehirAtlasi.888,11100,Sürekli Kentsel Alan (> 80%),33,CBSGM_1_1398987,,2019-02-25 00:00:00+00:00,,,,,1:10000,,,0.0,0.5632720718530283,0.0,0.0
sehirAtlasi.889,11230,Düşük Yoğunluklu Süreksiz Kentsel Alan (10% - 30%),0,CBSGM_1_7976589,,2019-11-15 00:00:00+00:00,,,,,1:10000,,,0.0,1.3248299603230222,0.0,0.0
sehirAtlasi.890,11230,Düşük Yoğunluklu Süreksiz Kentsel Alan (10% - 30%),0,CBSGM_1_7976590,,2019-11-15 00:00:00+00:00,,,,,1:10000,,,0.0,1.3175465833947968,0.0,0.0
sehirAtlasi.891,11230,Düşük Yoğunluklu Süreksiz Kentsel Alan (10% - 30%),0,CBSGM_1_7976591,,2019-09-13 00:00:00+00:00,,,,,1:10000,,,0.0,1.2180267791739832,0.0,0.0
sehirAtlasi.892,11230,Düşük Yoğunluklu Süreksiz Kentsel Alan (10% - 30%),0,CBSGM_1_7976592,,2019-09-13 00:00:00+00:00,,,,,1:10000,,,0.0,1.21961147084563,0.0,0.0
sehirAtlasi.893,11230,Düşük Yoğunluklu Süreksiz Kentsel Alan (10% - 30%),0,CBSGM_1_7976593,,2019-09-13 00:00:00+00:00,,,,,1:10000,,,0.0,1.2212542949294531,0.0,0.0
sehirAtlasi.894,11230,Düşük Yoğunluklu Süreksiz Kentsel Alan (10% - 30%),0,CBSGM_1_7976594,,2019-09-13 00:00:00+00:00,,,,,1:10000,,,0.0,1.222052647457137,0.0,0.0
sehirAtlasi.895,11230,Düşük Yoğunluklu Süreksiz Kentsel Alan (10% - 30%),0,CBSGM_1_7976595,,2019-09-13 00:00:00+00:00,,,,,1:10000,,,0.0,1.2211239341020406,0.0,0.0
sehirAtlasi.896,32000,Maki veya Otsu Bitkiler,0,CBSGM_1_7976596,,2019-09-13 00:00:00+00:00,,,,,1:10000,,,0.0,1.219971153150494,0.0,0.0
sehirAtlasi.897,11240,Çok Düşük Yoğunluklu Süreksiz Kentsel Alan (< 10%),0,CBSGM_1_7976597,,2019-09-13 00:00:00+00:00,,,,,1:10000,,,0.0,1.2063508904075946,0.0,0.0
sehirAtlasi.898,11230,Düşük Yoğunluklu Süreksiz Kentsel Alan (10% - 30%),0,CBSGM_1_7976598,,2019-09-13 00:00:00+00:00,,,,,1:10000,,,0.0,1.209367908945642,0.0,0.0
sehirAtlasi.899,11230,Düşük Yoğunluklu Süreksiz Kentsel Alan (10% - 30%),0,CBSGM_1_7976599,,2019-09-13 00:00:00+00:00,,,,,1:10000,,,0.0,1.2230688501972273,0.0,0.0
sehirAtlasi.900,11230,Düşük Yoğunluklu Süreksiz Kentsel Alan (10% - 30%),0,CBSGM_1_7976600,,2019-09-13 00:00:00+00:00,,,,,1:10000,,,0.0,1.2224719677172575,0.0,0.0
sehirAtlasi.901,11230,Düşük Yoğunluklu Süreksiz Kentsel Alan (10% - 30%),0,CBSGM_1_7976601,,2019-09-13 00:00:00+00:00,,,,,1:10000,,,0.0,1.2233929356042204,0.0,0.0
sehirAtlasi.902,11230,Düşük Yoğunluklu Süreksiz Kentsel Alan (10% - 30%),0,CBSGM_1_7976602,,2019-09-13 00:00:00+00:00,,,,,1:10000,,,0.0,1.223717971290621,0.0,0.0
sehirAtlasi.903,11230,Düşük Yoğunluklu Süreksiz Kentsel Alan (10% - 30%),0,CBSGM_1_7976603,,2019-09-13 00:00:00+00:00,,,,,1:10000,,,0.0,1.2255193689568573,0.0,0.0
sehirAtlasi.904,11230,Düşük Yoğunluklu Süreksiz Kentsel Alan (10% - 30%),0,CBSGM_1_7976604,,2019-09-13 00:00:00+00:00,,,,,1:10000,,,0.0,1.2249906513106874,0.0,0.0
sehirAtlasi.905,32000,Maki veya Otsu Bitkiler,0,CBSGM_1_7976605,,2019-09-13 00:00:00+00:00,,,,,1:10000,,,0.0,1.2219819783116606,0.0,0.0
sehirAtlasi.938,14200,Spor Ve Eğlence Alanları,0,CBSGM_1_7976639,,2019-06-12 00:00:00+00:00,,,,,1:10000,,,0.0,0.7055384779002254,0.0,0.0
sehirAtlasi.939,12130,Kamu Alanları,0,CBSGM_1_7976640,,2019-06-12 00:00:00+00:00,,,,,1:10000,,,0.0,0.7311646238028773,0.0,0.0
sehirAtlasi.940,12170,İbadethane Alanları,0,CBSGM_1_7976641,,2019-06-12 00:00:00+00:00,,,,,1:10000,,,0.0,0.8249852278022092,0.0,0.0
sehirAtlasi.971,12120,Ticaret Alanları,0,CBSGM_1_7976670,,2019-07-02 00:00:00+00:00,,,,,1:10000,,,0.0,0.8808171157320311,0.0,0.0
sehirAtlasi.973,11230,Düşük Yoğunluklu Süreksiz Kentsel Alan (10% - 30%),0,CBSGM_1_7976672,,2019-07-02 00:00:00+00:00,,,,,1:10000,,,0.0,0.725304884046704,0.0,0.0
sehirAtlasi.974,11230,Düşük Yoğunluklu Süreksiz Kentsel Alan (10% - 30%),0,CBSGM_1_7976673,,2019-07-02 00:00:00+00:00,,,,,1:10000,,,0.0,0.7254677481504446,0.0,0.0
sehirAtlasi.975,13400,Mevcut Kullanımı Olmayan Alanlar,0,CBSGM_1_7976674,,2019-07-02 00:00:00+00:00,,,,,1:10000,,,0.0,0.7169855220345278,0.0,0.0
sehirAtlasi.976,11230,Düşük Yoğunluklu Süreksiz Kentsel Alan (10% - 30%),0,CBSGM_1_7976675,,2019-07-02 00:00:00+00:00,,,,,1:10000,,,0.0,0.7213952411859574,0.0,0.0
sehirAtlasi.977,13400,Mevcut Kullanımı Olmayan Alanlar,0,CBSGM_1_7976676,,2019-07-02 00:00:00+00:00,,,,,1:10000,,,0.0,0.7144433200758546,0.0,0.0
sehirAtlasi.978,11230,Düşük Yoğunluklu Süreksiz Kentsel Alan (10% - 30%),0,CBSGM_1_7976677,,2019-07-02 00:00:00+00:00,,,,,1:10000,,,0.0,0.714234642964457,0.0,0.0
sehirAtlasi.979,11230,Düşük Yoğunluklu Süreksiz Kentsel Alan (10% - 30%),0,CBSGM_1_7976678,,2019-07-02 00:00:00+00:00,,,,,1:10000,,,0.0,0.7243726064969687,0.0,0.0
sehirAtlasi.980,11230,Düşük Yoğunluklu Süreksiz Kentsel Alan (10% - 30%),0,CBSGM_1_7976679,,2019-07-02 00:00:00+00:00,,,,,1:10000,,,0.0,0.7276306465346235,0.0,0.0
sehirAtlasi.981,11230,Düşük Yoğunluklu Süreksiz Kentsel Alan (10% - 30%),0,CBSGM_1_7976680,,2019-07-02 00:00:00+00:00,,,,,1:10000,,,0.0,0.7247413320454752,0.0,0.0
sehirAtlasi.982,14120,Kent İçindeki Yeşil Alanlar ( Aktif ),10,CBSGM_1_7976444,,2019-06-12 00:00:00+00:00,,,,,1:10000,,,0.0,0.5658382426135646,0.0,0.0
sehirAtlasi.983,12170,İbadethane Alanları,0,CBSGM_1_7976445,,2019-06-12 00:00:00+00:00,,,,,1:10000,,,0.0,0.5654002261064475,0.0,0.0
sehirAtlasi.984,12150,Eğitim Alanları,0,CBSGM_1_7976446,,2019-06-12 00:00:00+00:00,,,,,1:10000,,,0.0,0.5668743467983741,0.0,0.0
sehirAtlasi.985,12130,Kamu Alanları,0,CBSGM_1_7976447,,2019-06-12 00:00:00+00:00,,,,,1:10000,,,0.0,0.7850596593073984,0.0,0.0
sehirAtlasi.986,12130,Kamu Alanları,0,CBSGM_1_7976448,,2019-06-12 00:00:00+00:00,,,,,1:10000,,,0.0,0.832091425464018,0.0,0.0
sehirAtlasi.987,12150,Eğitim Alanları,0,CBSGM_1_7976449,,2019-06-12 00:00:00+00:00,,,,,1:10000,,,0.0,0.7178655418127307,0.0,0.0
sehirAtlasi.988,14210,Otel/ Tatil Köyü,0,CBSGM_1_7976450,,2019-12-24 00:00:00+00:00,,,,,1:10000,,,0.0,0.8744242126498101,0.0,0.0
sehirAtlasi.989,14210,Otel/ Tatil Köyü,0,CBSGM_1_7976451,,2019-12-24 00:00:00+00:00,,,,,1:10000,,,0.0,0.8756293906134438,0.0,0.0
sehirAtlasi.990,22000,Sürekli Ürünler,0,CBSGM_1_7976452,,2019-06-11 00:00:00+00:00,,,,,1:10000,,,0.0,0.6477689529064334,0.0,0.0
sehirAtlasi.991,14110,Mezarlık Alanları,0,CBSGM_1_7976453,,2019-06-11 00:00:00+00:00,,,,,1:10000,,,0.0,1.0341969582057908,0.0,0.0
sehirAtlasi.992,14200,Spor Ve Eğlence Alanları,0,CBSGM_1_7976454,,2019-06-11 00:00:00+00:00,,,,,1:10000,,,0.0,0.6650432284217149,0.0,0.0
sehirAtlasi.993,12130,Kamu Alanları,0,CBSGM_1_7976455,,2019-06-13 00:00:00+00:00,,,,,1:10000,,,0.0,0.6586854185628664,0.0,0.0
sehirAtlasi.994,11230,Düşük Yoğunluklu Süreksiz Kentsel Alan (10% - 30%),0,CBSGM_1_7976456,,2019-05-29 00:00:00+00:00,,,,,1:10000,,,0.0,0.7975524171918589,0.0,0.0
sehirAtlasi.995,13400,Mevcut Kullanımı Olmayan Alanlar,0,CBSGM_1_7976457,,2019-05-29 00:00:00+00:00,,,,,1:10000,,,0.0,0.7999436084439291,0.0,0.0
sehirAtlasi.996,23000,Mera Alanları,0,CBSGM_1_7976458,,2019-05-29 00:00:00+00:00,,,,,1:10000,,,0.0,0.7880683398170376,0.0,0.0
sehirAtlasi.997,13400,Mevcut Kullanımı Olmayan Alanlar,0,CBSGM_1_7976459,,2019-05-29 00:00:00+00:00,,,,,1:10000,,,0.0,0.6562773823760907,0.0,0.0
sehirAtlasi.998,12120,Ticaret Alanları,0,CBSGM_1_7976460,,2019-05-29 00:00:00+00:00,,,,,1:10000,,,0.0,1.1550856034583943,0.0,0.0
sehirAtlasi.999,12120,Ticaret Alanları,13,CBSGM_1_7976461,,2019-05-29 00:00:00+00:00,,,,,1:10000,,,0.0,1.1453312570381635,0.0,0.0
sehirAtlasi.972,11230,Düşük Yoğunluklu Süreksiz Kentsel Alan (10% - 30%),0,CBSGM_1_7976671,,2019-07-02 00:00:00+00:00,,,,,1:10000,,,0.0,0.7258248562147862,0.0,0.0
sehirAtlasi.970,12120,Ticaret Alanları,0,CBSGM_1_7976669,,2019-07-01 00:00:00+00:00,,,,,1:10000,,,0.0,0.7026936592673456,0.0,0.0
sehirAtlasi.941,12130,Kamu Alanları,0,CBSGM_1_7976642,,2019-06-13 00:00:00+00:00,,,,,1:10000,,,0.0,0.777571431889548,0.0,0.0
sehirAtlasi.969,11210,Yüksek Yoğunluklu Süreksiz Kentsel Alan (50% - 80%),0,CBSGM_1_7976668,,2019-11-11 00:00:00+00:00,,,,,1:10000,,,0.0,0.7037083430880693,0.0,0.0
sehirAtlasi.942,12170,İbadethane Alanları,0,CBSGM_1_7976643,,2019-06-12 00:00:00+00:00,,,,,1:10000,,,0.0,1.2990182851431589,0.0,0.0
sehirAtlasi.943,14200,Spor Ve Eğlence Alanları,0,CBSGM_1_7976644,,2019-06-12 00:00:00+00:00,,,,,1:10000,,,0.0,1.0363888082589376,0.0,0.0
sehirAtlasi.944,12130,Kamu Alanları,0,CBSGM_1_7976645,,2019-06-12 00:00:00+00:00,,,,,1:10000,,,0.0,1.153590426483239,0.0,0.0
sehirAtlasi.945,12170,İbadethane Alanları,0,CBSGM_1_7976646,,2019-06-12 00:00:00+00:00,,,,,1:10000,,,0.0,1.131682746300461,0.0,0.0
sehirAtlasi.946,12170,İbadethane Alanları,0,CBSGM_1_7976647,,2019-06-12 00:00:00+00:00,,,,,1:10000,,,0.0,1.0618189183319258,0.0,0.0
sehirAtlasi.947,23000,Mera Alanları,0,CBSGM_1_7976648,,2019-06-28 00:00:00+00:00,,,,,1:10000,,,0.0,0.9685163828502812,0.0,0.0
sehirAtlasi.948,11230,Düşük Yoğunluklu Süreksiz Kentsel Alan (10% - 30%),0,CBSGM_1_7976649,,2019-06-28 00:00:00+00:00,,,,,1:10000,,,0.0,0.9576294411829276,0.0,0.0
sehirAtlasi.949,32000,Maki veya Otsu Bitkiler,0,CBSGM_1_7976650,,2019-06-28 00:00:00+00:00,,,,,1:10000,,,0.0,1.0599928906854572,0.0,0.0
sehirAtlasi.950,11230,Düşük Yoğunluklu Süreksiz Kentsel Alan (10% - 30%),0,CBSGM_1_7976651,,2019-06-28 00:00:00+00:00,,,,,1:10000,,,0.0,0.9939586456914619,0.0,0.0
sehirAtlasi.951,11240,Çok Düşük Yoğunluklu Süreksiz Kentsel Alan (< 10%),0,CBSGM_1_7976652,,2019-06-27 00:00:00+00:00,,,,,1:10000,,,0.0,0.9572811268406755,0.0,0.0
sehirAtlasi.952,11230,Düşük Yoğunluklu Süreksiz Kentsel Alan (10% - 30%),0,CBSGM_1_7976653,,2019-06-27 00:00:00+00:00,,,,,1:10000,,,0.0,0.9631758461900266,0.0,0.0
sehirAtlasi.953,11230,Düşük Yoğunluklu Süreksiz Kentsel Alan (10% - 30%),0,CBSGM_1_7976654,,2019-06-27 00:00:00+00:00,,,,,1:10000,,,0.0,0.9617394735980354,0.0,0.0
sehirAtlasi.954,11230,Düşük Yoğunluklu Süreksiz Kentsel Alan (10% - 30%),0,CBSGM_1_7976655,,2019-06-27 00:00:00+00:00,,,,,1:10000,,,0.0,0.9591212414372327,0.0,0.0
sehirAtlasi.955,11230,Düşük Yoğunluklu Süreksiz Kentsel Alan (10% - 30%),0,CBSGM_1_7976656,,2019-06-27 00:00:00+00:00,,,,,1:10000,,,0.0,0.9608653023444811,0.0,0.0
sehirAtlasi.956,11230,Düşük Yoğunluklu Süreksiz Kentsel Alan (10% - 30%),0,CBSGM_1_7976657,,2019-06-27 00:00:00+00:00,,,,,1:10000,,,0.0,0.9615678665791176,0.0,0.0
sehirAtlasi.957,32000,Maki veya Otsu Bitkiler,8,CBSGM_1_7976658,,2019-06-28 00:00:00+00:00,,,,,1:10000,,,0.0,0.9987781745066566,0.0,0.0
sehirAtlasi.958,12170,İbadethane Alanları,0,CBSGM_1_7976659,,2019-06-27 00:00:00+00:00,,,,,1:10000,,,0.0,0.9627425703153691,0.0,0.0
sehirAtlasi.959,11230,Düşük Yoğunluklu Süreksiz Kentsel Alan (10% - 30%),0,CBSGM_1_7976660,,2019-06-27 00:00:00+00:00,,,,,1:10000,,,0.0,0.9641153894199618,0.0,0.0
sehirAtlasi.960,11230,Düşük Yoğunluklu Süreksiz Kentsel Alan (10% - 30%),0,CBSGM_1_7976661,,2019-06-27 00:00:00+00:00,,,,,1:10000,,,0.0,0.9653047690951917,0.0,0.0
sehirAtlasi.961,11230,Düşük Yoğunluklu Süreksiz Kentsel Alan (10% - 30%),0,CBSGM_1_7976662,,2019-06-27 00:00:00+00:00,,,,,1:10000,,,0.0,0.9676681436989505,0.0,0.0
sehirAtlasi.962,11230,Düşük Yoğunluklu Süreksiz Kentsel Alan (10% - 30%),0,CBSGM_1_7976663,,2019-06-27 00:00:00+00:00,,,,,1:10000,,,0.0,0.9678964288815219,0.0,0.0
sehirAtlasi.963,13100,Maden Ocağı ve Boşaltım Sahaları,0,CBSGM_1_7976664,,2019-06-28 00:00:00+00:00,,,,,1:10000,,,0.0,1.5545989366059287,0.0,0.0
sehirAtlasi.964,13400,Mevcut Kullanımı Olmayan Alanlar,0,CBSGM_1_7976665,,2019-06-28 00:00:00+00:00,,,,,1:10000,,,0.0,1.642595630653131,0.0,0.0
sehirAtlasi.965,12220,Diğer Yollar ve İlgili Alanlar,0,CBSGM_1_312972,,2019-02-15 00:00:00+00:00,,,,,1:10000,,,0.0,2.299168810561452,0.0,0.0
sehirAtlasi.966,23000,Mera Alanları,0,CBSGM_1_7976666,,2019-06-28 00:00:00+00:00,,,,,1:10000,,,0.0,1.4672215928274044,0.0,0.0
sehirAtlasi.967,11240,Çok Düşük Yoğunluklu Süreksiz Kentsel Alan (< 10%),0,CBSGM_1_7976667,,2019-06-28 00:00:00+00:00,,,,,1:10000,,,0.0,1.8615885549628657,0.0,0.0
sehirAtlasi.968,12220,Diğer Yollar ve İlgili Alanlar,0,CBSGM_1_312973,,2019-02-15 00:00:00+00:00,,,,,1:10000,,,0.0,2.298681700648618,0.0,0.0
sehirAtlasi.878,11240,Çok Düşük Yoğunluklu Süreksiz Kentsel Alan (< 10%),0,CBSGM_1_7976579,,2019-09-13 00:00:00+00:00,,,,,1:10000,,,0.0,1.2180768228516725,0.0,0.0
sehirAtlasi.876,11230,Düşük Yoğunluklu Süreksiz Kentsel Alan (10% - 30%),0,CBSGM_1_7976578,,2019-09-13 00:00:00+00:00,,,,,1:10000,,,0.0,1.2038310203344258,0.0,0.0
sehirAtlasi.753,12120,Ticaret Alanları,0,CBSGM_1_7976245,,2019-05-24 00:00:00+00:00,,,,,1:10000,,,0.0,1.3383178667246576,0.0,0.0
sehirAtlasi.798,50000,Su Alanları,0,CBSGM_1_7976285,,2019-05-22 00:00:00+00:00,,,,,1:10000,,,0.0,0.6698852099929262,0.0,0.0
sehirAtlasi.785,12120,Ticaret Alanları,0,CBSGM_1_7976272,,2019-05-22 00:00:00+00:00,,,,,1:10000,,,0.0,0.6691911787614784,0.0,0.0
sehirAtlasi.786,12120,Ticaret Alanları,0,CBSGM_1_7976273,,2019-05-22 00:00:00+00:00,,,,,1:10000,,,0.0,0.6693572299025023,0.0,0.0
sehirAtlasi.787,11300,İzole Yapılar,0,CBSGM_1_7976274,,2019-05-27 00:00:00+00:00,,,,,1:10000,,,0.0,0.6429415287846021,0.0,0.0
sehirAtlasi.788,13300,İnşaat Alanları,0,CBSGM_1_7976275,,2019-05-27 00:00:00+00:00,,,,,1:10000,,,0.0,0.655582441877686,0.0,0.0
sehirAtlasi.789,13400,Mevcut Kullanımı Olmayan Alanlar,0,CBSGM_1_7976276,,2019-05-24 00:00:00+00:00,,,,,1:10000,,,0.0,1.3887927451240425,0.0,0.0
sehirAtlasi.790,13400,Mevcut Kullanımı Olmayan Alanlar,0,CBSGM_1_7976277,,2019-05-24 00:00:00+00:00,,,,,1:10000,,,0.0,1.4017085148723853,0.0,0.0
sehirAtlasi.791,13400,Mevcut Kullanımı Olmayan Alanlar,0,CBSGM_1_7976278,,2019-11-11 00:00:00+00:00,,,,,1:10000,,,0.0,1.3934016274803893,0.0,0.0
sehirAtlasi.792,13400,Mevcut Kullanımı Olmayan Alanlar,0,CBSGM_1_7976279,,2019-05-24 00:00:00+00:00,,,,,1:10000,,,0.0,1.409381589030151,0.0,0.0
sehirAtlasi.793,12220,Diğer Yollar ve İlgili Alanlar,0,CBSGM_1_7976280,,2019-01-01 00:00:00+00:00,,,,,1:10000,,,0.0,1.3968945544674933,0.0,0.0
sehirAtlasi.794,11300,İzole Yapılar,0,CBSGM_1_7976281,,2019-05-24 00:00:00+00:00,,,,,1:10000,,,0.0,1.3679123015548758,0.0,0.0
sehirAtlasi.795,13100,Maden Ocağı ve Boşaltım Sahaları,0,CBSGM_1_7976282,,2019-05-22 00:00:00+00:00,,,,,1:10000,,,0.0,0.6008209796750068,0.0,0.0
sehirAtlasi.796,11300,İzole Yapılar,0,CBSGM_1_7976283,,2019-05-22 00:00:00+00:00,,,,,1:10000,,,0.0,0.5992260902366007,0.0,0.0
sehirAtlasi.797,12120,Ticaret Alanları,0,CBSGM_1_7976284,,2019-05-22 00:00:00+00:00,,,,,1:10000,,,0.0,0.5993900456955926,0.0,0.0
sehirAtlasi.799,12120,Ticaret Alanları,0,CBSGM_1_7976286,,2019-05-22 00:00:00+00:00,,,,,1:10000,,,0.0,0.6051267717143226,0.0,0.0
sehirAtlasi.875,22000,Sürekli Ürünler,0,CBSGM_1_7976577,,2019-09-13 00:00:00+00:00,,,,,1:10000,,,0.0,1.2187788073078127,0.0,0.0
sehirAtlasi.800,13400,Mevcut Kullanımı Olmayan Alanlar,0,CBSGM_1_7976287,,2019-11-15 00:00:00+00:00,,,,,1:10000,,,0.0,1.3604346274272525,0.0,0.0
sehirAtlasi.801,11300,İzole Yapılar,0,CBSGM_1_7976288,,2019-05-24 00:00:00+00:00,,,,,1:10000,,,0.0,1.3598908150740778,0.0,0.0
sehirAtlasi.802,11230,Düşük Yoğunluklu Süreksiz Kentsel Alan (10% - 30%),0,CBSGM_1_7976289,,2019-05-24 00:00:00+00:00,,,,,1:10000,,,0.0,1.4448874511463097,0.0,0.0
sehirAtlasi.803,13400,Mevcut Kullanımı Olmayan Alanlar,0,CBSGM_1_7976290,,2019-05-24 00:00:00+00:00,,,,,1:10000,,,0.0,1.4449497498861419,0.0,0.0
sehirAtlasi.804,13400,Mevcut Kullanımı Olmayan Alanlar,0,CBSGM_1_7976291,,2019-05-24 00:00:00+00:00,,,,,1:10000,,,0.0,1.4240647028885167,0.0,0.0
sehirAtlasi.805,11230,Düşük Yoğunluklu Süreksiz Kentsel Alan (10% - 30%),0,CBSGM_1_7976292,,2019-05-24 00:00:00+00:00,,,,,1:10000,,,0.0,1.4228180415467864,0.0,0.0
sehirAtlasi.806,33000,Bitki Örtüsü Az Ya da Olmayan Alanlar,0,CBSGM_1_7976293,,2019-05-24 00:00:00+00:00,,,,,1:10000,,,0.0,1.4654064154378168,0.0,0.0
sehirAtlasi.807,12110,Sanayi ve Üretim Alanları,0,CBSGM_1_7976294,,2019-05-24 00:00:00+00:00,,,,,1:10000,,,0.0,1.5326654541524518,0.0,0.0
sehirAtlasi.808,13400,Mevcut Kullanımı Olmayan Alanlar,0,CBSGM_1_7976295,,2019-10-01 00:00:00+00:00,,,,,1:10000,,,0.0,0.5810060627064273,0.0,0.0
sehirAtlasi.809,11240,Çok Düşük Yoğunluklu Süreksiz Kentsel Alan (< 10%),0,CBSGM_1_7976296,,2019-10-01 00:00:00+00:00,,,,,1:10000,,,0.0,0.5831362617073476,0.0,0.0
sehirAtlasi.810,12130,Kamu Alanları,0,CBSGM_1_7976297,,2019-11-14 00:00:00+00:00,,,,,1:10000,,,0.0,1.1342234534217288,0.0,0.0
sehirAtlasi.811,12120,Ticaret Alanları,0,CBSGM_1_7976298,,2019-05-24 00:00:00+00:00,,,,,1:10000,,,0.0,1.0894554111684922,0.0,0.0
sehirAtlasi.812,12170,İbadethane Alanları,0,CBSGM_1_7976299,,2019-05-24 00:00:00+00:00,,,,,1:10000,,,0.0,1.130921673612654,0.0,0.0
sehirAtlasi.784,50000,Su Alanları,0,CBSGM_1_7976271,,2019-05-22 00:00:00+00:00,,,,,1:10000,,,0.0,0.6664352473923478,0.0,0.0
sehirAtlasi.783,32000,Maki veya Otsu Bitkiler,0,CBSGM_1_7976270,,2019-05-23 00:00:00+00:00,,,,,1:10000,,,0.0,0.6160495309570985,0.0,0.0
sehirAtlasi.782,12120,Ticaret Alanları,0,CBSGM_1_7976269,,2019-05-23 00:00:00+00:00,,,,,1:10000,,,0.0,0.6192538362046571,0.0,0.0
sehirAtlasi.781,11300,İzole Yapılar,20,CBSGM_1_365425,,2019-02-15 00:00:00+00:00,,,,,1:10000,,,0.0,2.0554182762654083,0.0,0.0
sehirAtlasi.754,11240,Çok Düşük Yoğunluklu Süreksiz Kentsel Alan (< 10%),0,CBSGM_1_7976246,,2019-05-24 00:00:00+00:00,,,,,1:10000,,,0.0,1.3412526372893843,0.0,0.0
sehirAtlasi.755,22000,Sürekli Ürünler,0,CBSGM_1_7976247,,2019-05-24 00:00:00+00:00,,,,,1:10000,,,0.0,0.9363919138231089,0.0,0.0
sehirAtlasi.756,11300,İzole Yapılar,0,CBSGM_1_7976248,,2019-05-24 00:00:00+00:00,,,,,1:10000,,,0.0,1.4850402103041471,0.0,0.0
sehirAtlasi.757,11240,Çok Düşük Yoğunluklu Süreksiz Kentsel Alan (< 10%),0,CBSGM_1_7976249,,2019-05-24 00:00:00+00:00,,,,,1:10000,,,0.0,1.4472001298854906,0.0,0.0
sehirAtlasi.758,12110,Sanayi ve Üretim Alanları,0,CBSGM_1_7976250,,2019-05-24 00:00:00+00:00,,,,,1:10000,,,0.0,1.3065264009383624,0.0,0.0
sehirAtlasi.759,32000,Maki veya Otsu Bitkiler,0,CBSGM_1_7976251,,2019-05-24 00:00:00+00:00,,,,,1:10000,,,0.0,1.3715224884351875,0.0,0.0
sehirAtlasi.760,23000,Mera Alanları,0,CBSGM_1_7976252,,2019-05-24 00:00:00+00:00,,,,,1:10000,,,0.0,1.4562857099566786,0.0,0.0
sehirAtlasi.761,13300,İnşaat Alanları,11,CBSGM_1_7976253,,2019-02-06 00:00:00+00:00,,,,,1:10000,,,0.0,1.2875424724166442,0.0,0.0
sehirAtlasi.762,12170,İbadethane Alanları,0,CBSGM_1_7976254,,2019-06-10 00:00:00+00:00,,,,,1:10000,,,0.0,1.1953106942042035,0.0,0.0
sehirAtlasi.763,14200,Spor Ve Eğlence Alanları,0,CBSGM_1_7976255,,2019-02-12 00:00:00+00:00,,,,,1:10000,,,0.0,0.8348969399087607,0.0,0.0
sehirAtlasi.764,11240,Çok Düşük Yoğunluklu Süreksiz Kentsel Alan (< 10%),17,CBSGM_1_7976256,,2019-02-12 00:00:00+00:00,,,,,1:10000,,,0.0,0.771910259582097,0.0,0.0
sehirAtlasi.765,11240,Çok Düşük Yoğunluklu Süreksiz Kentsel Alan (< 10%),13,CBSGM_1_7976257,,2019-02-12 00:00:00+00:00,,,,,1:10000,,,0.0,0.7639356113921607,0.0,0.0
sehirAtlasi.766,12110,Sanayi ve Üretim Alanları,6,CBSGM_1_7976258,,2019-05-29 00:00:00+00:00,,,,,1:10000,,,0.0,1.5206882840987412,0.0,0.0
sehirAtlasi.767,12110,Sanayi ve Üretim Alanları,0,CBSGM_1_7976259,,2019-05-29 00:00:00+00:00,,,,,1:10000,,,0.0,1.5215455191297578,0.0,0.0
sehirAtlasi.768,11240,Çok Düşük Yoğunluklu Süreksiz Kentsel Alan (< 10%),0,CBSGM_1_7976260,,2019-05-29 00:00:00+00:00,,,,,1:10000,,,0.0,1.7099548281433121,0.0,0.0
sehirAtlasi.769,11240,Çok Düşük Yoğunluklu Süreksiz Kentsel Alan (< 10%),0,CBSGM_1_7976261,,2019-10-01 00:00:00+00:00,,,,,1:10000,,,0.0,0.5621426278707253,0.0,0.0
sehirAtlasi.770,50000,Su Alanları,0,CBSGM_1_365410,,2019-02-15 00:00:00+00:00,,,,,1:10000,,,0.0,2.0688870534842128,0.0,0.0
sehirAtlasi.771,12130,Kamu Alanları,0,CBSGM_1_7976262,,2019-05-31 00:00:00+00:00,,,,,1:10000,,,0.0,0.929331104172747,0.0,0.0
sehirAtlasi.772,14100,Kent İçindeki Yeşil Alanlar ( Pasif ),1,CBSGM_1_7976263,,2019-05-29 00:00:00+00:00,,,,,1:10000,,,0.0,1.2115685753622492,0.0,0.0
sehirAtlasi.773,13400,Mevcut Kullanımı Olmayan Alanlar,0,CBSGM_1_365422,,2019-02-15 00:00:00+00:00,,,,,1:10000,,,0.0,2.0494281131695917,0.0,0.0
sehirAtlasi.774,12120,Ticaret Alanları,0,CBSGM_1_7976264,,2019-05-30 00:00:00+00:00,,,,,1:10000,,,0.0,0.7579272127017038,0.0,0.0
sehirAtlasi.775,12150,Eğitim Alanları,0,CBSGM_1_7976265,,2019-05-29 00:00:00+00:00,,,,,1:10000,,,0.0,0.9864732429037941,0.0,0.0
sehirAtlasi.776,11230,Düşük Yoğunluklu Süreksiz Kentsel Alan (10% - 30%),0,CBSGM_1_7976266,,2019-10-01 00:00:00+00:00,,,,,1:10000,,,0.0,0.5734526904612927,0.0,0.0
sehirAtlasi.777,13300,İnşaat Alanları,0,CBSGM_1_7976267,,2019-06-10 00:00:00+00:00,,,,,1:10000,,,0.0,1.006183067042401,0.0,0.0
sehirAtlasi.778,11300,İzole Yapılar,6,CBSGM_1_365423,,2019-02-15 00:00:00+00:00,,,,,1:10000,,,0.0,2.050884340352663,0.0,0.0
sehirAtlasi.779,11300,İzole Yapılar,0,CBSGM_1_365424,,2019-02-15 00:00:00+00:00,,,,,1:10000,,,0.0,2.028411716078661,0.0,0.0
sehirAtlasi.780,12120,Ticaret Alanları,0,CBSGM_1_7976268,,2019-05-23 00:00:00+00:00,,,,,1:10000,,,0.0,0.6228543962088127,0.0,0.0
sehirAtlasi.813,13400,Mevcut Kullanımı Olmayan Alanlar,0,CBSGM_1_7976300,,2019-09-12 00:00:00+00:00,,,,,1:10000,,,0.0,1.3591758107762568,0.0,0.0
sehirAtlasi.814,11230,Düşük Yoğunluklu Süreksiz Kentsel Alan (10% - 30%),0,CBSGM_1_7976301,,2019-05-24 00:00:00+00:00,,,,,1:10000,,,0.0,1.3902149783989535,0.0,0.0
sehirAtlasi.815,11240,Çok Düşük Yoğunluklu Süreksiz Kentsel Alan (< 10%),0,CBSGM_1_7976302,,2019-10-01 00:00:00+00:00,,,,,1:10000,,,0.0,0.5718258324036121,0.0,0.0
sehirAtlasi.846,11230,Düşük Yoğunluklu Süreksiz Kentsel Alan (10% - 30%),0,CBSGM_1_7976553,,2019-09-16 00:00:00+00:00,,,,,1:10000,,,0.0,1.346292562157464,0.0,0.0
sehirAtlasi.848,11230,Düşük Yoğunluklu Süreksiz Kentsel Alan (10% - 30%),0,CBSGM_1_7976555,,2019-09-16 00:00:00+00:00,,,,,1:10000,,,0.0,1.3233812692397002,0.0,0.0
sehirAtlasi.849,11230,Düşük Yoğunluklu Süreksiz Kentsel Alan (10% - 30%),0,CBSGM_1_7976556,,2019-09-16 00:00:00+00:00,,,,,1:10000,,,0.0,1.3596299159830563,0.0,0.0
sehirAtlasi.850,11230,Düşük Yoğunluklu Süreksiz Kentsel Alan (10% - 30%),0,CBSGM_1_7976557,,2019-09-13 00:00:00+00:00,,,,,1:10000,,,0.0,0.5255646588363944,0.0,0.0
sehirAtlasi.851,11230,Düşük Yoğunluklu Süreksiz Kentsel Alan (10% - 30%),0,CBSGM_1_7976558,,2019-09-16 00:00:00+00:00,,,,,1:10000,,,0.0,1.3622926214566917,0.0,0.0
sehirAtlasi.852,11230,Düşük Yoğunluklu Süreksiz Kentsel Alan (10% - 30%),0,CBSGM_1_7976559,,2019-09-16 00:00:00+00:00,,,,,1:10000,,,0.0,1.3634846211011673,0.0,0.0
sehirAtlasi.853,11230,Düşük Yoğunluklu Süreksiz Kentsel Alan (10% - 30%),0,CBSGM_1_7976560,,2019-09-16 00:00:00+00:00,,,,,1:10000,,,0.0,1.3639510115626265,0.0,0.0
sehirAtlasi.854,22000,Sürekli Ürünler,0,CBSGM_1_7976561,,2019-09-16 00:00:00+00:00,,,,,1:10000,,,0.0,1.3772455686414427,0.0,0.0
sehirAtlasi.855,11230,Düşük Yoğunluklu Süreksiz Kentsel Alan (10% - 30%),0,CBSGM_1_7976562,,2019-09-16 00:00:00+00:00,,,,,1:10000,,,0.0,1.3784660993915079,0.0,0.0
sehirAtlasi.856,11230,Düşük Yoğunluklu Süreksiz Kentsel Alan (10% - 30%),0,CBSGM_1_7976563,,2019-09-16 00:00:00+00:00,,,,,1:10000,,,0.0,1.3806504686360803,0.0,0.0
sehirAtlasi.857,12120,Ticaret Alanları,0,CBSGM_1_7976564,,2019-09-13 00:00:00+00:00,,,,,1:10000,,,0.0,1.1937920054906428,0.0,0.0
sehirAtlasi.858,11240,Çok Düşük Yoğunluklu Süreksiz Kentsel Alan (< 10%),4,CBSGM_1_9021504,,2019-04-29 00:00:00+00:00,,,,,1:10000,,,0.0,0.4192701072211677,0.0,0.0
sehirAtlasi.859,11230,Düşük Yoğunluklu Süreksiz Kentsel Alan (10% - 30%),0,CBSGM_1_7976565,,2019-09-13 00:00:00+00:00,,,,,1:10000,,,0.0,1.193561537052733,0.0,0.0
sehirAtlasi.860,11230,Düşük Yoğunluklu Süreksiz Kentsel Alan (10% - 30%),0,CBSGM_1_7976566,,2019-09-13 00:00:00+00:00,,,,,1:10000,,,0.0,1.1924566307291904,0.0,0.0
sehirAtlasi.861,11230,Düşük Yoğunluklu Süreksiz Kentsel Alan (10% - 30%),0,CBSGM_1_7976567,,2019-09-13 00:00:00+00:00,,,,,1:10000,,,0.0,1.192136831751696,0.0,0.0
sehirAtlasi.862,11230,Düşük Yoğunluklu Süreksiz Kentsel Alan (10% - 30%),0,CBSGM_1_7976568,,2019-09-13 00:00:00+00:00,,,,,1:10000,,,0.0,1.1923842199099077,0.0,0.0
sehirAtlasi.863,32000,Maki veya Otsu Bitkiler,0,CBSGM_1_7976569,,2019-09-13 00:00:00+00:00,,,,,1:10000,,,0.0,1.2024641203363533,0.0,0.0
sehirAtlasi.864,13400,Mevcut Kullanımı Olmayan Alanlar,0,CBSGM_1_9021505,,2019-04-29 00:00:00+00:00,,,,,1:10000,,,0.0,0.4653351186199768,0.0,0.0
sehirAtlasi.865,11230,Düşük Yoğunluklu Süreksiz Kentsel Alan (10% - 30%),0,CBSGM_1_7976570,,2019-09-13 00:00:00+00:00,,,,,1:10000,,,0.0,0.529976112673122,0.0,0.0
sehirAtlasi.866,11240,Çok Düşük Yoğunluklu Süreksiz Kentsel Alan (< 10%),0,CBSGM_1_7976571,,2019-09-13 00:00:00+00:00,,,,,1:10000,,,0.0,0.5314073496507244,0.0,0.0
sehirAtlasi.867,22000,Sürekli Ürünler,0,CBSGM_1_7976572,,2019-09-13 00:00:00+00:00,,,,,1:10000,,,0.0,0.530254221123139,0.0,0.0
sehirAtlasi.868,50000,Su Alanları,0,CBSGM_1_8933243,,2019-12-16 00:00:00+00:00,,,,,1:10000,,,0.0,0.8081984190079602,0.0,0.0
sehirAtlasi.869,11210,Yüksek Yoğunluklu Süreksiz Kentsel Alan (50% - 80%),43,CBSGM_1_8933244,,2019-02-11 00:00:00+00:00,,,,,1:10000,,,0.0,0.8061733727484857,0.0,0.0
sehirAtlasi.870,14200,Spor Ve Eğlence Alanları,7,CBSGM_1_8933245,,2019-06-14 00:00:00+00:00,,,,,1:10000,,,0.0,0.7923801608403258,0.0,0.0
sehirAtlasi.871,12120,Ticaret Alanları,0,CBSGM_1_7976573,,2019-09-13 00:00:00+00:00,,,,,1:10000,,,0.0,1.2182927415887914,0.0,0.0
sehirAtlasi.872,11240,Çok Düşük Yoğunluklu Süreksiz Kentsel Alan (< 10%),0,CBSGM_1_7976574,,2019-09-13 00:00:00+00:00,,,,,1:10000,,,0.0,1.2287213155288244,0.0,0.0
sehirAtlasi.873,11230,Düşük Yoğunluklu Süreksiz Kentsel Alan (10% - 30%),0,CBSGM_1_7976575,,2019-09-13 00:00:00+00:00,,,,,1:10000,,,0.0,1.2286278056714282,0.0,0.0
sehirAtlasi.874,11230,Düşük Yoğunluklu Süreksiz Kentsel Alan (10% - 30%),0,CBSGM_1_7976576,,2019-09-13 00:00:00+00:00,,,,,1:10000,,,0.0,1.2280847807719277,0.0,0.0
sehirAtlasi.847,11230,Düşük Yoğunluklu Süreksiz Kentsel Alan (10% - 30%),0,CBSGM_1_7976554,,2019-09-16 00:00:00+00:00,,,,,1:10000,,,0.0,1.352550138799302,0.0,0.0
sehirAtlasi.845,11230,Düşük Yoğunluklu Süreksiz Kentsel Alan (10% - 30%),0,CBSGM_1_7976552,,2019-09-16 00:00:00+00:00,,,,,1:10000,,,0.0,1.337510606827197,0.0,0.0
sehirAtlasi.816,11240,Çok Düşük Yoğunluklu Süreksiz Kentsel Alan (< 10%),0,CBSGM_1_7976303,,2019-05-24 00:00:00+00:00,,,,,1:10000,,,0.0,1.4136166305003122,0.0,0.0
sehirAtlasi.844,11230,Düşük Yoğunluklu Süreksiz Kentsel Alan (10% - 30%),0,CBSGM_1_7976551,,2019-09-16 00:00:00+00:00,,,,,1:10000,,,0.0,1.365541077660132,0.0,0.0
sehirAtlasi.817,50000,Su Alanları,0,CBSGM_1_7976304,,2019-02-11 00:00:00+00:00,,,,,1:10000,,,0.0,0.7390707004189232,0.0,0.0
sehirAtlasi.818,11300,İzole Yapılar,0,CBSGM_1_7976305,,2019-02-12 00:00:00+00:00,,,,,1:10000,,,0.0,0.9930604279867382,0.0,0.0
sehirAtlasi.819,11230,Düşük Yoğunluklu Süreksiz Kentsel Alan (10% - 30%),12,CBSGM_1_7976306,,2019-02-07 00:00:00+00:00,,,,,1:10000,,,0.0,0.6566526448185946,0.0,0.0
sehirAtlasi.820,11300,İzole Yapılar,0,CBSGM_1_7976307,,2019-02-11 00:00:00+00:00,,,,,1:10000,,,0.0,1.4872289529144571,0.0,0.0
sehirAtlasi.821,11300,İzole Yapılar,0,CBSGM_1_7976308,,2019-02-11 00:00:00+00:00,,,,,1:10000,,,0.0,1.4755186529233615,0.0,0.0
sehirAtlasi.822,11300,İzole Yapılar,0,CBSGM_1_7976309,,2019-02-11 00:00:00+00:00,,,,,1:10000,,,0.0,1.499557405916348,0.0,0.0
sehirAtlasi.823,12150,Eğitim Alanları,0,CBSGM_1_7976310,,2019-05-22 00:00:00+00:00,,,,,1:10000,,,0.0,1.153223846319361,0.0,0.0
sehirAtlasi.824,11240,Çok Düşük Yoğunluklu Süreksiz Kentsel Alan (< 10%),26,CBSGM_1_7976311,,2019-02-12 00:00:00+00:00,,,,,1:10000,,,0.0,0.8524902221305766,0.0,0.0
sehirAtlasi.825,11300,İzole Yapılar,3,CBSGM_1_7976312,,2019-02-12 00:00:00+00:00,,,,,1:10000,,,0.0,0.7943411773074984,0.0,0.0
sehirAtlasi.826,11300,İzole Yapılar,3,CBSGM_1_7976313,,2019-02-12 00:00:00+00:00,,,,,1:10000,,,0.0,0.7934154158364063,0.0,0.0
sehirAtlasi.827,11240,Çok Düşük Yoğunluklu Süreksiz Kentsel Alan (< 10%),0,CBSGM_1_7976314,,2019-02-07 00:00:00+00:00,,,,,1:10000,,,0.0,1.4021851631102873,0.0,0.0
sehirAtlasi.828,11230,Düşük Yoğunluklu Süreksiz Kentsel Alan (10% - 30%),9,CBSGM_1_7976315,,2019-02-13 00:00:00+00:00,,,,,1:10000,,,0.0,0.6156289399988876,0.0,0.0
sehirAtlasi.829,12170,İbadethane Alanları,21,CBSGM_1_7976316,,2019-06-13 00:00:00+00:00,,,,,1:10000,,,0.0,0.5921614330941893,0.0,0.0
sehirAtlasi.830,32000,Maki veya Otsu Bitkiler,0,CBSGM_1_7976317,,2019-05-23 00:00:00+00:00,,,,,1:10000,,,0.0,0.6047486359615517,0.0,0.0
sehirAtlasi.831,13400,Mevcut Kullanımı Olmayan Alanlar,0,CBSGM_1_7976318,,2019-06-11 00:00:00+00:00,,,,,1:10000,,,0.0,1.3001534588688766,0.0,0.0
sehirAtlasi.832,11230,Düşük Yoğunluklu Süreksiz Kentsel Alan (10% - 30%),0,CBSGM_1_7976539,,2019-09-12 00:00:00+00:00,,,,,1:10000,,,0.0,1.2218039500655695,0.0,0.0
sehirAtlasi.833,11230,Düşük Yoğunluklu Süreksiz Kentsel Alan (10% - 30%),0,CBSGM_1_7976540,,2019-09-12 00:00:00+00:00,,,,,1:10000,,,0.0,1.225822716556729,0.0,0.0
sehirAtlasi.834,11230,Düşük Yoğunluklu Süreksiz Kentsel Alan (10% - 30%),0,CBSGM_1_7976541,,2019-09-12 00:00:00+00:00,,,,,1:10000,,,0.0,1.2580088454552274,0.0,0.0
sehirAtlasi.835,23000,Mera Alanları,0,CBSGM_1_7976542,,2019-09-12 00:00:00+00:00,,,,,1:10000,,,0.0,1.2407608942489659,0.0,0.0
sehirAtlasi.836,23000,Mera Alanları,0,CBSGM_1_7976543,,2019-09-12 00:00:00+00:00,,,,,1:10000,,,0.0,1.222348699918291,0.0,0.0
sehirAtlasi.837,11230,Düşük Yoğunluklu Süreksiz Kentsel Alan (10% - 30%),0,CBSGM_1_7976544,,2019-11-23 00:00:00+00:00,,,,,1:10000,,,0.0,0.5236455948051856,0.0,0.0
sehirAtlasi.838,11230,Düşük Yoğunluklu Süreksiz Kentsel Alan (10% - 30%),0,CBSGM_1_7976545,,2019-09-13 00:00:00+00:00,,,,,1:10000,,,0.0,0.523773145423913,0.0,0.0
sehirAtlasi.839,11230,Düşük Yoğunluklu Süreksiz Kentsel Alan (10% - 30%),0,CBSGM_1_7976546,,2019-09-13 00:00:00+00:00,,,,,1:10000,,,0.0,0.5340099565035312,0.0,0.0
sehirAtlasi.840,11240,Çok Düşük Yoğunluklu Süreksiz Kentsel Alan (< 10%),0,CBSGM_1_7976547,,2019-09-13 00:00:00+00:00,,,,,1:10000,,,0.0,0.5218479221346867,0.0,0.0
sehirAtlasi.841,22000,Sürekli Ürünler,0,CBSGM_1_7976548,,2019-09-16 00:00:00+00:00,,,,,1:10000,,,0.0,1.3198897175066377,0.0,0.0
sehirAtlasi.842,11230,Düşük Yoğunluklu Süreksiz Kentsel Alan (10% - 30%),0,CBSGM_1_7976549,,2019-09-16 00:00:00+00:00,,,,,1:10000,,,0.0,1.3689207567354926,0.0,0.0
sehirAtlasi.843,11230,Düşük Yoğunluklu Süreksiz Kentsel Alan (10% - 30%),0,CBSGM_1_7976550,,2019-09-16 00:00:00+00:00,,,,,1:10000,,,0.0,1.3591946760694893,0.0,0.0
sehirAtlasi.502,11100,Sürekli Kentsel Alan (> 80%),35,CBSGM_1_7984646,,2019-02-06 00:00:00+00:00,,,,,1:10000,,,0.0,1.2582591189483823,0.0,0.0
sehirAtlasi.501,12110,Sanayi ve Üretim Alanları,47,CBSGM_1_7984645,,2019-05-24 00:00:00+00:00,,,,,1:10000,,,0.0,1.1810508865684035,0.0,0.0
sehirAtlasi.500,12160,Sağlık Alanları,26,CBSGM_1_7984644,,2019-05-27 00:00:00+00:00,,,,,1:10000,,,0.0,1.3308839434951865,0.0,0.0
sehirAtlasi.172,11100,Sürekli Kentsel Alan (> 80%),42,CBSGM_1_7984188,,2019-02-05 00:00:00+00:00,,,,,1:10000,,,0.0,1.054313611208022,0.0,0.0
sehirAtlasi.159,12220,Diğer Yollar ve İlgili Alanlar,0,CBSGM_1_7984179,,2019-02-11 00:00:00+00:00,,,,,1:10000,,,0.0,0.6186974906452591,0.0,0.0
sehirAtlasi.160,12220,Diğer Yollar ve İlgili Alanlar,0,CBSGM_1_7984180,,2019-02-11 00:00:00+00:00,,,,,1:10000,,,0.0,0.7091323878099633,0.0,0.0
sehirAtlasi.161,12220,Diğer Yollar ve İlgili Alanlar,0,CBSGM_1_7984181,,2019-02-04 00:00:00+00:00,,,,,1:10000,,,0.0,1.0927640796608145,0.0,0.0
sehirAtlasi.162,50000,Su Alanları,0,CBSGM_1_8761383,,2019-04-10 00:00:00+00:00,,,,,1:10000,,,0.0,0.44444824803836364,0.0,0.0
sehirAtlasi.163,13400,Mevcut Kullanımı Olmayan Alanlar,0,CBSGM_1_7984182,,2019-02-07 00:00:00+00:00,,,,,1:10000,,,0.0,1.2214894005679193,0.0,0.0
sehirAtlasi.164,50000,Su Alanları,0,CBSGM_1_8761384,,2019-04-10 00:00:00+00:00,,,,,1:10000,,,0.0,0.4508094511042347,0.0,0.0
sehirAtlasi.165,50000,Su Alanları,0,CBSGM_1_8761386,,2019-04-10 00:00:00+00:00,,,,,1:10000,,,0.0,0.4645375880696546,0.0,0.0
sehirAtlasi.166,50000,Su Alanları,0,CBSGM_1_8761387,,2019-04-10 00:00:00+00:00,,,,,1:10000,,,0.0,0.46644712292466023,0.0,0.0
sehirAtlasi.167,13400,Mevcut Kullanımı Olmayan Alanlar,1,CBSGM_1_7984183,,2019-02-13 00:00:00+00:00,,,,,1:10000,,,0.0,0.6569367545445701,0.0,0.0
sehirAtlasi.168,11210,Yüksek Yoğunluklu Süreksiz Kentsel Alan (50% - 80%),0,CBSGM_1_7984184,,2019-02-18 00:00:00+00:00,,,,,1:10000,,,0.0,1.1977020322131633,0.0,0.0
sehirAtlasi.169,12150,Eğitim Alanları,43,CBSGM_1_7984185,,2019-05-24 00:00:00+00:00,,,,,1:10000,,,0.0,0.5629166321480159,0.0,0.0
sehirAtlasi.170,12120,Ticaret Alanları,7,CBSGM_1_7984186,,2019-06-10 00:00:00+00:00,,,,,1:10000,,,0.0,0.8645217741842617,0.0,0.0
sehirAtlasi.171,12110,Sanayi ve Üretim Alanları,48,CBSGM_1_7984187,,2019-05-23 00:00:00+00:00,,,,,1:10000,,,0.0,1.1626076193080679,0.0,0.0
sehirAtlasi.173,11100,Sürekli Kentsel Alan (> 80%),50,CBSGM_1_7984189,,2019-02-05 00:00:00+00:00,,,,,1:10000,,,0.0,1.09740561355103,0.0,0.0
sehirAtlasi.126,11210,Yüksek Yoğunluklu Süreksiz Kentsel Alan (50% - 80%),51,CBSGM_1_7984156,,2019-02-04 00:00:00+00:00,,,,,1:10000,,,0.0,1.337167368327845,0.0,0.0
sehirAtlasi.174,11210,Yüksek Yoğunluklu Süreksiz Kentsel Alan (50% - 80%),38,CBSGM_1_7984190,,2019-02-13 00:00:00+00:00,,,,,1:10000,,,0.0,0.9351572002751226,0.0,0.0
sehirAtlasi.175,14100,Kent İçindeki Yeşil Alanlar ( Pasif ),0,CBSGM_1_7984191,,2020-01-04 00:00:00+00:00,,,,,1:10000,,,0.0,1.0952098581464078,0.0,0.0
sehirAtlasi.176,11100,Sürekli Kentsel Alan (> 80%),41,CBSGM_1_7984192,,2019-02-20 00:00:00+00:00,,,,,1:10000,,,0.0,1.1651951888496959,0.0,0.0
sehirAtlasi.177,11100,Sürekli Kentsel Alan (> 80%),80,CBSGM_1_7984193,,2019-02-05 00:00:00+00:00,,,,,1:10000,,,0.0,0.9602423141667364,0.0,0.0
sehirAtlasi.178,11230,Düşük Yoğunluklu Süreksiz Kentsel Alan (10% - 30%),13,CBSGM_1_7984194,,2019-02-06 00:00:00+00:00,,,,,1:10000,,,0.0,0.7777403501600739,0.0,0.0
sehirAtlasi.179,11230,Düşük Yoğunluklu Süreksiz Kentsel Alan (10% - 30%),21,CBSGM_1_7984375,,2019-02-05 00:00:00+00:00,,,,,1:10000,,,0.0,1.2759949739162386,0.0,0.0
sehirAtlasi.180,12150,Eğitim Alanları,33,CBSGM_1_7984376,,2019-05-29 00:00:00+00:00,,,,,1:10000,,,0.0,1.1786834875103671,0.0,0.0
sehirAtlasi.181,14100,Kent İçindeki Yeşil Alanlar ( Pasif ),0,CBSGM_1_7984377,,2020-01-03 00:00:00+00:00,,,,,1:10000,,,0.0,0.7749819661640239,0.0,0.0
sehirAtlasi.182,12170,İbadethane Alanları,19,CBSGM_1_338824,,2019-02-18 00:00:00+00:00,,,,,1:10000,,,0.0,2.3923578495339317,0.0,0.0
sehirAtlasi.183,11240,Çok Düşük Yoğunluklu Süreksiz Kentsel Alan (< 10%),6,CBSGM_1_7984378,,2019-02-11 00:00:00+00:00,,,,,1:10000,,,0.0,1.1683211968811125,0.0,0.0
sehirAtlasi.184,11210,Yüksek Yoğunluklu Süreksiz Kentsel Alan (50% - 80%),40,CBSGM_1_7984379,,2019-02-06 00:00:00+00:00,,,,,1:10000,,,0.0,1.1072348041211248,0.0,0.0
sehirAtlasi.185,11230,Düşük Yoğunluklu Süreksiz Kentsel Alan (10% - 30%),13,CBSGM_1_7984380,,2019-02-12 00:00:00+00:00,,,,,1:10000,,,0.0,1.3260409453606676,0.0,0.0
sehirAtlasi.186,14120,Kent İçindeki Yeşil Alanlar ( Aktif ),0,CBSGM_1_7984381,,2019-02-07 00:00:00+00:00,,,,,1:10000,,,0.0,1.1877269287016747,0.0,0.0
sehirAtlasi.158,12220,Diğer Yollar ve İlgili Alanlar,0,CBSGM_1_7984178,,2019-02-11 00:00:00+00:00,,,,,1:10000,,,0.0,0.9506307153525175,0.0,0.0
sehirAtlasi.157,12120,Ticaret Alanları,2,CBSGM_1_338820,,2019-02-18 00:00:00+00:00,,,,,1:10000,,,0.0,2.40831762859609,0.0,0.0
sehirAtlasi.156,12220,Diğer Yollar ve İlgili Alanlar,0,CBSGM_1_7984177,,2019-02-14 00:00:00+00:00,,,,,1:10000,,,0.0,1.2903921916080716,0.0,0.0
sehirAtlasi.155,12220,Diğer Yollar ve İlgili Alanlar,0,CBSGM_1_7984176,,2019-02-11 00:00:00+00:00,,,,,1:10000,,,0.0,0.6229332873481279,0.0,0.0
sehirAtlasi.128,11210,Yüksek Yoğunluklu Süreksiz Kentsel Alan (50% - 80%),51,CBSGM_1_7984158,,2019-02-04 00:00:00+00:00,,,,,1:10000,,,0.0,1.3347664705690714,0.0,0.0
sehirAtlasi.129,11100,Sürekli Kentsel Alan (> 80%),47,CBSGM_1_7984159,,2019-02-04 00:00:00+00:00,,,,,1:10000,,,0.0,1.171096097000635,0.0,0.0
sehirAtlasi.130,11100,Sürekli Kentsel Alan (> 80%),45,CBSGM_1_7984160,,2019-02-04 00:00:00+00:00,,,,,1:10000,,,0.0,1.1401527802418618,0.0,0.0
sehirAtlasi.131,11100,Sürekli Kentsel Alan (> 80%),47,CBSGM_1_7984161,,2019-02-04 00:00:00+00:00,,,,,1:10000,,,0.0,1.1458596014773548,0.0,0.0
sehirAtlasi.132,14120,Kent İçindeki Yeşil Alanlar ( Aktif ),0,CBSGM_1_7984162,,2019-02-04 00:00:00+00:00,,,,,1:10000,,,0.0,1.1783117379329475,0.0,0.0
sehirAtlasi.133,11230,Düşük Yoğunluklu Süreksiz Kentsel Alan (10% - 30%),19,CBSGM_1_7984163,,2019-02-04 00:00:00+00:00,,,,,1:10000,,,0.0,1.2164178334709352,0.0,0.0
sehirAtlasi.134,14100,Kent İçindeki Yeşil Alanlar ( Pasif ),0,CBSGM_1_7984164,,2019-02-13 00:00:00+00:00,,,,,1:10000,,,0.0,1.369888387813791,0.0,0.0
sehirAtlasi.135,11230,Düşük Yoğunluklu Süreksiz Kentsel Alan (10% - 30%),13,CBSGM_1_338813,,2019-02-18 00:00:00+00:00,,,,,1:10000,,,0.0,2.436164178769929,0.0,0.0
sehirAtlasi.136,11240,Çok Düşük Yoğunluklu Süreksiz Kentsel Alan (< 10%),6,CBSGM_1_7984165,,2019-02-13 00:00:00+00:00,,,,,1:10000,,,0.0,0.5585289517067468,0.0,0.0
sehirAtlasi.137,11230,Düşük Yoğunluklu Süreksiz Kentsel Alan (10% - 30%),14,CBSGM_1_7984166,,2019-02-12 00:00:00+00:00,,,,,1:10000,,,0.0,0.6451915290381567,0.0,0.0
sehirAtlasi.138,12120,Ticaret Alanları,39,CBSGM_1_338814,,2019-02-18 00:00:00+00:00,,,,,1:10000,,,0.0,2.4377898203468407,0.0,0.0
sehirAtlasi.139,11230,Düşük Yoğunluklu Süreksiz Kentsel Alan (10% - 30%),21,CBSGM_1_338815,,2019-02-18 00:00:00+00:00,,,,,1:10000,,,0.0,2.4246100075234294,0.0,0.0
sehirAtlasi.140,11230,Düşük Yoğunluklu Süreksiz Kentsel Alan (10% - 30%),14,CBSGM_1_7984167,,2019-02-15 00:00:00+00:00,,,,,1:10000,,,0.0,1.1754231370931427,0.0,0.0
sehirAtlasi.141,11240,Çok Düşük Yoğunluklu Süreksiz Kentsel Alan (< 10%),4,CBSGM_1_7984168,,2019-02-12 00:00:00+00:00,,,,,1:10000,,,0.0,0.629295000306668,0.0,0.0
sehirAtlasi.142,11220,Orta Yoğunluklu Süreksiz Kentsel Alan (30% - 50%),27,CBSGM_1_338816,,2019-02-18 00:00:00+00:00,,,,,1:10000,,,0.0,2.424003489791607,0.0,0.0
sehirAtlasi.143,11230,Düşük Yoğunluklu Süreksiz Kentsel Alan (10% - 30%),26,CBSGM_1_1398967,,2019-07-16 00:00:00+00:00,,,,,1:10000,,,0.0,1.4556643702477317,0.0,0.0
sehirAtlasi.144,11230,Düşük Yoğunluklu Süreksiz Kentsel Alan (10% - 30%),19,CBSGM_1_7984169,,2019-02-12 00:00:00+00:00,,,,,1:10000,,,0.0,0.6468352897192312,0.0,0.0
sehirAtlasi.145,12220,Diğer Yollar ve İlgili Alanlar,0,CBSGM_1_7984170,,2019-02-12 00:00:00+00:00,,,,,1:10000,,,0.0,0.668546337186374,0.0,0.0
sehirAtlasi.146,12220,Diğer Yollar ve İlgili Alanlar,0,CBSGM_1_7984171,,2019-02-12 00:00:00+00:00,,,,,1:10000,,,0.0,0.6189650668893192,0.0,0.0
sehirAtlasi.147,11230,Düşük Yoğunluklu Süreksiz Kentsel Alan (10% - 30%),30,CBSGM_1_1398968,,2019-07-16 00:00:00+00:00,,,,,1:10000,,,0.0,1.4467332986256956,0.0,0.0
sehirAtlasi.148,12220,Diğer Yollar ve İlgili Alanlar,0,CBSGM_1_7984172,,2019-02-08 00:00:00+00:00,,,,,1:10000,,,0.0,1.219927586680182,0.0,0.0
sehirAtlasi.149,11230,Düşük Yoğunluklu Süreksiz Kentsel Alan (10% - 30%),22,CBSGM_1_338818,,2019-02-18 00:00:00+00:00,,,,,1:10000,,,0.0,2.4104572458062625,0.0,0.0
sehirAtlasi.150,12220,Diğer Yollar ve İlgili Alanlar,0,CBSGM_1_7984173,,2019-02-11 00:00:00+00:00,,,,,1:10000,,,0.0,0.618723084607675,0.0,0.0
sehirAtlasi.151,12220,Diğer Yollar ve İlgili Alanlar,8,CBSGM_1_7984174,,2019-02-04 00:00:00+00:00,,,,,1:10000,,,0.0,1.1755854922451778,0.0,0.0
sehirAtlasi.152,11240,Çok Düşük Yoğunluklu Süreksiz Kentsel Alan (< 10%),7,CBSGM_1_338819,,2019-02-18 00:00:00+00:00,,,,,1:10000,,,0.0,2.412379336301115,0.0,0.0
sehirAtlasi.153,11220,Orta Yoğunluklu Süreksiz Kentsel Alan (30% - 50%),25,CBSGM_1_338817,,2019-02-18 00:00:00+00:00,,,,,1:10000,,,0.0,2.4208462456544018,0.0,0.0
sehirAtlasi.154,12220,Diğer Yollar ve İlgili Alanlar,0,CBSGM_1_7984175,,2019-02-11 00:00:00+00:00,,,,,1:10000,,,0.0,0.62400049875034,0.0,0.0
sehirAtlasi.187,11210,Yüksek Yoğunluklu Süreksiz Kentsel Alan (50% - 80%),38,CBSGM_1_338826,,2019-02-18 00:00:00+00:00,,,,,1:10000,,,0.0,2.4091549961983363,0.0,0.0
sehirAtlasi.188,11100,Sürekli Kentsel Alan (> 80%),43,CBSGM_1_7984382,,2019-02-07 00:00:00+00:00,,,,,1:10000,,,0.0,1.2151408006297264,0.0,0.0
sehirAtlasi.189,14100,Kent İçindeki Yeşil Alanlar ( Pasif ),0,CBSGM_1_7984383,,2019-02-06 00:00:00+00:00,,,,,1:10000,,,0.0,0.7256857808803483,0.0,0.0
sehirAtlasi.220,11220,Orta Yoğunluklu Süreksiz Kentsel Alan (30% - 50%),26,CBSGM_1_7984411,,2019-02-13 00:00:00+00:00,,,,,1:10000,,,0.0,0.6750000232329145,0.0,0.0
sehirAtlasi.222,11220,Orta Yoğunluklu Süreksiz Kentsel Alan (30% - 50%),41,CBSGM_1_7984413,,2019-02-13 00:00:00+00:00,,,,,1:10000,,,0.0,1.2275855717705024,0.0,0.0
sehirAtlasi.223,11220,Orta Yoğunluklu Süreksiz Kentsel Alan (30% - 50%),11,CBSGM_1_7984414,,2019-02-05 00:00:00+00:00,,,,,1:10000,,,0.0,1.4771180386999025,0.0,0.0
sehirAtlasi.224,11220,Orta Yoğunluklu Süreksiz Kentsel Alan (30% - 50%),36,CBSGM_1_7984415,,2019-02-12 00:00:00+00:00,,,,,1:10000,,,0.0,1.3898725092740691,0.0,0.0
sehirAtlasi.225,11220,Orta Yoğunluklu Süreksiz Kentsel Alan (30% - 50%),49,CBSGM_1_7984416,,2019-02-14 00:00:00+00:00,,,,,1:10000,,,0.0,0.6669841336448017,0.0,0.0
sehirAtlasi.226,11220,Orta Yoğunluklu Süreksiz Kentsel Alan (30% - 50%),0,CBSGM_1_7984417,,2019-02-08 00:00:00+00:00,,,,,1:10000,,,0.0,1.2435281515855814,0.0,0.0
sehirAtlasi.227,11220,Orta Yoğunluklu Süreksiz Kentsel Alan (30% - 50%),12,CBSGM_1_7984418,,2019-02-05 00:00:00+00:00,,,,,1:10000,,,0.0,1.1770827679559877,0.0,0.0
sehirAtlasi.228,11220,Orta Yoğunluklu Süreksiz Kentsel Alan (30% - 50%),0,CBSGM_1_7984419,,2019-02-13 00:00:00+00:00,,,,,1:10000,,,0.0,1.1178420365733215,0.0,0.0
sehirAtlasi.229,11220,Orta Yoğunluklu Süreksiz Kentsel Alan (30% - 50%),0,CBSGM_1_7984420,,2019-02-06 00:00:00+00:00,,,,,1:10000,,,0.0,1.0132767179272586,0.0,0.0
sehirAtlasi.230,12120,Ticaret Alanları,16,CBSGM_1_338497,,2020-01-07 00:00:00+00:00,,,,,1:10000,,,0.0,2.428726987000839,0.0,0.0
sehirAtlasi.231,11220,Orta Yoğunluklu Süreksiz Kentsel Alan (30% - 50%),0,CBSGM_1_7984421,,2019-02-13 00:00:00+00:00,,,,,1:10000,,,0.0,1.112909070636685,0.0,0.0
sehirAtlasi.232,11220,Orta Yoğunluklu Süreksiz Kentsel Alan (30% - 50%),40,CBSGM_1_7984422,,2019-02-14 00:00:00+00:00,,,,,1:10000,,,0.0,1.0797871279074613,0.0,0.0
sehirAtlasi.233,11220,Orta Yoğunluklu Süreksiz Kentsel Alan (30% - 50%),43,CBSGM_1_7984423,,2019-02-08 00:00:00+00:00,,,,,1:10000,,,0.0,1.2811609489136597,0.0,0.0
sehirAtlasi.234,11220,Orta Yoğunluklu Süreksiz Kentsel Alan (30% - 50%),29,CBSGM_1_7984424,,2019-02-09 00:00:00+00:00,,,,,1:10000,,,0.0,1.178201881578533,0.0,0.0
sehirAtlasi.235,11220,Orta Yoğunluklu Süreksiz Kentsel Alan (30% - 50%),0,CBSGM_1_7984425,,2019-02-08 00:00:00+00:00,,,,,1:10000,,,0.0,1.2321704371850646,0.0,0.0
sehirAtlasi.236,11220,Orta Yoğunluklu Süreksiz Kentsel Alan (30% - 50%),0,CBSGM_1_7984426,,2019-02-07 00:00:00+00:00,,,,,1:10000,,,0.0,1.2103497420541394,0.0,0.0
sehirAtlasi.237,11220,Orta Yoğunluklu Süreksiz Kentsel Alan (30% - 50%),57,CBSGM_1_7984427,,2019-02-07 00:00:00+00:00,,,,,1:10000,,,0.0,1.2274595700146247,0.0,0.0
sehirAtlasi.238,11220,Orta Yoğunluklu Süreksiz Kentsel Alan (30% - 50%),0,CBSGM_1_7984428,,2019-02-07 00:00:00+00:00,,,,,1:10000,,,0.0,1.2181821791491023,0.0,0.0
sehirAtlasi.239,12120,Ticaret Alanları,5,CBSGM_1_338496,,2019-02-19 00:00:00+00:00,,,,,1:10000,,,0.0,2.4256901290378687,0.0,0.0
sehirAtlasi.240,11220,Orta Yoğunluklu Süreksiz Kentsel Alan (30% - 50%),32,CBSGM_1_7984429,,2019-02-07 00:00:00+00:00,,,,,1:10000,,,0.0,1.0738747469443783,0.0,0.0
sehirAtlasi.241,11220,Orta Yoğunluklu Süreksiz Kentsel Alan (30% - 50%),0,CBSGM_1_7984430,,2019-02-06 00:00:00+00:00,,,,,1:10000,,,0.0,1.0131296314396403,0.0,0.0
sehirAtlasi.242,11220,Orta Yoğunluklu Süreksiz Kentsel Alan (30% - 50%),16,CBSGM_1_7984431,,2019-02-07 00:00:00+00:00,,,,,1:10000,,,0.0,1.1921784858882605,0.0,0.0
sehirAtlasi.243,11220,Orta Yoğunluklu Süreksiz Kentsel Alan (30% - 50%),25,CBSGM_1_7984432,,2019-02-05 00:00:00+00:00,,,,,1:10000,,,0.0,1.3250655269368954,0.0,0.0
sehirAtlasi.244,11220,Orta Yoğunluklu Süreksiz Kentsel Alan (30% - 50%),0,CBSGM_1_7984433,,2019-02-05 00:00:00+00:00,,,,,1:10000,,,0.0,0.9866526067148436,0.0,0.0
sehirAtlasi.245,11220,Orta Yoğunluklu Süreksiz Kentsel Alan (30% - 50%),24,CBSGM_1_7984434,,2019-02-08 00:00:00+00:00,,,,,1:10000,,,0.0,1.327018628486917,0.0,0.0
sehirAtlasi.246,12120,Ticaret Alanları,13,CBSGM_1_338498,,2019-02-19 00:00:00+00:00,,,,,1:10000,,,0.0,2.435732037064627,0.0,0.0
sehirAtlasi.247,12120,Ticaret Alanları,2,CBSGM_1_338499,,2019-02-18 00:00:00+00:00,,,,,1:10000,,,0.0,2.428610800222062,0.0,0.0
sehirAtlasi.248,14100,Kent İçindeki Yeşil Alanlar ( Pasif ),0,CBSGM_1_338500,,2020-01-07 00:00:00+00:00,,,,,1:10000,,,0.0,2.4555631369774975,0.0,0.0
sehirAtlasi.221,11220,Orta Yoğunluklu Süreksiz Kentsel Alan (30% - 50%),0,CBSGM_1_7984412,,2019-02-08 00:00:00+00:00,,,,,1:10000,,,0.0,0.9831943368200331,0.0,0.0
sehirAtlasi.219,11220,Orta Yoğunluklu Süreksiz Kentsel Alan (30% - 50%),0,CBSGM_1_7984410,,2019-02-08 00:00:00+00:00,,,,,1:10000,,,0.0,1.2667957368591722,0.0,0.0
sehirAtlasi.190,11100,Sürekli Kentsel Alan (> 80%),37,CBSGM_1_7984384,,2019-02-07 00:00:00+00:00,,,,,1:10000,,,0.0,1.2098366019633569,0.0,0.0
sehirAtlasi.218,11220,Orta Yoğunluklu Süreksiz Kentsel Alan (30% - 50%),0,CBSGM_1_7984409,,2019-02-08 00:00:00+00:00,,,,,1:10000,,,0.0,1.254073768373413,0.0,0.0
sehirAtlasi.191,11210,Yüksek Yoğunluklu Süreksiz Kentsel Alan (50% - 80%),44,CBSGM_1_7984385,,2019-02-13 00:00:00+00:00,,,,,1:10000,,,0.0,0.7974168786806248,0.0,0.0
sehirAtlasi.192,22000,Sürekli Ürünler,2,CBSGM_1_7984386,,2019-05-31 00:00:00+00:00,,,,,1:10000,,,0.0,1.2811659766073873,0.0,0.0
sehirAtlasi.193,12220,Diğer Yollar ve İlgili Alanlar,0,CBSGM_1_7984387,,2019-02-07 00:00:00+00:00,,,,,1:10000,,,0.0,1.2201040877922895,0.0,0.0
sehirAtlasi.194,12220,Diğer Yollar ve İlgili Alanlar,0,CBSGM_1_7984388,,2019-02-07 00:00:00+00:00,,,,,1:10000,,,0.0,1.1901850683412751,0.0,0.0
sehirAtlasi.195,12220,Diğer Yollar ve İlgili Alanlar,0,CBSGM_1_7984389,,2019-02-06 00:00:00+00:00,,,,,1:10000,,,0.0,1.2317819919077886,0.0,0.0
sehirAtlasi.196,12220,Diğer Yollar ve İlgili Alanlar,0,CBSGM_1_7984390,,2019-02-08 00:00:00+00:00,,,,,1:10000,,,0.0,1.2406487525655425,0.0,0.0
sehirAtlasi.197,12220,Diğer Yollar ve İlgili Alanlar,0,CBSGM_1_7984391,,2019-02-07 00:00:00+00:00,,,,,1:10000,,,0.0,1.2031002230242045,0.0,0.0
sehirAtlasi.198,11210,Yüksek Yoğunluklu Süreksiz Kentsel Alan (50% - 80%),47,CBSGM_1_7984392,,2019-02-13 00:00:00+00:00,,,,,1:10000,,,0.0,0.8049846521814845,0.0,0.0
sehirAtlasi.199,11230,Düşük Yoğunluklu Süreksiz Kentsel Alan (10% - 30%),18,CBSGM_1_143230,,2019-02-08 00:00:00+00:00,,,,,1:10000,,,0.0,1.0159087920428003,0.0,0.0
sehirAtlasi.200,11230,Düşük Yoğunluklu Süreksiz Kentsel Alan (10% - 30%),19,CBSGM_1_143231,,2019-02-08 00:00:00+00:00,,,,,1:10000,,,0.0,0.9961641981297081,0.0,0.0
sehirAtlasi.201,11100,Sürekli Kentsel Alan (> 80%),69,CBSGM_1_7984393,,2019-02-20 00:00:00+00:00,,,,,1:10000,,,0.0,1.2470022578465163,0.0,0.0
sehirAtlasi.202,12120,Ticaret Alanları,42,CBSGM_1_7984394,,2019-05-24 00:00:00+00:00,,,,,1:10000,,,0.0,1.139706211373947,0.0,0.0
sehirAtlasi.203,11100,Sürekli Kentsel Alan (> 80%),47,CBSGM_1_7984395,,2019-02-13 00:00:00+00:00,,,,,1:10000,,,0.0,0.6954055781058901,0.0,0.0
sehirAtlasi.204,14200,Spor Ve Eğlence Alanları,0,CBSGM_1_7984396,,2019-05-24 00:00:00+00:00,,,,,1:10000,,,0.0,1.141579670263296,0.0,0.0
sehirAtlasi.205,11240,Çok Düşük Yoğunluklu Süreksiz Kentsel Alan (< 10%),2,CBSGM_1_7984397,,2019-02-13 00:00:00+00:00,,,,,1:10000,,,0.0,0.5571868771293813,0.0,0.0
sehirAtlasi.206,14120,Kent İçindeki Yeşil Alanlar ( Aktif ),0,CBSGM_1_338491,,2019-02-18 00:00:00+00:00,,,,,1:10000,,,0.0,2.4868460792909985,0.0,0.0
sehirAtlasi.207,12220,Diğer Yollar ve İlgili Alanlar,0,CBSGM_1_7984398,,2019-02-22 00:00:00+00:00,,,,,1:10000,,,0.0,1.0701709544427602,0.0,0.0
sehirAtlasi.208,12220,Diğer Yollar ve İlgili Alanlar,0,CBSGM_1_7984399,,2019-02-04 00:00:00+00:00,,,,,1:10000,,,0.0,1.219097826189866,0.0,0.0
sehirAtlasi.209,11230,Düşük Yoğunluklu Süreksiz Kentsel Alan (10% - 30%),24,CBSGM_1_7984400,,2019-02-11 00:00:00+00:00,,,,,1:10000,,,0.0,0.559780373669074,0.0,0.0
sehirAtlasi.210,11100,Sürekli Kentsel Alan (> 80%),27,CBSGM_1_7984401,,2019-02-11 00:00:00+00:00,,,,,1:10000,,,0.0,1.4019921183034514,0.0,0.0
sehirAtlasi.211,14120,Kent İçindeki Yeşil Alanlar ( Aktif ),0,CBSGM_1_7984402,,2019-02-05 00:00:00+00:00,,,,,1:10000,,,0.0,1.2817484516490327,0.0,0.0
sehirAtlasi.212,14120,Kent İçindeki Yeşil Alanlar ( Aktif ),0,CBSGM_1_7984403,,2019-02-05 00:00:00+00:00,,,,,1:10000,,,0.0,1.2890045439799054,0.0,0.0
sehirAtlasi.213,12220,Diğer Yollar ve İlgili Alanlar,0,CBSGM_1_7984404,,2019-02-06 00:00:00+00:00,,,,,1:10000,,,0.0,1.2347856561500716,0.0,0.0
sehirAtlasi.214,12170,İbadethane Alanları,0,CBSGM_1_7984405,,2019-05-29 00:00:00+00:00,,,,,1:10000,,,0.0,1.4105029706731274,0.0,0.0
sehirAtlasi.215,12220,Diğer Yollar ve İlgili Alanlar,0,CBSGM_1_7984406,,2019-02-05 00:00:00+00:00,,,,,1:10000,,,0.0,1.4139876148432218,0.0,0.0
sehirAtlasi.216,11220,Orta Yoğunluklu Süreksiz Kentsel Alan (30% - 50%),30,CBSGM_1_7984407,,2019-02-11 00:00:00+00:00,,,,,1:10000,,,0.0,0.6198281108151225,0.0,0.0
sehirAtlasi.217,11220,Orta Yoğunluklu Süreksiz Kentsel Alan (30% - 50%),34,CBSGM_1_7984408,,2019-02-07 00:00:00+00:00,,,,,1:10000,,,0.0,1.1962504306170336,0.0,0.0
sehirAtlasi.127,11100,Sürekli Kentsel Alan (> 80%),38,CBSGM_1_7984157,,2019-02-04 00:00:00+00:00,,,,,1:10000,,,0.0,1.1751477644444446,0.0,0.0
sehirAtlasi.125,12130,Kamu Alanları,24,CBSGM_1_7984155,,2019-05-27 00:00:00+00:00,,,,,1:10000,,,0.0,1.3218464130735073,0.0,0.0
sehirAtlasi.250,11220,Orta Yoğunluklu Süreksiz Kentsel Alan (30% - 50%),22,CBSGM_1_7984436,,2019-02-04 00:00:00+00:00,,,,,1:10000,,,0.0,1.1216706092375182,0.0,0.0
sehirAtlasi.47,11100,Sürekli Kentsel Alan (> 80%),26,CBSGM_1_7984236,,2019-02-11 00:00:00+00:00,,,,,1:10000,,,0.0,1.4095455000162767,0.0,0.0
sehirAtlasi.34,12220,Diğer Yollar ve İlgili Alanlar,0,CBSGM_1_7984224,,2019-02-04 00:00:00+00:00,,,,,1:10000,,,0.0,0.8172116852667668,0.0,0.0
sehirAtlasi.35,12220,Diğer Yollar ve İlgili Alanlar,0,CBSGM_1_7984225,,2019-02-04 00:00:00+00:00,,,,,1:10000,,,0.0,0.8343591605513464,0.0,0.0
sehirAtlasi.36,12220,Diğer Yollar ve İlgili Alanlar,0,CBSGM_1_7984226,,2019-02-06 00:00:00+00:00,,,,,1:10000,,,0.0,1.2136503789630368,0.0,0.0
sehirAtlasi.37,12220,Diğer Yollar ve İlgili Alanlar,0,CBSGM_1_7984227,,2019-02-06 00:00:00+00:00,,,,,1:10000,,,0.0,0.7783213540926526,0.0,0.0
sehirAtlasi.38,11210,Yüksek Yoğunluklu Süreksiz Kentsel Alan (50% - 80%),17,CBSGM_1_7984228,,2019-02-13 00:00:00+00:00,,,,,1:10000,,,0.0,0.7504142288985951,0.0,0.0
sehirAtlasi.39,12220,Diğer Yollar ve İlgili Alanlar,0,CBSGM_1_7984229,,2019-02-19 00:00:00+00:00,,,,,1:10000,,,0.0,0.6959957836211941,0.0,0.0
sehirAtlasi.40,12220,Diğer Yollar ve İlgili Alanlar,0,CBSGM_1_7984230,,2019-02-08 00:00:00+00:00,,,,,1:10000,,,0.0,0.8804383792745194,0.0,0.0
sehirAtlasi.41,12220,Diğer Yollar ve İlgili Alanlar,2,CBSGM_1_7984231,,2019-11-14 00:00:00+00:00,,,,,1:10000,,,0.0,1.2735570508358487,0.0,0.0
sehirAtlasi.42,12220,Diğer Yollar ve İlgili Alanlar,0,CBSGM_1_7078887,,2019-11-14 00:00:00+00:00,,,,,1:10000,,,0.0,1.6454166982037688,0.0,0.0
sehirAtlasi.43,12110,Sanayi ve Üretim Alanları,9,CBSGM_1_7984232,,2019-05-24 00:00:00+00:00,,,,,1:10000,,,0.0,1.196182937365064,0.0,0.0
sehirAtlasi.44,12220,Diğer Yollar ve İlgili Alanlar,0,CBSGM_1_7984233,,2019-02-04 00:00:00+00:00,,,,,1:10000,,,0.0,0.7166751955098062,0.0,0.0
sehirAtlasi.45,12220,Diğer Yollar ve İlgili Alanlar,0,CBSGM_1_7984234,,2019-02-13 00:00:00+00:00,,,,,1:10000,,,0.0,0.5532336874414859,0.0,0.0
sehirAtlasi.46,11210,Yüksek Yoğunluklu Süreksiz Kentsel Alan (50% - 80%),42,CBSGM_1_7984235,,2019-02-04 00:00:00+00:00,,,,,1:10000,,,0.0,1.1779243282709062,0.0,0.0
sehirAtlasi.48,13400,Mevcut Kullanımı Olmayan Alanlar,0,CBSGM_1_7984237,,2019-02-08 00:00:00+00:00,,,,,1:10000,,,0.0,1.2754594209794532,0.0,0.0
sehirAtlasi.124,11210,Yüksek Yoğunluklu Süreksiz Kentsel Alan (50% - 80%),46,CBSGM_1_7984154,,2019-02-04 00:00:00+00:00,,,,,1:10000,,,0.0,1.3406567771209006,0.0,0.0
sehirAtlasi.49,11210,Yüksek Yoğunluklu Süreksiz Kentsel Alan (50% - 80%),31,CBSGM_1_7984238,,2019-02-11 00:00:00+00:00,,,,,1:10000,,,0.0,1.4075290257755577,0.0,0.0
sehirAtlasi.50,11210,Yüksek Yoğunluklu Süreksiz Kentsel Alan (50% - 80%),22,CBSGM_1_7984239,,2019-02-11 00:00:00+00:00,,,,,1:10000,,,0.0,1.3536057070583538,0.0,0.0
sehirAtlasi.51,11100,Sürekli Kentsel Alan (> 80%),55,CBSGM_1_7984240,,2019-02-05 00:00:00+00:00,,,,,1:10000,,,0.0,1.0536920034895547,0.0,0.0
sehirAtlasi.52,11100,Sürekli Kentsel Alan (> 80%),47,CBSGM_1_7984241,,2019-02-05 00:00:00+00:00,,,,,1:10000,,,0.0,1.0598874503899742,0.0,0.0
sehirAtlasi.53,11230,Düşük Yoğunluklu Süreksiz Kentsel Alan (10% - 30%),30,CBSGM_1_7984280,,2019-02-11 00:00:00+00:00,,,,,1:10000,,,0.0,0.9361059492383941,0.0,0.0
sehirAtlasi.54,14110,Mezarlık Alanları,0,CBSGM_1_7984242,,2019-05-28 00:00:00+00:00,,,,,1:10000,,,0.0,1.2495958307564914,0.0,0.0
sehirAtlasi.55,11210,Yüksek Yoğunluklu Süreksiz Kentsel Alan (50% - 80%),43,CBSGM_1_7984243,,2019-02-07 00:00:00+00:00,,,,,1:10000,,,0.0,0.9496659983807118,0.0,0.0
sehirAtlasi.56,11210,Yüksek Yoğunluklu Süreksiz Kentsel Alan (50% - 80%),40,CBSGM_1_7984244,,2019-02-12 00:00:00+00:00,,,,,1:10000,,,0.0,0.7874384744962306,0.0,0.0
sehirAtlasi.57,11100,Sürekli Kentsel Alan (> 80%),26,CBSGM_1_7984245,,2019-02-04 00:00:00+00:00,,,,,1:10000,,,0.0,1.0936099775499448,0.0,0.0
sehirAtlasi.58,11100,Sürekli Kentsel Alan (> 80%),39,CBSGM_1_7984246,,2019-02-13 00:00:00+00:00,,,,,1:10000,,,0.0,0.688191530343433,0.0,0.0
sehirAtlasi.59,11100,Sürekli Kentsel Alan (> 80%),45,CBSGM_1_7984247,,2019-02-04 00:00:00+00:00,,,,,1:10000,,,0.0,1.0954013807703307,0.0,0.0
sehirAtlasi.60,11240,Çok Düşük Yoğunluklu Süreksiz Kentsel Alan (< 10%),4,CBSGM_1_7984248,,2019-02-07 00:00:00+00:00,,,,,1:10000,,,0.0,1.4175731914965541,0.0,0.0
sehirAtlasi.61,11210,Yüksek Yoğunluklu Süreksiz Kentsel Alan (50% - 80%),0,CBSGM_1_7984249,,2019-02-19 00:00:00+00:00,,,,,1:10000,,,0.0,1.1786206342506858,0.0,0.0
sehirAtlasi.33,11230,Düşük Yoğunluklu Süreksiz Kentsel Alan (10% - 30%),0,CBSGM_1_7984223,,2019-02-12 00:00:00+00:00,,,,,1:10000,,,0.0,1.3982818649914566,0.0,0.0
sehirAtlasi.32,11230,Düşük Yoğunluklu Süreksiz Kentsel Alan (10% - 30%),12,CBSGM_1_7984222,,2019-02-06 00:00:00+00:00,,,,,1:10000,,,0.0,1.3627669274752767,0.0,0.0
sehirAtlasi.31,11230,Düşük Yoğunluklu Süreksiz Kentsel Alan (10% - 30%),12,CBSGM_1_7984221,,2019-02-06 00:00:00+00:00,,,,,1:10000,,,0.0,1.3714485184836036,0.0,0.0
sehirAtlasi.30,12220,Diğer Yollar ve İlgili Alanlar,0,CBSGM_1_7984220,,2019-02-04 00:00:00+00:00,,,,,1:10000,,,0.0,1.0636644257966688,0.0,0.0
sehirAtlasi.3,11240,Çok Düşük Yoğunluklu Süreksiz Kentsel Alan (< 10%),6,CBSGM_1_338822,,2019-02-18 00:00:00+00:00,,,,,1:10000,,,0.0,2.4008022554449617,0.0,0.0
sehirAtlasi.4,12150,Eğitim Alanları,20,CBSGM_1_338823,,2019-02-18 00:00:00+00:00,,,,,1:10000,,,0.0,2.392885753013285,0.0,0.0
sehirAtlasi.5,12220,Diğer Yollar ve İlgili Alanlar,0,CBSGM_1_7984196,,2019-02-04 00:00:00+00:00,,,,,1:10000,,,0.0,1.2761406518706138,0.0,0.0
sehirAtlasi.6,12220,Diğer Yollar ve İlgili Alanlar,0,CBSGM_1_7984197,,2019-02-18 00:00:00+00:00,,,,,1:10000,,,0.0,1.169544518594436,0.0,0.0
sehirAtlasi.7,12220,Diğer Yollar ve İlgili Alanlar,0,CBSGM_1_7984198,,2019-02-19 00:00:00+00:00,,,,,1:10000,,,0.0,0.7230530942316293,0.0,0.0
sehirAtlasi.8,11100,Sürekli Kentsel Alan (> 80%),46,CBSGM_1_7984199,,2019-02-11 00:00:00+00:00,,,,,1:10000,,,0.0,1.0167621698336216,0.0,0.0
sehirAtlasi.9,12220,Diğer Yollar ve İlgili Alanlar,0,CBSGM_1_7984200,,2019-02-04 00:00:00+00:00,,,,,1:10000,,,0.0,1.2777019737715296,0.0,0.0
sehirAtlasi.10,12220,Diğer Yollar ve İlgili Alanlar,0,CBSGM_1_7984201,,2019-02-11 00:00:00+00:00,,,,,1:10000,,,0.0,0.5600438860407455,0.0,0.0
sehirAtlasi.11,14120,Kent İçindeki Yeşil Alanlar ( Aktif ),0,CBSGM_1_7984202,,2019-02-06 00:00:00+00:00,,,,,1:10000,,,0.0,1.1370833386582833,0.0,0.0
sehirAtlasi.12,12220,Diğer Yollar ve İlgili Alanlar,0,CBSGM_1_7984203,,2019-02-08 00:00:00+00:00,,,,,1:10000,,,0.0,1.1864628062273699,0.0,0.0
sehirAtlasi.13,12220,Diğer Yollar ve İlgili Alanlar,0,CBSGM_1_7984204,,2019-02-04 00:00:00+00:00,,,,,1:10000,,,0.0,1.145592039429689,0.0,0.0
sehirAtlasi.14,11100,Sürekli Kentsel Alan (> 80%),48,CBSGM_1_7984279,,2019-02-20 00:00:00+00:00,,,,,1:10000,,,0.0,1.2505819498175,0.0,0.0
sehirAtlasi.15,11230,Düşük Yoğunluklu Süreksiz Kentsel Alan (10% - 30%),0,CBSGM_1_7984205,,2019-02-05 00:00:00+00:00,,,,,1:10000,,,0.0,0.9873420344392743,0.0,0.0
sehirAtlasi.16,12220,Diğer Yollar ve İlgili Alanlar,0,CBSGM_1_7984206,,2019-02-06 00:00:00+00:00,,,,,1:10000,,,0.0,1.135519311332513,0.0,0.0
sehirAtlasi.17,13400,Mevcut Kullanımı Olmayan Alanlar,0,CBSGM_1_7984207,,2019-02-07 00:00:00+00:00,,,,,1:10000,,,0.0,1.209746088211358,0.0,0.0
sehirAtlasi.18,11100,Sürekli Kentsel Alan (> 80%),43,CBSGM_1_7984208,,2019-02-20 00:00:00+00:00,,,,,1:10000,,,0.0,1.1133539520173446,0.0,0.0
sehirAtlasi.19,12220,Diğer Yollar ve İlgili Alanlar,0,CBSGM_1_7984209,,2019-02-21 00:00:00+00:00,,,,,1:10000,,,0.0,0.6884932859131131,0.0,0.0
sehirAtlasi.20,11100,Sürekli Kentsel Alan (> 80%),44,CBSGM_1_7984210,,2019-02-20 00:00:00+00:00,,,,,1:10000,,,0.0,1.2208466780566578,0.0,0.0
sehirAtlasi.21,11230,Düşük Yoğunluklu Süreksiz Kentsel Alan (10% - 30%),30,CBSGM_1_7984211,,2019-02-08 00:00:00+00:00,,,,,1:10000,,,0.0,0.8921465515812437,0.0,0.0
sehirAtlasi.22,13400,Mevcut Kullanımı Olmayan Alanlar,0,CBSGM_1_7984212,,2019-02-12 00:00:00+00:00,,,,,1:10000,,,0.0,0.939940149313582,0.0,0.0
sehirAtlasi.23,11100,Sürekli Kentsel Alan (> 80%),18,CBSGM_1_7984213,,2019-02-12 00:00:00+00:00,,,,,1:10000,,,0.0,0.9893165917692105,0.0,0.0
sehirAtlasi.24,12220,Diğer Yollar ve İlgili Alanlar,0,CBSGM_1_7984214,,2019-02-21 00:00:00+00:00,,,,,1:10000,,,0.0,1.1705811902847139,0.0,0.0
sehirAtlasi.25,11100,Sürekli Kentsel Alan (> 80%),37,CBSGM_1_7984215,,2019-02-20 00:00:00+00:00,,,,,1:10000,,,0.0,1.326529772130438,0.0,0.0
sehirAtlasi.26,11210,Yüksek Yoğunluklu Süreksiz Kentsel Alan (50% - 80%),52,CBSGM_1_7984216,,2019-02-05 00:00:00+00:00,,,,,1:10000,,,0.0,1.0492339525619796,0.0,0.0
sehirAtlasi.27,14100,Kent İçindeki Yeşil Alanlar ( Pasif ),0,CBSGM_1_7984217,,2019-02-04 00:00:00+00:00,,,,,1:10000,,,0.0,1.3603521665065537,0.0,0.0
sehirAtlasi.28,14100,Kent İçindeki Yeşil Alanlar ( Pasif ),0,CBSGM_1_7984218,,2019-02-05 00:00:00+00:00,,,,,1:10000,,,0.0,1.2253128525042976,0.0,0.0
sehirAtlasi.29,12110,Sanayi ve Üretim Alanları,29,CBSGM_1_7984219,,2019-05-23 00:00:00+00:00,,,,,1:10000,,,0.0,1.1365691241649905,0.0,0.0
sehirAtlasi.62,12220,Diğer Yollar ve İlgili Alanlar,0,CBSGM_1_7984250,,2019-02-11 00:00:00+00:00,,,,,1:10000,,,0.0,0.708244760098345,0.0,0.0
sehirAtlasi.63,12220,Diğer Yollar ve İlgili Alanlar,0,CBSGM_1_7984251,,2019-02-11 00:00:00+00:00,,,,,1:10000,,,0.0,0.7064740968602727,0.0,0.0
sehirAtlasi.64,12220,Diğer Yollar ve İlgili Alanlar,0,CBSGM_1_7984252,,2019-02-11 00:00:00+00:00,,,,,1:10000,,,0.0,0.7069152711409988,0.0,0.0
sehirAtlasi.95,11230,Düşük Yoğunluklu Süreksiz Kentsel Alan (10% - 30%),15,CBSGM_1_7984286,,2019-11-09 00:00:00+00:00,,,,,1:10000,,,0.0,1.1453097390657803,0.0,0.0
sehirAtlasi.97,12170,İbadethane Alanları,18,CBSGM_1_141713,,2019-06-17 00:00:00+00:00,,,,,1:10000,,,0.0,0.5542568553150976,0.0,0.0
sehirAtlasi.98,11230,Düşük Yoğunluklu Süreksiz Kentsel Alan (10% - 30%),16,CBSGM_1_141714,,2019-02-07 00:00:00+00:00,,,,,1:10000,,,0.0,0.5545971977447013,0.0,0.0
sehirAtlasi.99,12130,Kamu Alanları,0,CBSGM_1_7984288,,2019-06-12 00:00:00+00:00,,,,,1:10000,,,0.0,1.1426779798046138,0.0,0.0
sehirAtlasi.100,11220,Orta Yoğunluklu Süreksiz Kentsel Alan (30% - 50%),23,CBSGM_1_141715,,2019-02-07 00:00:00+00:00,,,,,1:10000,,,0.0,0.5551001616557494,0.0,0.0
sehirAtlasi.101,12220,Diğer Yollar ve İlgili Alanlar,0,CBSGM_1_7984289,,2019-02-05 00:00:00+00:00,,,,,1:10000,,,0.0,1.1210521500768522,0.0,0.0
sehirAtlasi.102,12220,Diğer Yollar ve İlgili Alanlar,0,CBSGM_1_7984290,,2019-02-04 00:00:00+00:00,,,,,1:10000,,,0.0,1.1255816205748719,0.0,0.0
sehirAtlasi.103,12220,Diğer Yollar ve İlgili Alanlar,0,CBSGM_1_7984291,,2019-02-04 00:00:00+00:00,,,,,1:10000,,,0.0,0.8067400756741628,0.0,0.0
sehirAtlasi.104,12220,Diğer Yollar ve İlgili Alanlar,0,CBSGM_1_7984292,,2019-11-13 00:00:00+00:00,,,,,1:10000,,,0.0,0.5805763149947929,0.0,0.0
sehirAtlasi.105,12220,Diğer Yollar ve İlgili Alanlar,0,CBSGM_1_7984293,,2019-02-06 00:00:00+00:00,,,,,1:10000,,,0.0,1.0563783744347084,0.0,0.0
sehirAtlasi.106,12220,Diğer Yollar ve İlgili Alanlar,0,CBSGM_1_7984294,,2019-02-04 00:00:00+00:00,,,,,1:10000,,,0.0,0.9953257440122018,0.0,0.0
sehirAtlasi.107,12220,Diğer Yollar ve İlgili Alanlar,0,CBSGM_1_7984295,,2019-02-19 00:00:00+00:00,,,,,1:10000,,,0.0,0.745637127693803,0.0,0.0
sehirAtlasi.108,11220,Orta Yoğunluklu Süreksiz Kentsel Alan (30% - 50%),43,CBSGM_1_7984140,,2019-02-12 00:00:00+00:00,,,,,1:10000,,,0.0,0.7596186197339115,0.0,0.0
sehirAtlasi.109,11220,Orta Yoğunluklu Süreksiz Kentsel Alan (30% - 50%),29,CBSGM_1_7984141,,2019-02-12 00:00:00+00:00,,,,,1:10000,,,0.0,0.6848180593620289,0.0,0.0
sehirAtlasi.110,11220,Orta Yoğunluklu Süreksiz Kentsel Alan (30% - 50%),39,CBSGM_1_7984142,,2019-02-08 00:00:00+00:00,,,,,1:10000,,,0.0,1.1183319440210853,0.0,0.0
sehirAtlasi.111,12150,Eğitim Alanları,26,CBSGM_1_338812,,2019-02-18 00:00:00+00:00,,,,,1:10000,,,0.0,2.4283473086172105,0.0,0.0
sehirAtlasi.112,11220,Orta Yoğunluklu Süreksiz Kentsel Alan (30% - 50%),13,CBSGM_1_7984143,,2019-02-06 00:00:00+00:00,,,,,1:10000,,,0.0,1.445771213461465,0.0,0.0
sehirAtlasi.113,11220,Orta Yoğunluklu Süreksiz Kentsel Alan (30% - 50%),34,CBSGM_1_7984144,,2019-02-12 00:00:00+00:00,,,,,1:10000,,,0.0,0.5964497902903959,0.0,0.0
sehirAtlasi.114,12220,Diğer Yollar ve İlgili Alanlar,0,CBSGM_1_7984145,,2019-02-08 00:00:00+00:00,,,,,1:10000,,,0.0,1.1624213747936063,0.0,0.0
sehirAtlasi.115,12220,Diğer Yollar ve İlgili Alanlar,0,CBSGM_1_7984146,,2019-02-04 00:00:00+00:00,,,,,1:10000,,,0.0,0.7098009188635627,0.0,0.0
sehirAtlasi.116,11240,Çok Düşük Yoğunluklu Süreksiz Kentsel Alan (< 10%),6,CBSGM_1_338811,,2019-02-18 00:00:00+00:00,,,,,1:10000,,,0.0,2.452559341070584,0.0,0.0
sehirAtlasi.117,11210,Yüksek Yoğunluklu Süreksiz Kentsel Alan (50% - 80%),49,CBSGM_1_7984147,,2019-02-04 00:00:00+00:00,,,,,1:10000,,,0.0,1.0429883906996316,0.0,0.0
sehirAtlasi.118,14120,Kent İçindeki Yeşil Alanlar ( Aktif ),0,CBSGM_1_7984148,,2019-02-04 00:00:00+00:00,,,,,1:10000,,,0.0,1.1908574158221288,0.0,0.0
sehirAtlasi.119,12220,Diğer Yollar ve İlgili Alanlar,0,CBSGM_1_7984149,,2019-02-06 00:00:00+00:00,,,,,1:10000,,,0.0,1.0678720477534562,0.0,0.0
sehirAtlasi.120,12220,Diğer Yollar ve İlgili Alanlar,0,CBSGM_1_7984150,,2019-02-04 00:00:00+00:00,,,,,1:10000,,,0.0,1.0437423936771772,0.0,0.0
sehirAtlasi.121,12220,Diğer Yollar ve İlgili Alanlar,0,CBSGM_1_7984151,,2019-02-05 00:00:00+00:00,,,,,1:10000,,,0.0,1.2245294074101651,0.0,0.0
sehirAtlasi.122,32000,Maki veya Otsu Bitkiler,0,CBSGM_1_7984152,,2019-06-11 00:00:00+00:00,,,,,1:10000,,,0.0,0.9315882578281178,0.0,0.0
sehirAtlasi.123,12210,Hızlı Transit Yollar ve İlgili Alanlar,0,CBSGM_1_7984153,,2019-02-19 00:00:00+00:00,,,,,1:10000,,,0.0,0.7664080628499979,0.0,0.0
sehirAtlasi.96,21000,Ekilebilir Alanlar,0,CBSGM_1_7984287,,2019-02-15 00:00:00+00:00,,,,,1:10000,,,0.0,1.185346007726042,0.0,0.0
sehirAtlasi.94,11230,Düşük Yoğunluklu Süreksiz Kentsel Alan (10% - 30%),19,CBSGM_1_7984285,,2019-02-21 00:00:00+00:00,,,,,1:10000,,,0.0,0.7674189014755386,0.0,0.0
sehirAtlasi.65,12220,Diğer Yollar ve İlgili Alanlar,0,CBSGM_1_7984253,,2019-02-11 00:00:00+00:00,,,,,1:10000,,,0.0,0.7073458663625078,0.0,0.0
sehirAtlasi.93,13400,Mevcut Kullanımı Olmayan Alanlar,0,CBSGM_1_7984284,,2019-02-12 00:00:00+00:00,,,,,1:10000,,,0.0,1.4789371503777269,0.0,0.0
sehirAtlasi.66,12220,Diğer Yollar ve İlgili Alanlar,0,CBSGM_1_7984254,,2019-02-11 00:00:00+00:00,,,,,1:10000,,,0.0,0.6245587612897887,0.0,0.0
sehirAtlasi.67,11100,Sürekli Kentsel Alan (> 80%),47,CBSGM_1_7984281,,2019-02-04 00:00:00+00:00,,,,,1:10000,,,0.0,1.1084905945099277,0.0,0.0
sehirAtlasi.68,11100,Sürekli Kentsel Alan (> 80%),40,CBSGM_1_7984282,,2019-02-20 00:00:00+00:00,,,,,1:10000,,,0.0,1.2573922829778663,0.0,0.0
sehirAtlasi.69,12220,Diğer Yollar ve İlgili Alanlar,0,CBSGM_1_7984255,,2019-02-04 00:00:00+00:00,,,,,1:10000,,,0.0,0.802302346420221,0.0,0.0
sehirAtlasi.70,12150,Eğitim Alanları,0,CBSGM_1_7984256,,2019-06-10 00:00:00+00:00,,,,,1:10000,,,0.0,1.0270601709745295,0.0,0.0
sehirAtlasi.71,11240,Çok Düşük Yoğunluklu Süreksiz Kentsel Alan (< 10%),10,CBSGM_1_7984257,,2019-02-12 00:00:00+00:00,,,,,1:10000,,,0.0,0.5639028380609247,0.0,0.0
sehirAtlasi.72,12150,Eğitim Alanları,22,CBSGM_1_7984258,,2019-06-11 00:00:00+00:00,,,,,1:10000,,,0.0,1.1086684007884917,0.0,0.0
sehirAtlasi.73,11100,Sürekli Kentsel Alan (> 80%),45,CBSGM_1_7984259,,2019-02-20 00:00:00+00:00,,,,,1:10000,,,0.0,1.2760793853060655,0.0,0.0
sehirAtlasi.74,11100,Sürekli Kentsel Alan (> 80%),23,CBSGM_1_7984260,,2019-02-20 00:00:00+00:00,,,,,1:10000,,,0.0,1.3958556574346297,0.0,0.0
sehirAtlasi.75,11100,Sürekli Kentsel Alan (> 80%),38,CBSGM_1_7984261,,2019-02-20 00:00:00+00:00,,,,,1:10000,,,0.0,1.292767877455713,0.0,0.0
sehirAtlasi.76,14100,Kent İçindeki Yeşil Alanlar ( Pasif ),0,CBSGM_1_7984262,,2019-02-14 00:00:00+00:00,,,,,1:10000,,,0.0,1.2812014833989047,0.0,0.0
sehirAtlasi.77,11100,Sürekli Kentsel Alan (> 80%),44,CBSGM_1_7984263,,2019-02-20 00:00:00+00:00,,,,,1:10000,,,0.0,1.26955602014921,0.0,0.0
sehirAtlasi.78,11100,Sürekli Kentsel Alan (> 80%),40,CBSGM_1_7984264,,2019-02-20 00:00:00+00:00,,,,,1:10000,,,0.0,1.2760528863963132,0.0,0.0
sehirAtlasi.79,21000,Ekilebilir Alanlar,0,CBSGM_1_7984265,,2019-05-24 00:00:00+00:00,,,,,1:10000,,,0.0,1.3076677722662429,0.0,0.0
sehirAtlasi.80,31000,Ormanlar,0,CBSGM_1_7984266,,2020-01-07 00:00:00+00:00,,,,,1:10000,,,0.0,0.6169791719395763,0.0,0.0
sehirAtlasi.81,11100,Sürekli Kentsel Alan (> 80%),24,CBSGM_1_7984267,,2019-02-13 00:00:00+00:00,,,,,1:10000,,,0.0,0.6941770507689252,0.0,0.0
sehirAtlasi.82,12150,Eğitim Alanları,0,CBSGM_1_7984268,,2019-05-24 00:00:00+00:00,,,,,1:10000,,,0.0,1.06059517713604,0.0,0.0
sehirAtlasi.83,11210,Yüksek Yoğunluklu Süreksiz Kentsel Alan (50% - 80%),40,CBSGM_1_7984269,,2019-02-13 00:00:00+00:00,,,,,1:10000,,,0.0,0.8423950583194779,0.0,0.0
sehirAtlasi.84,11100,Sürekli Kentsel Alan (> 80%),35,CBSGM_1_7984270,,2019-02-04 00:00:00+00:00,,,,,1:10000,,,0.0,1.1111549270618837,0.0,0.0
sehirAtlasi.85,12130,Kamu Alanları,0,CBSGM_1_7984271,,2019-05-27 00:00:00+00:00,,,,,1:10000,,,0.0,1.0440004711851276,0.0,0.0
sehirAtlasi.86,11230,Düşük Yoğunluklu Süreksiz Kentsel Alan (10% - 30%),26,CBSGM_1_7984272,,2019-02-13 00:00:00+00:00,,,,,1:10000,,,0.0,0.5221870499493675,0.0,0.0
sehirAtlasi.87,11210,Yüksek Yoğunluklu Süreksiz Kentsel Alan (50% - 80%),48,CBSGM_1_7984273,,2019-02-11 00:00:00+00:00,,,,,1:10000,,,0.0,0.5607808233944885,0.0,0.0
sehirAtlasi.88,11210,Yüksek Yoğunluklu Süreksiz Kentsel Alan (50% - 80%),45,CBSGM_1_7984274,,2019-02-04 00:00:00+00:00,,,,,1:10000,,,0.0,0.8290802700313171,0.0,0.0
sehirAtlasi.89,13400,Mevcut Kullanımı Olmayan Alanlar,0,CBSGM_1_7984275,,2019-11-08 00:00:00+00:00,,,,,1:10000,,,0.0,1.0712955444523615,0.0,0.0
sehirAtlasi.90,11100,Sürekli Kentsel Alan (> 80%),62,CBSGM_1_7984276,,2019-02-05 00:00:00+00:00,,,,,1:10000,,,0.0,1.0608958187376087,0.0,0.0
sehirAtlasi.91,14120,Kent İçindeki Yeşil Alanlar ( Aktif ),11,CBSGM_1_7984277,,2019-02-13 00:00:00+00:00,,,,,1:10000,,,0.0,0.9170529365303083,0.0,0.0
sehirAtlasi.92,13400,Mevcut Kullanımı Olmayan Alanlar,0,CBSGM_1_7984283,,2019-02-12 00:00:00+00:00,,,,,1:10000,,,0.0,1.477222525360752,0.0,0.0
sehirAtlasi.249,11220,Orta Yoğunluklu Süreksiz Kentsel Alan (30% - 50%),23,CBSGM_1_7984435,,2019-02-12 00:00:00+00:00,,,,,1:10000,,,0.0,0.6233522854197209,0.0,0.0
sehirAtlasi.251,11240,Çok Düşük Yoğunluklu Süreksiz Kentsel Alan (< 10%),8,CBSGM_1_338504,,2019-02-18 00:00:00+00:00,,,,,1:10000,,,0.0,2.5193674020138546,0.0,0.0
sehirAtlasi.499,14120,Kent İçindeki Yeşil Alanlar ( Aktif ),0,CBSGM_1_7984643,,2019-02-04 00:00:00+00:00,,,,,1:10000,,,0.0,1.1060818206654073,0.0,0.0
sehirAtlasi.422,12220,Diğer Yollar ve İlgili Alanlar,0,CBSGM_1_7984571,,2019-02-07 00:00:00+00:00,,,,,1:10000,,,0.0,1.091677810385296,0.0,0.0
sehirAtlasi.409,12220,Diğer Yollar ve İlgili Alanlar,0,CBSGM_1_7984561,,2019-02-11 00:00:00+00:00,,,,,1:10000,,,0.0,0.5682360085215207,0.0,0.0
sehirAtlasi.410,12220,Diğer Yollar ve İlgili Alanlar,0,CBSGM_1_7984562,,2019-02-11 00:00:00+00:00,,,,,1:10000,,,0.0,1.0745433559881188,0.0,0.0
sehirAtlasi.411,12220,Diğer Yollar ve İlgili Alanlar,0,CBSGM_1_7984563,,2019-02-04 00:00:00+00:00,,,,,1:10000,,,0.0,1.0572489666179883,0.0,0.0
sehirAtlasi.412,12220,Diğer Yollar ve İlgili Alanlar,0,CBSGM_1_7984564,,2019-02-06 00:00:00+00:00,,,,,1:10000,,,0.0,0.7363227157122059,0.0,0.0
sehirAtlasi.413,12150,Eğitim Alanları,6,CBSGM_1_365394,,2019-02-15 00:00:00+00:00,,,,,1:10000,,,0.0,2.0676610952371126,0.0,0.0
sehirAtlasi.414,12220,Diğer Yollar ve İlgili Alanlar,0,CBSGM_1_7984565,,2019-02-04 00:00:00+00:00,,,,,1:10000,,,0.0,0.8148253183346998,0.0,0.0
sehirAtlasi.415,12220,Diğer Yollar ve İlgili Alanlar,0,CBSGM_1_7984566,,2019-02-11 00:00:00+00:00,,,,,1:10000,,,0.0,1.5932543602042446,0.0,0.0
sehirAtlasi.416,11230,Düşük Yoğunluklu Süreksiz Kentsel Alan (10% - 30%),0,CBSGM_1_7984567,,2019-02-19 00:00:00+00:00,,,,,1:10000,,,0.0,1.1713326542263305,0.0,0.0
sehirAtlasi.417,12220,Diğer Yollar ve İlgili Alanlar,0,CBSGM_1_7984568,,2019-02-04 00:00:00+00:00,,,,,1:10000,,,0.0,1.0477572678268512,0.0,0.0
sehirAtlasi.418,50000,Su Alanları,0,CBSGM_1_365405,,2019-02-14 00:00:00+00:00,,,,,1:10000,,,0.0,2.072035475455306,0.0,0.0
sehirAtlasi.419,12220,Diğer Yollar ve İlgili Alanlar,0,CBSGM_1_7984569,,2019-02-08 00:00:00+00:00,,,,,1:10000,,,0.0,1.189712993824311,0.0,0.0
sehirAtlasi.420,50000,Su Alanları,0,CBSGM_1_365406,,2019-02-15 00:00:00+00:00,,,,,1:10000,,,0.0,2.073429753797727,0.0,0.0
sehirAtlasi.421,12220,Diğer Yollar ve İlgili Alanlar,0,CBSGM_1_7984570,,2019-11-13 00:00:00+00:00,,,,,1:10000,,,0.0,1.2715616392570226,0.0,0.0
sehirAtlasi.423,11210,Yüksek Yoğunluklu Süreksiz Kentsel Alan (50% - 80%),46,CBSGM_1_7984572,,2019-02-04 00:00:00+00:00,,,,,1:10000,,,0.0,1.0449406752433184,0.0,0.0
sehirAtlasi.376,11210,Yüksek Yoğunluklu Süreksiz Kentsel Alan (50% - 80%),0,CBSGM_1_7984364,,2019-02-07 00:00:00+00:00,,,,,1:10000,,,0.0,1.0753482881552967,0.0,0.0
sehirAtlasi.424,12220,Diğer Yollar ve İlgili Alanlar,0,CBSGM_1_7984573,,2019-02-20 00:00:00+00:00,,,,,1:10000,,,0.0,1.2281416718632852,0.0,0.0
sehirAtlasi.425,11240,Çok Düşük Yoğunluklu Süreksiz Kentsel Alan (< 10%),9,CBSGM_1_7984574,,2019-02-13 00:00:00+00:00,,,,,1:10000,,,0.0,0.5452969115395124,0.0,0.0
sehirAtlasi.426,11230,Düşük Yoğunluklu Süreksiz Kentsel Alan (10% - 30%),23,CBSGM_1_7984575,,2019-02-13 00:00:00+00:00,,,,,1:10000,,,0.0,0.5736715673756227,0.0,0.0
sehirAtlasi.427,12110,Sanayi ve Üretim Alanları,2,CBSGM_1_7984576,,2019-05-27 00:00:00+00:00,,,,,1:10000,,,0.0,1.6069999302079365,0.0,0.0
sehirAtlasi.428,11210,Yüksek Yoğunluklu Süreksiz Kentsel Alan (50% - 80%),47,CBSGM_1_7984577,,2019-02-04 00:00:00+00:00,,,,,1:10000,,,0.0,1.0286398064321873,0.0,0.0
sehirAtlasi.429,12130,Kamu Alanları,17,CBSGM_1_7984578,,2019-05-28 00:00:00+00:00,,,,,1:10000,,,0.0,0.756776141018495,0.0,0.0
sehirAtlasi.430,11100,Sürekli Kentsel Alan (> 80%),44,CBSGM_1_7984579,,2019-02-04 00:00:00+00:00,,,,,1:10000,,,0.0,0.7198589605829167,0.0,0.0
sehirAtlasi.431,13400,Mevcut Kullanımı Olmayan Alanlar,8,CBSGM_1_7984580,,2019-02-11 00:00:00+00:00,,,,,1:10000,,,0.0,1.1549786679272143,0.0,0.0
sehirAtlasi.432,11100,Sürekli Kentsel Alan (> 80%),0,CBSGM_1_7984581,,2019-02-18 00:00:00+00:00,,,,,1:10000,,,0.0,1.1793491797993199,0.0,0.0
sehirAtlasi.433,11100,Sürekli Kentsel Alan (> 80%),48,CBSGM_1_7984582,,2019-02-04 00:00:00+00:00,,,,,1:10000,,,0.0,0.7610194897636485,0.0,0.0
sehirAtlasi.434,12110,Sanayi ve Üretim Alanları,47,CBSGM_1_7984583,,2019-05-23 00:00:00+00:00,,,,,1:10000,,,0.0,1.166445940006528,0.0,0.0
sehirAtlasi.435,11230,Düşük Yoğunluklu Süreksiz Kentsel Alan (10% - 30%),24,CBSGM_1_7984584,,2019-02-04 00:00:00+00:00,,,,,1:10000,,,0.0,1.280690498707623,0.0,0.0
sehirAtlasi.436,11230,Düşük Yoğunluklu Süreksiz Kentsel Alan (10% - 30%),23,CBSGM_1_7984585,,2019-02-04 00:00:00+00:00,,,,,1:10000,,,0.0,1.2774645998795244,0.0,0.0
sehirAtlasi.408,12220,Diğer Yollar ve İlgili Alanlar,0,CBSGM_1_7984560,,2019-02-08 00:00:00+00:00,,,,,1:10000,,,0.0,1.2173925987919005,0.0,0.0
sehirAtlasi.407,12220,Diğer Yollar ve İlgili Alanlar,0,CBSGM_1_7984559,,2019-02-08 00:00:00+00:00,,,,,1:10000,,,0.0,1.226088915341412,0.0,0.0
sehirAtlasi.406,12220,Diğer Yollar ve İlgili Alanlar,0,CBSGM_1_7984558,,2019-02-13 00:00:00+00:00,,,,,1:10000,,,0.0,0.6658962084609842,0.0,0.0
sehirAtlasi.405,11100,Sürekli Kentsel Alan (> 80%),37,CBSGM_1_7984557,,2019-06-12 00:00:00+00:00,,,,,1:10000,,,0.0,0.721878535690126,0.0,0.0
sehirAtlasi.378,11230,Düşük Yoğunluklu Süreksiz Kentsel Alan (10% - 30%),21,CBSGM_1_7984366,,2019-02-12 00:00:00+00:00,,,,,1:10000,,,0.0,1.3788144325248428,0.0,0.0
sehirAtlasi.379,14120,Kent İçindeki Yeşil Alanlar ( Aktif ),0,CBSGM_1_7984367,,2019-02-06 00:00:00+00:00,,,,,1:10000,,,0.0,1.1586003110460674,0.0,0.0
sehirAtlasi.380,12110,Sanayi ve Üretim Alanları,67,CBSGM_1_7984368,,2019-05-27 00:00:00+00:00,,,,,1:10000,,,0.0,1.014159562091193,0.0,0.0
sehirAtlasi.381,12170,İbadethane Alanları,21,CBSGM_1_7984369,,2019-05-23 00:00:00+00:00,,,,,1:10000,,,0.0,1.0536893074705782,0.0,0.0
sehirAtlasi.382,12110,Sanayi ve Üretim Alanları,48,CBSGM_1_7984370,,2019-05-27 00:00:00+00:00,,,,,1:10000,,,0.0,1.024292254089004,0.0,0.0
sehirAtlasi.383,13400,Mevcut Kullanımı Olmayan Alanlar,0,CBSGM_1_7984371,,2019-02-11 00:00:00+00:00,,,,,1:10000,,,0.0,1.1366549219095885,0.0,0.0
sehirAtlasi.384,11240,Çok Düşük Yoğunluklu Süreksiz Kentsel Alan (< 10%),8,CBSGM_1_7984372,,2019-02-12 00:00:00+00:00,,,,,1:10000,,,0.0,1.3421940295033725,0.0,0.0
sehirAtlasi.385,11230,Düşük Yoğunluklu Süreksiz Kentsel Alan (10% - 30%),16,CBSGM_1_7984373,,2019-02-12 00:00:00+00:00,,,,,1:10000,,,0.0,1.3302754645767823,0.0,0.0
sehirAtlasi.386,14100,Kent İçindeki Yeşil Alanlar ( Pasif ),0,CBSGM_1_7984374,,2019-02-07 00:00:00+00:00,,,,,1:10000,,,0.0,1.1869682376293855,0.0,0.0
sehirAtlasi.387,12220,Diğer Yollar ve İlgili Alanlar,0,CBSGM_1_7984541,,2019-02-13 00:00:00+00:00,,,,,1:10000,,,0.0,0.8206889358778959,0.0,0.0
sehirAtlasi.388,12220,Diğer Yollar ve İlgili Alanlar,0,CBSGM_1_7984542,,2019-02-04 00:00:00+00:00,,,,,1:10000,,,0.0,1.1497843995999324,0.0,0.0
sehirAtlasi.389,12220,Diğer Yollar ve İlgili Alanlar,0,CBSGM_1_7984543,,2019-02-04 00:00:00+00:00,,,,,1:10000,,,0.0,1.1532116280855926,0.0,0.0
sehirAtlasi.390,12110,Sanayi ve Üretim Alanları,16,CBSGM_1_7984544,,2019-05-23 00:00:00+00:00,,,,,1:10000,,,0.0,1.1740661356009499,0.0,0.0
sehirAtlasi.391,11220,Orta Yoğunluklu Süreksiz Kentsel Alan (30% - 50%),24,CBSGM_1_1398972,,2019-02-25 00:00:00+00:00,,,,,1:10000,,,0.0,1.4716695830908386,0.0,0.0
sehirAtlasi.392,11230,Düşük Yoğunluklu Süreksiz Kentsel Alan (10% - 30%),0,CBSGM_1_7984545,,2019-02-08 00:00:00+00:00,,,,,1:10000,,,0.0,1.2192006388254022,0.0,0.0
sehirAtlasi.393,11100,Sürekli Kentsel Alan (> 80%),48,CBSGM_1_7984546,,2019-02-04 00:00:00+00:00,,,,,1:10000,,,0.0,1.1265499910249477,0.0,0.0
sehirAtlasi.394,11100,Sürekli Kentsel Alan (> 80%),47,CBSGM_1_7984547,,2019-02-06 00:00:00+00:00,,,,,1:10000,,,0.0,1.1127927304878185,0.0,0.0
sehirAtlasi.395,13300,İnşaat Alanları,0,CBSGM_1_7984548,,2019-02-06 00:00:00+00:00,,,,,1:10000,,,0.0,1.121600928384796,0.0,0.0
sehirAtlasi.396,14120,Kent İçindeki Yeşil Alanlar ( Aktif ),0,CBSGM_1_7984549,,2019-02-04 00:00:00+00:00,,,,,1:10000,,,0.0,1.1036165815318497,0.0,0.0
sehirAtlasi.397,11210,Yüksek Yoğunluklu Süreksiz Kentsel Alan (50% - 80%),39,CBSGM_1_7984550,,2019-02-04 00:00:00+00:00,,,,,1:10000,,,0.0,1.107256202858495,0.0,0.0
sehirAtlasi.398,11100,Sürekli Kentsel Alan (> 80%),53,CBSGM_1_7984551,,2019-02-04 00:00:00+00:00,,,,,1:10000,,,0.0,1.0871702068290734,0.0,0.0
sehirAtlasi.399,11100,Sürekli Kentsel Alan (> 80%),48,CBSGM_1_7984552,,2019-02-06 00:00:00+00:00,,,,,1:10000,,,0.0,1.1091214851955646,0.0,0.0
sehirAtlasi.400,11230,Düşük Yoğunluklu Süreksiz Kentsel Alan (10% - 30%),11,CBSGM_1_7984553,,2019-02-13 00:00:00+00:00,,,,,1:10000,,,0.0,1.378726539016197,0.0,0.0
sehirAtlasi.401,11230,Düşük Yoğunluklu Süreksiz Kentsel Alan (10% - 30%),10,CBSGM_1_7984554,,2019-02-12 00:00:00+00:00,,,,,1:10000,,,0.0,0.6507127448061569,0.0,0.0
sehirAtlasi.402,11220,Orta Yoğunluklu Süreksiz Kentsel Alan (30% - 50%),41,CBSGM_1_1398973,,2019-02-26 00:00:00+00:00,,,,,1:10000,,,0.0,0.02701408888897517,0.0,0.0
sehirAtlasi.403,11230,Düşük Yoğunluklu Süreksiz Kentsel Alan (10% - 30%),20,CBSGM_1_7984555,,2019-02-12 00:00:00+00:00,,,,,1:10000,,,0.0,0.6431167911627589,0.0,0.0
sehirAtlasi.404,14120,Kent İçindeki Yeşil Alanlar ( Aktif ),0,CBSGM_1_7984556,,2019-02-06 00:00:00+00:00,,,,,1:10000,,,0.0,1.2266457620237503,0.0,0.0
sehirAtlasi.437,11100,Sürekli Kentsel Alan (> 80%),33,CBSGM_1_7984586,,2019-02-04 00:00:00+00:00,,,,,1:10000,,,0.0,1.1962657438474609,0.0,0.0
sehirAtlasi.438,14100,Kent İçindeki Yeşil Alanlar ( Pasif ),0,CBSGM_1_7984587,,2019-02-07 00:00:00+00:00,,,,,1:10000,,,0.0,1.2486530110232068,0.0,0.0
sehirAtlasi.439,11100,Sürekli Kentsel Alan (> 80%),62,CBSGM_1_7984588,,2019-02-04 00:00:00+00:00,,,,,1:10000,,,0.0,1.1793444395947354,0.0,0.0
sehirAtlasi.470,11240,Çok Düşük Yoğunluklu Süreksiz Kentsel Alan (< 10%),4,CBSGM_1_7984613,,2019-02-07 00:00:00+00:00,,,,,1:10000,,,0.0,1.155752963512329,0.0,0.0
sehirAtlasi.472,11230,Düşük Yoğunluklu Süreksiz Kentsel Alan (10% - 30%),16,CBSGM_1_7984615,,2019-02-12 00:00:00+00:00,,,,,1:10000,,,0.0,0.6456933696647567,0.0,0.0
sehirAtlasi.473,14100,Kent İçindeki Yeşil Alanlar ( Pasif ),0,CBSGM_1_7984616,,2019-02-04 00:00:00+00:00,,,,,1:10000,,,0.0,1.0675425973194086,0.0,0.0
sehirAtlasi.474,12110,Sanayi ve Üretim Alanları,0,CBSGM_1_7984617,,2019-05-24 00:00:00+00:00,,,,,1:10000,,,0.0,1.0646873147810276,0.0,0.0
sehirAtlasi.475,12110,Sanayi ve Üretim Alanları,48,CBSGM_1_7984618,,2019-05-24 00:00:00+00:00,,,,,1:10000,,,0.0,1.2207930621113634,0.0,0.0
sehirAtlasi.476,12110,Sanayi ve Üretim Alanları,0,CBSGM_1_7984619,,2019-05-24 00:00:00+00:00,,,,,1:10000,,,0.0,1.0679001504824404,0.0,0.0
sehirAtlasi.477,12220,Diğer Yollar ve İlgili Alanlar,0,CBSGM_1_7984620,,2019-02-12 00:00:00+00:00,,,,,1:10000,,,0.0,1.3923534845901364,0.0,0.0
sehirAtlasi.478,12220,Diğer Yollar ve İlgili Alanlar,0,CBSGM_1_7984621,,2019-02-05 00:00:00+00:00,,,,,1:10000,,,0.0,1.3120218224181746,0.0,0.0
sehirAtlasi.479,12220,Diğer Yollar ve İlgili Alanlar,0,CBSGM_1_7984622,,2019-02-05 00:00:00+00:00,,,,,1:10000,,,0.0,1.2354687070058288,0.0,0.0
sehirAtlasi.480,12220,Diğer Yollar ve İlgili Alanlar,0,CBSGM_1_7984623,,2019-02-05 00:00:00+00:00,,,,,1:10000,,,0.0,1.2403098988901915,0.0,0.0
sehirAtlasi.481,12220,Diğer Yollar ve İlgili Alanlar,0,CBSGM_1_7984624,,2019-02-08 00:00:00+00:00,,,,,1:10000,,,0.0,1.2701473649245716,0.0,0.0
sehirAtlasi.482,12220,Diğer Yollar ve İlgili Alanlar,0,CBSGM_1_7984625,,2019-02-06 00:00:00+00:00,,,,,1:10000,,,0.0,1.407091582515335,0.0,0.0
sehirAtlasi.483,12220,Diğer Yollar ve İlgili Alanlar,0,CBSGM_1_7984626,,2019-02-05 00:00:00+00:00,,,,,1:10000,,,0.0,1.3213935567081725,0.0,0.0
sehirAtlasi.484,13300,İnşaat Alanları,0,CBSGM_1_7984627,,2019-02-20 00:00:00+00:00,,,,,1:10000,,,0.0,0.6031910655180952,0.0,0.0
sehirAtlasi.485,11100,Sürekli Kentsel Alan (> 80%),32,CBSGM_1_7984628,,2019-02-20 00:00:00+00:00,,,,,1:10000,,,0.0,1.3123349445811052,0.0,0.0
sehirAtlasi.486,14100,Kent İçindeki Yeşil Alanlar ( Pasif ),2,CBSGM_1_7984629,,2019-02-05 00:00:00+00:00,,,,,1:10000,,,0.0,1.163119053740029,0.0,0.0
sehirAtlasi.487,11100,Sürekli Kentsel Alan (> 80%),47,CBSGM_1_7984630,,2019-02-20 00:00:00+00:00,,,,,1:10000,,,0.0,1.260121280837244,0.0,0.0
sehirAtlasi.488,13400,Mevcut Kullanımı Olmayan Alanlar,7,CBSGM_1_7984631,,2019-02-04 00:00:00+00:00,,,,,1:10000,,,0.0,1.0612936361219956,0.0,0.0
sehirAtlasi.489,11210,Yüksek Yoğunluklu Süreksiz Kentsel Alan (50% - 80%),57,CBSGM_1_7984632,,2019-02-13 00:00:00+00:00,,,,,1:10000,,,0.0,0.8450787739804835,0.0,0.0
sehirAtlasi.490,11100,Sürekli Kentsel Alan (> 80%),0,CBSGM_1_7984633,,2019-02-18 00:00:00+00:00,,,,,1:10000,,,0.0,1.1811933525987963,0.0,0.0
sehirAtlasi.491,11210,Yüksek Yoğunluklu Süreksiz Kentsel Alan (50% - 80%),34,CBSGM_1_7984634,,2019-02-11 00:00:00+00:00,,,,,1:10000,,,0.0,1.1656938810645296,0.0,0.0
sehirAtlasi.492,11100,Sürekli Kentsel Alan (> 80%),52,CBSGM_1_7984636,,2019-02-04 00:00:00+00:00,,,,,1:10000,,,0.0,1.0580612576217843,0.0,0.0
sehirAtlasi.493,11100,Sürekli Kentsel Alan (> 80%),35,CBSGM_1_7984637,,2019-02-13 00:00:00+00:00,,,,,1:10000,,,0.0,0.7044267443881747,0.0,0.0
sehirAtlasi.494,12220,Diğer Yollar ve İlgili Alanlar,0,CBSGM_1_7984638,,2019-02-13 00:00:00+00:00,,,,,1:10000,,,0.0,0.7684006778324934,0.0,0.0
sehirAtlasi.495,13400,Mevcut Kullanımı Olmayan Alanlar,0,CBSGM_1_7984639,,2019-02-04 00:00:00+00:00,,,,,1:10000,,,0.0,1.3205095850297284,0.0,0.0
sehirAtlasi.496,12130,Kamu Alanları,20,CBSGM_1_7984640,,2019-05-24 00:00:00+00:00,,,,,1:10000,,,0.0,1.5043794287122245,0.0,0.0
sehirAtlasi.497,11210,Yüksek Yoğunluklu Süreksiz Kentsel Alan (50% - 80%),39,CBSGM_1_7984641,,2019-02-05 00:00:00+00:00,,,,,1:10000,,,0.0,1.2881029433161721,0.0,0.0
sehirAtlasi.498,11100,Sürekli Kentsel Alan (> 80%),37,CBSGM_1_7984642,,2019-02-04 00:00:00+00:00,,,,,1:10000,,,0.0,1.0752748272983932,0.0,0.0
sehirAtlasi.471,11240,Çok Düşük Yoğunluklu Süreksiz Kentsel Alan (< 10%),6,CBSGM_1_7984614,,2019-02-12 00:00:00+00:00,,,,,1:10000,,,0.0,0.6204348988168698,0.0,0.0
sehirAtlasi.469,11100,Sürekli Kentsel Alan (> 80%),0,CBSGM_1_7984612,,2019-02-18 00:00:00+00:00,,,,,1:10000,,,0.0,1.0888676995074662,0.0,0.0
sehirAtlasi.440,11100,Sürekli Kentsel Alan (> 80%),35,CBSGM_1_7984589,,2019-02-04 00:00:00+00:00,,,,,1:10000,,,0.0,1.2130498362166056,0.0,0.0
sehirAtlasi.468,14120,Kent İçindeki Yeşil Alanlar ( Aktif ),0,CBSGM_1_7984611,,2019-02-06 00:00:00+00:00,,,,,1:10000,,,0.0,1.1642543042973146,0.0,0.0
sehirAtlasi.441,14120,Kent İçindeki Yeşil Alanlar ( Aktif ),0,CBSGM_1_7984590,,2019-02-04 00:00:00+00:00,,,,,1:10000,,,0.0,1.3184109201625027,0.0,0.0
sehirAtlasi.442,11100,Sürekli Kentsel Alan (> 80%),45,CBSGM_1_7984591,,2019-02-04 00:00:00+00:00,,,,,1:10000,,,0.0,1.1992427189484656,0.0,0.0
sehirAtlasi.443,11100,Sürekli Kentsel Alan (> 80%),49,CBSGM_1_7984592,,2019-02-20 00:00:00+00:00,,,,,1:10000,,,0.0,1.1258215313731676,0.0,0.0
sehirAtlasi.444,11210,Yüksek Yoğunluklu Süreksiz Kentsel Alan (50% - 80%),0,CBSGM_1_7984593,,2019-02-08 00:00:00+00:00,,,,,1:10000,,,0.0,1.2297451176291232,0.0,0.0
sehirAtlasi.445,11230,Düşük Yoğunluklu Süreksiz Kentsel Alan (10% - 30%),23,CBSGM_1_1398974,,2019-07-12 00:00:00+00:00,,,,,1:10000,,,0.0,1.386783074147063,0.0,0.0
sehirAtlasi.446,11230,Düşük Yoğunluklu Süreksiz Kentsel Alan (10% - 30%),14,CBSGM_1_7984594,,2019-02-12 00:00:00+00:00,,,,,1:10000,,,0.0,0.577501358333224,0.0,0.0
sehirAtlasi.447,11100,Sürekli Kentsel Alan (> 80%),27,CBSGM_1_1398975,,2019-02-25 00:00:00+00:00,,,,,1:10000,,,0.0,1.4785281257737704,0.0,0.0
sehirAtlasi.448,21000,Ekilebilir Alanlar,6,CBSGM_1_1398976,,2019-12-02 00:00:00+00:00,,,,,1:10000,,,0.0,1.397851371461059,0.0,0.0
sehirAtlasi.449,14100,Kent İçindeki Yeşil Alanlar ( Pasif ),0,CBSGM_1_1398977,,2019-02-25 00:00:00+00:00,,,,,1:10000,,,0.0,1.4630547197833952,0.0,0.0
sehirAtlasi.450,14120,Kent İçindeki Yeşil Alanlar ( Aktif ),0,CBSGM_1_7984595,,2019-02-04 00:00:00+00:00,,,,,1:10000,,,0.0,1.1450895479072354,0.0,0.0
sehirAtlasi.451,11100,Sürekli Kentsel Alan (> 80%),52,CBSGM_1_7984596,,2019-02-04 00:00:00+00:00,,,,,1:10000,,,0.0,1.139364029590381,0.0,0.0
sehirAtlasi.452,11100,Sürekli Kentsel Alan (> 80%),51,CBSGM_1_7984597,,2019-02-04 00:00:00+00:00,,,,,1:10000,,,0.0,1.1434989380941012,0.0,0.0
sehirAtlasi.453,11210,Yüksek Yoğunluklu Süreksiz Kentsel Alan (50% - 80%),56,CBSGM_1_7984598,,2019-02-04 00:00:00+00:00,,,,,1:10000,,,0.0,1.3344780522209572,0.0,0.0
sehirAtlasi.454,11100,Sürekli Kentsel Alan (> 80%),53,CBSGM_1_7984599,,2019-02-04 00:00:00+00:00,,,,,1:10000,,,0.0,1.1489931941958678,0.0,0.0
sehirAtlasi.455,50000,Su Alanları,0,CBSGM_1_365407,,2019-02-15 00:00:00+00:00,,,,,1:10000,,,0.0,2.0657828553063533,0.0,0.0
sehirAtlasi.456,11100,Sürekli Kentsel Alan (> 80%),0,CBSGM_1_7984600,,2019-02-05 00:00:00+00:00,,,,,1:10000,,,0.0,1.2221874716429681,0.0,0.0
sehirAtlasi.457,11100,Sürekli Kentsel Alan (> 80%),34,CBSGM_1_7984601,,2019-02-06 00:00:00+00:00,,,,,1:10000,,,0.0,1.169320029894659,0.0,0.0
sehirAtlasi.458,50000,Su Alanları,0,CBSGM_1_365409,,2019-02-15 00:00:00+00:00,,,,,1:10000,,,0.0,2.069666413418622,0.0,0.0
sehirAtlasi.459,11100,Sürekli Kentsel Alan (> 80%),46,CBSGM_1_7984602,,2019-02-04 00:00:00+00:00,,,,,1:10000,,,0.0,1.1361655110270414,0.0,0.0
sehirAtlasi.460,14120,Kent İçindeki Yeşil Alanlar ( Aktif ),0,CBSGM_1_7984603,,2019-02-04 00:00:00+00:00,,,,,1:10000,,,0.0,1.2216533301103705,0.0,0.0
sehirAtlasi.461,11100,Sürekli Kentsel Alan (> 80%),44,CBSGM_1_7984604,,2019-02-04 00:00:00+00:00,,,,,1:10000,,,0.0,0.721471086200866,0.0,0.0
sehirAtlasi.462,11100,Sürekli Kentsel Alan (> 80%),43,CBSGM_1_7984605,,2019-02-13 00:00:00+00:00,,,,,1:10000,,,0.0,0.7011853182769745,0.0,0.0
sehirAtlasi.463,12170,İbadethane Alanları,0,CBSGM_1_7984606,,2019-05-22 00:00:00+00:00,,,,,1:10000,,,0.0,1.2275130631381237,0.0,0.0
sehirAtlasi.464,11210,Yüksek Yoğunluklu Süreksiz Kentsel Alan (50% - 80%),53,CBSGM_1_7984607,,2019-02-05 00:00:00+00:00,,,,,1:10000,,,0.0,0.9642869773504228,0.0,0.0
sehirAtlasi.465,11100,Sürekli Kentsel Alan (> 80%),52,CBSGM_1_7984608,,2019-02-13 00:00:00+00:00,,,,,1:10000,,,0.0,0.7008354839995201,0.0,0.0
sehirAtlasi.466,11210,Yüksek Yoğunluklu Süreksiz Kentsel Alan (50% - 80%),57,CBSGM_1_7984609,,2019-02-08 00:00:00+00:00,,,,,1:10000,,,0.0,0.9420488647830383,0.0,0.0
sehirAtlasi.467,11100,Sürekli Kentsel Alan (> 80%),31,CBSGM_1_7984610,,2019-02-04 00:00:00+00:00,,,,,1:10000,,,0.0,1.180379748987185,0.0,0.0
sehirAtlasi.377,11100,Sürekli Kentsel Alan (> 80%),52,CBSGM_1_7984365,,2019-02-20 00:00:00+00:00,,,,,1:10000,,,0.0,1.227601968144147,0.0,0.0
sehirAtlasi.375,12120,Ticaret Alanları,0,CBSGM_1_7984363,,2019-06-12 00:00:00+00:00,,,,,1:10000,,,0.0,1.0318103056589014,0.0,0.0
sehirAtlasi.252,21000,Ekilebilir Alanlar,2,CBSGM_1_338505,,2020-01-09 00:00:00+00:00,,,,,1:10000,,,0.0,2.5621803238501775,0.0,0.0
sehirAtlasi.297,14100,Kent İçindeki Yeşil Alanlar ( Pasif ),0,CBSGM_1_7984471,,2019-02-05 00:00:00+00:00,,,,,1:10000,,,0.0,1.0618459710534691,0.0,0.0
sehirAtlasi.284,11100,Sürekli Kentsel Alan (> 80%),36,CBSGM_1_7984460,,2019-02-04 00:00:00+00:00,,,,,1:10000,,,0.0,1.0877988267247385,0.0,0.0
sehirAtlasi.285,11230,Düşük Yoğunluklu Süreksiz Kentsel Alan (10% - 30%),16,CBSGM_1_7984461,,2019-02-04 00:00:00+00:00,,,,,1:10000,,,0.0,1.2779104732417998,0.0,0.0
sehirAtlasi.286,12220,Diğer Yollar ve İlgili Alanlar,0,CBSGM_1_7984462,,2019-02-06 00:00:00+00:00,,,,,1:10000,,,0.0,0.7474938179007624,0.0,0.0
sehirAtlasi.287,12220,Diğer Yollar ve İlgili Alanlar,0,CBSGM_1_7984463,,2019-02-13 00:00:00+00:00,,,,,1:10000,,,0.0,0.7888680598418785,0.0,0.0
sehirAtlasi.288,12220,Diğer Yollar ve İlgili Alanlar,0,CBSGM_1_7984464,,2019-02-04 00:00:00+00:00,,,,,1:10000,,,0.0,1.2690588437895416,0.0,0.0
sehirAtlasi.289,12220,Diğer Yollar ve İlgili Alanlar,0,CBSGM_1_7984465,,2019-02-11 00:00:00+00:00,,,,,1:10000,,,0.0,1.623640000391744,0.0,0.0
sehirAtlasi.290,12110,Sanayi ve Üretim Alanları,61,CBSGM_1_7984466,,2019-05-23 00:00:00+00:00,,,,,1:10000,,,0.0,1.1638847484833206,0.0,0.0
sehirAtlasi.291,13400,Mevcut Kullanımı Olmayan Alanlar,0,CBSGM_1_7984467,,2019-02-04 00:00:00+00:00,,,,,1:10000,,,0.0,1.20985715824416,0.0,0.0
sehirAtlasi.292,12110,Sanayi ve Üretim Alanları,78,CBSGM_1_7984468,,2019-05-23 00:00:00+00:00,,,,,1:10000,,,0.0,1.1654407752441311,0.0,0.0
sehirAtlasi.293,11240,Çok Düşük Yoğunluklu Süreksiz Kentsel Alan (< 10%),3,CBSGM_1_338494,,2019-02-18 00:00:00+00:00,,,,,1:10000,,,0.0,2.4363690455010474,0.0,0.0
sehirAtlasi.294,14120,Kent İçindeki Yeşil Alanlar ( Aktif ),0,CBSGM_1_7984469,,2019-02-04 00:00:00+00:00,,,,,1:10000,,,0.0,1.2598059881223023,0.0,0.0
sehirAtlasi.295,12110,Sanayi ve Üretim Alanları,66,CBSGM_1_7984470,,2019-05-23 00:00:00+00:00,,,,,1:10000,,,0.0,1.1686254776018095,0.0,0.0
sehirAtlasi.296,12120,Ticaret Alanları,30,CBSGM_1_338495,,2020-01-07 00:00:00+00:00,,,,,1:10000,,,0.0,2.414391718714424,0.0,0.0
sehirAtlasi.298,12130,Kamu Alanları,21,CBSGM_1_7984472,,2019-05-28 00:00:00+00:00,,,,,1:10000,,,0.0,0.7686519783663872,0.0,0.0
sehirAtlasi.374,13400,Mevcut Kullanımı Olmayan Alanlar,0,CBSGM_1_7984362,,2019-02-07 00:00:00+00:00,,,,,1:10000,,,0.0,1.1864722131327192,0.0,0.0
sehirAtlasi.299,12220,Diğer Yollar ve İlgili Alanlar,0,CBSGM_1_7984296,,2019-02-04 00:00:00+00:00,,,,,1:10000,,,0.0,1.088308916671033,0.0,0.0
sehirAtlasi.300,12220,Diğer Yollar ve İlgili Alanlar,0,CBSGM_1_7984297,,2019-02-19 00:00:00+00:00,,,,,1:10000,,,0.0,1.2333509404920755,0.0,0.0
sehirAtlasi.301,12220,Diğer Yollar ve İlgili Alanlar,0,CBSGM_1_7984298,,2019-02-19 00:00:00+00:00,,,,,1:10000,,,0.0,1.2384735660264283,0.0,0.0
sehirAtlasi.302,12120,Ticaret Alanları,19,CBSGM_1_7984299,,2019-05-28 00:00:00+00:00,,,,,1:10000,,,0.0,1.236725386642921,0.0,0.0
sehirAtlasi.303,13400,Mevcut Kullanımı Olmayan Alanlar,0,CBSGM_1_7984300,,2019-11-08 00:00:00+00:00,,,,,1:10000,,,0.0,1.0689518416412156,0.0,0.0
sehirAtlasi.304,11240,Çok Düşük Yoğunluklu Süreksiz Kentsel Alan (< 10%),0,CBSGM_1_338288,,2019-02-15 00:00:00+00:00,,,,,1:10000,,,0.0,0.38027672586508626,0.0,0.0
sehirAtlasi.305,11240,Çok Düşük Yoğunluklu Süreksiz Kentsel Alan (< 10%),0,CBSGM_1_338289,,2019-02-15 00:00:00+00:00,,,,,1:10000,,,0.0,0.3776057287517128,0.0,0.0
sehirAtlasi.306,11230,Düşük Yoğunluklu Süreksiz Kentsel Alan (10% - 30%),0,CBSGM_1_7984301,,2019-02-11 00:00:00+00:00,,,,,1:10000,,,0.0,1.3885878620782561,0.0,0.0
sehirAtlasi.307,11210,Yüksek Yoğunluklu Süreksiz Kentsel Alan (50% - 80%),22,CBSGM_1_7984302,,2019-02-11 00:00:00+00:00,,,,,1:10000,,,0.0,1.4376938835046869,0.0,0.0
sehirAtlasi.308,14120,Kent İçindeki Yeşil Alanlar ( Aktif ),0,CBSGM_1_7984303,,2019-02-11 00:00:00+00:00,,,,,1:10000,,,0.0,1.3646824267820024,0.0,0.0
sehirAtlasi.309,12150,Eğitim Alanları,0,CBSGM_1_7984304,,2019-05-29 00:00:00+00:00,,,,,1:10000,,,0.0,1.2410075887035052,0.0,0.0
sehirAtlasi.310,11240,Çok Düşük Yoğunluklu Süreksiz Kentsel Alan (< 10%),0,CBSGM_1_7984305,,2019-02-08 00:00:00+00:00,,,,,1:10000,,,0.0,1.2787861748372813,0.0,0.0
sehirAtlasi.311,11210,Yüksek Yoğunluklu Süreksiz Kentsel Alan (50% - 80%),45,CBSGM_1_7984306,,2019-02-07 00:00:00+00:00,,,,,1:10000,,,0.0,0.9785340889805068,0.0,0.0
sehirAtlasi.283,11210,Yüksek Yoğunluklu Süreksiz Kentsel Alan (50% - 80%),41,CBSGM_1_7984459,,2019-02-04 00:00:00+00:00,,,,,1:10000,,,0.0,1.2881123887051773,0.0,0.0
sehirAtlasi.282,12220,Diğer Yollar ve İlgili Alanlar,0,CBSGM_1_7984458,,2019-02-06 00:00:00+00:00,,,,,1:10000,,,0.0,1.2179828846484155,0.0,0.0
sehirAtlasi.281,12220,Diğer Yollar ve İlgili Alanlar,0,CBSGM_1_7984457,,2019-02-06 00:00:00+00:00,,,,,1:10000,,,0.0,1.252258633058159,0.0,0.0
sehirAtlasi.280,12220,Diğer Yollar ve İlgili Alanlar,0,CBSGM_1_7984456,,2019-02-18 00:00:00+00:00,,,,,1:10000,,,0.0,1.2457397801650303,0.0,0.0
sehirAtlasi.253,11220,Orta Yoğunluklu Süreksiz Kentsel Alan (30% - 50%),0,CBSGM_1_7984437,,2019-02-07 00:00:00+00:00,,,,,1:10000,,,0.0,1.212434422023001,0.0,0.0
sehirAtlasi.254,11220,Orta Yoğunluklu Süreksiz Kentsel Alan (30% - 50%),0,CBSGM_1_7984438,,2019-02-06 00:00:00+00:00,,,,,1:10000,,,0.0,0.9824808379296244,0.0,0.0
sehirAtlasi.255,11220,Orta Yoğunluklu Süreksiz Kentsel Alan (30% - 50%),40,CBSGM_1_7984439,,2019-02-08 00:00:00+00:00,,,,,1:10000,,,0.0,1.2676782487976368,0.0,0.0
sehirAtlasi.256,11220,Orta Yoğunluklu Süreksiz Kentsel Alan (30% - 50%),37,CBSGM_1_7984440,,2019-02-08 00:00:00+00:00,,,,,1:10000,,,0.0,1.3110231865645414,0.0,0.0
sehirAtlasi.257,11220,Orta Yoğunluklu Süreksiz Kentsel Alan (30% - 50%),0,CBSGM_1_7984441,,2019-02-08 00:00:00+00:00,,,,,1:10000,,,0.0,1.0075653811001086,0.0,0.0
sehirAtlasi.258,11220,Orta Yoğunluklu Süreksiz Kentsel Alan (30% - 50%),17,CBSGM_1_7984442,,2019-05-27 00:00:00+00:00,,,,,1:10000,,,0.0,0.9046079981377075,0.0,0.0
sehirAtlasi.259,11300,İzole Yapılar,11,CBSGM_1_338506,,2019-02-18 00:00:00+00:00,,,,,1:10000,,,0.0,2.609479734233017,0.0,0.0
sehirAtlasi.260,11220,Orta Yoğunluklu Süreksiz Kentsel Alan (30% - 50%),36,CBSGM_1_7984443,,2019-02-06 00:00:00+00:00,,,,,1:10000,,,0.0,1.0359133100681588,0.0,0.0
sehirAtlasi.261,32000,Maki veya Otsu Bitkiler,0,CBSGM_1_338508,,2019-05-24 00:00:00+00:00,,,,,1:10000,,,0.0,2.7919023324441423,0.0,0.0
sehirAtlasi.262,11220,Orta Yoğunluklu Süreksiz Kentsel Alan (30% - 50%),19,CBSGM_1_7984444,,2019-02-13 00:00:00+00:00,,,,,1:10000,,,0.0,1.230649930401931,0.0,0.0
sehirAtlasi.263,11300,İzole Yapılar,1,CBSGM_1_338507,,2019-02-18 00:00:00+00:00,,,,,1:10000,,,0.0,2.5985682619862303,0.0,0.0
sehirAtlasi.264,11220,Orta Yoğunluklu Süreksiz Kentsel Alan (30% - 50%),39,CBSGM_1_7984445,,2019-02-11 00:00:00+00:00,,,,,1:10000,,,0.0,0.5600465788472941,0.0,0.0
sehirAtlasi.265,11220,Orta Yoğunluklu Süreksiz Kentsel Alan (30% - 50%),15,CBSGM_1_7984446,,2019-02-04 00:00:00+00:00,,,,,1:10000,,,0.0,1.132027811780957,0.0,0.0
sehirAtlasi.266,11220,Orta Yoğunluklu Süreksiz Kentsel Alan (30% - 50%),32,CBSGM_1_7984447,,2019-02-11 00:00:00+00:00,,,,,1:10000,,,0.0,0.6317341669836554,0.0,0.0
sehirAtlasi.267,11220,Orta Yoğunluklu Süreksiz Kentsel Alan (30% - 50%),23,CBSGM_1_7984448,,2019-02-11 00:00:00+00:00,,,,,1:10000,,,0.0,0.7221116103962169,0.0,0.0
sehirAtlasi.268,11220,Orta Yoğunluklu Süreksiz Kentsel Alan (30% - 50%),0,CBSGM_1_7984449,,2019-02-08 00:00:00+00:00,,,,,1:10000,,,0.0,1.264403927450591,0.0,0.0
sehirAtlasi.269,11220,Orta Yoğunluklu Süreksiz Kentsel Alan (30% - 50%),33,CBSGM_1_7984450,,2019-02-06 00:00:00+00:00,,,,,1:10000,,,0.0,1.1407260780393607,0.0,0.0
sehirAtlasi.270,11220,Orta Yoğunluklu Süreksiz Kentsel Alan (30% - 50%),0,CBSGM_1_7984451,,2019-02-06 00:00:00+00:00,,,,,1:10000,,,0.0,1.2222758314748159,0.0,0.0
sehirAtlasi.271,11220,Orta Yoğunluklu Süreksiz Kentsel Alan (30% - 50%),21,CBSGM_1_7984452,,2019-02-05 00:00:00+00:00,,,,,1:10000,,,0.0,1.0237269930896955,0.0,0.0
sehirAtlasi.272,11220,Orta Yoğunluklu Süreksiz Kentsel Alan (30% - 50%),16,CBSGM_1_7984453,,2019-02-13 00:00:00+00:00,,,,,1:10000,,,0.0,0.6873298919916113,0.0,0.0
sehirAtlasi.273,11240,Çok Düşük Yoğunluklu Süreksiz Kentsel Alan (< 10%),4,CBSGM_1_338509,,2019-02-18 00:00:00+00:00,,,,,1:10000,,,0.0,2.555255377210648,0.0,0.0
sehirAtlasi.274,11240,Çok Düşük Yoğunluklu Süreksiz Kentsel Alan (< 10%),6,CBSGM_1_338510,,2019-02-18 00:00:00+00:00,,,,,1:10000,,,0.0,2.569635294328235,0.0,0.0
sehirAtlasi.275,11240,Çok Düşük Yoğunluklu Süreksiz Kentsel Alan (< 10%),6,CBSGM_1_338511,,2019-02-18 00:00:00+00:00,,,,,1:10000,,,0.0,2.550756254947066,0.0,0.0
sehirAtlasi.276,12220,Diğer Yollar ve İlgili Alanlar,0,CBSGM_1_7984454,,2019-02-07 00:00:00+00:00,,,,,1:10000,,,0.0,1.1451795733589438,0.0,0.0
sehirAtlasi.277,12220,Diğer Yollar ve İlgili Alanlar,0,CBSGM_1_7984455,,2019-02-06 00:00:00+00:00,,,,,1:10000,,,0.0,1.1252508475094873,0.0,0.0
sehirAtlasi.278,13400,Mevcut Kullanımı Olmayan Alanlar,0,CBSGM_1_338512,,2019-02-18 00:00:00+00:00,,,,,1:10000,,,0.0,2.538724204630207,0.0,0.0
sehirAtlasi.279,13300,İnşaat Alanları,1,CBSGM_1_365393,,2019-02-15 00:00:00+00:00,,,,,1:10000,,,0.0,2.0216759190795215,0.0,0.0
sehirAtlasi.312,11100,Sürekli Kentsel Alan (> 80%),45,CBSGM_1_7984307,,2019-02-20 00:00:00+00:00,,,,,1:10000,,,0.0,1.2458231984816153,0.0,0.0
sehirAtlasi.313,12150,Eğitim Alanları,30,CBSGM_1_7984308,,2019-05-29 00:00:00+00:00,,,,,1:10000,,,0.0,1.0911617829076892,0.0,0.0
sehirAtlasi.314,11100,Sürekli Kentsel Alan (> 80%),56,CBSGM_1_7984309,,2019-02-20 00:00:00+00:00,,,,,1:10000,,,0.0,1.0635347407235785,0.0,0.0
sehirAtlasi.345,11220,Orta Yoğunluklu Süreksiz Kentsel Alan (30% - 50%),46,CBSGM_1_7984335,,2019-02-11 00:00:00+00:00,,,,,1:10000,,,0.0,0.6934120327226376,0.0,0.0
sehirAtlasi.347,11220,Orta Yoğunluklu Süreksiz Kentsel Alan (30% - 50%),25,CBSGM_1_7984337,,2019-02-08 00:00:00+00:00,,,,,1:10000,,,0.0,1.2699401871210274,0.0,0.0
sehirAtlasi.348,11220,Orta Yoğunluklu Süreksiz Kentsel Alan (30% - 50%),40,CBSGM_1_7984338,,2019-02-07 00:00:00+00:00,,,,,1:10000,,,0.0,1.2662183224011523,0.0,0.0
sehirAtlasi.349,11220,Orta Yoğunluklu Süreksiz Kentsel Alan (30% - 50%),0,CBSGM_1_7984339,,2019-02-18 00:00:00+00:00,,,,,1:10000,,,0.0,1.2132479795051738,0.0,0.0
sehirAtlasi.350,11220,Orta Yoğunluklu Süreksiz Kentsel Alan (30% - 50%),37,CBSGM_1_7984340,,2019-02-13 00:00:00+00:00,,,,,1:10000,,,0.0,1.219408733296214,0.0,0.0
sehirAtlasi.351,11220,Orta Yoğunluklu Süreksiz Kentsel Alan (30% - 50%),45,CBSGM_1_7984341,,2019-02-08 00:00:00+00:00,,,,,1:10000,,,0.0,1.0989221369439848,0.0,0.0
sehirAtlasi.352,11220,Orta Yoğunluklu Süreksiz Kentsel Alan (30% - 50%),49,CBSGM_1_7984342,,2019-02-13 00:00:00+00:00,,,,,1:10000,,,0.0,0.9969852742838725,0.0,0.0
sehirAtlasi.353,11220,Orta Yoğunluklu Süreksiz Kentsel Alan (30% - 50%),34,CBSGM_1_7984343,,2019-02-07 00:00:00+00:00,,,,,1:10000,,,0.0,1.263259932174725,0.0,0.0
sehirAtlasi.354,11220,Orta Yoğunluklu Süreksiz Kentsel Alan (30% - 50%),38,CBSGM_1_7984344,,2019-02-07 00:00:00+00:00,,,,,1:10000,,,0.0,1.172771643686332,0.0,0.0
sehirAtlasi.355,11220,Orta Yoğunluklu Süreksiz Kentsel Alan (30% - 50%),23,CBSGM_1_7984345,,2019-02-11 00:00:00+00:00,,,,,1:10000,,,0.0,0.7475069746846147,0.0,0.0
sehirAtlasi.356,11220,Orta Yoğunluklu Süreksiz Kentsel Alan (30% - 50%),35,CBSGM_1_7984346,,2019-02-07 00:00:00+00:00,,,,,1:10000,,,0.0,1.1970726928703015,0.0,0.0
sehirAtlasi.357,11240,Çok Düşük Yoğunluklu Süreksiz Kentsel Alan (< 10%),0,CBSGM_1_364443,,2019-02-18 00:00:00+00:00,,,,,1:10000,,,0.0,2.414804027278392,0.0,0.0
sehirAtlasi.358,11220,Orta Yoğunluklu Süreksiz Kentsel Alan (30% - 50%),25,CBSGM_1_7984347,,2019-02-11 00:00:00+00:00,,,,,1:10000,,,0.0,0.720098536520662,0.0,0.0
sehirAtlasi.359,11220,Orta Yoğunluklu Süreksiz Kentsel Alan (30% - 50%),0,CBSGM_1_7984348,,2019-02-07 00:00:00+00:00,,,,,1:10000,,,0.0,1.148166356459439,0.0,0.0
sehirAtlasi.360,11220,Orta Yoğunluklu Süreksiz Kentsel Alan (30% - 50%),0,CBSGM_1_7984349,,2019-02-08 00:00:00+00:00,,,,,1:10000,,,0.0,1.0274716685878165,0.0,0.0
sehirAtlasi.361,11220,Orta Yoğunluklu Süreksiz Kentsel Alan (30% - 50%),0,CBSGM_1_7984350,,2019-02-08 00:00:00+00:00,,,,,1:10000,,,0.0,0.987152332194293,0.0,0.0
sehirAtlasi.362,12120,Ticaret Alanları,0,CBSGM_1_364464,,2019-02-18 00:00:00+00:00,,,,,1:10000,,,0.0,2.475020276497816,0.0,0.0
sehirAtlasi.363,11220,Orta Yoğunluklu Süreksiz Kentsel Alan (30% - 50%),21,CBSGM_1_7984351,,2019-02-08 00:00:00+00:00,,,,,1:10000,,,0.0,0.949913922865881,0.0,0.0
sehirAtlasi.364,11220,Orta Yoğunluklu Süreksiz Kentsel Alan (30% - 50%),40,CBSGM_1_7984352,,2019-02-07 00:00:00+00:00,,,,,1:10000,,,0.0,1.2621418515465757,0.0,0.0
sehirAtlasi.365,11220,Orta Yoğunluklu Süreksiz Kentsel Alan (30% - 50%),24,CBSGM_1_7984353,,2019-02-07 00:00:00+00:00,,,,,1:10000,,,0.0,1.228070488772604,0.0,0.0
sehirAtlasi.366,11220,Orta Yoğunluklu Süreksiz Kentsel Alan (30% - 50%),32,CBSGM_1_7984354,,2019-02-13 00:00:00+00:00,,,,,1:10000,,,0.0,0.6605080459514565,0.0,0.0
sehirAtlasi.367,12220,Diğer Yollar ve İlgili Alanlar,0,CBSGM_1_7984355,,2019-02-04 00:00:00+00:00,,,,,1:10000,,,0.0,1.1980080699536528,0.0,0.0
sehirAtlasi.368,11240,Çok Düşük Yoğunluklu Süreksiz Kentsel Alan (< 10%),4,CBSGM_1_7984356,,2019-02-06 00:00:00+00:00,,,,,1:10000,,,0.0,1.1601056790448752,0.0,0.0
sehirAtlasi.369,12220,Diğer Yollar ve İlgili Alanlar,0,CBSGM_1_7984357,,2019-02-04 00:00:00+00:00,,,,,1:10000,,,0.0,0.7371665499384489,0.0,0.0
sehirAtlasi.370,12220,Diğer Yollar ve İlgili Alanlar,0,CBSGM_1_7984358,,2019-02-07 00:00:00+00:00,,,,,1:10000,,,0.0,1.271270298526193,0.0,0.0
sehirAtlasi.371,12220,Diğer Yollar ve İlgili Alanlar,0,CBSGM_1_7984359,,2019-02-11 00:00:00+00:00,,,,,1:10000,,,0.0,1.0436270707402118,0.0,0.0
sehirAtlasi.372,13300,İnşaat Alanları,7,CBSGM_1_7984360,,2019-02-11 00:00:00+00:00,,,,,1:10000,,,0.0,1.4608091249567643,0.0,0.0
sehirAtlasi.373,11100,Sürekli Kentsel Alan (> 80%),0,CBSGM_1_7984361,,2019-02-19 00:00:00+00:00,,,,,1:10000,,,0.0,1.192919491155683,0.0,0.0
sehirAtlasi.346,11220,Orta Yoğunluklu Süreksiz Kentsel Alan (30% - 50%),36,CBSGM_1_7984336,,2019-02-08 00:00:00+00:00,,,,,1:10000,,,0.0,1.2939590189298462,0.0,0.0
sehirAtlasi.344,21000,Ekilebilir Alanlar,0,CBSGM_1_337111,,2019-02-15 00:00:00+00:00,,,,,1:10000,,,0.0,1.303825968610754,0.0,0.0
sehirAtlasi.315,11100,Sürekli Kentsel Alan (> 80%),33,CBSGM_1_7984310,,2019-02-20 00:00:00+00:00,,,,,1:10000,,,0.0,1.0528896973492625,0.0,0.0
sehirAtlasi.343,11220,Orta Yoğunluklu Süreksiz Kentsel Alan (30% - 50%),0,CBSGM_1_7984334,,2019-02-08 00:00:00+00:00,,,,,1:10000,,,0.0,1.0223686311889706,0.0,0.0
sehirAtlasi.316,11100,Sürekli Kentsel Alan (> 80%),53,CBSGM_1_7984311,,2019-02-04 00:00:00+00:00,,,,,1:10000,,,0.0,0.7779309014598815,0.0,0.0
sehirAtlasi.317,12220,Diğer Yollar ve İlgili Alanlar,0,CBSGM_1_7984312,,2019-02-05 00:00:00+00:00,,,,,1:10000,,,0.0,1.4163844133177268,0.0,0.0
sehirAtlasi.318,11100,Sürekli Kentsel Alan (> 80%),61,CBSGM_1_7984313,,2019-02-20 00:00:00+00:00,,,,,1:10000,,,0.0,1.2377334695287923,0.0,0.0
sehirAtlasi.319,12220,Diğer Yollar ve İlgili Alanlar,0,CBSGM_1_7984314,,2019-02-07 00:00:00+00:00,,,,,1:10000,,,0.0,1.1807809918589336,0.0,0.0
sehirAtlasi.320,11230,Düşük Yoğunluklu Süreksiz Kentsel Alan (10% - 30%),8,CBSGM_1_1398969,,2019-02-25 00:00:00+00:00,,,,,1:10000,,,0.0,1.4526815802828543,0.0,0.0
sehirAtlasi.321,11100,Sürekli Kentsel Alan (> 80%),59,CBSGM_1_7984315,,2019-02-20 00:00:00+00:00,,,,,1:10000,,,0.0,1.2287996552357128,0.0,0.0
sehirAtlasi.322,50000,Su Alanları,0,CBSGM_1_1398970,,2019-02-26 00:00:00+00:00,,,,,1:10000,,,0.0,0.026892205674132454,0.0,0.0
sehirAtlasi.323,12220,Diğer Yollar ve İlgili Alanlar,0,CBSGM_1_7984316,,2019-02-07 00:00:00+00:00,,,,,1:10000,,,0.0,1.1840028864664214,0.0,0.0
sehirAtlasi.324,11230,Düşük Yoğunluklu Süreksiz Kentsel Alan (10% - 30%),20,CBSGM_1_1398971,,2019-07-12 00:00:00+00:00,,,,,1:10000,,,0.0,1.424525478910652,0.0,0.0
sehirAtlasi.325,11230,Düşük Yoğunluklu Süreksiz Kentsel Alan (10% - 30%),10,CBSGM_1_7984317,,2019-02-04 00:00:00+00:00,,,,,1:10000,,,0.0,1.2171203030422475,0.0,0.0
sehirAtlasi.326,13400,Mevcut Kullanımı Olmayan Alanlar,0,CBSGM_1_7984318,,2019-02-07 00:00:00+00:00,,,,,1:10000,,,0.0,1.2181047603623893,0.0,0.0
sehirAtlasi.327,12220,Diğer Yollar ve İlgili Alanlar,0,CBSGM_1_7984319,,2019-02-06 00:00:00+00:00,,,,,1:10000,,,0.0,0.8180856042194194,0.0,0.0
sehirAtlasi.328,11210,Yüksek Yoğunluklu Süreksiz Kentsel Alan (50% - 80%),0,CBSGM_1_7984320,,2019-02-07 00:00:00+00:00,,,,,1:10000,,,0.0,1.2116688745801527,0.0,0.0
sehirAtlasi.329,11220,Orta Yoğunluklu Süreksiz Kentsel Alan (30% - 50%),34,CBSGM_1_7984321,,2019-02-07 00:00:00+00:00,,,,,1:10000,,,0.0,1.1803673720701158,0.0,0.0
sehirAtlasi.330,11220,Orta Yoğunluklu Süreksiz Kentsel Alan (30% - 50%),16,CBSGM_1_7984322,,2019-02-04 00:00:00+00:00,,,,,1:10000,,,0.0,1.084218102228232,0.0,0.0
sehirAtlasi.331,11220,Orta Yoğunluklu Süreksiz Kentsel Alan (30% - 50%),36,CBSGM_1_7984323,,2019-02-08 00:00:00+00:00,,,,,1:10000,,,0.0,0.8806407896915556,0.0,0.0
sehirAtlasi.332,11220,Orta Yoğunluklu Süreksiz Kentsel Alan (30% - 50%),14,CBSGM_1_7984324,,2019-02-08 00:00:00+00:00,,,,,1:10000,,,0.0,1.256700358307093,0.0,0.0
sehirAtlasi.333,11220,Orta Yoğunluklu Süreksiz Kentsel Alan (30% - 50%),0,CBSGM_1_7984325,,2019-02-05 00:00:00+00:00,,,,,1:10000,,,0.0,0.9883865685395608,0.0,0.0
sehirAtlasi.334,50000,Su Alanları,0,CBSGM_1_269549,,2019-02-14 00:00:00+00:00,,,,,1:10000,,,0.0,2.2029385053643207,0.0,0.0
sehirAtlasi.335,11220,Orta Yoğunluklu Süreksiz Kentsel Alan (30% - 50%),41,CBSGM_1_7984326,,2019-02-07 00:00:00+00:00,,,,,1:10000,,,0.0,1.1725804738746797,0.0,0.0
sehirAtlasi.336,11220,Orta Yoğunluklu Süreksiz Kentsel Alan (30% - 50%),36,CBSGM_1_7984327,,2019-02-12 00:00:00+00:00,,,,,1:10000,,,0.0,0.566020631011183,0.0,0.0
sehirAtlasi.337,11220,Orta Yoğunluklu Süreksiz Kentsel Alan (30% - 50%),17,CBSGM_1_7984328,,2019-02-13 00:00:00+00:00,,,,,1:10000,,,0.0,0.6976370700441241,0.0,0.0
sehirAtlasi.338,11220,Orta Yoğunluklu Süreksiz Kentsel Alan (30% - 50%),16,CBSGM_1_7984329,,2019-02-04 00:00:00+00:00,,,,,1:10000,,,0.0,1.1320268696103892,0.0,0.0
sehirAtlasi.339,11220,Orta Yoğunluklu Süreksiz Kentsel Alan (30% - 50%),13,CBSGM_1_7984330,,2019-02-05 00:00:00+00:00,,,,,1:10000,,,0.0,0.7355822915145869,0.0,0.0
sehirAtlasi.340,11220,Orta Yoğunluklu Süreksiz Kentsel Alan (30% - 50%),0,CBSGM_1_7984331,,2019-02-08 00:00:00+00:00,,,,,1:10000,,,0.0,1.2604280513036519,0.0,0.0
sehirAtlasi.341,11220,Orta Yoğunluklu Süreksiz Kentsel Alan (30% - 50%),25,CBSGM_1_7984332,,2019-02-12 00:00:00+00:00,,,,,1:10000,,,0.0,0.7527272205678736,0.0,0.0
sehirAtlasi.342,11220,Orta Yoğunluklu Süreksiz Kentsel Alan (30% - 50%),0,CBSGM_1_7984333,,2019-02-08 00:00:00+00:00,,,,,1:10000,,,0.0,1.2574337672577305,0.0,0.0
sehirAtlasi.1000,21010,Sera Alanları,0,CBSGM_1_7976462,,2019-05-29 00:00:00+00:00,,,,,1:10000,,,0.0,1.1629360857393172,0.0,0.0
