id_1,adi,id_2,akifer,groundwater_sensitivity,id,istno,last1month,last3month,last6month,last12month,last24month,last9month,drought_severity,area,agricultural_area_pressure,drought_norm,groundwater_norm,final_water_stress_score,agricultural_water_stress_score
isletmesinirlari.46,ACIPAYAM TİM,akifersinirlari.131279,Sınırlı Verimli,0.5,spikuraklikindeks.37.762.29.092099999999999,17237,0.31,0.93,1.53,-0.69,-1.35,-0.51,0.615,50407.588845005506,0.00014518651547766462,0.5722222222222222,0.4999999999999999,0.43252903730309555,0.43252903730309555
isletmesinirlari.46,ACIPAYAM TİM,akifersinirlari.131281,Sınırlı Verimli,0.5,spikuraklikindeks.37.762.29.092099999999999,17237,0.31,0.93,1.53,-0.69,-1.35,-0.51,0.615,15474.913090414186,4.41701234769576e-05,0.5722222222222222,0.4999999999999999,0.43250883402469537,0.43250883402469537
isletmesinirlari.46,ACIPAYAM TİM,akifersinirlari.133525,Verimli,0.8,spikuraklikindeks.37.762.29.092099999999999,17237,0.31,0.93,1.53,-0.69,-1.35,-0.51,0.615,28922444.99811164,0.08363575761523728,0.5722222222222222,1.0,0.6242271515230474,0.6242271515230474
isletmesinirlari.47,ACIPAYAM1 TİM,akifersinirlari.133525,Verimli,0.8,spikuraklikindeks.37.762.29.092099999999999,17237,0.31,0.93,1.53,-0.69,-1.35,-0.51,0.615,9715578.401022177,0.028094396314797352,0.5722222222222222,1.0,0.6131188792629594,0.6131188792629594
isletmesinirlari.48,TAHİROVA TİM,akifersinirlari.92045,Verimli,0.8,spikuraklikindeks.40.113500000000002.27.642600000000002,17674,-0.37,-0.9,-0.59,-1.7,-0.32,-1.97,0.7833333333333333,17777638.09903858,0.05140781749413221,0.7592592592592593,1.0,0.7019482301654931,0.7019482301654931
isletmesinirlari.48,TAHİROVA TİM,akifersinirlari.93404,Verimli,0.8,spikuraklikindeks.40.113500000000002.27.642600000000002,17674,-0.37,-0.9,-0.59,-1.7,-0.32,-1.97,0.7833333333333333,17777638.09903858,0.05140781749413221,0.7592592592592593,1.0,0.7019482301654931,0.7019482301654931
isletmesinirlari.49,KUMKALE TİM,akifersinirlari.31979,Verimsiz,0.2,spikuraklikindeks.40.140999999999998.26.3993,17112,-0.47,-1.09,-1.18,-2.42,-1.3,-2.7,0.9033333333333333,120183.55506463215,0.00034696082001096354,0.8925925925925926,0.0,0.4017360588306689,0.4017360588306689
isletmesinirlari.49,KUMKALE TİM,akifersinirlari.93731,Sınırlı Verimli,0.5,spikuraklikindeks.40.140999999999998.26.3993,17112,-0.47,-1.09,-1.18,-2.42,-1.3,-2.7,0.9033333333333333,10479141.719473451,0.03030242675700866,0.8925925925925926,0.4999999999999999,0.5827271520180684,0.5827271520180684
isletmesinirlari.49,KUMKALE TİM,akifersinirlari.93810,Verimli,0.8,spikuraklikindeks.40.140999999999998.26.3993,17112,-0.47,-1.09,-1.18,-2.42,-1.3,-2.7,0.9033333333333333,818048.782784532,0.0023650091339237783,0.8925925925925926,1.0,0.7521396684934515,0.7521396684934515
isletmesinirlari.50,ATATÜRK TİM,akifersinirlari.28042,Sınırlı Verimli,0.5,spikuraklikindeks.40.230800000000002.29.013300000000001,17116,-0.37,-1.15,-2.16,-1.67,-0.68,-2.15,0.7783333333333333,851234.3663508276,0.0024609733807468845,0.7537037037037037,0.4999999999999999,0.514658861342816,0.514658861342816
isletmesinirlari.50,ATATÜRK TİM,akifersinirlari.28042,Sınırlı Verimli,0.5,spikuraklikindeks.40.642699999999998.29.106300000000001,17658,-0.32,-1.38,-1.43,-1.5,-0.46,-1.56,0.75,998461.9944275582,0.0028867181446354216,0.7222222222222222,0.4999999999999999,0.500577343628927,0.500577343628927
isletmesinirlari.50,ATATÜRK TİM,akifersinirlari.28042,Sınırlı Verimli,0.5,spikuraklikindeks.40.660344000000002.29.286629999999999,17119,-0.36,-1.13,-1.86,-1.86,-0.87,-2.17,0.81,998461.9944275582,0.0028867181446354216,0.788888888888889,0.4999999999999999,0.5305773436289271,0.5305773436289271
isletmesinirlari.50,ATATÜRK TİM,akifersinirlari.28534,Verimli,0.8,spikuraklikindeks.40.230800000000002.29.013300000000001,17116,-0.37,-1.15,-2.16,-1.67,-0.68,-2.15,0.7783333333333333,20743.89677025571,5.940668092212391e-05,0.7537037037037037,1.0,0.6891785480028512,0.6891785480028512
isletmesinirlari.50,ATATÜRK TİM,akifersinirlari.28534,Verimli,0.8,spikuraklikindeks.40.642699999999998.29.106300000000001,17658,-0.32,-1.38,-1.43,-1.5,-0.46,-1.56,0.75,45134.15436358709,0.00012993708744909476,0.7222222222222222,1.0,0.6750259874174899,0.6750259874174899
isletmesinirlari.50,ATATÜRK TİM,akifersinirlari.28534,Verimli,0.8,spikuraklikindeks.40.660344000000002.29.286629999999999,17119,-0.36,-1.13,-1.86,-1.86,-0.87,-2.17,0.81,45134.15436358709,0.00012993708744909476,0.788888888888889,1.0,0.7050259874174899,0.7050259874174899
isletmesinirlari.50,ATATÜRK TİM,akifersinirlari.28540,Verimli,0.8,spikuraklikindeks.40.230800000000002.29.013300000000001,17116,-0.37,-1.15,-2.16,-1.67,-0.68,-2.15,0.7783333333333333,373712.11098654504,0.001080100765210124,0.7537037037037037,1.0,0.6893826868197087,0.6893826868197087
isletmesinirlari.50,ATATÜRK TİM,akifersinirlari.28540,Verimli,0.8,spikuraklikindeks.40.642699999999998.29.106300000000001,17658,-0.32,-1.38,-1.43,-1.5,-0.46,-1.56,0.75,4005761.199419963,0.011583060717677502,0.7222222222222222,1.0,0.6773166121435356,0.6773166121435356
isletmesinirlari.50,ATATÜRK TİM,akifersinirlari.28540,Verimli,0.8,spikuraklikindeks.40.660344000000002.29.286629999999999,17119,-0.36,-1.13,-1.86,-1.86,-0.87,-2.17,0.81,4005761.199419963,0.011583060717677502,0.788888888888889,1.0,0.7073166121435356,0.7073166121435356
isletmesinirlari.50,ATATÜRK TİM,akifersinirlari.30368,Sınırlı Verimli,0.5,spikuraklikindeks.40.230800000000002.29.013300000000001,17116,-0.37,-1.15,-2.16,-1.67,-0.68,-2.15,0.7783333333333333,851234.3663508276,0.0024609733807468845,0.7537037037037037,0.4999999999999999,0.514658861342816,0.514658861342816
isletmesinirlari.50,ATATÜRK TİM,akifersinirlari.30368,Sınırlı Verimli,0.5,spikuraklikindeks.40.642699999999998.29.106300000000001,17658,-0.32,-1.38,-1.43,-1.5,-0.46,-1.56,0.75,998461.9944275582,0.0028867181446354216,0.7222222222222222,0.4999999999999999,0.500577343628927,0.500577343628927
isletmesinirlari.50,ATATÜRK TİM,akifersinirlari.30368,Sınırlı Verimli,0.5,spikuraklikindeks.40.660344000000002.29.286629999999999,17119,-0.36,-1.13,-1.86,-1.86,-0.87,-2.17,0.81,998461.9944275582,0.0028867181446354216,0.788888888888889,0.4999999999999999,0.5305773436289271,0.5305773436289271
isletmesinirlari.50,ATATÜRK TİM,akifersinirlari.30860,Verimli,0.8,spikuraklikindeks.40.230800000000002.29.013300000000001,17116,-0.37,-1.15,-2.16,-1.67,-0.68,-2.15,0.7783333333333333,20743.89677025571,5.940668092212391e-05,0.7537037037037037,1.0,0.6891785480028512,0.6891785480028512
isletmesinirlari.50,ATATÜRK TİM,akifersinirlari.30860,Verimli,0.8,spikuraklikindeks.40.642699999999998.29.106300000000001,17658,-0.32,-1.38,-1.43,-1.5,-0.46,-1.56,0.75,45134.15436358709,0.00012993708744909476,0.7222222222222222,1.0,0.6750259874174899,0.6750259874174899
isletmesinirlari.50,ATATÜRK TİM,akifersinirlari.30860,Verimli,0.8,spikuraklikindeks.40.660344000000002.29.286629999999999,17119,-0.36,-1.13,-1.86,-1.86,-0.87,-2.17,0.81,45134.15436358709,0.00012993708744909476,0.788888888888889,1.0,0.7050259874174899,0.7050259874174899
isletmesinirlari.50,ATATÜRK TİM,akifersinirlari.30866,Verimli,0.8,spikuraklikindeks.40.230800000000002.29.013300000000001,17116,-0.37,-1.15,-2.16,-1.67,-0.68,-2.15,0.7783333333333333,373712.11098654504,0.001080100765210124,0.7537037037037037,1.0,0.6893826868197087,0.6893826868197087
isletmesinirlari.50,ATATÜRK TİM,akifersinirlari.30866,Verimli,0.8,spikuraklikindeks.40.642699999999998.29.106300000000001,17658,-0.32,-1.38,-1.43,-1.5,-0.46,-1.56,0.75,4005761.199419963,0.011583060717677502,0.7222222222222222,1.0,0.6773166121435356,0.6773166121435356
isletmesinirlari.50,ATATÜRK TİM,akifersinirlari.30866,Verimli,0.8,spikuraklikindeks.40.660344000000002.29.286629999999999,17119,-0.36,-1.13,-1.86,-1.86,-0.87,-2.17,0.81,4005761.199419963,0.011583060717677502,0.788888888888889,1.0,0.7073166121435356,0.7073166121435356
isletmesinirlari.51,İNANLI TİM,akifersinirlari.89829,Verimli,0.8,spikuraklikindeks.40.958500000000001.27.496500000000001,17056,-0.49,-0.87,-1.57,-2.57,-1.62,-2.48,0.9283333333333333,17430680.05889771,0.050404503300942746,0.9203703703703704,1.0,0.7742475673268552,0.7742475673268552
isletmesinirlari.51,İNANLI TİM,akifersinirlari.89829,Verimli,0.8,spikuraklikindeks.41.1798.27.815999999999999,17054,-0.65,-1.78,-2.02,-2.57,-2.08,-2.61,0.9283333333333333,17430680.05889771,0.050404503300942746,0.9203703703703704,1.0,0.7742475673268552,0.7742475673268552
isletmesinirlari.51,İNANLI TİM,akifersinirlari.89960,Verimli,0.8,spikuraklikindeks.40.958500000000001.27.496500000000001,17056,-0.49,-0.87,-1.57,-2.57,-1.62,-2.48,0.9283333333333333,1631136.064527536,0.0047162502515626205,0.9203703703703704,1.0,0.7651099167169791,0.7651099167169791
isletmesinirlari.51,İNANLI TİM,akifersinirlari.89960,Verimli,0.8,spikuraklikindeks.41.1798.27.815999999999999,17054,-0.65,-1.78,-2.02,-2.57,-2.08,-2.61,0.9283333333333333,1631136.064527536,0.0047162502515626205,0.9203703703703704,1.0,0.7651099167169791,0.7651099167169791
isletmesinirlari.51,İNANLI TİM,akifersinirlari.90111,Verimli,0.8,spikuraklikindeks.40.958500000000001.27.496500000000001,17056,-0.49,-0.87,-1.57,-2.57,-1.62,-2.48,0.9283333333333333,17430680.05889771,0.050404503300942746,0.9203703703703704,1.0,0.7742475673268552,0.7742475673268552
isletmesinirlari.51,İNANLI TİM,akifersinirlari.90111,Verimli,0.8,spikuraklikindeks.41.1798.27.815999999999999,17054,-0.65,-1.78,-2.02,-2.57,-2.08,-2.61,0.9283333333333333,17430680.05889771,0.050404503300942746,0.9203703703703704,1.0,0.7742475673268552,0.7742475673268552
isletmesinirlari.51,İNANLI TİM,akifersinirlari.90242,Verimli,0.8,spikuraklikindeks.40.958500000000001.27.496500000000001,17056,-0.49,-0.87,-1.57,-2.57,-1.62,-2.48,0.9283333333333333,1631136.064527536,0.0047162502515626205,0.9203703703703704,1.0,0.7651099167169791,0.7651099167169791
isletmesinirlari.51,İNANLI TİM,akifersinirlari.90242,Verimli,0.8,spikuraklikindeks.41.1798.27.815999999999999,17054,-0.65,-1.78,-2.02,-2.57,-2.08,-2.61,0.9283333333333333,1631136.064527536,0.0047162502515626205,0.9203703703703704,1.0,0.7651099167169791,0.7651099167169791
isletmesinirlari.51,İNANLI TİM,akifersinirlari.91055,Verimli,0.8,spikuraklikindeks.40.958500000000001.27.496500000000001,17056,-0.49,-0.87,-1.57,-2.57,-1.62,-2.48,0.9283333333333333,17430680.05889771,0.050404503300942746,0.9203703703703704,1.0,0.7742475673268552,0.7742475673268552
isletmesinirlari.51,İNANLI TİM,akifersinirlari.91055,Verimli,0.8,spikuraklikindeks.41.1798.27.815999999999999,17054,-0.65,-1.78,-2.02,-2.57,-2.08,-2.61,0.9283333333333333,17430680.05889771,0.050404503300942746,0.9203703703703704,1.0,0.7742475673268552,0.7742475673268552
isletmesinirlari.51,İNANLI TİM,akifersinirlari.91186,Verimli,0.8,spikuraklikindeks.40.958500000000001.27.496500000000001,17056,-0.49,-0.87,-1.57,-2.57,-1.62,-2.48,0.9283333333333333,1631136.064527536,0.0047162502515626205,0.9203703703703704,1.0,0.7651099167169791,0.7651099167169791
isletmesinirlari.51,İNANLI TİM,akifersinirlari.91186,Verimli,0.8,spikuraklikindeks.41.1798.27.815999999999999,17054,-0.65,-1.78,-2.02,-2.57,-2.08,-2.61,0.9283333333333333,1631136.064527536,0.0047162502515626205,0.9203703703703704,1.0,0.7651099167169791,0.7651099167169791
isletmesinirlari.51,İNANLI TİM,akifersinirlari.92414,Verimli,0.8,spikuraklikindeks.40.958500000000001.27.496500000000001,17056,-0.49,-0.87,-1.57,-2.57,-1.62,-2.48,0.9283333333333333,17430680.05889771,0.050404503300942746,0.9203703703703704,1.0,0.7742475673268552,0.7742475673268552
isletmesinirlari.51,İNANLI TİM,akifersinirlari.92414,Verimli,0.8,spikuraklikindeks.41.1798.27.815999999999999,17054,-0.65,-1.78,-2.02,-2.57,-2.08,-2.61,0.9283333333333333,17430680.05889771,0.050404503300942746,0.9203703703703704,1.0,0.7742475673268552,0.7742475673268552
isletmesinirlari.51,İNANLI TİM,akifersinirlari.92545,Verimli,0.8,spikuraklikindeks.40.958500000000001.27.496500000000001,17056,-0.49,-0.87,-1.57,-2.57,-1.62,-2.48,0.9283333333333333,1631136.064527536,0.0047162502515626205,0.9203703703703704,1.0,0.7651099167169791,0.7651099167169791
isletmesinirlari.51,İNANLI TİM,akifersinirlari.92545,Verimli,0.8,spikuraklikindeks.41.1798.27.815999999999999,17054,-0.65,-1.78,-2.02,-2.57,-2.08,-2.61,0.9283333333333333,1631136.064527536,0.0047162502515626205,0.9203703703703704,1.0,0.7651099167169791,0.7651099167169791
isletmesinirlari.52,SAKARYA TİM,akifersinirlari.86340,Sınırlı Verimli,0.5,spikuraklikindeks.40.767600000000002.30.3934,17069,0.47,-1.08,-1.96,-1.41,-1.24,-1.55,0.735,1866277.7578986876,0.005396220078098693,0.7055555555555556,0.4999999999999999,0.4935792440156197,0.4935792440156197
isletmesinirlari.52,SAKARYA TİM,akifersinirlari.86340,Sınırlı Verimli,0.5,spikuraklikindeks.40.843699999999998.31.148800000000001,17072,0.58,-0.93,-1.64,-0.47,-0.14,-1.37,0.5783333333333333,1866277.7578986876,0.005396220078098693,0.5314814814814814,0.4999999999999999,0.4152459106822864,0.4152459106822864
isletmesinirlari.52,SAKARYA TİM,akifersinirlari.86340,Sınırlı Verimli,0.5,spikuraklikindeks.41.089500000000001.31.1374,17015,-0.11,-1.69,-1.94,-0.62,-0.14,-1.2,0.6033333333333334,1866277.7578986876,0.005396220078098693,0.5592592592592593,0.4999999999999999,0.4277459106822864,0.4277459106822864
isletmesinirlari.52,SAKARYA TİM,akifersinirlari.86869,Verimsiz,0.2,spikuraklikindeks.40.767600000000002.30.3934,17069,0.47,-1.08,-1.96,-1.41,-1.24,-1.55,0.735,1167846.1663831875,0.0033765339844866278,0.7055555555555556,0.0,0.3181753067968973,0.3181753067968973
isletmesinirlari.52,SAKARYA TİM,akifersinirlari.86869,Verimsiz,0.2,spikuraklikindeks.40.843699999999998.31.148800000000001,17072,0.58,-0.93,-1.64,-0.47,-0.14,-1.37,0.5783333333333333,1167846.1663831875,0.0033765339844866278,0.5314814814814814,0.0,0.23984197346356398,0.23984197346356398
isletmesinirlari.52,SAKARYA TİM,akifersinirlari.86869,Verimsiz,0.2,spikuraklikindeks.41.089500000000001.31.1374,17015,-0.11,-1.69,-1.94,-0.62,-0.14,-1.2,0.6033333333333334,1167846.1663831875,0.0033765339844866278,0.5592592592592593,0.0,0.252341973463564,0.252341973463564
isletmesinirlari.52,SAKARYA TİM,akifersinirlari.88462,Verimsiz,0.2,spikuraklikindeks.40.767600000000002.30.3934,17069,0.47,-1.08,-1.96,-1.41,-1.24,-1.55,0.735,42351.02323261897,0.0001218889817932234,0.7055555555555556,0.0,0.31752437779635867,0.31752437779635867
isletmesinirlari.52,SAKARYA TİM,akifersinirlari.88462,Verimsiz,0.2,spikuraklikindeks.40.843699999999998.31.148800000000001,17072,0.58,-0.93,-1.64,-0.47,-0.14,-1.37,0.5783333333333333,42351.02323261897,0.0001218889817932234,0.5314814814814814,0.0,0.2391910444630253,0.2391910444630253
isletmesinirlari.52,SAKARYA TİM,akifersinirlari.88462,Verimsiz,0.2,spikuraklikindeks.41.089500000000001.31.1374,17015,-0.11,-1.69,-1.94,-0.62,-0.14,-1.2,0.6033333333333334,42351.02323261897,0.0001218889817932234,0.5592592592592593,0.0,0.25169104446302537,0.25169104446302537
isletmesinirlari.52,SAKARYA TİM,akifersinirlari.88796,Verimli,0.8,spikuraklikindeks.40.767600000000002.30.3934,17069,0.47,-1.08,-1.96,-1.41,-1.24,-1.55,0.735,3246910.422109555,0.009388657742956785,0.7055555555555556,1.0,0.6693777315485914,0.6693777315485914
isletmesinirlari.52,SAKARYA TİM,akifersinirlari.88796,Verimli,0.8,spikuraklikindeks.40.843699999999998.31.148800000000001,17072,0.58,-0.93,-1.64,-0.47,-0.14,-1.37,0.5783333333333333,3036208.4262270336,0.00877936129051991,0.5314814814814814,1.0,0.5909225389247706,0.5909225389247706
isletmesinirlari.52,SAKARYA TİM,akifersinirlari.88796,Verimli,0.8,spikuraklikindeks.41.089500000000001.31.1374,17015,-0.11,-1.69,-1.94,-0.62,-0.14,-1.2,0.6033333333333334,3246910.422109555,0.009388657742956785,0.5592592592592593,1.0,0.6035443982152581,0.6035443982152581
isletmesinirlari.53,KARAKÖY TİM,akifersinirlari.39449,Verimli,0.8,spikuraklikindeks.41.344166999999999.36.256388999999999,17030,2.17,1.58,1.92,1.58,0.74,1.68,0.23666666666666666,6992579.572046746,0.02022017794522126,0.15185185185185185,1.0,0.4223773689223776,0.4223773689223776
isletmesinirlari.53,KARAKÖY TİM,akifersinirlari.41564,Sınırlı Verimli,0.5,spikuraklikindeks.41.344166999999999.36.256388999999999,17030,2.17,1.58,1.92,1.58,0.74,1.68,0.23666666666666666,6926204.243248479,0.020028237417098957,0.15185185185185185,0.4999999999999999,0.2473389808167531,0.2473389808167531
isletmesinirlari.54,KARAKÖY1 TİM,akifersinirlari.95641,Verimli,0.8,spikuraklikindeks.41.344166999999999.36.256388999999999,17030,2.17,1.58,1.92,1.58,0.74,1.68,0.23666666666666666,28266167.298644394,0.08173796983005761,0.15185185185185185,1.0,0.4346809272993449,0.4346809272993449
isletmesinirlari.55,KAZOVA TİM,akifersinirlari.2329,Verimli,0.8,spikuraklikindeks.40.331200000000003.36.557699999999997,17086,0.42,-0.35,-0.54,-1.09,-1.33,-1.38,0.6816666666666666,1290617.0401704153,0.003731556050356572,0.6462962962962963,1.0,0.6415796445434047,0.6415796445434047
isletmesinirlari.55,KAZOVA TİM,akifersinirlari.2329,Verimli,0.8,spikuraklikindeks.40.666800000000002.35.835299999999997,17085,0.92,0.08,-0.54,-1.09,-0.55,-1.12,0.6816666666666666,1290617.0401704153,0.003731556050356572,0.6462962962962963,1.0,0.6415796445434047,0.6415796445434047
isletmesinirlari.55,KAZOVA TİM,akifersinirlari.3933,Sınırlı Verimli,0.5,spikuraklikindeks.40.331200000000003.36.557699999999997,17086,0.42,-0.35,-0.54,-1.09,-1.33,-1.38,0.6816666666666666,85150.6287126681,0.00024565452884210654,0.6462962962962963,0.4999999999999999,0.46588246423910173,0.46588246423910173
isletmesinirlari.55,KAZOVA TİM,akifersinirlari.3933,Sınırlı Verimli,0.5,spikuraklikindeks.40.666800000000002.35.835299999999997,17085,0.92,0.08,-0.54,-1.09,-0.55,-1.12,0.6816666666666666,85150.6287126681,0.00024565452884210654,0.6462962962962963,0.4999999999999999,0.46588246423910173,0.46588246423910173
isletmesinirlari.55,KAZOVA TİM,akifersinirlari.81701,Verimli,0.8,spikuraklikindeks.40.331200000000003.36.557699999999997,17086,0.42,-0.35,-0.54,-1.09,-1.33,-1.38,0.6816666666666666,9204563.535948643,0.026616671611110095,0.6462962962962963,1.0,0.6461566676555554,0.6461566676555554
isletmesinirlari.55,KAZOVA TİM,akifersinirlari.81701,Verimli,0.8,spikuraklikindeks.40.666800000000002.35.835299999999997,17085,0.92,0.08,-0.54,-1.09,-0.55,-1.12,0.6816666666666666,9204563.535948643,0.026616671611110095,0.6462962962962963,1.0,0.6461566676555554,0.6461566676555554
isletmesinirlari.56,CİCEKDAĞ TİM,akifersinirlari.94506,Sınırlı Verimli,0.5,spikuraklikindeks.39.606699999999996.34.423499999999997,17732,-0.04,-0.94,-1.76,-2.51,-1.3,-2.22,0.9183333333333333,26855052.866168063,0.07765738666287356,0.9092592592592592,0.4999999999999999,0.5996981439992414,0.5996981439992414
isletmesinirlari.56,CİCEKDAĞ TİM,akifersinirlari.94506,Sınırlı Verimli,0.5,spikuraklikindeks.39.824300000000001.34.815899999999999,17140,0.54,-0.16,-0.34,-1.79,-0.75,-1.59,0.7983333333333333,26855052.866168063,0.07765738666287356,0.7759259259259259,0.4999999999999999,0.5396981439992414,0.5396981439992414
isletmesinirlari.56,CİCEKDAĞ TİM,akifersinirlari.95764,Verimli,0.8,spikuraklikindeks.39.606699999999996.34.423499999999997,17732,-0.04,-0.94,-1.76,-2.51,-1.3,-2.22,0.9183333333333333,880965.777075939,0.002546949040374021,0.9092592592592592,1.0,0.7596760564747415,0.7596760564747415
isletmesinirlari.56,CİCEKDAĞ TİM,akifersinirlari.95764,Verimli,0.8,spikuraklikindeks.39.824300000000001.34.815899999999999,17140,0.54,-0.16,-0.34,-1.79,-0.75,-1.59,0.7983333333333333,880965.777075939,0.002546949040374021,0.7759259259259259,1.0,0.6996760564747415,0.6996760564747415
isletmesinirlari.57,KAHRAMANMARAŞ TİM,akifersinirlari.65802,Verimli,0.8,spikuraklikindeks.37.576000000000001.36.914999999999999,17255,-0.06,-0.35,-0.56,-2.86,-2.23,-2.82,0.9766666666666666,25059.944863039134,7.188759160578977e-05,0.974074074074074,1.0,0.7883477108516544,0.7883477108516544
isletmesinirlari.57,KAHRAMANMARAŞ TİM,akifersinirlari.66269,Sınırlı Verimli,0.5,spikuraklikindeks.37.058500000000002.37.350999999999999,17261,-0.54,0.14,-0.81,-2.84,-1.22,-2.89,0.9733333333333333,200.35644766632163,0.0,0.9703703703703703,0.4999999999999999,0.6116666666666666,0.6116666666666666
isletmesinirlari.57,KAHRAMANMARAŞ TİM,akifersinirlari.66269,Sınırlı Verimli,0.5,spikuraklikindeks.37.576000000000001.36.914999999999999,17255,-0.06,-0.35,-0.56,-2.86,-2.23,-2.82,0.9766666666666666,22614.838302640714,6.481696682674622e-05,0.974074074074074,0.4999999999999999,0.6133462967266986,0.6133462967266986
isletmesinirlari.57,KAHRAMANMARAŞ TİM,akifersinirlari.69441,Verimli,0.8,spikuraklikindeks.37.576000000000001.36.914999999999999,17255,-0.06,-0.35,-0.56,-2.86,-2.23,-2.82,0.9766666666666666,25059.944863039134,7.188759160578977e-05,0.974074074074074,1.0,0.7883477108516544,0.7883477108516544
isletmesinirlari.57,KAHRAMANMARAŞ TİM,akifersinirlari.69908,Sınırlı Verimli,0.5,spikuraklikindeks.37.058500000000002.37.350999999999999,17261,-0.54,0.14,-0.81,-2.84,-1.22,-2.89,0.9733333333333333,200.35644766632163,0.0,0.9703703703703703,0.4999999999999999,0.6116666666666666,0.6116666666666666
isletmesinirlari.57,KAHRAMANMARAŞ TİM,akifersinirlari.69908,Sınırlı Verimli,0.5,spikuraklikindeks.37.576000000000001.36.914999999999999,17255,-0.06,-0.35,-0.56,-2.86,-2.23,-2.82,0.9766666666666666,22614.838302640714,6.481696682674622e-05,0.974074074074074,0.4999999999999999,0.6133462967266986,0.6133462967266986
isletmesinirlari.57,KAHRAMANMARAŞ TİM,akifersinirlari.119917,Verimli,0.8,spikuraklikindeks.37.058500000000002.37.350999999999999,17261,-0.54,0.14,-0.81,-2.84,-1.22,-2.89,0.9733333333333333,103581.5610743907,0.00029895208616264994,0.9703703703703703,1.0,0.7867264570838991,0.7867264570838991
isletmesinirlari.57,KAHRAMANMARAŞ TİM,akifersinirlari.119917,Verimli,0.8,spikuraklikindeks.37.576000000000001.36.914999999999999,17255,-0.06,-0.35,-0.56,-2.86,-2.23,-2.82,0.9766666666666666,31274498.164797936,0.0904372957041499,0.974074074074074,1.0,0.8064207924741633,0.8064207924741633
isletmesinirlari.57,KAHRAMANMARAŞ TİM,akifersinirlari.125218,Verimli,0.8,spikuraklikindeks.37.058500000000002.37.350999999999999,17261,-0.54,0.14,-0.81,-2.84,-1.22,-2.89,0.9733333333333333,103581.5610743907,0.00029895208616264994,0.9703703703703703,1.0,0.7867264570838991,0.7867264570838991
isletmesinirlari.57,KAHRAMANMARAŞ TİM,akifersinirlari.125218,Verimli,0.8,spikuraklikindeks.37.576000000000001.36.914999999999999,17255,-0.06,-0.35,-0.56,-2.86,-2.23,-2.82,0.9766666666666666,31274498.164797936,0.0904372957041499,0.974074074074074,1.0,0.8064207924741633,0.8064207924741633
isletmesinirlari.58,HATAY TİM,akifersinirlari.62685,Verimli,0.8,spikuraklikindeks.36.236837000000001.36.132911999999997,17372,-1.03,-1.31,-0.73,-3.28,-1.47,-3.53,1.0,7703.489075473042,2.1697146593879233e-05,1.0,1.0,0.8000043394293188,0.8000043394293188
isletmesinirlari.58,HATAY TİM,akifersinirlari.62685,Verimli,0.8,spikuraklikindeks.36.592399999999998.36.158200000000001,17370,0.24,-0.3,-1.33,-2.87,-0.95,-3.31,0.9783333333333334,7703.489075473042,2.1697146593879233e-05,0.975925925925926,1.0,0.7891710060959855,0.7891710060959855
isletmesinirlari.58,HATAY TİM,akifersinirlari.62732,Verimli,0.8,spikuraklikindeks.36.236837000000001.36.132911999999997,17372,-1.03,-1.31,-0.73,-3.28,-1.47,-3.53,1.0,94411.65314310517,0.0002724350503448202,1.0,1.0,0.800054487010069,0.800054487010069
isletmesinirlari.58,HATAY TİM,akifersinirlari.109849,Verimli,0.8,spikuraklikindeks.36.236837000000001.36.132911999999997,17372,-1.03,-1.31,-0.73,-3.28,-1.47,-3.53,1.0,28622697.71147961,0.08276896488454905,1.0,1.0,0.8165537929769099,0.8165537929769099
isletmesinirlari.58,HATAY TİM,akifersinirlari.109849,Verimli,0.8,spikuraklikindeks.36.592399999999998.36.158200000000001,17370,0.24,-0.3,-1.33,-2.87,-0.95,-3.31,0.9783333333333334,26634807.303617682,0.07702049264881906,0.975925925925926,1.0,0.8045707651964304,0.8045707651964304
isletmesinirlari.59,TURUNÇGİLLER TİM,akifersinirlari.62835,Verimli,0.8,spikuraklikindeks.36.592399999999998.36.158200000000001,17370,0.24,-0.3,-1.33,-2.87,-0.95,-3.31,0.9783333333333334,1256579.4205442178,0.003633127932479601,0.975925925925926,1.0,0.7898932922531626,0.7898932922531626
isletmesinirlari.59,TURUNÇGİLLER TİM,akifersinirlari.62835,Verimli,0.8,spikuraklikindeks.36.768700000000003.35.790300000000002,17979,-0.84,-0.36,0.23,-2.28,-1.67,-1.83,0.88,1256579.4205442178,0.003633127932479601,0.8666666666666667,1.0,0.7407266255864959,0.7407266255864959
isletmesinirlari.59,TURUNÇGİLLER TİM,akifersinirlari.62835,Verimli,0.8,spikuraklikindeks.37.1021.36.253900000000002,17355,0.63,0.32,-0.02,-2.06,-1.04,-1.62,0.8433333333333334,1256579.4205442178,0.003633127932479601,0.825925925925926,1.0,0.7223932922531626,0.7223932922531626
isletmesinirlari.60,TURUNÇGİLLER1 TİM,akifersinirlari.62835,Verimli,0.8,spikuraklikindeks.36.592399999999998.36.158200000000001,17370,0.24,-0.3,-1.33,-2.87,-0.95,-3.31,0.9783333333333334,3712952.4519511675,0.010736332473229858,0.975925925925926,1.0,0.7913139331613126,0.7913139331613126
isletmesinirlari.60,TURUNÇGİLLER1 TİM,akifersinirlari.62835,Verimli,0.8,spikuraklikindeks.36.768700000000003.35.790300000000002,17979,-0.84,-0.36,0.23,-2.28,-1.67,-1.83,0.88,3712952.4519511675,0.010736332473229858,0.8666666666666667,1.0,0.7421472664946459,0.7421472664946459
isletmesinirlari.60,TURUNÇGİLLER1 TİM,akifersinirlari.62835,Verimli,0.8,spikuraklikindeks.37.1021.36.253900000000002,17355,0.63,0.32,-0.02,-2.06,-1.04,-1.62,0.8433333333333334,3712952.4519511675,0.010736332473229858,0.825925925925926,1.0,0.7238139331613126,0.7238139331613126
isletmesinirlari.61,ALTINDERE TİM,akifersinirlari.7735,Sınırlı Verimli,0.5,spikuraklikindeks.39.019799999999996.43.3386,17784,-0.8,-1.51,-1.18,-1.85,-0.88,-1.77,0.8083333333333332,63706353.18378613,0.18422195173576275,0.787037037037037,0.4999999999999999,0.5660110570138192,0.5660110570138192
isletmesinirlari.61,ALTINDERE TİM,akifersinirlari.8586,Sınırlı Verimli,0.5,spikuraklikindeks.39.019799999999996.43.3386,17784,-0.8,-1.51,-1.18,-1.85,-0.88,-1.77,0.8083333333333332,63706353.18378613,0.18422195173576275,0.787037037037037,0.4999999999999999,0.5660110570138192,0.5660110570138192
isletmesinirlari.61,ALTINDERE TİM,akifersinirlari.9514,Sınırlı Verimli,0.5,spikuraklikindeks.39.019799999999996.43.3386,17784,-0.8,-1.51,-1.18,-1.85,-0.88,-1.77,0.8083333333333332,63706353.18378613,0.18422195173576275,0.787037037037037,0.4999999999999999,0.5660110570138192,0.5660110570138192
isletmesinirlari.61,ALTINDERE TİM,akifersinirlari.10442,Sınırlı Verimli,0.5,spikuraklikindeks.39.019799999999996.43.3386,17784,-0.8,-1.51,-1.18,-1.85,-0.88,-1.77,0.8083333333333332,63706353.18378613,0.18422195173576275,0.787037037037037,0.4999999999999999,0.5660110570138192,0.5660110570138192
isletmesinirlari.61,ALTINDERE TİM,akifersinirlari.11708,Sınırlı Verimli,0.5,spikuraklikindeks.39.019799999999996.43.3386,17784,-0.8,-1.51,-1.18,-1.85,-0.88,-1.77,0.8083333333333332,63706353.18378613,0.18422195173576275,0.787037037037037,0.4999999999999999,0.5660110570138192,0.5660110570138192
isletmesinirlari.61,ALTINDERE TİM,akifersinirlari.13187,Sınırlı Verimli,0.5,spikuraklikindeks.39.019799999999996.43.3386,17784,-0.8,-1.51,-1.18,-1.85,-0.88,-1.77,0.8083333333333332,63706353.18378613,0.18422195173576275,0.787037037037037,0.4999999999999999,0.5660110570138192,0.5660110570138192
isletmesinirlari.61,ALTINDERE TİM,akifersinirlari.16502,Sınırlı Verimli,0.5,spikuraklikindeks.39.019799999999996.43.3386,17784,-0.8,-1.51,-1.18,-1.85,-0.88,-1.77,0.8083333333333332,63706353.18378613,0.18422195173576275,0.787037037037037,0.4999999999999999,0.5660110570138192,0.5660110570138192
isletmesinirlari.61,ALTINDERE TİM,akifersinirlari.17353,Sınırlı Verimli,0.5,spikuraklikindeks.39.019799999999996.43.3386,17784,-0.8,-1.51,-1.18,-1.85,-0.88,-1.77,0.8083333333333332,63706353.18378613,0.18422195173576275,0.787037037037037,0.4999999999999999,0.5660110570138192,0.5660110570138192
isletmesinirlari.61,ALTINDERE TİM,akifersinirlari.18281,Sınırlı Verimli,0.5,spikuraklikindeks.39.019799999999996.43.3386,17784,-0.8,-1.51,-1.18,-1.85,-0.88,-1.77,0.8083333333333332,63706353.18378613,0.18422195173576275,0.787037037037037,0.4999999999999999,0.5660110570138192,0.5660110570138192
isletmesinirlari.61,ALTINDERE TİM,akifersinirlari.19422,Sınırlı Verimli,0.5,spikuraklikindeks.39.019799999999996.43.3386,17784,-0.8,-1.51,-1.18,-1.85,-0.88,-1.77,0.8083333333333332,63706353.18378613,0.18422195173576275,0.787037037037037,0.4999999999999999,0.5660110570138192,0.5660110570138192
isletmesinirlari.61,ALTINDERE TİM,akifersinirlari.82334,Sınırlı Verimli,0.5,spikuraklikindeks.39.019799999999996.43.3386,17784,-0.8,-1.51,-1.18,-1.85,-0.88,-1.77,0.8083333333333332,20100936.00927751,0.058126202712712925,0.787037037037037,0.4999999999999999,0.5407919072092091,0.5407919072092091
isletmesinirlari.61,ALTINDERE TİM,akifersinirlari.82561,Sınırlı Verimli,0.5,spikuraklikindeks.39.019799999999996.43.3386,17784,-0.8,-1.51,-1.18,-1.85,-0.88,-1.77,0.8083333333333332,20100936.00927751,0.058126202712712925,0.787037037037037,0.4999999999999999,0.5407919072092091,0.5407919072092091
isletmesinirlari.61,ALTINDERE TİM,akifersinirlari.82800,Sınırlı Verimli,0.5,spikuraklikindeks.39.019799999999996.43.3386,17784,-0.8,-1.51,-1.18,-1.85,-0.88,-1.77,0.8083333333333332,20100936.00927751,0.058126202712712925,0.787037037037037,0.4999999999999999,0.5407919072092091,0.5407919072092091
isletmesinirlari.61,ALTINDERE TİM,akifersinirlari.83039,Sınırlı Verimli,0.5,spikuraklikindeks.39.019799999999996.43.3386,17784,-0.8,-1.51,-1.18,-1.85,-0.88,-1.77,0.8083333333333332,20100936.00927751,0.058126202712712925,0.787037037037037,0.4999999999999999,0.5407919072092091,0.5407919072092091
isletmesinirlari.61,ALTINDERE TİM,akifersinirlari.83349,Sınırlı Verimli,0.5,spikuraklikindeks.39.019799999999996.43.3386,17784,-0.8,-1.51,-1.18,-1.85,-0.88,-1.77,0.8083333333333332,20100936.00927751,0.058126202712712925,0.787037037037037,0.4999999999999999,0.5407919072092091,0.5407919072092091
isletmesinirlari.61,ALTINDERE TİM,akifersinirlari.83714,Sınırlı Verimli,0.5,spikuraklikindeks.39.019799999999996.43.3386,17784,-0.8,-1.51,-1.18,-1.85,-0.88,-1.77,0.8083333333333332,20100936.00927751,0.058126202712712925,0.787037037037037,0.4999999999999999,0.5407919072092091,0.5407919072092091
isletmesinirlari.61,ALTINDERE TİM,akifersinirlari.84509,Sınırlı Verimli,0.5,spikuraklikindeks.39.019799999999996.43.3386,17784,-0.8,-1.51,-1.18,-1.85,-0.88,-1.77,0.8083333333333332,20100936.00927751,0.058126202712712925,0.787037037037037,0.4999999999999999,0.5407919072092091,0.5407919072092091
isletmesinirlari.61,ALTINDERE TİM,akifersinirlari.84736,Sınırlı Verimli,0.5,spikuraklikindeks.39.019799999999996.43.3386,17784,-0.8,-1.51,-1.18,-1.85,-0.88,-1.77,0.8083333333333332,20100936.00927751,0.058126202712712925,0.787037037037037,0.4999999999999999,0.5407919072092091,0.5407919072092091
isletmesinirlari.61,ALTINDERE TİM,akifersinirlari.84975,Sınırlı Verimli,0.5,spikuraklikindeks.39.019799999999996.43.3386,17784,-0.8,-1.51,-1.18,-1.85,-0.88,-1.77,0.8083333333333332,20100936.00927751,0.058126202712712925,0.787037037037037,0.4999999999999999,0.5407919072092091,0.5407919072092091
isletmesinirlari.61,ALTINDERE TİM,akifersinirlari.85269,Sınırlı Verimli,0.5,spikuraklikindeks.39.019799999999996.43.3386,17784,-0.8,-1.51,-1.18,-1.85,-0.88,-1.77,0.8083333333333332,20100936.00927751,0.058126202712712925,0.787037037037037,0.4999999999999999,0.5407919072092091,0.5407919072092091
isletmesinirlari.62,ALPARSLAN TİM,akifersinirlari.99176,Verimli,0.8,spikuraklikindeks.38.750900000000001.41.502299999999998,17204,-0.82,-1.01,0.04,-1.44,-0.61,-1.3,0.74,108264949.09845662,0.3130740506570959,0.7111111111111111,1.0,0.7326148101314192,0.7326148101314192
isletmesinirlari.62,ALPARSLAN TİM,akifersinirlari.99176,Verimli,0.8,spikuraklikindeks.38.959699999999998.41.0503,17776,-0.69,-1.34,-1.11,-1.87,-1.09,-1.83,0.8116666666666666,64353638.43535703,0.1860937356543012,0.7907407407407407,1.0,0.7430520804641936,0.7430520804641936
isletmesinirlari.63,GÖLE TİM,akifersinirlari.57520,Verimsiz,0.2,spikuraklikindeks.40.606059000000002.43.111877999999997,17097,0.28,-0.96,-0.46,-0.85,0.05,-1.0,0.6416666666666667,81467.5139446683,0.00023500389996381456,0.601851851851852,0.0,0.2708803341133261,0.2708803341133261
isletmesinirlari.63,GÖLE TİM,akifersinirlari.57520,Verimsiz,0.2,spikuraklikindeks.41.106099999999998.42.705500000000001,17046,0.97,-0.18,-0.05,-0.12,0.75,0.1,0.52,1038020.7749463642,0.003001112052162887,0.4666666666666667,0.0,0.2106002224104326,0.2106002224104326
isletmesinirlari.63,GÖLE TİM,akifersinirlari.58252,Verimli,0.8,spikuraklikindeks.41.106099999999998.42.705500000000001,17046,0.97,-0.18,-0.05,-0.12,0.75,0.1,0.52,1784659.4614891682,0.005160200773924713,0.4666666666666667,1.0,0.561032040154785,0.561032040154785
isletmesinirlari.63,GÖLE TİM,akifersinirlari.59241,Verimsiz,0.2,spikuraklikindeks.40.606059000000002.43.111877999999997,17097,0.28,-0.96,-0.46,-0.85,0.05,-1.0,0.6416666666666667,81467.5139446683,0.00023500389996381456,0.601851851851852,0.0,0.2708803341133261,0.2708803341133261
isletmesinirlari.63,GÖLE TİM,akifersinirlari.59241,Verimsiz,0.2,spikuraklikindeks.41.106099999999998.42.705500000000001,17046,0.97,-0.18,-0.05,-0.12,0.75,0.1,0.52,1038020.7749463642,0.003001112052162887,0.4666666666666667,0.0,0.2106002224104326,0.2106002224104326
isletmesinirlari.63,GÖLE TİM,akifersinirlari.59973,Verimli,0.8,spikuraklikindeks.41.106099999999998.42.705500000000001,17046,0.97,-0.18,-0.05,-0.12,0.75,0.1,0.52,1784659.4614891682,0.005160200773924713,0.4666666666666667,1.0,0.561032040154785,0.561032040154785
isletmesinirlari.63,GÖLE TİM,akifersinirlari.60962,Verimsiz,0.2,spikuraklikindeks.40.606059000000002.43.111877999999997,17097,0.28,-0.96,-0.46,-0.85,0.05,-1.0,0.6416666666666667,81467.5139446683,0.00023500389996381456,0.601851851851852,0.0,0.2708803341133261,0.2708803341133261
isletmesinirlari.63,GÖLE TİM,akifersinirlari.60962,Verimsiz,0.2,spikuraklikindeks.41.106099999999998.42.705500000000001,17046,0.97,-0.18,-0.05,-0.12,0.75,0.1,0.52,1038020.7749463642,0.003001112052162887,0.4666666666666667,0.0,0.2106002224104326,0.2106002224104326
isletmesinirlari.63,GÖLE TİM,akifersinirlari.61694,Verimli,0.8,spikuraklikindeks.41.106099999999998.42.705500000000001,17046,0.97,-0.18,-0.05,-0.12,0.75,0.1,0.52,1784659.4614891682,0.005160200773924713,0.4666666666666667,1.0,0.561032040154785,0.561032040154785
isletmesinirlari.63,GÖLE TİM,akifersinirlari.103301,Verimli,0.8,spikuraklikindeks.40.606059000000002.43.111877999999997,17097,0.28,-0.96,-0.46,-0.85,0.05,-1.0,0.6416666666666667,12153476.247393413,0.03514417533077635,0.601851851851852,1.0,0.6278621683994886,0.6278621683994886
isletmesinirlari.63,GÖLE TİM,akifersinirlari.103301,Verimli,0.8,spikuraklikindeks.41.106099999999998.42.705500000000001,17046,0.97,-0.18,-0.05,-0.12,0.75,0.1,0.52,13007397.469399154,0.03761349779281298,0.4666666666666667,1.0,0.5675226995585626,0.5675226995585626
isletmesinirlari.63,GÖLE TİM,akifersinirlari.103306,Sınırlı Verimli,0.5,spikuraklikindeks.40.606059000000002.43.111877999999997,17097,0.28,-0.96,-0.46,-0.85,0.05,-1.0,0.6416666666666667,733162.7692209388,0.002119540424863029,0.601851851851852,0.4999999999999999,0.4462572414183059,0.4462572414183059
isletmesinirlari.63,GÖLE TİM,akifersinirlari.103306,Sınırlı Verimli,0.5,spikuraklikindeks.41.106099999999998.42.705500000000001,17046,0.97,-0.18,-0.05,-0.12,0.75,0.1,0.52,8708644.009783491,0.025182598778904573,0.4666666666666667,0.4999999999999999,0.3900365197557809,0.3900365197557809
isletmesinirlari.63,GÖLE TİM,akifersinirlari.103418,Verimli,0.8,spikuraklikindeks.40.606059000000002.43.111877999999997,17097,0.28,-0.96,-0.46,-0.85,0.05,-1.0,0.6416666666666667,12153476.247393413,0.03514417533077635,0.601851851851852,1.0,0.6278621683994886,0.6278621683994886
isletmesinirlari.63,GÖLE TİM,akifersinirlari.103418,Verimli,0.8,spikuraklikindeks.41.106099999999998.42.705500000000001,17046,0.97,-0.18,-0.05,-0.12,0.75,0.1,0.52,13007397.469399154,0.03761349779281298,0.4666666666666667,1.0,0.5675226995585626,0.5675226995585626
isletmesinirlari.63,GÖLE TİM,akifersinirlari.103423,Sınırlı Verimli,0.5,spikuraklikindeks.40.606059000000002.43.111877999999997,17097,0.28,-0.96,-0.46,-0.85,0.05,-1.0,0.6416666666666667,733162.7692209388,0.002119540424863029,0.601851851851852,0.4999999999999999,0.4462572414183059,0.4462572414183059
isletmesinirlari.63,GÖLE TİM,akifersinirlari.103423,Sınırlı Verimli,0.5,spikuraklikindeks.41.106099999999998.42.705500000000001,17046,0.97,-0.18,-0.05,-0.12,0.75,0.1,0.52,8708644.009783491,0.025182598778904573,0.4666666666666667,0.4999999999999999,0.3900365197557809,0.3900365197557809
isletmesinirlari.63,GÖLE TİM,akifersinirlari.106646,Verimli,0.8,spikuraklikindeks.40.606059000000002.43.111877999999997,17097,0.28,-0.96,-0.46,-0.85,0.05,-1.0,0.6416666666666667,12153476.247393413,0.03514417533077635,0.601851851851852,1.0,0.6278621683994886,0.6278621683994886
isletmesinirlari.63,GÖLE TİM,akifersinirlari.106646,Verimli,0.8,spikuraklikindeks.41.106099999999998.42.705500000000001,17046,0.97,-0.18,-0.05,-0.12,0.75,0.1,0.52,13007397.469399154,0.03761349779281298,0.4666666666666667,1.0,0.5675226995585626,0.5675226995585626
isletmesinirlari.63,GÖLE TİM,akifersinirlari.106651,Sınırlı Verimli,0.5,spikuraklikindeks.40.606059000000002.43.111877999999997,17097,0.28,-0.96,-0.46,-0.85,0.05,-1.0,0.6416666666666667,733162.7692209388,0.002119540424863029,0.601851851851852,0.4999999999999999,0.4462572414183059,0.4462572414183059
isletmesinirlari.63,GÖLE TİM,akifersinirlari.106651,Sınırlı Verimli,0.5,spikuraklikindeks.41.106099999999998.42.705500000000001,17046,0.97,-0.18,-0.05,-0.12,0.75,0.1,0.52,8708644.009783491,0.025182598778904573,0.4666666666666667,0.4999999999999999,0.3900365197557809,0.3900365197557809
isletmesinirlari.68,HAFİK TİM,akifersinirlari.40779,Sınırlı Verimli,0.5,spikuraklikindeks.39.743699999999997.37.002000000000002,17090,-0.88,-1.59,-0.31,-1.92,-1.77,-1.29,0.82,83619.14049041577,0.000241225855364863,0.7999999999999999,0.4999999999999999,0.5350482451710729,0.5350482451710729
isletmesinirlari.68,HAFİK TİM,akifersinirlari.94821,Verimli,0.8,spikuraklikindeks.39.743699999999997.37.002000000000002,17090,-0.88,-1.59,-0.31,-1.92,-1.77,-1.29,0.82,4184679.1256299964,0.012100445744148335,0.7999999999999999,1.0,0.7124200891488296,0.7124200891488296
isletmesinirlari.69,HAFİK1 TİM,akifersinirlari.94821,Verimli,0.8,spikuraklikindeks.39.743699999999997.37.002000000000002,17090,-0.88,-1.59,-0.31,-1.92,-1.77,-1.29,0.82,4455.318626924347,1.2304265795946607e-05,0.7999999999999999,1.0,0.7100024608531591,0.7100024608531591
isletmesinirlari.70,HAFİK2 TİM,akifersinirlari.94821,Verimli,0.8,spikuraklikindeks.39.743699999999997.37.002000000000002,17090,-0.88,-1.59,-0.31,-1.92,-1.77,-1.29,0.82,5809.215958959174,1.6219391696474448e-05,0.7999999999999999,1.0,0.7100032438783392,0.7100032438783392
isletmesinirlari.71,HAFİK3 TİM,akifersinirlari.94821,Verimli,0.8,spikuraklikindeks.39.743699999999997.37.002000000000002,17090,-0.88,-1.59,-0.31,-1.92,-1.77,-1.29,0.82,8433.845364929643,2.38091507745562e-05,0.7999999999999999,1.0,0.7100047618301549,0.7100047618301549
isletmesinirlari.72,GELEMEN TİM,akifersinirlari.99910,Sınırlı Verimli,0.5,spikuraklikindeks.40.915599999999998.33.625799999999998,17648,-0.54,-2.05,-1.61,-2.05,-1.14,-2.62,0.8416666666666667,13621078.820287904,0.03938810779808157,0.8240740740740741,0.4999999999999999,0.5537109548929496,0.5537109548929496
isletmesinirlari.72,GELEMEN TİM,akifersinirlari.99910,Sınırlı Verimli,0.5,spikuraklikindeks.41.371000000000002.33.775599999999997,17074,0.51,-0.94,-1.56,-1.46,-1.09,-1.6,0.7433333333333333,13621078.820287904,0.03938810779808157,0.7148148148148148,0.4999999999999999,0.5045442882262829,0.5045442882262829
isletmesinirlari.72,GELEMEN TİM,akifersinirlari.101224,Sınırlı Verimli,0.5,spikuraklikindeks.40.915599999999998.33.625799999999998,17648,-0.54,-2.05,-1.61,-2.05,-1.14,-2.62,0.8416666666666667,10922071.29949396,0.03158326617504779,0.8240740740740741,0.4999999999999999,0.5521499865683428,0.5521499865683428
isletmesinirlari.72,GELEMEN TİM,akifersinirlari.101224,Sınırlı Verimli,0.5,spikuraklikindeks.41.371000000000002.33.775599999999997,17074,0.51,-0.94,-1.56,-1.46,-1.09,-1.6,0.7433333333333333,10922071.29949396,0.03158326617504779,0.7148148148148148,0.4999999999999999,0.5029833199016761,0.5029833199016761
isletmesinirlari.73,TÜRKGELDİ TİM,akifersinirlari.89829,Verimli,0.8,spikuraklikindeks.40.958500000000001.27.496500000000001,17056,-0.49,-0.87,-1.57,-2.57,-1.62,-2.48,0.9283333333333333,4902040.330639641,0.014174871453774357,0.9203703703703704,1.0,0.7670016409574215,0.7670016409574215
isletmesinirlari.73,TÜRKGELDİ TİM,akifersinirlari.89829,Verimli,0.8,spikuraklikindeks.41.1798.27.815999999999999,17054,-0.65,-1.78,-2.02,-2.57,-2.08,-2.61,0.9283333333333333,4902040.330639641,0.014174871453774357,0.9203703703703704,1.0,0.7670016409574215,0.7670016409574215
isletmesinirlari.73,TÜRKGELDİ TİM,akifersinirlari.89829,Verimli,0.8,spikuraklikindeks.41.738199999999999.27.2178,17052,-1.14,-0.78,-1.06,-1.87,-1.16,-1.53,0.8116666666666666,4902040.330639641,0.014174871453774357,0.7907407407407407,1.0,0.7086683076240882,0.7086683076240882
isletmesinirlari.73,TÜRKGELDİ TİM,akifersinirlari.89834,Verimli,0.8,spikuraklikindeks.40.958500000000001.27.496500000000001,17056,-0.49,-0.87,-1.57,-2.57,-1.62,-2.48,0.9283333333333333,524869.4985065279,0.0015172093914943405,0.9203703703703704,1.0,0.7644701085449656,0.7644701085449656
isletmesinirlari.73,TÜRKGELDİ TİM,akifersinirlari.89834,Verimli,0.8,spikuraklikindeks.41.1798.27.815999999999999,17054,-0.65,-1.78,-2.02,-2.57,-2.08,-2.61,0.9283333333333333,524869.4985065279,0.0015172093914943405,0.9203703703703704,1.0,0.7644701085449656,0.7644701085449656
isletmesinirlari.73,TÜRKGELDİ TİM,akifersinirlari.89834,Verimli,0.8,spikuraklikindeks.41.738199999999999.27.2178,17052,-1.14,-0.78,-1.06,-1.87,-1.16,-1.53,0.8116666666666666,524869.4985065279,0.0015172093914943405,0.7907407407407407,1.0,0.7061367752116322,0.7061367752116322
isletmesinirlari.73,TÜRKGELDİ TİM,akifersinirlari.89835,Verimli,0.8,spikuraklikindeks.40.958500000000001.27.496500000000001,17056,-0.49,-0.87,-1.57,-2.57,-1.62,-2.48,0.9283333333333333,12564621.899720335,0.03633310373341622,0.9203703703703704,1.0,0.7714332874133499,0.7714332874133499
isletmesinirlari.73,TÜRKGELDİ TİM,akifersinirlari.89835,Verimli,0.8,spikuraklikindeks.41.1798.27.815999999999999,17054,-0.65,-1.78,-2.02,-2.57,-2.08,-2.61,0.9283333333333333,13996897.753401203,0.040474880335500805,0.9203703703703704,1.0,0.7722616427337669,0.7722616427337669
isletmesinirlari.73,TÜRKGELDİ TİM,akifersinirlari.89835,Verimli,0.8,spikuraklikindeks.41.272599999999997.26.7056,17608,-1.19,-2.0,-0.98,-2.19,-2.15,-1.55,0.865,1061420.449368648,0.003068777944713922,0.85,1.0,0.7331137555889428,0.7331137555889428
isletmesinirlari.73,TÜRKGELDİ TİM,akifersinirlari.89835,Verimli,0.8,spikuraklikindeks.41.738199999999999.27.2178,17052,-1.14,-0.78,-1.06,-1.87,-1.16,-1.53,0.8116666666666666,13996897.753401203,0.040474880335500805,0.7907407407407407,1.0,0.7139283094004335,0.7139283094004335
isletmesinirlari.73,TÜRKGELDİ TİM,akifersinirlari.89960,Verimli,0.8,spikuraklikindeks.40.958500000000001.27.496500000000001,17056,-0.49,-0.87,-1.57,-2.57,-1.62,-2.48,0.9283333333333333,14376715.735438997,0.041573217102829726,0.9203703703703704,1.0,0.7724813100872326,0.7724813100872326
isletmesinirlari.73,TÜRKGELDİ TİM,akifersinirlari.89960,Verimli,0.8,spikuraklikindeks.41.1798.27.815999999999999,17054,-0.65,-1.78,-2.02,-2.57,-2.08,-2.61,0.9283333333333333,14376715.735438997,0.041573217102829726,0.9203703703703704,1.0,0.7724813100872326,0.7724813100872326
isletmesinirlari.73,TÜRKGELDİ TİM,akifersinirlari.89960,Verimli,0.8,spikuraklikindeks.41.272599999999997.26.7056,17608,-1.19,-2.0,-0.98,-2.19,-2.15,-1.55,0.865,1586740.6165270149,0.004587869934813532,0.85,1.0,0.7334175739869626,0.7334175739869626
isletmesinirlari.73,TÜRKGELDİ TİM,akifersinirlari.89960,Verimli,0.8,spikuraklikindeks.41.738199999999999.27.2178,17052,-1.14,-0.78,-1.06,-1.87,-1.16,-1.53,0.8116666666666666,14376715.735438997,0.041573217102829726,0.7907407407407407,1.0,0.7141479767538993,0.7141479767538993
isletmesinirlari.73,TÜRKGELDİ TİM,akifersinirlari.90111,Verimli,0.8,spikuraklikindeks.40.958500000000001.27.496500000000001,17056,-0.49,-0.87,-1.57,-2.57,-1.62,-2.48,0.9283333333333333,4902040.330639641,0.014174871453774357,0.9203703703703704,1.0,0.7670016409574215,0.7670016409574215
isletmesinirlari.73,TÜRKGELDİ TİM,akifersinirlari.90111,Verimli,0.8,spikuraklikindeks.41.1798.27.815999999999999,17054,-0.65,-1.78,-2.02,-2.57,-2.08,-2.61,0.9283333333333333,4902040.330639641,0.014174871453774357,0.9203703703703704,1.0,0.7670016409574215,0.7670016409574215
isletmesinirlari.73,TÜRKGELDİ TİM,akifersinirlari.90111,Verimli,0.8,spikuraklikindeks.41.738199999999999.27.2178,17052,-1.14,-0.78,-1.06,-1.87,-1.16,-1.53,0.8116666666666666,4902040.330639641,0.014174871453774357,0.7907407407407407,1.0,0.7086683076240882,0.7086683076240882
isletmesinirlari.73,TÜRKGELDİ TİM,akifersinirlari.90116,Verimli,0.8,spikuraklikindeks.40.958500000000001.27.496500000000001,17056,-0.49,-0.87,-1.57,-2.57,-1.62,-2.48,0.9283333333333333,524869.4985065279,0.0015172093914943405,0.9203703703703704,1.0,0.7644701085449656,0.7644701085449656
isletmesinirlari.73,TÜRKGELDİ TİM,akifersinirlari.90116,Verimli,0.8,spikuraklikindeks.41.1798.27.815999999999999,17054,-0.65,-1.78,-2.02,-2.57,-2.08,-2.61,0.9283333333333333,524869.4985065279,0.0015172093914943405,0.9203703703703704,1.0,0.7644701085449656,0.7644701085449656
isletmesinirlari.73,TÜRKGELDİ TİM,akifersinirlari.90116,Verimli,0.8,spikuraklikindeks.41.738199999999999.27.2178,17052,-1.14,-0.78,-1.06,-1.87,-1.16,-1.53,0.8116666666666666,524869.4985065279,0.0015172093914943405,0.7907407407407407,1.0,0.7061367752116322,0.7061367752116322
isletmesinirlari.73,TÜRKGELDİ TİM,akifersinirlari.90117,Verimli,0.8,spikuraklikindeks.40.958500000000001.27.496500000000001,17056,-0.49,-0.87,-1.57,-2.57,-1.62,-2.48,0.9283333333333333,12564621.899720335,0.03633310373341622,0.9203703703703704,1.0,0.7714332874133499,0.7714332874133499
isletmesinirlari.73,TÜRKGELDİ TİM,akifersinirlari.90117,Verimli,0.8,spikuraklikindeks.41.1798.27.815999999999999,17054,-0.65,-1.78,-2.02,-2.57,-2.08,-2.61,0.9283333333333333,13996897.753401203,0.040474880335500805,0.9203703703703704,1.0,0.7722616427337669,0.7722616427337669
isletmesinirlari.73,TÜRKGELDİ TİM,akifersinirlari.90117,Verimli,0.8,spikuraklikindeks.41.272599999999997.26.7056,17608,-1.19,-2.0,-0.98,-2.19,-2.15,-1.55,0.865,1061420.449368648,0.003068777944713922,0.85,1.0,0.7331137555889428,0.7331137555889428
isletmesinirlari.73,TÜRKGELDİ TİM,akifersinirlari.90117,Verimli,0.8,spikuraklikindeks.41.738199999999999.27.2178,17052,-1.14,-0.78,-1.06,-1.87,-1.16,-1.53,0.8116666666666666,13996897.753401203,0.040474880335500805,0.7907407407407407,1.0,0.7139283094004335,0.7139283094004335
isletmesinirlari.73,TÜRKGELDİ TİM,akifersinirlari.90242,Verimli,0.8,spikuraklikindeks.40.958500000000001.27.496500000000001,17056,-0.49,-0.87,-1.57,-2.57,-1.62,-2.48,0.9283333333333333,14376715.735438997,0.041573217102829726,0.9203703703703704,1.0,0.7724813100872326,0.7724813100872326
isletmesinirlari.73,TÜRKGELDİ TİM,akifersinirlari.90242,Verimli,0.8,spikuraklikindeks.41.1798.27.815999999999999,17054,-0.65,-1.78,-2.02,-2.57,-2.08,-2.61,0.9283333333333333,14376715.735438997,0.041573217102829726,0.9203703703703704,1.0,0.7724813100872326,0.7724813100872326
isletmesinirlari.73,TÜRKGELDİ TİM,akifersinirlari.90242,Verimli,0.8,spikuraklikindeks.41.272599999999997.26.7056,17608,-1.19,-2.0,-0.98,-2.19,-2.15,-1.55,0.865,1586740.6165270149,0.004587869934813532,0.85,1.0,0.7334175739869626,0.7334175739869626
isletmesinirlari.73,TÜRKGELDİ TİM,akifersinirlari.90242,Verimli,0.8,spikuraklikindeks.41.738199999999999.27.2178,17052,-1.14,-0.78,-1.06,-1.87,-1.16,-1.53,0.8116666666666666,14376715.735438997,0.041573217102829726,0.7907407407407407,1.0,0.7141479767538993,0.7141479767538993
isletmesinirlari.73,TÜRKGELDİ TİM,akifersinirlari.91055,Verimli,0.8,spikuraklikindeks.40.958500000000001.27.496500000000001,17056,-0.49,-0.87,-1.57,-2.57,-1.62,-2.48,0.9283333333333333,4902040.330639641,0.014174871453774357,0.9203703703703704,1.0,0.7670016409574215,0.7670016409574215
isletmesinirlari.73,TÜRKGELDİ TİM,akifersinirlari.91055,Verimli,0.8,spikuraklikindeks.41.1798.27.815999999999999,17054,-0.65,-1.78,-2.02,-2.57,-2.08,-2.61,0.9283333333333333,4902040.330639641,0.014174871453774357,0.9203703703703704,1.0,0.7670016409574215,0.7670016409574215
isletmesinirlari.73,TÜRKGELDİ TİM,akifersinirlari.91055,Verimli,0.8,spikuraklikindeks.41.738199999999999.27.2178,17052,-1.14,-0.78,-1.06,-1.87,-1.16,-1.53,0.8116666666666666,4902040.330639641,0.014174871453774357,0.7907407407407407,1.0,0.7086683076240882,0.7086683076240882
isletmesinirlari.73,TÜRKGELDİ TİM,akifersinirlari.91060,Verimli,0.8,spikuraklikindeks.40.958500000000001.27.496500000000001,17056,-0.49,-0.87,-1.57,-2.57,-1.62,-2.48,0.9283333333333333,524869.4985065279,0.0015172093914943405,0.9203703703703704,1.0,0.7644701085449656,0.7644701085449656
isletmesinirlari.73,TÜRKGELDİ TİM,akifersinirlari.91060,Verimli,0.8,spikuraklikindeks.41.1798.27.815999999999999,17054,-0.65,-1.78,-2.02,-2.57,-2.08,-2.61,0.9283333333333333,524869.4985065279,0.0015172093914943405,0.9203703703703704,1.0,0.7644701085449656,0.7644701085449656
isletmesinirlari.73,TÜRKGELDİ TİM,akifersinirlari.91060,Verimli,0.8,spikuraklikindeks.41.738199999999999.27.2178,17052,-1.14,-0.78,-1.06,-1.87,-1.16,-1.53,0.8116666666666666,524869.4985065279,0.0015172093914943405,0.7907407407407407,1.0,0.7061367752116322,0.7061367752116322
isletmesinirlari.73,TÜRKGELDİ TİM,akifersinirlari.91061,Verimli,0.8,spikuraklikindeks.40.958500000000001.27.496500000000001,17056,-0.49,-0.87,-1.57,-2.57,-1.62,-2.48,0.9283333333333333,12564621.899720335,0.03633310373341622,0.9203703703703704,1.0,0.7714332874133499,0.7714332874133499
isletmesinirlari.73,TÜRKGELDİ TİM,akifersinirlari.91061,Verimli,0.8,spikuraklikindeks.41.1798.27.815999999999999,17054,-0.65,-1.78,-2.02,-2.57,-2.08,-2.61,0.9283333333333333,13996897.753401203,0.040474880335500805,0.9203703703703704,1.0,0.7722616427337669,0.7722616427337669
isletmesinirlari.73,TÜRKGELDİ TİM,akifersinirlari.91061,Verimli,0.8,spikuraklikindeks.41.272599999999997.26.7056,17608,-1.19,-2.0,-0.98,-2.19,-2.15,-1.55,0.865,1061420.449368648,0.003068777944713922,0.85,1.0,0.7331137555889428,0.7331137555889428
isletmesinirlari.73,TÜRKGELDİ TİM,akifersinirlari.91061,Verimli,0.8,spikuraklikindeks.41.738199999999999.27.2178,17052,-1.14,-0.78,-1.06,-1.87,-1.16,-1.53,0.8116666666666666,13996897.753401203,0.040474880335500805,0.7907407407407407,1.0,0.7139283094004335,0.7139283094004335
isletmesinirlari.73,TÜRKGELDİ TİM,akifersinirlari.91186,Verimli,0.8,spikuraklikindeks.40.958500000000001.27.496500000000001,17056,-0.49,-0.87,-1.57,-2.57,-1.62,-2.48,0.9283333333333333,14376715.735438997,0.041573217102829726,0.9203703703703704,1.0,0.7724813100872326,0.7724813100872326
isletmesinirlari.73,TÜRKGELDİ TİM,akifersinirlari.91186,Verimli,0.8,spikuraklikindeks.41.1798.27.815999999999999,17054,-0.65,-1.78,-2.02,-2.57,-2.08,-2.61,0.9283333333333333,14376715.735438997,0.041573217102829726,0.9203703703703704,1.0,0.7724813100872326,0.7724813100872326
isletmesinirlari.73,TÜRKGELDİ TİM,akifersinirlari.91186,Verimli,0.8,spikuraklikindeks.41.272599999999997.26.7056,17608,-1.19,-2.0,-0.98,-2.19,-2.15,-1.55,0.865,1586740.6165270149,0.004587869934813532,0.85,1.0,0.7334175739869626,0.7334175739869626
isletmesinirlari.73,TÜRKGELDİ TİM,akifersinirlari.91186,Verimli,0.8,spikuraklikindeks.41.738199999999999.27.2178,17052,-1.14,-0.78,-1.06,-1.87,-1.16,-1.53,0.8116666666666666,14376715.735438997,0.041573217102829726,0.7907407407407407,1.0,0.7141479767538993,0.7141479767538993
isletmesinirlari.73,TÜRKGELDİ TİM,akifersinirlari.92414,Verimli,0.8,spikuraklikindeks.40.958500000000001.27.496500000000001,17056,-0.49,-0.87,-1.57,-2.57,-1.62,-2.48,0.9283333333333333,4902040.330639641,0.014174871453774357,0.9203703703703704,1.0,0.7670016409574215,0.7670016409574215
isletmesinirlari.73,TÜRKGELDİ TİM,akifersinirlari.92414,Verimli,0.8,spikuraklikindeks.41.1798.27.815999999999999,17054,-0.65,-1.78,-2.02,-2.57,-2.08,-2.61,0.9283333333333333,4902040.330639641,0.014174871453774357,0.9203703703703704,1.0,0.7670016409574215,0.7670016409574215
isletmesinirlari.73,TÜRKGELDİ TİM,akifersinirlari.92414,Verimli,0.8,spikuraklikindeks.41.738199999999999.27.2178,17052,-1.14,-0.78,-1.06,-1.87,-1.16,-1.53,0.8116666666666666,4902040.330639641,0.014174871453774357,0.7907407407407407,1.0,0.7086683076240882,0.7086683076240882
isletmesinirlari.73,TÜRKGELDİ TİM,akifersinirlari.92419,Verimli,0.8,spikuraklikindeks.40.958500000000001.27.496500000000001,17056,-0.49,-0.87,-1.57,-2.57,-1.62,-2.48,0.9283333333333333,524869.4985065279,0.0015172093914943405,0.9203703703703704,1.0,0.7644701085449656,0.7644701085449656
isletmesinirlari.73,TÜRKGELDİ TİM,akifersinirlari.92419,Verimli,0.8,spikuraklikindeks.41.1798.27.815999999999999,17054,-0.65,-1.78,-2.02,-2.57,-2.08,-2.61,0.9283333333333333,524869.4985065279,0.0015172093914943405,0.9203703703703704,1.0,0.7644701085449656,0.7644701085449656
isletmesinirlari.73,TÜRKGELDİ TİM,akifersinirlari.92419,Verimli,0.8,spikuraklikindeks.41.738199999999999.27.2178,17052,-1.14,-0.78,-1.06,-1.87,-1.16,-1.53,0.8116666666666666,524869.4985065279,0.0015172093914943405,0.7907407407407407,1.0,0.7061367752116322,0.7061367752116322
isletmesinirlari.73,TÜRKGELDİ TİM,akifersinirlari.92420,Verimli,0.8,spikuraklikindeks.40.958500000000001.27.496500000000001,17056,-0.49,-0.87,-1.57,-2.57,-1.62,-2.48,0.9283333333333333,12564621.899720335,0.03633310373341622,0.9203703703703704,1.0,0.7714332874133499,0.7714332874133499
isletmesinirlari.73,TÜRKGELDİ TİM,akifersinirlari.92420,Verimli,0.8,spikuraklikindeks.41.1798.27.815999999999999,17054,-0.65,-1.78,-2.02,-2.57,-2.08,-2.61,0.9283333333333333,13996897.753401203,0.040474880335500805,0.9203703703703704,1.0,0.7722616427337669,0.7722616427337669
isletmesinirlari.73,TÜRKGELDİ TİM,akifersinirlari.92420,Verimli,0.8,spikuraklikindeks.41.272599999999997.26.7056,17608,-1.19,-2.0,-0.98,-2.19,-2.15,-1.55,0.865,1061420.449368648,0.003068777944713922,0.85,1.0,0.7331137555889428,0.7331137555889428
isletmesinirlari.73,TÜRKGELDİ TİM,akifersinirlari.92420,Verimli,0.8,spikuraklikindeks.41.738199999999999.27.2178,17052,-1.14,-0.78,-1.06,-1.87,-1.16,-1.53,0.8116666666666666,13996897.753401203,0.040474880335500805,0.7907407407407407,1.0,0.7139283094004335,0.7139283094004335
isletmesinirlari.73,TÜRKGELDİ TİM,akifersinirlari.92545,Verimli,0.8,spikuraklikindeks.40.958500000000001.27.496500000000001,17056,-0.49,-0.87,-1.57,-2.57,-1.62,-2.48,0.9283333333333333,14376715.735438997,0.041573217102829726,0.9203703703703704,1.0,0.7724813100872326,0.7724813100872326
isletmesinirlari.73,TÜRKGELDİ TİM,akifersinirlari.92545,Verimli,0.8,spikuraklikindeks.41.1798.27.815999999999999,17054,-0.65,-1.78,-2.02,-2.57,-2.08,-2.61,0.9283333333333333,14376715.735438997,0.041573217102829726,0.9203703703703704,1.0,0.7724813100872326,0.7724813100872326
isletmesinirlari.73,TÜRKGELDİ TİM,akifersinirlari.92545,Verimli,0.8,spikuraklikindeks.41.272599999999997.26.7056,17608,-1.19,-2.0,-0.98,-2.19,-2.15,-1.55,0.865,1586740.6165270149,0.004587869934813532,0.85,1.0,0.7334175739869626,0.7334175739869626
isletmesinirlari.73,TÜRKGELDİ TİM,akifersinirlari.92545,Verimli,0.8,spikuraklikindeks.41.738199999999999.27.2178,17052,-1.14,-0.78,-1.06,-1.87,-1.16,-1.53,0.8116666666666666,14376715.735438997,0.041573217102829726,0.7907407407407407,1.0,0.7141479767538993,0.7141479767538993
isletmesinirlari.74,DALAMAN TİM,akifersinirlari.131166,Verimsiz,0.2,spikuraklikindeks.36.626800000000003.29.123899999999999,17296,1.13,1.03,1.39,-0.69,-1.03,-1.26,0.615,2313848.5910663567,0.00669048081692589,0.5722222222222222,0.0,0.2588380961633852,0.2588380961633852
isletmesinirlari.74,DALAMAN TİM,akifersinirlari.131166,Verimsiz,0.2,spikuraklikindeks.36.839500000000001.28.245200000000001,17298,0.02,-0.13,1.25,0.53,-0.73,-0.55,0.4116666666666666,2313848.5910663567,0.00669048081692589,0.34629629629629627,0.0,0.1571714294967185,0.1571714294967185
isletmesinirlari.74,DALAMAN TİM,akifersinirlari.131166,Verimsiz,0.2,spikuraklikindeks.36.969999999999999.28.686900000000001,17924,0.47,0.17,1.66,-0.29,-1.66,-0.52,0.5483333333333333,2313848.5910663567,0.00669048081692589,0.4981481481481482,0.0,0.22550476283005186,0.22550476283005186
isletmesinirlari.74,DALAMAN TİM,akifersinirlari.131169,Verimsiz,0.2,spikuraklikindeks.36.626800000000003.29.123899999999999,17296,1.13,1.03,1.39,-0.69,-1.03,-1.26,0.615,1776218.3801379176,0.00513579131875792,0.5722222222222222,0.0,0.2585271582637516,0.2585271582637516
isletmesinirlari.74,DALAMAN TİM,akifersinirlari.131169,Verimsiz,0.2,spikuraklikindeks.36.839500000000001.28.245200000000001,17298,0.02,-0.13,1.25,0.53,-0.73,-0.55,0.4116666666666666,1776218.3801379176,0.00513579131875792,0.34629629629629627,0.0,0.1568604915970849,0.1568604915970849
isletmesinirlari.74,DALAMAN TİM,akifersinirlari.131169,Verimsiz,0.2,spikuraklikindeks.36.969999999999999.28.686900000000001,17924,0.47,0.17,1.66,-0.29,-1.66,-0.52,0.5483333333333333,1776218.3801379176,0.00513579131875792,0.4981481481481482,0.0,0.22519382493041826,0.22519382493041826
isletmesinirlari.74,DALAMAN TİM,akifersinirlari.132063,Sınırlı Verimli,0.5,spikuraklikindeks.36.626800000000003.29.123899999999999,17296,1.13,1.03,1.39,-0.69,-1.03,-1.26,0.615,9568.426009006755,2.7090068729529758e-05,0.5722222222222222,0.4999999999999999,0.4325054180137459,0.4325054180137459
isletmesinirlari.74,DALAMAN TİM,akifersinirlari.132063,Sınırlı Verimli,0.5,spikuraklikindeks.36.969999999999999.28.686900000000001,17924,0.47,0.17,1.66,-0.29,-1.66,-0.52,0.5483333333333333,9568.426009006755,2.7090068729529758e-05,0.4981481481481482,0.4999999999999999,0.3991720846804126,0.3991720846804126
isletmesinirlari.74,DALAMAN TİM,akifersinirlari.132644,Sınırlı Verimli,0.5,spikuraklikindeks.36.626800000000003.29.123899999999999,17296,1.13,1.03,1.39,-0.69,-1.03,-1.26,0.615,3221.928959744739,8.737617338075148e-06,0.5722222222222222,0.4999999999999999,0.4325017475234676,0.4325017475234676
isletmesinirlari.74,DALAMAN TİM,akifersinirlari.132644,Sınırlı Verimli,0.5,spikuraklikindeks.36.969999999999999.28.686900000000001,17924,0.47,0.17,1.66,-0.29,-1.66,-0.52,0.5483333333333333,3221.928959744739,8.737617338075148e-06,0.4981481481481482,0.4999999999999999,0.39916841419013427,0.39916841419013427
isletmesinirlari.74,DALAMAN TİM,akifersinirlari.132917,Verimsiz,0.2,spikuraklikindeks.36.626800000000003.29.123899999999999,17296,1.13,1.03,1.39,-0.69,-1.03,-1.26,0.615,27456.413760169875,7.881756866310818e-05,0.5722222222222222,0.0,0.2575157635137326,0.2575157635137326
isletmesinirlari.74,DALAMAN TİM,akifersinirlari.132917,Verimsiz,0.2,spikuraklikindeks.36.969999999999999.28.686900000000001,17924,0.47,0.17,1.66,-0.29,-1.66,-0.52,0.5483333333333333,27456.413760169875,7.881756866310818e-05,0.4981481481481482,0.0,0.2241824301803993,0.2241824301803993
isletmesinirlari.74,DALAMAN TİM,akifersinirlari.133194,Sınırlı Verimli,0.5,spikuraklikindeks.36.626800000000003.29.123899999999999,17296,1.13,1.03,1.39,-0.69,-1.03,-1.26,0.615,313.50503987164484,3.2719688078972326e-07,0.5722222222222222,0.4999999999999999,0.43250006543937614,0.43250006543937614
isletmesinirlari.74,DALAMAN TİM,akifersinirlari.133194,Sınırlı Verimli,0.5,spikuraklikindeks.36.969999999999999.28.686900000000001,17924,0.47,0.17,1.66,-0.29,-1.66,-0.52,0.5483333333333333,313.50503987164484,3.2719688078972326e-07,0.4981481481481482,0.4999999999999999,0.3991667321060428,0.3991667321060428
isletmesinirlari.74,DALAMAN TİM,akifersinirlari.133210,Verimli,0.8,spikuraklikindeks.36.626800000000003.29.123899999999999,17296,1.13,1.03,1.39,-0.69,-1.03,-1.26,0.615,4812363.3722973075,0.01391554855389173,0.5722222222222222,1.0,0.6102831097107783,0.6102831097107783
isletmesinirlari.74,DALAMAN TİM,akifersinirlari.133210,Verimli,0.8,spikuraklikindeks.36.839500000000001.28.245200000000001,17298,0.02,-0.13,1.25,0.53,-0.73,-0.55,0.4116666666666666,4812363.3722973075,0.01391554855389173,0.34629629629629627,1.0,0.5086164430441117,0.5086164430441117
isletmesinirlari.74,DALAMAN TİM,akifersinirlari.133210,Verimli,0.8,spikuraklikindeks.36.969999999999999.28.686900000000001,17924,0.47,0.17,1.66,-0.29,-1.66,-0.52,0.5483333333333333,4812363.3722973075,0.01391554855389173,0.4981481481481482,1.0,0.576949776377445,0.576949776377445
isletmesinirlari.74,DALAMAN TİM,akifersinirlari.133761,Verimli,0.8,spikuraklikindeks.36.626800000000003.29.123899999999999,17296,1.13,1.03,1.39,-0.69,-1.03,-1.26,0.615,42762509.83266558,0.12365769651462856,0.5722222222222222,1.0,0.6322315393029256,0.6322315393029256
isletmesinirlari.74,DALAMAN TİM,akifersinirlari.133761,Verimli,0.8,spikuraklikindeks.36.839500000000001.28.245200000000001,17298,0.02,-0.13,1.25,0.53,-0.73,-0.55,0.4116666666666666,29386995.368693575,0.08497911884723827,0.34629629629629627,1.0,0.522829157102781,0.522829157102781
isletmesinirlari.74,DALAMAN TİM,akifersinirlari.133761,Verimli,0.8,spikuraklikindeks.36.969999999999999.28.686900000000001,17924,0.47,0.17,1.66,-0.29,-1.66,-0.52,0.5483333333333333,42762509.83266558,0.12365769651462856,0.4981481481481482,1.0,0.5988982059695924,0.5988982059695924
isletmesinirlari.76,ANADOLU TİM,akifersinirlari.87087,Sınırlı Verimli,0.5,spikuraklikindeks.39.445500000000003.31.527799999999999,17973,0.41,0.03,-0.31,-1.6,-0.95,-1.35,0.7666666666666666,4596923.007956715,0.013292549947947721,0.7407407407407407,0.4999999999999999,0.5109918433229228,0.5109918433229228
isletmesinirlari.76,ANADOLU TİM,akifersinirlari.87087,Sınırlı Verimli,0.5,spikuraklikindeks.39.811900000000001.30.528700000000001,17123,-0.29,-1.21,-1.8,-2.34,-1.76,-2.13,0.89,11336742.998596674,0.03278239100597785,0.8777777777777778,0.4999999999999999,0.5765564782011955,0.5765564782011955
isletmesinirlari.76,ANADOLU TİM,akifersinirlari.88150,Sınırlı Verimli,0.5,spikuraklikindeks.39.445500000000003.31.527799999999999,17973,0.41,0.03,-0.31,-1.6,-0.95,-1.35,0.7666666666666666,5764030.730831274,0.01666752792184236,0.7407407407407407,0.4999999999999999,0.5116668389177018,0.5116668389177018
isletmesinirlari.76,ANADOLU TİM,akifersinirlari.88150,Sınırlı Verimli,0.5,spikuraklikindeks.39.811900000000001.30.528700000000001,17123,-0.29,-1.21,-1.8,-2.34,-1.76,-2.13,0.89,20009087.967594348,0.05786060159333849,0.8777777777777778,0.4999999999999999,0.5815721203186677,0.5815721203186677
isletmesinirlari.76,ANADOLU TİM,akifersinirlari.88164,Sınırlı Verimli,0.5,spikuraklikindeks.39.811900000000001.30.528700000000001,17123,-0.29,-1.21,-1.8,-2.34,-1.76,-2.13,0.89,308494.5290396713,0.0008915081458079948,0.8777777777777778,0.4999999999999999,0.5701783016291615,0.5701783016291615
isletmesinirlari.76,ANADOLU TİM,akifersinirlari.88665,Verimli,0.8,spikuraklikindeks.39.445500000000003.31.527799999999999,17973,0.41,0.03,-0.31,-1.6,-0.95,-1.35,0.7666666666666666,3720538.9935786356,0.010758270817385165,0.7407407407407407,1.0,0.6854849874968104,0.6854849874968104
isletmesinirlari.76,ANADOLU TİM,akifersinirlari.88665,Verimli,0.8,spikuraklikindeks.39.811900000000001.30.528700000000001,17123,-0.29,-1.21,-1.8,-2.34,-1.76,-2.13,0.89,6125076.695230421,0.017711580800191477,0.8777777777777778,1.0,0.7485423161600383,0.7485423161600383
isletmesinirlari.76,ANADOLU TİM,akifersinirlari.89038,Sınırlı Verimli,0.5,spikuraklikindeks.39.811900000000001.30.528700000000001,17123,-0.29,-1.21,-1.8,-2.34,-1.76,-2.13,0.89,12647345.057693562,0.03657231801554179,0.8777777777777778,0.4999999999999999,0.5773144636031083,0.5773144636031083
isletmesinirlari.76,ANADOLU TİM,akifersinirlari.89284,Verimsiz,0.2,spikuraklikindeks.39.811900000000001.30.528700000000001,17123,-0.29,-1.21,-1.8,-2.34,-1.76,-2.13,0.89,1831156.6203032897,0.005294658702503776,0.8777777777777778,0.0,0.3960589317405008,0.3960589317405008
isletmesinirlari.77,ANADOLU1 TİM,akifersinirlari.87072,Sınırlı Verimli,0.5,spikuraklikindeks.39.009799999999998.31.1463,17752,0.23,0.25,-0.22,-2.13,-2.99,-1.34,0.855,497301.90124087804,0.0014374909287155912,0.8388888888888889,0.4999999999999999,0.5527874981857431,0.5527874981857431
isletmesinirlari.77,ANADOLU1 TİM,akifersinirlari.87072,Sınırlı Verimli,0.5,spikuraklikindeks.39.445500000000003.31.527799999999999,17973,0.41,0.03,-0.31,-1.6,-0.95,-1.35,0.7666666666666666,780169.974742678,0.002255473278481255,0.7407407407407407,0.4999999999999999,0.5087844279890296,0.5087844279890296
isletmesinirlari.77,ANADOLU1 TİM,akifersinirlari.88665,Verimli,0.8,spikuraklikindeks.39.009799999999998.31.1463,17752,0.23,0.25,-0.22,-2.13,-2.99,-1.34,0.855,13710513.092289453,0.0396467289109409,0.8388888888888889,1.0,0.7354293457821882,0.7354293457821882
isletmesinirlari.77,ANADOLU1 TİM,akifersinirlari.88665,Verimli,0.8,spikuraklikindeks.39.445500000000003.31.527799999999999,17973,0.41,0.03,-0.31,-1.6,-0.95,-1.35,0.7666666666666666,22393064.408656016,0.06475445365272686,0.7407407407407407,1.0,0.6962842240638787,0.6962842240638787
isletmesinirlari.78,POLATLI TİM,akifersinirlari.86575,Sınırlı Verimli,0.5,spikuraklikindeks.39.583399999999997.32.162399999999998,17728,0.28,0.57,-0.14,-1.89,-2.38,-1.69,0.815,3393651.268064214,0.009812994857056122,0.7944444444444444,0.4999999999999999,0.5344625989714112,0.5344625989714112
isletmesinirlari.78,POLATLI TİM,akifersinirlari.87015,Sınırlı Verimli,0.5,spikuraklikindeks.39.583399999999997.32.162399999999998,17728,0.28,0.57,-0.14,-1.89,-2.38,-1.69,0.815,2584547.1129513173,0.007473271926111081,0.7944444444444444,0.4999999999999999,0.5339946543852222,0.5339946543852222
isletmesinirlari.78,POLATLI TİM,akifersinirlari.87025,Sınırlı Verimli,0.5,spikuraklikindeks.39.583399999999997.32.162399999999998,17728,0.28,0.57,-0.14,-1.89,-2.38,-1.69,0.815,118224578.70826602,0.3418747602252463,0.7944444444444444,0.4999999999999999,0.6008749520450493,0.6008749520450493
isletmesinirlari.78,POLATLI TİM,akifersinirlari.88113,Sınırlı Verimli,0.5,spikuraklikindeks.39.583399999999997.32.162399999999998,17728,0.28,0.57,-0.14,-1.89,-2.38,-1.69,0.815,4101995.8825918715,0.011861346885838543,0.7944444444444444,0.4999999999999999,0.5348722693771677,0.5348722693771677
isletmesinirlari.78,POLATLI TİM,akifersinirlari.88665,Verimli,0.8,spikuraklikindeks.39.583399999999997.32.162399999999998,17728,0.28,0.57,-0.14,-1.89,-2.38,-1.69,0.815,226304.06313443807,0.0006538342733302316,0.7944444444444444,1.0,0.7076307668546661,0.7076307668546661
isletmesinirlari.79,ALTINOVA TİM,akifersinirlari.86580,Sınırlı Verimli,0.5,spikuraklikindeks.38.276299999999999.31.893999999999998,17832,0.86,0.38,-0.54,-1.69,-1.22,-1.6,0.7816666666666666,94037368.6895238,0.2719315155158696,0.7574074074074073,0.4999999999999999,0.5702196364365072,0.5702196364365072
isletmesinirlari.79,ALTINOVA TİM,akifersinirlari.87936,Verimli,0.8,spikuraklikindeks.38.276299999999999.31.893999999999998,17832,0.86,0.38,-0.54,-1.69,-1.22,-1.6,0.7816666666666666,2642602.5627164044,0.007641153485269245,0.7574074074074073,1.0,0.6923615640303872,0.6923615640303872
isletmesinirlari.80,GÖZLÜ TİM,akifersinirlari.87933,Verimli,0.8,spikuraklikindeks.38.650578000000003.32.921860000000002,17191,1.31,1.5,0.43,-1.5,-0.76,-1.02,0.75,577875.6692327554,0.0016704897230141282,0.7222222222222222,1.0,0.6753340979446029,0.6753340979446029
isletmesinirlari.80,GÖZLÜ TİM,akifersinirlari.87937,Verimli,0.8,spikuraklikindeks.37.983699999999999.32.573999999999998,17244,0.06,-0.18,-0.68,-1.88,-1.13,-1.79,0.8133333333333334,9200127.460418917,0.02660384361168046,0.7925925925925926,1.0,0.7119874353890028,0.7119874353890028
isletmesinirlari.80,GÖZLÜ TİM,akifersinirlari.87937,Verimli,0.8,spikuraklikindeks.38.276299999999999.31.893999999999998,17832,0.86,0.38,-0.54,-1.69,-1.22,-1.6,0.7816666666666666,2018643.5900207597,0.0058368232180724235,0.7574074074074073,1.0,0.6920006979769477,0.6920006979769477
isletmesinirlari.80,GÖZLÜ TİM,akifersinirlari.87937,Verimli,0.8,spikuraklikindeks.38.650578000000003.32.921860000000002,17191,1.31,1.5,0.43,-1.5,-0.76,-1.02,0.75,294115233.373098,0.8505056892072145,0.7222222222222222,1.0,0.8451011378414429,0.8451011378414429
isletmesinirlari.80,GÖZLÜ TİM,akifersinirlari.88549,Verimli,0.8,spikuraklikindeks.37.983699999999999.32.573999999999998,17244,0.06,-0.18,-0.68,-1.88,-1.13,-1.79,0.8133333333333334,459079.4763345666,0.0013269614209081035,0.7925925925925926,1.0,0.7069320589508483,0.7069320589508483
isletmesinirlari.80,GÖZLÜ TİM,akifersinirlari.88549,Verimli,0.8,spikuraklikindeks.38.276299999999999.31.893999999999998,17832,0.86,0.38,-0.54,-1.69,-1.22,-1.6,0.7816666666666666,437882.1499842766,0.0012656641574802833,0.7574074074074073,1.0,0.6910864661648294,0.6910864661648294
isletmesinirlari.80,GÖZLÜ TİM,akifersinirlari.88549,Verimli,0.8,spikuraklikindeks.38.650578000000003.32.921860000000002,17191,1.31,1.5,0.43,-1.5,-0.76,-1.02,0.75,96454893.02259031,0.2789223795257128,0.7222222222222222,1.0,0.7307844759051426,0.7307844759051426
isletmesinirlari.81,KONUKLAR TİM,akifersinirlari.86968,Sınırlı Verimli,0.5,spikuraklikindeks.37.983699999999999.32.573999999999998,17244,0.06,-0.18,-0.68,-1.88,-1.13,-1.79,0.8133333333333334,357523.02184746007,0.001033286046918948,0.7925925925925926,0.4999999999999999,0.5318733238760505,0.5318733238760505
isletmesinirlari.81,KONUKLAR TİM,akifersinirlari.86968,Sınırlı Verimli,0.5,spikuraklikindeks.38.276299999999999.31.893999999999998,17832,0.86,0.38,-0.54,-1.69,-1.22,-1.6,0.7816666666666666,357523.02184746007,0.001033286046918948,0.7574074074074073,0.4999999999999999,0.5160399905427171,0.5160399905427171
isletmesinirlari.81,KONUKLAR TİM,akifersinirlari.86971,Sınırlı Verimli,0.5,spikuraklikindeks.37.983699999999999.32.573999999999998,17244,0.06,-0.18,-0.68,-1.88,-1.13,-1.79,0.8133333333333334,44257301.96488675,0.12798025425537593,0.7925925925925926,0.4999999999999999,0.5572627175177418,0.5572627175177418
isletmesinirlari.81,KONUKLAR TİM,akifersinirlari.86971,Sınırlı Verimli,0.5,spikuraklikindeks.38.276299999999999.31.893999999999998,17832,0.86,0.38,-0.54,-1.69,-1.22,-1.6,0.7816666666666666,44362465.03567966,0.1282843590441944,0.7574074074074073,0.4999999999999999,0.5414902051421722,0.5414902051421722
isletmesinirlari.81,KONUKLAR TİM,akifersinirlari.87928,Verimli,0.8,spikuraklikindeks.37.983699999999999.32.573999999999998,17244,0.06,-0.18,-0.68,-1.88,-1.13,-1.79,0.8133333333333334,7210611.314875931,0.0208506701570678,0.7925925925925926,1.0,0.7108368006980802,0.7108368006980802
isletmesinirlari.81,KONUKLAR TİM,akifersinirlari.87928,Verimli,0.8,spikuraklikindeks.38.276299999999999.31.893999999999998,17832,0.86,0.38,-0.54,-1.69,-1.22,-1.6,0.7816666666666666,7210611.314875931,0.0208506701570678,0.7574074074074073,1.0,0.6950034673647468,0.6950034673647468
isletmesinirlari.81,KONUKLAR TİM,akifersinirlari.87937,Verimli,0.8,spikuraklikindeks.37.983699999999999.32.573999999999998,17244,0.06,-0.18,-0.68,-1.88,-1.13,-1.79,0.8133333333333334,27294607.064174198,0.07892846533669969,0.7925925925925926,1.0,0.7224523597340066,0.7224523597340066
isletmesinirlari.81,KONUKLAR TİM,akifersinirlari.87937,Verimli,0.8,spikuraklikindeks.38.276299999999999.31.893999999999998,17832,0.86,0.38,-0.54,-1.69,-1.22,-1.6,0.7816666666666666,27864457.166152135,0.0805763265451409,0.7574074074074073,1.0,0.7069485986423615,0.7069485986423615
isletmesinirlari.81,KONUKLAR TİM,akifersinirlari.88548,Verimli,0.8,spikuraklikindeks.37.983699999999999.32.573999999999998,17244,0.06,-0.18,-0.68,-1.88,-1.13,-1.79,0.8133333333333334,6161037.448764924,0.017815570131017495,0.7925925925925926,1.0,0.7102297806928701,0.7102297806928701
isletmesinirlari.81,KONUKLAR TİM,akifersinirlari.88548,Verimli,0.8,spikuraklikindeks.38.276299999999999.31.893999999999998,17832,0.86,0.38,-0.54,-1.69,-1.22,-1.6,0.7816666666666666,6512941.756763186,0.018833187669771816,0.7574074074074073,1.0,0.6945999708672876,0.6945999708672876
isletmesinirlari.82,KOÇAŞ TİM,akifersinirlari.32892,Verimli,0.8,spikuraklikindeks.38.3705.33.998699999999999,17192,0.02,-0.72,-0.69,-1.99,-1.01,-2.01,0.8316666666666667,41644869.37537102,0.12042576526083452,0.812962962962963,1.0,0.7399184863855002,0.7399184863855002
isletmesinirlari.82,KOÇAŞ TİM,akifersinirlari.34449,Verimli,0.8,spikuraklikindeks.38.3705.33.998699999999999,17192,0.02,-0.72,-0.69,-1.99,-1.01,-2.01,0.8316666666666667,41644869.37537102,0.12042576526083452,0.812962962962963,1.0,0.7399184863855002,0.7399184863855002
isletmesinirlari.83,MALYA TİM,akifersinirlari.39904,Verimli,0.8,spikuraklikindeks.39.163933999999998.34.156098,17160,1.11,0.39,-0.83,-2.74,-1.63,-2.34,0.9566666666666667,1807623.0851743664,0.005226605718917677,0.9518518518518518,1.0,0.7793786544771169,0.7793786544771169
isletmesinirlari.83,MALYA TİM,akifersinirlari.39904,Verimli,0.8,spikuraklikindeks.39.606699999999996.34.423499999999997,17732,-0.04,-0.94,-1.76,-2.51,-1.3,-2.22,0.9183333333333333,1807623.0851743664,0.005226605718917677,0.9092592592592592,1.0,0.7602119878104502,0.7602119878104502
isletmesinirlari.83,MALYA TİM,akifersinirlari.41193,Verimli,0.8,spikuraklikindeks.39.163933999999998.34.156098,17160,1.11,0.39,-0.83,-2.74,-1.63,-2.34,0.9566666666666667,728686.9933593279,0.0021065976221954046,0.9518518518518518,1.0,0.7787546528577725,0.7787546528577725
isletmesinirlari.83,MALYA TİM,akifersinirlari.41193,Verimli,0.8,spikuraklikindeks.39.606699999999996.34.423499999999997,17732,-0.04,-0.94,-1.76,-2.51,-1.3,-2.22,0.9183333333333333,728686.9933593279,0.0021065976221954046,0.9092592592592592,1.0,0.7595879861911058,0.7595879861911058
isletmesinirlari.83,MALYA TİM,akifersinirlari.41200,Verimli,0.8,spikuraklikindeks.39.163933999999998.34.156098,17160,1.11,0.39,-0.83,-2.74,-1.63,-2.34,0.9566666666666667,14406.120584483682,4.1079448044449304e-05,0.9518518518518518,1.0,0.7783415492229422,0.7783415492229422
isletmesinirlari.83,MALYA TİM,akifersinirlari.41200,Verimli,0.8,spikuraklikindeks.39.606699999999996.34.423499999999997,17732,-0.04,-0.94,-1.76,-2.51,-1.3,-2.22,0.9183333333333333,14406.120584483682,4.1079448044449304e-05,0.9092592592592592,1.0,0.7591748825562755,0.7591748825562755
isletmesinirlari.83,MALYA TİM,akifersinirlari.41899,Verimli,0.8,spikuraklikindeks.39.163933999999998.34.156098,17160,1.11,0.39,-0.83,-2.74,-1.63,-2.34,0.9566666666666667,224852.59154064822,0.0006496369875418134,0.9518518518518518,1.0,0.7784632607308417,0.7784632607308417
isletmesinirlari.83,MALYA TİM,akifersinirlari.41899,Verimli,0.8,spikuraklikindeks.39.606699999999996.34.423499999999997,17732,-0.04,-0.94,-1.76,-2.51,-1.3,-2.22,0.9183333333333333,224852.59154064822,0.0006496369875418134,0.9092592592592592,1.0,0.759296594064175,0.759296594064175
isletmesinirlari.83,MALYA TİM,akifersinirlari.41902,Verimli,0.8,spikuraklikindeks.39.163933999999998.34.156098,17160,1.11,0.39,-0.83,-2.74,-1.63,-2.34,0.9566666666666667,158638.34005095687,0.0004581622539283444,0.9518518518518518,1.0,0.778424965784119,0.778424965784119
isletmesinirlari.83,MALYA TİM,akifersinirlari.41902,Verimli,0.8,spikuraklikindeks.39.606699999999996.34.423499999999997,17732,-0.04,-0.94,-1.76,-2.51,-1.3,-2.22,0.9183333333333333,158638.34005095687,0.0004581622539283444,0.9092592592592592,1.0,0.7592582991174524,0.7592582991174524
isletmesinirlari.83,MALYA TİM,akifersinirlari.94863,Sınırlı Verimli,0.5,spikuraklikindeks.39.163933999999998.34.156098,17160,1.11,0.39,-0.83,-2.74,-1.63,-2.34,0.9566666666666667,345812152.8794285,1.0,0.9518518518518518,0.4999999999999999,0.8033333333333332,0.8033333333333332
isletmesinirlari.83,MALYA TİM,akifersinirlari.94863,Sınırlı Verimli,0.5,spikuraklikindeks.39.606699999999996.34.423499999999997,17732,-0.04,-0.94,-1.76,-2.51,-1.3,-2.22,0.9183333333333333,345812152.8794285,1.0,0.9092592592592592,0.4999999999999999,0.7841666666666667,0.7841666666666667
isletmesinirlari.83,MALYA TİM,akifersinirlari.95268,Verimli,0.8,spikuraklikindeks.39.163933999999998.34.156098,17160,1.11,0.39,-0.83,-2.74,-1.63,-2.34,0.9566666666666667,160146.2142812235,0.000462522641761285,0.9518518518518518,1.0,0.7784258378616856,0.7784258378616856
isletmesinirlari.83,MALYA TİM,akifersinirlari.95268,Verimli,0.8,spikuraklikindeks.39.606699999999996.34.423499999999997,17732,-0.04,-0.94,-1.76,-2.51,-1.3,-2.22,0.9183333333333333,160146.2142812235,0.000462522641761285,0.9092592592592592,1.0,0.759259171195019,0.759259171195019
isletmesinirlari.84,ÇUKUROVA TİM,akifersinirlari.119918,Verimli,0.8,spikuraklikindeks.36.768700000000003.35.790300000000002,17979,-0.84,-0.36,0.23,-2.28,-1.67,-1.83,0.88,69549869.62767737,0.2011199114542109,0.8666666666666667,1.0,0.7802239822908422,0.7802239822908422
isletmesinirlari.84,ÇUKUROVA TİM,akifersinirlari.119918,Verimli,0.8,spikuraklikindeks.37.004100000000001.35.344299999999997,17351,-0.74,-1.32,-1.79,-2.21,-1.66,-3.43,0.8683333333333333,69549869.62767737,0.2011199114542109,0.8537037037037036,1.0,0.7743906489575089,0.7743906489575089
isletmesinirlari.84,ÇUKUROVA TİM,akifersinirlari.119918,Verimli,0.8,spikuraklikindeks.37.1021.36.253900000000002,17355,0.63,0.32,-0.02,-2.06,-1.04,-1.62,0.8433333333333334,69549869.62767737,0.2011199114542109,0.825925925925926,1.0,0.7618906489575089,0.7618906489575089
isletmesinirlari.84,ÇUKUROVA TİM,akifersinirlari.119918,Verimli,0.8,spikuraklikindeks.37.433700000000002.35.818800000000003,17908,-1.35,-1.58,-2.08,-1.68,-2.02,-1.49,0.78,69549869.62767737,0.2011199114542109,0.7555555555555555,1.0,0.7302239822908422,0.7302239822908422
isletmesinirlari.84,ÇUKUROVA TİM,akifersinirlari.125219,Verimli,0.8,spikuraklikindeks.36.768700000000003.35.790300000000002,17979,-0.84,-0.36,0.23,-2.28,-1.67,-1.83,0.88,69549869.62767737,0.2011199114542109,0.8666666666666667,1.0,0.7802239822908422,0.7802239822908422
isletmesinirlari.84,ÇUKUROVA TİM,akifersinirlari.125219,Verimli,0.8,spikuraklikindeks.37.004100000000001.35.344299999999997,17351,-0.74,-1.32,-1.79,-2.21,-1.66,-3.43,0.8683333333333333,69549869.62767737,0.2011199114542109,0.8537037037037036,1.0,0.7743906489575089,0.7743906489575089
isletmesinirlari.84,ÇUKUROVA TİM,akifersinirlari.125219,Verimli,0.8,spikuraklikindeks.37.1021.36.253900000000002,17355,0.63,0.32,-0.02,-2.06,-1.04,-1.62,0.8433333333333334,69549869.62767737,0.2011199114542109,0.825925925925926,1.0,0.7618906489575089,0.7618906489575089
isletmesinirlari.84,ÇUKUROVA TİM,akifersinirlari.125219,Verimli,0.8,spikuraklikindeks.37.433700000000002.35.818800000000003,17908,-1.35,-1.58,-2.08,-1.68,-2.02,-1.49,0.78,69549869.62767737,0.2011199114542109,0.7555555555555555,1.0,0.7302239822908422,0.7302239822908422
isletmesinirlari.86,KKARABEKİR TİM,akifersinirlari.57409,Verimsiz,0.2,spikuraklikindeks.39.922699999999999.44.052300000000002,17100,0.02,-0.48,0.79,0.44,0.82,0.42,0.4266666666666667,3801344.4691073755,0.010991939650805173,0.36296296296296293,0.0,0.16553172126349436,0.16553172126349436
isletmesinirlari.86,KKARABEKİR TİM,akifersinirlari.57410,Verimsiz,0.2,spikuraklikindeks.39.922699999999999.44.052300000000002,17100,0.02,-0.48,0.79,0.44,0.82,0.42,0.4266666666666667,686770.54303102,0.0019853859346799984,0.36296296296296293,0.0,0.16373041052026932,0.16373041052026932
isletmesinirlari.86,KKARABEKİR TİM,akifersinirlari.57417,Verimsiz,0.2,spikuraklikindeks.39.922699999999999.44.052300000000002,17100,0.02,-0.48,0.79,0.44,0.82,0.42,0.4266666666666667,1457742.4270590902,0.004214840059684065,0.36296296296296293,0.0,0.16417630134527014,0.16417630134527014
isletmesinirlari.86,KKARABEKİR TİM,akifersinirlari.57890,Sınırlı Verimli,0.5,spikuraklikindeks.39.922699999999999.44.052300000000002,17100,0.02,-0.48,0.79,0.44,0.82,0.42,0.4266666666666667,17918941.469284423,0.051816430814796574,0.36296296296296293,0.4999999999999999,0.3486966194962926,0.3486966194962926
isletmesinirlari.86,KKARABEKİR TİM,akifersinirlari.57903,Sınırlı Verimli,0.5,spikuraklikindeks.39.922699999999999.44.052300000000002,17100,0.02,-0.48,0.79,0.44,0.82,0.42,0.4266666666666667,35528956.52623233,0.10274010458740175,0.36296296296296293,0.4999999999999999,0.35888135425081363,0.35888135425081363
isletmesinirlari.86,KKARABEKİR TİM,akifersinirlari.58411,Sınırlı Verimli,0.5,spikuraklikindeks.39.922699999999999.44.052300000000002,17100,0.02,-0.48,0.79,0.44,0.82,0.42,0.4266666666666667,2989165.367116431,0.008643324757463764,0.36296296296296293,0.4999999999999999,0.34006199828482603,0.34006199828482603
isletmesinirlari.86,KKARABEKİR TİM,akifersinirlari.58413,Verimli,0.8,spikuraklikindeks.39.922699999999999.44.052300000000002,17100,0.02,-0.48,0.79,0.44,0.82,0.42,0.4266666666666667,108106744.36981133,0.31261656291703643,0.36296296296296293,1.0,0.5758566459167406,0.5758566459167406
isletmesinirlari.86,KKARABEKİR TİM,akifersinirlari.59130,Verimsiz,0.2,spikuraklikindeks.39.922699999999999.44.052300000000002,17100,0.02,-0.48,0.79,0.44,0.82,0.42,0.4266666666666667,3801344.4691073755,0.010991939650805173,0.36296296296296293,0.0,0.16553172126349436,0.16553172126349436
isletmesinirlari.86,KKARABEKİR TİM,akifersinirlari.59131,Verimsiz,0.2,spikuraklikindeks.39.922699999999999.44.052300000000002,17100,0.02,-0.48,0.79,0.44,0.82,0.42,0.4266666666666667,686770.54303102,0.0019853859346799984,0.36296296296296293,0.0,0.16373041052026932,0.16373041052026932
isletmesinirlari.86,KKARABEKİR TİM,akifersinirlari.59138,Verimsiz,0.2,spikuraklikindeks.39.922699999999999.44.052300000000002,17100,0.02,-0.48,0.79,0.44,0.82,0.42,0.4266666666666667,1457742.4270590902,0.004214840059684065,0.36296296296296293,0.0,0.16417630134527014,0.16417630134527014
isletmesinirlari.86,KKARABEKİR TİM,akifersinirlari.59611,Sınırlı Verimli,0.5,spikuraklikindeks.39.922699999999999.44.052300000000002,17100,0.02,-0.48,0.79,0.44,0.82,0.42,0.4266666666666667,17918941.469284423,0.051816430814796574,0.36296296296296293,0.4999999999999999,0.3486966194962926,0.3486966194962926
isletmesinirlari.86,KKARABEKİR TİM,akifersinirlari.59624,Sınırlı Verimli,0.5,spikuraklikindeks.39.922699999999999.44.052300000000002,17100,0.02,-0.48,0.79,0.44,0.82,0.42,0.4266666666666667,35528956.52623233,0.10274010458740175,0.36296296296296293,0.4999999999999999,0.35888135425081363,0.35888135425081363
isletmesinirlari.86,KKARABEKİR TİM,akifersinirlari.60132,Sınırlı Verimli,0.5,spikuraklikindeks.39.922699999999999.44.052300000000002,17100,0.02,-0.48,0.79,0.44,0.82,0.42,0.4266666666666667,2989165.367116431,0.008643324757463764,0.36296296296296293,0.4999999999999999,0.34006199828482603,0.34006199828482603
isletmesinirlari.86,KKARABEKİR TİM,akifersinirlari.60134,Verimli,0.8,spikuraklikindeks.39.922699999999999.44.052300000000002,17100,0.02,-0.48,0.79,0.44,0.82,0.42,0.4266666666666667,108106744.36981133,0.31261656291703643,0.36296296296296293,1.0,0.5758566459167406,0.5758566459167406
isletmesinirlari.86,KKARABEKİR TİM,akifersinirlari.60851,Verimsiz,0.2,spikuraklikindeks.39.922699999999999.44.052300000000002,17100,0.02,-0.48,0.79,0.44,0.82,0.42,0.4266666666666667,3801344.4691073755,0.010991939650805173,0.36296296296296293,0.0,0.16553172126349436,0.16553172126349436
isletmesinirlari.86,KKARABEKİR TİM,akifersinirlari.60852,Verimsiz,0.2,spikuraklikindeks.39.922699999999999.44.052300000000002,17100,0.02,-0.48,0.79,0.44,0.82,0.42,0.4266666666666667,686770.54303102,0.0019853859346799984,0.36296296296296293,0.0,0.16373041052026932,0.16373041052026932
isletmesinirlari.86,KKARABEKİR TİM,akifersinirlari.60859,Verimsiz,0.2,spikuraklikindeks.39.922699999999999.44.052300000000002,17100,0.02,-0.48,0.79,0.44,0.82,0.42,0.4266666666666667,1457742.4270590902,0.004214840059684065,0.36296296296296293,0.0,0.16417630134527014,0.16417630134527014
isletmesinirlari.86,KKARABEKİR TİM,akifersinirlari.61332,Sınırlı Verimli,0.5,spikuraklikindeks.39.922699999999999.44.052300000000002,17100,0.02,-0.48,0.79,0.44,0.82,0.42,0.4266666666666667,17918941.469284423,0.051816430814796574,0.36296296296296293,0.4999999999999999,0.3486966194962926,0.3486966194962926
isletmesinirlari.86,KKARABEKİR TİM,akifersinirlari.61345,Sınırlı Verimli,0.5,spikuraklikindeks.39.922699999999999.44.052300000000002,17100,0.02,-0.48,0.79,0.44,0.82,0.42,0.4266666666666667,35528956.52623233,0.10274010458740175,0.36296296296296293,0.4999999999999999,0.35888135425081363,0.35888135425081363
isletmesinirlari.86,KKARABEKİR TİM,akifersinirlari.61853,Sınırlı Verimli,0.5,spikuraklikindeks.39.922699999999999.44.052300000000002,17100,0.02,-0.48,0.79,0.44,0.82,0.42,0.4266666666666667,2989165.367116431,0.008643324757463764,0.36296296296296293,0.4999999999999999,0.34006199828482603,0.34006199828482603
isletmesinirlari.86,KKARABEKİR TİM,akifersinirlari.61855,Verimli,0.8,spikuraklikindeks.39.922699999999999.44.052300000000002,17100,0.02,-0.48,0.79,0.44,0.82,0.42,0.4266666666666667,108106744.36981133,0.31261656291703643,0.36296296296296293,1.0,0.5758566459167406,0.5758566459167406
isletmesinirlari.86,KKARABEKİR TİM,akifersinirlari.103299,Verimli,0.8,spikuraklikindeks.39.922699999999999.44.052300000000002,17100,0.02,-0.48,0.79,0.44,0.82,0.42,0.4266666666666667,1913185.0093807548,0.005531863890118029,0.36296296296296293,1.0,0.5144397061113569,0.5144397061113569
isletmesinirlari.86,KKARABEKİR TİM,akifersinirlari.103319,Verimli,0.8,spikuraklikindeks.39.922699999999999.44.052300000000002,17100,0.02,-0.48,0.79,0.44,0.82,0.42,0.4266666666666667,1913185.0093807548,0.005531863890118029,0.36296296296296293,1.0,0.5144397061113569,0.5144397061113569
isletmesinirlari.86,KKARABEKİR TİM,akifersinirlari.103416,Verimli,0.8,spikuraklikindeks.39.922699999999999.44.052300000000002,17100,0.02,-0.48,0.79,0.44,0.82,0.42,0.4266666666666667,1913185.0093807548,0.005531863890118029,0.36296296296296293,1.0,0.5144397061113569,0.5144397061113569
isletmesinirlari.86,KKARABEKİR TİM,akifersinirlari.103436,Verimli,0.8,spikuraklikindeks.39.922699999999999.44.052300000000002,17100,0.02,-0.48,0.79,0.44,0.82,0.42,0.4266666666666667,1913185.0093807548,0.005531863890118029,0.36296296296296293,1.0,0.5144397061113569,0.5144397061113569
isletmesinirlari.86,KKARABEKİR TİM,akifersinirlari.106644,Verimli,0.8,spikuraklikindeks.39.922699999999999.44.052300000000002,17100,0.02,-0.48,0.79,0.44,0.82,0.42,0.4266666666666667,1913185.0093807548,0.005531863890118029,0.36296296296296293,1.0,0.5144397061113569,0.5144397061113569
isletmesinirlari.86,KKARABEKİR TİM,akifersinirlari.106664,Verimli,0.8,spikuraklikindeks.39.922699999999999.44.052300000000002,17100,0.02,-0.48,0.79,0.44,0.82,0.42,0.4266666666666667,1913185.0093807548,0.005531863890118029,0.36296296296296293,1.0,0.5144397061113569,0.5144397061113569
isletmesinirlari.87,ULAŞ TİM,akifersinirlari.35788,Verimli,0.8,spikuraklikindeks.39.242800000000003.37.389000000000003,17762,-1.07,-1.81,-1.06,-1.63,-0.7,-1.31,0.7716666666666666,56030.17584589353,0.00016144560357414785,0.7462962962962962,1.0,0.6858656224540481,0.6858656224540481
isletmesinirlari.87,ULAŞ TİM,akifersinirlari.35788,Verimli,0.8,spikuraklikindeks.39.743699999999997.37.002000000000002,17090,-0.88,-1.59,-0.31,-1.92,-1.77,-1.29,0.82,56030.17584589353,0.00016144560357414785,0.7999999999999999,1.0,0.7100322891207148,0.7100322891207148
isletmesinirlari.87,ULAŞ TİM,akifersinirlari.36310,Sınırlı Verimli,0.5,spikuraklikindeks.39.242800000000003.37.389000000000003,17762,-1.07,-1.81,-1.06,-1.63,-0.7,-1.31,0.7716666666666666,680248.0949742185,0.001966524677834436,0.7462962962962962,0.4999999999999999,0.5112266382689001,0.5112266382689001
isletmesinirlari.87,ULAŞ TİM,akifersinirlari.36310,Sınırlı Verimli,0.5,spikuraklikindeks.39.743699999999997.37.002000000000002,17090,-0.88,-1.59,-0.31,-1.92,-1.77,-1.29,0.82,680248.0949742185,0.001966524677834436,0.7999999999999999,0.4999999999999999,0.5353933049355668,0.5353933049355668
isletmesinirlari.87,ULAŞ TİM,akifersinirlari.36333,Sınırlı Verimli,0.5,spikuraklikindeks.39.242800000000003.37.389000000000003,17762,-1.07,-1.81,-1.06,-1.63,-0.7,-1.31,0.7716666666666666,507939.6505624382,0.0014682525875997017,0.7462962962962962,0.4999999999999999,0.5111269838508532,0.5111269838508532
isletmesinirlari.87,ULAŞ TİM,akifersinirlari.36333,Sınırlı Verimli,0.5,spikuraklikindeks.39.743699999999997.37.002000000000002,17090,-0.88,-1.59,-0.31,-1.92,-1.77,-1.29,0.82,507939.6505624382,0.0014682525875997017,0.7999999999999999,0.4999999999999999,0.5352936505175199,0.5352936505175199
isletmesinirlari.87,ULAŞ TİM,akifersinirlari.36361,Sınırlı Verimli,0.5,spikuraklikindeks.39.242800000000003.37.389000000000003,17762,-1.07,-1.81,-1.06,-1.63,-0.7,-1.31,0.7716666666666666,6661222.91370745,0.019261978970542167,0.7462962962962962,0.4999999999999999,0.5146857291274417,0.5146857291274417
isletmesinirlari.87,ULAŞ TİM,akifersinirlari.36361,Sınırlı Verimli,0.5,spikuraklikindeks.39.743699999999997.37.002000000000002,17090,-0.88,-1.59,-0.31,-1.92,-1.77,-1.29,0.82,6661222.91370745,0.019261978970542167,0.7999999999999999,0.4999999999999999,0.5388523957941084,0.5388523957941084
isletmesinirlari.87,ULAŞ TİM,akifersinirlari.36835,Verimsiz,0.2,spikuraklikindeks.39.242800000000003.37.389000000000003,17762,-1.07,-1.81,-1.06,-1.63,-0.7,-1.31,0.7716666666666666,1047142.0582267178,0.0030274884778873487,0.7462962962962962,0.0,0.3364388310289108,0.3364388310289108
isletmesinirlari.87,ULAŞ TİM,akifersinirlari.36835,Verimsiz,0.2,spikuraklikindeks.39.743699999999997.37.002000000000002,17090,-0.88,-1.59,-0.31,-1.92,-1.77,-1.29,0.82,1047142.0582267178,0.0030274884778873487,0.7999999999999999,0.0,0.3606054976955775,0.3606054976955775
isletmesinirlari.87,ULAŞ TİM,akifersinirlari.36840,Verimsiz,0.2,spikuraklikindeks.39.242800000000003.37.389000000000003,17762,-1.07,-1.81,-1.06,-1.63,-0.7,-1.31,0.7716666666666666,144673.8975377631,0.0004177806464931134,0.7462962962962962,0.0,0.33591688946263193,0.33591688946263193
isletmesinirlari.87,ULAŞ TİM,akifersinirlari.36840,Verimsiz,0.2,spikuraklikindeks.39.743699999999997.37.002000000000002,17090,-0.88,-1.59,-0.31,-1.92,-1.77,-1.29,0.82,144673.8975377631,0.0004177806464931134,0.7999999999999999,0.0,0.3600835561292986,0.3600835561292986
isletmesinirlari.87,ULAŞ TİM,akifersinirlari.38750,Verimsiz,0.2,spikuraklikindeks.39.242800000000003.37.389000000000003,17762,-1.07,-1.81,-1.06,-1.63,-0.7,-1.31,0.7716666666666666,51161.02993067718,0.00014736527500339733,0.7462962962962962,0.0,0.335862806388334,0.335862806388334
isletmesinirlari.87,ULAŞ TİM,akifersinirlari.38750,Verimsiz,0.2,spikuraklikindeks.39.743699999999997.37.002000000000002,17090,-0.88,-1.59,-0.31,-1.92,-1.77,-1.29,0.82,51161.02993067718,0.00014736527500339733,0.7999999999999999,0.0,0.36002947305500066,0.36002947305500066
isletmesinirlari.87,ULAŞ TİM,akifersinirlari.38753,Verimsiz,0.2,spikuraklikindeks.39.242800000000003.37.389000000000003,17762,-1.07,-1.81,-1.06,-1.63,-0.7,-1.31,0.7716666666666666,264528.8178334245,0.0007643705183041419,0.7462962962962962,0.0,0.33598620743699414,0.33598620743699414
isletmesinirlari.87,ULAŞ TİM,akifersinirlari.38753,Verimsiz,0.2,spikuraklikindeks.39.743699999999997.37.002000000000002,17090,-0.88,-1.59,-0.31,-1.92,-1.77,-1.29,0.82,264528.8178334245,0.0007643705183041419,0.7999999999999999,0.0,0.3601528741036608,0.3601528741036608
isletmesinirlari.87,ULAŞ TİM,akifersinirlari.38755,Verimsiz,0.2,spikuraklikindeks.39.242800000000003.37.389000000000003,17762,-1.07,-1.81,-1.06,-1.63,-0.7,-1.31,0.7716666666666666,17476.931334607383,4.9959449813386504e-05,0.7462962962962962,0.0,0.335843325223296,0.335843325223296
isletmesinirlari.87,ULAŞ TİM,akifersinirlari.38755,Verimsiz,0.2,spikuraklikindeks.39.743699999999997.37.002000000000002,17090,-0.88,-1.59,-0.31,-1.92,-1.77,-1.29,0.82,17476.931334607383,4.9959449813386504e-05,0.7999999999999999,0.0,0.3600099918899627,0.3600099918899627
isletmesinirlari.87,ULAŞ TİM,akifersinirlari.38759,Verimsiz,0.2,spikuraklikindeks.39.242800000000003.37.389000000000003,17762,-1.07,-1.81,-1.06,-1.63,-0.7,-1.31,0.7716666666666666,5391.410928672501,1.5011206070620733e-05,0.7462962962962962,0.0,0.33583633557454745,0.33583633557454745
isletmesinirlari.87,ULAŞ TİM,akifersinirlari.38759,Verimsiz,0.2,spikuraklikindeks.39.743699999999997.37.002000000000002,17090,-0.88,-1.59,-0.31,-1.92,-1.77,-1.29,0.82,5391.410928672501,1.5011206070620733e-05,0.7999999999999999,0.0,0.3600030022412141,0.3600030022412141
isletmesinirlari.87,ULAŞ TİM,akifersinirlari.38761,Verimsiz,0.2,spikuraklikindeks.39.242800000000003.37.389000000000003,17762,-1.07,-1.81,-1.06,-1.63,-0.7,-1.31,0.7716666666666666,55639.97890848843,0.00016031725351406956,0.7462962962962962,0.0,0.33586539678403615,0.33586539678403615
isletmesinirlari.87,ULAŞ TİM,akifersinirlari.38761,Verimsiz,0.2,spikuraklikindeks.39.743699999999997.37.002000000000002,17090,-0.88,-1.59,-0.31,-1.92,-1.77,-1.29,0.82,55639.97890848843,0.00016031725351406956,0.7999999999999999,0.0,0.3600320634507028,0.3600320634507028
isletmesinirlari.87,ULAŞ TİM,akifersinirlari.39704,Sınırlı Verimli,0.5,spikuraklikindeks.39.242800000000003.37.389000000000003,17762,-1.07,-1.81,-1.06,-1.63,-0.7,-1.31,0.7716666666666666,41212319.528675355,0.11917494138519964,0.7462962962962962,0.4999999999999999,0.5346683216103731,0.5346683216103731
isletmesinirlari.87,ULAŞ TİM,akifersinirlari.39704,Sınırlı Verimli,0.5,spikuraklikindeks.39.743699999999997.37.002000000000002,17090,-0.88,-1.59,-0.31,-1.92,-1.77,-1.29,0.82,41212319.528675355,0.11917494138519964,0.7999999999999999,0.4999999999999999,0.5588349882770398,0.5588349882770398
isletmesinirlari.87,ULAŞ TİM,akifersinirlari.42878,Verimli,0.8,spikuraklikindeks.39.242800000000003.37.389000000000003,17762,-1.07,-1.81,-1.06,-1.63,-0.7,-1.31,0.7716666666666666,62424.57124169314,0.00017993656477183713,0.7462962962962962,1.0,0.6858693206462877,0.6858693206462877
isletmesinirlari.87,ULAŞ TİM,akifersinirlari.42878,Verimli,0.8,spikuraklikindeks.39.743699999999997.37.002000000000002,17090,-0.88,-1.59,-0.31,-1.92,-1.77,-1.29,0.82,62424.57124169314,0.00017993656477183713,0.7999999999999999,1.0,0.7100359873129544,0.7100359873129544
isletmesinirlari.87,ULAŞ TİM,akifersinirlari.94585,Sınırlı Verimli,0.5,spikuraklikindeks.39.242800000000003.37.389000000000003,17762,-1.07,-1.81,-1.06,-1.63,-0.7,-1.31,0.7716666666666666,160187.5151724327,0.0004626420734087682,0.7462962962962962,0.4999999999999999,0.510925861748015,0.510925861748015
isletmesinirlari.87,ULAŞ TİM,akifersinirlari.94585,Sınırlı Verimli,0.5,spikuraklikindeks.39.743699999999997.37.002000000000002,17090,-0.88,-1.59,-0.31,-1.92,-1.77,-1.29,0.82,160187.5151724327,0.0004626420734087682,0.7999999999999999,0.4999999999999999,0.5350925284146817,0.5350925284146817
isletmesinirlari.87,ULAŞ TİM,akifersinirlari.94849,Sınırlı Verimli,0.5,spikuraklikindeks.39.242800000000003.37.389000000000003,17762,-1.07,-1.81,-1.06,-1.63,-0.7,-1.31,0.7716666666666666,19067063.662279986,0.05513650747674846,0.7462962962962962,0.4999999999999999,0.521860634828683,0.521860634828683
isletmesinirlari.87,ULAŞ TİM,akifersinirlari.94849,Sınırlı Verimli,0.5,spikuraklikindeks.39.743699999999997.37.002000000000002,17090,-0.88,-1.59,-0.31,-1.92,-1.77,-1.29,0.82,19067063.662279986,0.05513650747674846,0.7999999999999999,0.4999999999999999,0.5460273014953496,0.5460273014953496
isletmesinirlari.87,ULAŞ TİM,akifersinirlari.95093,Sınırlı Verimli,0.5,spikuraklikindeks.39.242800000000003.37.389000000000003,17762,-1.07,-1.81,-1.06,-1.63,-0.7,-1.31,0.7716666666666666,24139411.071986526,0.06980444296220413,0.7462962962962962,0.4999999999999999,0.5247942219257741,0.5247942219257741
isletmesinirlari.87,ULAŞ TİM,akifersinirlari.95093,Sınırlı Verimli,0.5,spikuraklikindeks.39.743699999999997.37.002000000000002,17090,-0.88,-1.59,-0.31,-1.92,-1.77,-1.29,0.82,24139411.071986526,0.06980444296220413,0.7999999999999999,0.4999999999999999,0.5489608885924407,0.5489608885924407
isletmesinirlari.87,ULAŞ TİM,akifersinirlari.95095,Sınırlı Verimli,0.5,spikuraklikindeks.39.242800000000003.37.389000000000003,17762,-1.07,-1.81,-1.06,-1.63,-0.7,-1.31,0.7716666666666666,13542275.291009277,0.039160228082809466,0.7462962962962962,0.4999999999999999,0.5186653789498952,0.5186653789498952
isletmesinirlari.87,ULAŞ TİM,akifersinirlari.95095,Sınırlı Verimli,0.5,spikuraklikindeks.39.743699999999997.37.002000000000002,17090,-0.88,-1.59,-0.31,-1.92,-1.77,-1.29,0.82,13542275.291009277,0.039160228082809466,0.7999999999999999,0.4999999999999999,0.5428320456165618,0.5428320456165618
isletmesinirlari.87,ULAŞ TİM,akifersinirlari.95296,Verimli,0.8,spikuraklikindeks.39.242800000000003.37.389000000000003,17762,-1.07,-1.81,-1.06,-1.63,-0.7,-1.31,0.7716666666666666,17949874.2805311,0.05190588061842828,0.7462962962962962,1.0,0.6962145094570189,0.6962145094570189
isletmesinirlari.87,ULAŞ TİM,akifersinirlari.95296,Verimli,0.8,spikuraklikindeks.39.743699999999997.37.002000000000002,17090,-0.88,-1.59,-0.31,-1.92,-1.77,-1.29,0.82,17949874.2805311,0.05190588061842828,0.7999999999999999,1.0,0.7203811761236856,0.7203811761236856
isletmesinirlari.88,SULTANSUYU TİM,akifersinirlari.97772,Verimli,0.8,spikuraklikindeks.38.3367.38.217300000000002,17199,-0.84,-1.42,-0.18,-1.33,-0.42,-0.73,0.7216666666666667,8368614.702285433,0.024199320713998877,0.6907407407407408,1.0,0.6656731974761332,0.6656731974761332
isletmesinirlari.88,SULTANSUYU TİM,akifersinirlari.97826,Sınırlı Verimli,0.5,spikuraklikindeks.38.3367.38.217300000000002,17199,-0.84,-1.42,-0.18,-1.33,-0.42,-0.73,0.7216666666666667,12820638.303019335,0.03707343789893928,0.6907407407407408,0.4999999999999999,0.4932480209131212,0.4932480209131212
isletmesinirlari.89,SULTANSUYU1 TİM,akifersinirlari.97826,Sınırlı Verimli,0.5,spikuraklikindeks.38.3367.38.217300000000002,17199,-0.84,-1.42,-0.18,-1.33,-0.42,-0.73,0.7216666666666667,23677844.729689687,0.06846971077920891,0.6907407407407408,0.4999999999999999,0.49952727548917514,0.49952727548917514
isletmesinirlari.90,BOZTEPE TİM,akifersinirlari.114344,Verimli,0.8,spikuraklikindeks.36.906300000000002.30.798999999999999,17300,-0.84,-1.41,-0.3,-1.63,-0.94,-1.68,0.7716666666666666,5481819.3551354315,0.015851444574702736,0.7462962962962962,1.0,0.6890036222482738,0.6890036222482738
isletmesinirlari.90,BOZTEPE TİM,akifersinirlari.119293,Verimli,0.8,spikuraklikindeks.36.906300000000002.30.798999999999999,17300,-0.84,-1.41,-0.3,-1.63,-0.94,-1.68,0.7716666666666666,5481819.3551354315,0.015851444574702736,0.7462962962962962,1.0,0.6890036222482738,0.6890036222482738
isletmesinirlari.90,BOZTEPE TİM,akifersinirlari.124594,Verimli,0.8,spikuraklikindeks.36.906300000000002.30.798999999999999,17300,-0.84,-1.41,-0.3,-1.63,-0.94,-1.68,0.7716666666666666,5481819.3551354315,0.015851444574702736,0.7462962962962962,1.0,0.6890036222482738,0.6890036222482738
isletmesinirlari.91,GÖKHÖYÜK TİM,akifersinirlari.2713,Verimli,0.8,spikuraklikindeks.40.666800000000002.35.835299999999997,17085,0.92,0.08,-0.54,-1.09,-0.55,-1.12,0.6816666666666666,1266481.269430683,0.003661761554927359,0.6462962962962963,1.0,0.6415656856443188,0.6415656856443188
isletmesinirlari.91,GÖKHÖYÜK TİM,akifersinirlari.2713,Verimli,0.8,spikuraklikindeks.40.879300000000001.35.458500000000001,17083,2.6,1.5,2.94,2.4,3.09,2.43,0.1,1266481.269430683,0.003661761554927359,0.0,1.0,0.35073235231098543,0.35073235231098543
isletmesinirlari.91,GÖKHÖYÜK TİM,akifersinirlari.2717,Verimli,0.8,spikuraklikindeks.40.666800000000002.35.835299999999997,17085,0.92,0.08,-0.54,-1.09,-0.55,-1.12,0.6816666666666666,60736.44070230807,0.00017505492165028285,0.6462962962962963,1.0,0.6408683443176634,0.6408683443176634
isletmesinirlari.91,GÖKHÖYÜK TİM,akifersinirlari.2717,Verimli,0.8,spikuraklikindeks.40.879300000000001.35.458500000000001,17083,2.6,1.5,2.94,2.4,3.09,2.43,0.1,60736.44070230807,0.00017505492165028285,0.0,1.0,0.35003501098433004,0.35003501098433004
isletmesinirlari.91,GÖKHÖYÜK TİM,akifersinirlari.2723,Verimli,0.8,spikuraklikindeks.40.666800000000002.35.835299999999997,17085,0.92,0.08,-0.54,-1.09,-0.55,-1.12,0.6816666666666666,1653700.2224413434,0.004781500043390762,0.6462962962962963,1.0,0.6417896333420116,0.6417896333420116
isletmesinirlari.91,GÖKHÖYÜK TİM,akifersinirlari.2723,Verimli,0.8,spikuraklikindeks.40.879300000000001.35.458500000000001,17083,2.6,1.5,2.94,2.4,3.09,2.43,0.1,1653700.2224413434,0.004781500043390762,0.0,1.0,0.3509563000086781,0.3509563000086781
isletmesinirlari.91,GÖKHÖYÜK TİM,akifersinirlari.3775,Sınırlı Verimli,0.5,spikuraklikindeks.40.666800000000002.35.835299999999997,17085,0.92,0.08,-0.54,-1.09,-0.55,-1.12,0.6816666666666666,88790.11155620568,0.0002561789853190576,0.6462962962962963,0.4999999999999999,0.4658845691303971,0.4658845691303971
isletmesinirlari.91,GÖKHÖYÜK TİM,akifersinirlari.3775,Sınırlı Verimli,0.5,spikuraklikindeks.40.879300000000001.35.458500000000001,17083,2.6,1.5,2.94,2.4,3.09,2.43,0.1,88790.11155620568,0.0002561789853190576,0.0,0.4999999999999999,0.17505123579706378,0.17505123579706378
isletmesinirlari.91,GÖKHÖYÜK TİM,akifersinirlari.81660,Verimsiz,0.2,spikuraklikindeks.40.666800000000002.35.835299999999997,17085,0.92,0.08,-0.54,-1.09,-0.55,-1.12,0.6816666666666666,4874391.882804397,0.014094919191761647,0.6462962962962963,0.0,0.29365231717168566,0.29365231717168566
isletmesinirlari.91,GÖKHÖYÜK TİM,akifersinirlari.81660,Verimsiz,0.2,spikuraklikindeks.40.879300000000001.35.458500000000001,17083,2.6,1.5,2.94,2.4,3.09,2.43,0.1,4874391.882804397,0.014094919191761647,0.0,0.0,0.0028189838383523296,0.0028189838383523296
isletmesinirlari.91,GÖKHÖYÜK TİM,akifersinirlari.81703,Sınırlı Verimli,0.5,spikuraklikindeks.40.666800000000002.35.835299999999997,17085,0.92,0.08,-0.54,-1.09,-0.55,-1.12,0.6816666666666666,2270.1815602619286,5.985406512107348e-06,0.6462962962962963,0.4999999999999999,0.46583453041463574,0.46583453041463574
isletmesinirlari.91,GÖKHÖYÜK TİM,akifersinirlari.81703,Sınırlı Verimli,0.5,spikuraklikindeks.40.879300000000001.35.458500000000001,17083,2.6,1.5,2.94,2.4,3.09,2.43,0.1,2270.1815602619286,5.985406512107348e-06,0.0,0.4999999999999999,0.17500119708130238,0.17500119708130238
isletmesinirlari.91,GÖKHÖYÜK TİM,akifersinirlari.81704,Verimli,0.8,spikuraklikindeks.40.666800000000002.35.835299999999997,17085,0.92,0.08,-0.54,-1.09,-0.55,-1.12,0.6816666666666666,36630592.51640588,0.10592575500271047,0.6462962962962963,1.0,0.6620184843338754,0.6620184843338754
isletmesinirlari.91,GÖKHÖYÜK TİM,akifersinirlari.81704,Verimli,0.8,spikuraklikindeks.40.879300000000001.35.458500000000001,17083,2.6,1.5,2.94,2.4,3.09,2.43,0.1,36630592.51640588,0.10592575500271047,0.0,1.0,0.37118515100054206,0.37118515100054206
isletmesinirlari.92,BOZTEPE1 TİM,akifersinirlari.112668,Sınırlı Verimli,0.5,spikuraklikindeks.36.789499999999997.31.440999999999999,17954,-0.52,-1.03,0.67,-1.07,-1.44,-2.56,0.6783333333333333,808365.2788399579,0.0023370069093797017,0.6425925925925926,0.4999999999999999,0.46463406804854257,0.46463406804854257
isletmesinirlari.92,BOZTEPE1 TİM,akifersinirlari.112668,Sınırlı Verimli,0.5,spikuraklikindeks.36.906300000000002.30.798999999999999,17300,-0.84,-1.41,-0.3,-1.63,-0.94,-1.68,0.7716666666666666,808365.2788399579,0.0023370069093797017,0.7462962962962962,0.4999999999999999,0.5113007347152092,0.5113007347152092
isletmesinirlari.92,BOZTEPE1 TİM,akifersinirlari.114344,Verimli,0.8,spikuraklikindeks.36.789499999999997.31.440999999999999,17954,-0.52,-1.03,0.67,-1.07,-1.44,-2.56,0.6783333333333333,2403256.6622704403,0.006949026163758984,0.6425925925925926,1.0,0.6405564718994184,0.6405564718994184
isletmesinirlari.92,BOZTEPE1 TİM,akifersinirlari.114344,Verimli,0.8,spikuraklikindeks.36.906300000000002.30.798999999999999,17300,-0.84,-1.41,-0.3,-1.63,-0.94,-1.68,0.7716666666666666,2403256.6622704403,0.006949026163758984,0.7462962962962962,1.0,0.6872231385660851,0.6872231385660851
isletmesinirlari.92,BOZTEPE1 TİM,akifersinirlari.117617,Sınırlı Verimli,0.5,spikuraklikindeks.36.789499999999997.31.440999999999999,17954,-0.52,-1.03,0.67,-1.07,-1.44,-2.56,0.6783333333333333,808365.2788399579,0.0023370069093797017,0.6425925925925926,0.4999999999999999,0.46463406804854257,0.46463406804854257
isletmesinirlari.92,BOZTEPE1 TİM,akifersinirlari.117617,Sınırlı Verimli,0.5,spikuraklikindeks.36.906300000000002.30.798999999999999,17300,-0.84,-1.41,-0.3,-1.63,-0.94,-1.68,0.7716666666666666,808365.2788399579,0.0023370069093797017,0.7462962962962962,0.4999999999999999,0.5113007347152092,0.5113007347152092
isletmesinirlari.92,BOZTEPE1 TİM,akifersinirlari.119293,Verimli,0.8,spikuraklikindeks.36.789499999999997.31.440999999999999,17954,-0.52,-1.03,0.67,-1.07,-1.44,-2.56,0.6783333333333333,2403256.6622704403,0.006949026163758984,0.6425925925925926,1.0,0.6405564718994184,0.6405564718994184
isletmesinirlari.92,BOZTEPE1 TİM,akifersinirlari.119293,Verimli,0.8,spikuraklikindeks.36.906300000000002.30.798999999999999,17300,-0.84,-1.41,-0.3,-1.63,-0.94,-1.68,0.7716666666666666,2403256.6622704403,0.006949026163758984,0.7462962962962962,1.0,0.6872231385660851,0.6872231385660851
isletmesinirlari.92,BOZTEPE1 TİM,akifersinirlari.122918,Sınırlı Verimli,0.5,spikuraklikindeks.36.789499999999997.31.440999999999999,17954,-0.52,-1.03,0.67,-1.07,-1.44,-2.56,0.6783333333333333,808365.2788399579,0.0023370069093797017,0.6425925925925926,0.4999999999999999,0.46463406804854257,0.46463406804854257
isletmesinirlari.92,BOZTEPE1 TİM,akifersinirlari.122918,Sınırlı Verimli,0.5,spikuraklikindeks.36.906300000000002.30.798999999999999,17300,-0.84,-1.41,-0.3,-1.63,-0.94,-1.68,0.7716666666666666,808365.2788399579,0.0023370069093797017,0.7462962962962962,0.4999999999999999,0.5113007347152092,0.5113007347152092
isletmesinirlari.92,BOZTEPE1 TİM,akifersinirlari.124594,Verimli,0.8,spikuraklikindeks.36.789499999999997.31.440999999999999,17954,-0.52,-1.03,0.67,-1.07,-1.44,-2.56,0.6783333333333333,2403256.6622704403,0.006949026163758984,0.6425925925925926,1.0,0.6405564718994184,0.6405564718994184
isletmesinirlari.92,BOZTEPE1 TİM,akifersinirlari.124594,Verimli,0.8,spikuraklikindeks.36.906300000000002.30.798999999999999,17300,-0.84,-1.41,-0.3,-1.63,-0.94,-1.68,0.7716666666666666,2403256.6622704403,0.006949026163758984,0.7462962962962962,1.0,0.6872231385660851,0.6872231385660851
