{
"type": "FeatureCollection",
"name": "model2_urban_water_stress",
"crs": { "type": "name", "properties": { "name": "urn:ogc:def:crs:OGC:1.3:CRS84" } },
"features": [
{ "type": "Feature", "properties": { "id": "sehirAtlasi.1", "kentAtlasiDegeriKodu": "11230", "kentAtlasiDegeri": "Düşük Yoğunluklu Süreksiz Kentsel Alan (10% - 30%)", "gecirimsizlikKatmani": 20, "tucbsNo": "CBSGM_1_338821", "aciklama": null, "gecerlilikBaslangici": "2019-02-18T00:00:00Z", "gecerlilikSonu": null, "gozlemTarihi": null, "hilucsAraziKullanimi": null, "hilucsDurumu": null, "olcek": "1:10000", "surumBaslangicZamani": null, "surumBitisZamani": null, "total_population": 0.0, "estimated_water_supply": 2.4158856509330553, "population_pressure": 0.0, "urban_water_stress_score": 0.0 }, "geometry": { "type": "MultiPolygon", "coordinates": [ [ [ [ 32.6873, 40.2103 ], [ 32.6873, 40.2104 ], [ 32.6869, 40.2107 ], [ 32.6867, 40.2109 ], [ 32.6869, 40.2113 ], [ 32.6876, 40.2106 ], [ 32.6873, 40.2103 ] ] ] ] } },
{ "type": "Feature", "properties": { "id": "sehirAtlasi.2", "kentAtlasiDegeriKodu": "11240", "kentAtlasiDegeri": "Çok Düşük Yoğunluklu Süreksiz Kentsel Alan (< 10%)", "gecirimsizlikKatmani": 10, "tucbsNo": "CBSGM_1_7984195", "aciklama": null, "gecerlilikBaslangici": "2019-02-11T00:00:00Z", "gecerlilikSonu": null, "gozlemTarihi": null, "hilucsAraziKullanimi": null, "hilucsDurumu": null, "olcek": "1:10000", "surumBaslangicZamani": null, "surumBitisZamani": null, "total_population": 0.0, "estimated_water_supply": 0.57018581538814361, "population_pressure": 0.0, "urban_water_stress_score": 0.0 }, "geometry": { "type": "MultiPolygon", "coordinates": [ [ [ [ 32.777, 39.784 ], [ 32.7777, 39.7844 ], [ 32.7779, 39.7842 ], [ 32.7772, 39.7838 ], [ 32.777, 39.784 ] ] ] ] } },
{ "type": "Feature", "properties": { "id": "sehirAtlasi.3", "kentAtlasiDegeriKodu": "11240", "kentAtlasiDegeri": "Çok Düşük Yoğunluklu Süreksiz Kentsel Alan (< 10%)", "gecirimsizlikKatmani": 6, "tucbsNo": "CBSGM_1_338822", "aciklama": null, "gecerlilikBaslangici": "2019-02-18T00:00:00Z", "gecerlilikSonu": null, "gozlemTarihi": null, "hilucsAraziKullanimi": null, "hilucsDurumu": null, "olcek": "1:10000", "surumBaslangicZamani": null, "surumBitisZamani": null, "total_population": 0.0, "estimated_water_supply": 2.4008022554449617, "population_pressure": 0.0, "urban_water_stress_score": 0.0 }, "geometry": { "type": "MultiPolygon", "coordinates": [ [ [ [ 32.6852, 40.2091 ], [ 32.6855, 40.2095 ], [ 32.6859, 40.21 ], [ 32.6861, 40.2102 ], [ 32.6863, 40.21 ], [ 32.6857, 40.2093 ], [ 32.6859, 40.2091 ], [ 32.6855, 40.2087 ], [ 32.6853, 40.209 ], [ 32.6852, 40.2091 ] ] ] ] } },
{ "type": "Feature", "properties": { "id": "sehirAtlasi.4", "kentAtlasiDegeriKodu": "12150", "kentAtlasiDegeri": "Eğitim Alanları", "gecirimsizlikKatmani": 20, "tucbsNo": "CBSGM_1_338823", "aciklama": null, "gecerlilikBaslangici": "2019-02-18T00:00:00Z", "gecerlilikSonu": null, "gozlemTarihi": null, "hilucsAraziKullanimi": null, "hilucsDurumu": null, "olcek": "1:10000", "surumBaslangicZamani": null, "surumBitisZamani": null, "total_population": 0.0, "estimated_water_supply": 2.3928857530132852, "population_pressure": 0.0, "urban_water_stress_score": 0.0 }, "geometry": { "type": "MultiPolygon", "coordinates": [ [ [ [ 32.6838, 40.207 ], [ 32.6842, 40.207 ], [ 32.6845, 40.2066 ], [ 32.6841, 40.2064 ], [ 32.6832, 40.206 ], [ 32.683, 40.2062 ], [ 32.6831, 40.2063 ], [ 32.6831, 40.2063 ], [ 32.6837, 40.207 ], [ 32.6837, 40.207 ], [ 32.6838, 40.207 ] ] ] ] } },
{ "type": "Feature", "properties": { "id": "sehirAtlasi.5", "kentAtlasiDegeriKodu": "12220", "kentAtlasiDegeri": "Diğer Yollar ve İlgili Alanlar", "gecirimsizlikKatmani": 0, "tucbsNo": "CBSGM_1_7984196", "aciklama": null, "gecerlilikBaslangici": "2019-02-04T00:00:00Z", "gecerlilikSonu": null, "gozlemTarihi": null, "hilucsAraziKullanimi": null, "hilucsDurumu": null, "olcek": "1:10000", "surumBaslangicZamani": null, "surumBitisZamani": null, "total_population": 0.0, "estimated_water_supply": 1.2761406518706138, "population_pressure": 0.0, "urban_water_stress_score": 0.0 }, "geometry": { "type": "MultiPolygon", "coordinates": [ [ [ [ 32.6294, 39.9773 ], [ 32.6295, 39.9772 ], [ 32.6295, 39.9772 ], [ 32.6285, 39.9765 ], [ 32.6285, 39.9765 ], [ 32.6285, 39.9764 ], [ 32.6285, 39.9765 ], [ 32.6284, 39.9765 ], [ 32.6284, 39.9765 ], [ 32.6284, 39.9765 ], [ 32.6284, 39.9765 ], [ 32.6294, 39.9773 ] ] ] ] } },
{ "type": "Feature", "properties": { "id": "sehirAtlasi.6", "kentAtlasiDegeriKodu": "12220", "kentAtlasiDegeri": "Diğer Yollar ve İlgili Alanlar", "gecirimsizlikKatmani": 0, "tucbsNo": "CBSGM_1_7984197", "aciklama": null, "gecerlilikBaslangici": "2019-02-18T00:00:00Z", "gecerlilikSonu": null, "gozlemTarihi": null, "hilucsAraziKullanimi": null, "hilucsDurumu": null, "olcek": "1:10000", "surumBaslangicZamani": null, "surumBitisZamani": null, "total_population": 0.0, "estimated_water_supply": 1.169544518594436, "population_pressure": 0.0, "urban_water_stress_score": 0.0 }, "geometry": { "type": "MultiPolygon", "coordinates": [ [ [ [ 32.9008, 39.9705 ], [ 32.9008, 39.9705 ], [ 32.9008, 39.9705 ], [ 32.9009, 39.9705 ], [ 32.9007, 39.9704 ], [ 32.9007, 39.9704 ], [ 32.9001, 39.9697 ], [ 32.9, 39.9697 ], [ 32.9, 39.9697 ], [ 32.9006, 39.9704 ], [ 32.9008, 39.9706 ], [ 32.9008, 39.9705 ] ] ] ] } },
{ "type": "Feature", "properties": { "id": "sehirAtlasi.7", "kentAtlasiDegeriKodu": "12220", "kentAtlasiDegeri": "Diğer Yollar ve İlgili Alanlar", "gecirimsizlikKatmani": 0, "tucbsNo": "CBSGM_1_7984198", "aciklama": null, "gecerlilikBaslangici": "2019-02-19T00:00:00Z", "gecerlilikSonu": null, "gozlemTarihi": null, "hilucsAraziKullanimi": null, "hilucsDurumu": null, "olcek": "1:10000", "surumBaslangicZamani": null, "surumBitisZamani": null, "total_population": 0.0, "estimated_water_supply": 0.72305309423162933, "population_pressure": 0.0, "urban_water_stress_score": 0.0 }, "geometry": { "type": "MultiPolygon", "coordinates": [ [ [ [ 32.7842, 39.8967 ], [ 32.7842, 39.8967 ], [ 32.7842, 39.8965 ], [ 32.7844, 39.8956 ], [ 32.7844, 39.8956 ], [ 32.7843, 39.8957 ], [ 32.7843, 39.8957 ], [ 32.7842, 39.8957 ], [ 32.7841, 39.8965 ], [ 32.7841, 39.8965 ], [ 32.7841, 39.8965 ], [ 32.7842, 39.8967 ] ] ] ] } },
{ "type": "Feature", "properties": { "id": "sehirAtlasi.8", "kentAtlasiDegeriKodu": "11100", "kentAtlasiDegeri": "Sürekli Kentsel Alan (> 80%)", "gecirimsizlikKatmani": 46, "tucbsNo": "CBSGM_1_7984199", "aciklama": null, "gecerlilikBaslangici": "2019-02-11T00:00:00Z", "gecerlilikSonu": null, "gozlemTarihi": null, "hilucsAraziKullanimi": null, "hilucsDurumu": null, "olcek": "1:10000", "surumBaslangicZamani": null, "surumBitisZamani": null, "total_population": 0.0, "estimated_water_supply": 1.0167621698336216, "population_pressure": 0.0, "urban_water_stress_score": 0.0 }, "geometry": { "type": "MultiPolygon", "coordinates": [ [ [ [ 32.8141, 39.9678 ], [ 32.8145, 39.9681 ], [ 32.8155, 39.9673 ], [ 32.8155, 39.9673 ], [ 32.8155, 39.9672 ], [ 32.8155, 39.9672 ], [ 32.8156, 39.9671 ], [ 32.8156, 39.9671 ], [ 32.8159, 39.9669 ], [ 32.816, 39.9663 ], [ 32.8159, 39.9663 ], [ 32.8158, 39.9663 ], [ 32.8151, 39.9669 ], [ 32.8141, 39.9678 ], [ 32.8141, 39.9678 ] ] ] ] } },
{ "type": "Feature", "properties": { "id": "sehirAtlasi.9", "kentAtlasiDegeriKodu": "12220", "kentAtlasiDegeri": "Diğer Yollar ve İlgili Alanlar", "gecirimsizlikKatmani": 0, "tucbsNo": "CBSGM_1_7984200", "aciklama": null, "gecerlilikBaslangici": "2019-02-04T00:00:00Z", "gecerlilikSonu": null, "gozlemTarihi": null, "hilucsAraziKullanimi": null, "hilucsDurumu": null, "olcek": "1:10000", "surumBaslangicZamani": null, "surumBitisZamani": null, "total_population": 0.0, "estimated_water_supply": 1.2777019737715296, "population_pressure": 0.0, "urban_water_stress_score": 0.0 }, "geometry": { "type": "MultiPolygon", "coordinates": [ [ [ [ 32.594, 39.9883 ], [ 32.594, 39.9883 ], [ 32.5939, 39.9883 ], [ 32.5939, 39.9886 ], [ 32.5939, 39.9886 ], [ 32.594, 39.9887 ], [ 32.594, 39.9887 ], [ 32.594, 39.9887 ], [ 32.594, 39.9886 ], [ 32.594, 39.9886 ], [ 32.594, 39.9886 ], [ 32.594, 39.9883 ], [ 32.594, 39.9883 ] ] ] ] } },
{ "type": "Feature", "properties": { "id": "sehirAtlasi.10", "kentAtlasiDegeriKodu": "12220", "kentAtlasiDegeri": "Diğer Yollar ve İlgili Alanlar", "gecirimsizlikKatmani": 0, "tucbsNo": "CBSGM_1_7984201", "aciklama": null, "gecerlilikBaslangici": "2019-02-11T00:00:00Z", "gecerlilikSonu": null, "gozlemTarihi": null, "hilucsAraziKullanimi": null, "hilucsDurumu": null, "olcek": "1:10000", "surumBaslangicZamani": null, "surumBitisZamani": null, "total_population": 0.0, "estimated_water_supply": 0.56004388604074551, "population_pressure": 0.0, "urban_water_stress_score": 0.0 }, "geometry": { "type": "MultiPolygon", "coordinates": [ [ [ [ 32.8027, 39.8002 ], [ 32.8027, 39.8002 ], [ 32.8027, 39.8002 ], [ 32.8033, 39.8002 ], [ 32.804, 39.8001 ], [ 32.804, 39.8001 ], [ 32.8041, 39.8001 ], [ 32.8042, 39.8002 ], [ 32.8042, 39.8003 ], [ 32.8042, 39.8004 ], [ 32.8042, 39.8005 ], [ 32.8042, 39.8006 ], [ 32.8033, 39.8007 ], [ 32.8027, 39.8007 ], [ 32.8027, 39.8007 ], [ 32.8027, 39.8008 ], [ 32.8033, 39.8007 ], [ 32.8034, 39.8016 ], [ 32.8035, 39.8016 ], [ 32.8035, 39.8016 ], [ 32.8034, 39.8007 ], [ 32.8042, 39.8007 ], [ 32.8041, 39.8016 ], [ 32.8041, 39.8016 ], [ 32.8042, 39.8016 ], [ 32.8043, 39.8007 ], [ 32.8049, 39.8008 ], [ 32.8048, 39.8016 ], [ 32.8048, 39.8016 ], [ 32.8048, 39.8016 ], [ 32.8049, 39.8016 ], [ 32.8049, 39.8016 ], [ 32.8049, 39.8016 ], [ 32.8051, 39.8007 ], [ 32.8052, 39.8004 ], [ 32.8052, 39.8004 ], [ 32.8052, 39.8003 ], [ 32.8051, 39.8005 ], [ 32.805, 39.8007 ], [ 32.8043, 39.8006 ], [ 32.8043, 39.8005 ], [ 32.8043, 39.8005 ], [ 32.8043, 39.8004 ], [ 32.8043, 39.8004 ], [ 32.8043, 39.8004 ], [ 32.8043, 39.8003 ], [ 32.8043, 39.8003 ], [ 32.8042, 39.8001 ], [ 32.8042, 39.8001 ], [ 32.8042, 39.8001 ], [ 32.8042, 39.8001 ], [ 32.8041, 39.8001 ], [ 32.8041, 39.8001 ], [ 32.804, 39.8001 ], [ 32.804, 39.8001 ], [ 32.804, 39.8001 ], [ 32.8038, 39.7992 ], [ 32.8037, 39.7992 ], [ 32.8037, 39.7992 ], [ 32.8037, 39.7992 ], [ 32.8039, 39.8001 ], [ 32.8033, 39.8001 ], [ 32.8031, 39.7992 ], [ 32.8031, 39.7992 ], [ 32.803, 39.7992 ], [ 32.8032, 39.8001 ], [ 32.8027, 39.8002 ] ] ] ] } },
{ "type": "Feature", "properties": { "id": "sehirAtlasi.11", "kentAtlasiDegeriKodu": "14120", "kentAtlasiDegeri": "Kent İçindeki Yeşil Alanlar ( Aktif )", "gecirimsizlikKatmani": 0, "tucbsNo": "CBSGM_1_7984202", "aciklama": null, "gecerlilikBaslangici": "2019-02-06T00:00:00Z", "gecerlilikSonu": null, "gozlemTarihi": null, "hilucsAraziKullanimi": null, "hilucsDurumu": null, "olcek": "1:10000", "surumBaslangicZamani": null, "surumBitisZamani": null, "total_population": 0.0, "estimated_water_supply": 1.1370833386582833, "population_pressure": 0.0, "urban_water_stress_score": 0.0 }, "geometry": { "type": "MultiPolygon", "coordinates": [ [ [ [ 32.8787, 39.9721 ], [ 32.8783, 39.9719 ], [ 32.8781, 39.9717 ], [ 32.8781, 39.9717 ], [ 32.878, 39.9717 ], [ 32.8777, 39.9718 ], [ 32.8778, 39.972 ], [ 32.878, 39.9721 ], [ 32.8782, 39.9721 ], [ 32.8782, 39.9721 ], [ 32.8782, 39.9721 ], [ 32.8782, 39.9721 ], [ 32.8785, 39.9722 ], [ 32.8786, 39.9721 ], [ 32.8786, 39.9721 ], [ 32.8787, 39.9721 ] ] ] ] } },
{ "type": "Feature", "properties": { "id": "sehirAtlasi.12", "kentAtlasiDegeriKodu": "12220", "kentAtlasiDegeri": "Diğer Yollar ve İlgili Alanlar", "gecirimsizlikKatmani": 0, "tucbsNo": "CBSGM_1_7984203", "aciklama": null, "gecerlilikBaslangici": "2019-02-08T00:00:00Z", "gecerlilikSonu": null, "gozlemTarihi": null, "hilucsAraziKullanimi": null, "hilucsDurumu": null, "olcek": "1:10000", "surumBaslangicZamani": null, "surumBitisZamani": null, "total_population": 0.0, "estimated_water_supply": 1.1864628062273699, "population_pressure": 0.0, "urban_water_stress_score": 0.0 }, "geometry": { "type": "MultiPolygon", "coordinates": [ [ [ [ 32.9043, 39.9698 ], [ 32.9046, 39.9702 ], [ 32.9051, 39.9709 ], [ 32.9051, 39.9709 ], [ 32.9055, 39.9714 ], [ 32.9052, 39.9716 ], [ 32.9047, 39.9719 ], [ 32.9047, 39.9719 ], [ 32.9047, 39.972 ], [ 32.9048, 39.972 ], [ 32.9052, 39.9717 ], [ 32.9056, 39.9714 ], [ 32.9061, 39.972 ], [ 32.9061, 39.9719 ], [ 32.9061, 39.9719 ], [ 32.9061, 39.9719 ], [ 32.9056, 39.9713 ], [ 32.9052, 39.9709 ], [ 32.9059, 39.9706 ], [ 32.9058, 39.9706 ], [ 32.9058, 39.9705 ], [ 32.9052, 39.9708 ], [ 32.9047, 39.9702 ], [ 32.9044, 39.9698 ], [ 32.9044, 39.9698 ], [ 32.9043, 39.9698 ] ] ] ] } },
{ "type": "Feature", "properties": { "id": "sehirAtlasi.13", "kentAtlasiDegeriKodu": "12220", "kentAtlasiDegeri": "Diğer Yollar ve İlgili Alanlar", "gecirimsizlikKatmani": 0, "tucbsNo": "CBSGM_1_7984204", "aciklama": null, "gecerlilikBaslangici": "2019-02-04T00:00:00Z", "gecerlilikSonu": null, "gozlemTarihi": null, "hilucsAraziKullanimi": null, "hilucsDurumu": null, "olcek": "1:10000", "surumBaslangicZamani": null, "surumBitisZamani": null, "total_population": 0.0, "estimated_water_supply": 1.145592039429689, "population_pressure": 0.0, "urban_water_stress_score": 0.0 }, "geometry": { "type": "MultiPolygon", "coordinates": [ [ [ [ 33.0411, 40.1168 ], [ 33.0411, 40.1174 ], [ 33.0411, 40.1174 ], [ 33.0412, 40.1175 ], [ 33.0412, 40.1175 ], [ 33.0412, 40.1175 ], [ 33.0413, 40.1175 ], [ 33.0413, 40.1175 ], [ 33.0413, 40.1175 ], [ 33.0413, 40.1176 ], [ 33.0414, 40.1176 ], [ 33.0414, 40.1176 ], [ 33.0412, 40.1183 ], [ 33.0412, 40.1183 ], [ 33.0412, 40.1183 ], [ 33.0413, 40.1184 ], [ 33.0413, 40.1184 ], [ 33.0413, 40.1184 ], [ 33.0414, 40.1184 ], [ 33.0414, 40.1184 ], [ 33.0415, 40.1185 ], [ 33.0415, 40.1185 ], [ 33.0416, 40.1185 ], [ 33.0416, 40.1185 ], [ 33.0416, 40.1184 ], [ 33.0416, 40.1184 ], [ 33.0416, 40.1184 ], [ 33.0416, 40.1184 ], [ 33.0414, 40.1184 ], [ 33.0414, 40.1184 ], [ 33.0413, 40.1183 ], [ 33.0414, 40.1181 ], [ 33.0415, 40.1177 ], [ 33.0415, 40.1176 ], [ 33.0415, 40.1176 ], [ 33.0415, 40.1176 ], [ 33.0423, 40.1178 ], [ 33.0424, 40.1178 ], [ 33.0424, 40.1178 ], [ 33.0425, 40.1178 ], [ 33.0425, 40.1178 ], [ 33.0425, 40.1177 ], [ 33.0425, 40.1177 ], [ 33.0425, 40.1177 ], [ 33.0425, 40.1177 ], [ 33.0424, 40.1177 ], [ 33.0414, 40.1175 ], [ 33.0414, 40.1175 ], [ 33.0414, 40.1175 ], [ 33.0413, 40.1175 ], [ 33.0413, 40.1175 ], [ 33.0412, 40.1174 ], [ 33.0412, 40.1172 ], [ 33.0412, 40.117 ], [ 33.0412, 40.1168 ], [ 33.0411, 40.1168 ], [ 33.0411, 40.1168 ], [ 33.0411, 40.1168 ], [ 33.0411, 40.1168 ] ] ] ] } },
{ "type": "Feature", "properties": { "id": "sehirAtlasi.14", "kentAtlasiDegeriKodu": "11100", "kentAtlasiDegeri": "Sürekli Kentsel Alan (> 80%)", "gecirimsizlikKatmani": 48, "tucbsNo": "CBSGM_1_7984279", "aciklama": null, "gecerlilikBaslangici": "2019-02-20T00:00:00Z", "gecerlilikSonu": null, "gozlemTarihi": null, "hilucsAraziKullanimi": null, "hilucsDurumu": null, "olcek": "1:10000", "surumBaslangicZamani": null, "surumBitisZamani": null, "total_population": 0.0, "estimated_water_supply": 1.2505819498174999, "population_pressure": 0.0, "urban_water_stress_score": 0.0 }, "geometry": { "type": "MultiPolygon", "coordinates": [ [ [ [ 32.869, 40.0066 ], [ 32.8686, 40.0064 ], [ 32.8682, 40.007 ], [ 32.8686, 40.0072 ], [ 32.869, 40.0066 ] ] ] ] } },
{ "type": "Feature", "properties": { "id": "sehirAtlasi.15", "kentAtlasiDegeriKodu": "11230", "kentAtlasiDegeri": "Düşük Yoğunluklu Süreksiz Kentsel Alan (10% - 30%)", "gecirimsizlikKatmani": 0, "tucbsNo": "CBSGM_1_7984205", "aciklama": null, "gecerlilikBaslangici": "2019-02-05T00:00:00Z", "gecerlilikSonu": null, "gozlemTarihi": null, "hilucsAraziKullanimi": null, "hilucsDurumu": null, "olcek": "1:10000", "surumBaslangicZamani": null, "surumBitisZamani": null, "total_population": 0.0, "estimated_water_supply": 0.98734203443927426, "population_pressure": 0.0, "urban_water_stress_score": 0.0 }, "geometry": { "type": "MultiPolygon", "coordinates": [ [ [ [ 32.8703, 39.9449 ], [ 32.8701, 39.9449 ], [ 32.8701, 39.9449 ], [ 32.8701, 39.9449 ], [ 32.87, 39.9449 ], [ 32.87, 39.9449 ], [ 32.87, 39.9449 ], [ 32.87, 39.9449 ], [ 32.8699, 39.945 ], [ 32.8699, 39.945 ], [ 32.8699, 39.945 ], [ 32.8699, 39.945 ], [ 32.8699, 39.945 ], [ 32.8698, 39.945 ], [ 32.8697, 39.945 ], [ 32.8697, 39.945 ], [ 32.8697, 39.945 ], [ 32.8696, 39.9451 ], [ 32.8696, 39.9452 ], [ 32.8698, 39.9452 ], [ 32.8698, 39.9452 ], [ 32.8698, 39.9452 ], [ 32.87, 39.9452 ], [ 32.8702, 39.9452 ], [ 32.8703, 39.9449 ] ] ] ] } },
{ "type": "Feature", "properties": { "id": "sehirAtlasi.16", "kentAtlasiDegeriKodu": "12220", "kentAtlasiDegeri": "Diğer Yollar ve İlgili Alanlar", "gecirimsizlikKatmani": 0, "tucbsNo": "CBSGM_1_7984206", "aciklama": null, "gecerlilikBaslangici": "2019-02-06T00:00:00Z", "gecerlilikSonu": null, "gozlemTarihi": null, "hilucsAraziKullanimi": null, "hilucsDurumu": null, "olcek": "1:10000", "surumBaslangicZamani": null, "surumBitisZamani": null, "total_population": 0.0, "estimated_water_supply": 1.135519311332513, "population_pressure": 0.0, "urban_water_stress_score": 0.0 }, "geometry": { "type": "MultiPolygon", "coordinates": [ [ [ [ 32.8906, 39.9611 ], [ 32.8906, 39.9611 ], [ 32.8906, 39.9611 ], [ 32.8906, 39.9611 ], [ 32.8926, 39.9609 ], [ 32.8926, 39.9609 ], [ 32.8926, 39.9608 ], [ 32.8906, 39.9611 ] ] ] ] } },
{ "type": "Feature", "properties": { "id": "sehirAtlasi.17", "kentAtlasiDegeriKodu": "13400", "kentAtlasiDegeri": "Mevcut Kullanımı Olmayan Alanlar", "gecirimsizlikKatmani": 0, "tucbsNo": "CBSGM_1_7984207", "aciklama": null, "gecerlilikBaslangici": "2019-02-07T00:00:00Z", "gecerlilikSonu": null, "gozlemTarihi": null, "hilucsAraziKullanimi": null, "hilucsDurumu": null, "olcek": "1:10000", "surumBaslangicZamani": null, "surumBitisZamani": null, "total_population": 0.0, "estimated_water_supply": 1.209746088211358, "population_pressure": 0.0, "urban_water_stress_score": 0.0 }, "geometry": { "type": "MultiPolygon", "coordinates": [ [ [ [ 32.9485, 39.9791 ], [ 32.948, 39.9785 ], [ 32.9477, 39.9781 ], [ 32.9469, 39.9783 ], [ 32.9472, 39.9785 ], [ 32.9473, 39.9786 ], [ 32.9473, 39.9786 ], [ 32.9473, 39.9786 ], [ 32.9475, 39.9791 ], [ 32.9476, 39.9793 ], [ 32.9485, 39.9791 ] ] ] ] } },
{ "type": "Feature", "properties": { "id": "sehirAtlasi.18", "kentAtlasiDegeriKodu": "11100", "kentAtlasiDegeri": "Sürekli Kentsel Alan (> 80%)", "gecirimsizlikKatmani": 43, "tucbsNo": "CBSGM_1_7984208", "aciklama": null, "gecerlilikBaslangici": "2019-02-20T00:00:00Z", "gecerlilikSonu": null, "gozlemTarihi": null, "hilucsAraziKullanimi": null, "hilucsDurumu": null, "olcek": "1:10000", "surumBaslangicZamani": null, "surumBitisZamani": null, "total_population": 0.0, "estimated_water_supply": 1.1133539520173446, "population_pressure": 0.0, "urban_water_stress_score": 0.0 }, "geometry": { "type": "MultiPolygon", "coordinates": [ [ [ [ 32.8714, 39.9688 ], [ 32.8712, 39.9686 ], [ 32.8708, 39.9684 ], [ 32.8708, 39.9684 ], [ 32.8706, 39.9682 ], [ 32.8704, 39.9681 ], [ 32.8702, 39.968 ], [ 32.8696, 39.9683 ], [ 32.8698, 39.9685 ], [ 32.8701, 39.9688 ], [ 32.8702, 39.9689 ], [ 32.8705, 39.9691 ], [ 32.8705, 39.9691 ], [ 32.8708, 39.9693 ], [ 32.8708, 39.9693 ], [ 32.8709, 39.9693 ], [ 32.8712, 39.969 ], [ 32.8714, 39.9688 ] ] ] ] } },
{ "type": "Feature", "properties": { "id": "sehirAtlasi.19", "kentAtlasiDegeriKodu": "12220", "kentAtlasiDegeri": "Diğer Yollar ve İlgili Alanlar", "gecirimsizlikKatmani": 0, "tucbsNo": "CBSGM_1_7984209", "aciklama": null, "gecerlilikBaslangici": "2019-02-21T00:00:00Z", "gecerlilikSonu": null, "gozlemTarihi": null, "hilucsAraziKullanimi": null, "hilucsDurumu": null, "olcek": "1:10000", "surumBaslangicZamani": null, "surumBitisZamani": null, "total_population": 0.0, "estimated_water_supply": 0.6884932859131131, "population_pressure": 0.0, "urban_water_stress_score": 0.0 }, "geometry": { "type": "MultiPolygon", "coordinates": [ [ [ [ 32.812, 39.8795 ], [ 32.812, 39.8795 ], [ 32.812, 39.8796 ], [ 32.8125, 39.8796 ], [ 32.8125, 39.8795 ], [ 32.8125, 39.8795 ], [ 32.812, 39.8795 ] ] ] ] } },
{ "type": "Feature", "properties": { "id": "sehirAtlasi.20", "kentAtlasiDegeriKodu": "11100", "kentAtlasiDegeri": "Sürekli Kentsel Alan (> 80%)", "gecirimsizlikKatmani": 44, "tucbsNo": "CBSGM_1_7984210", "aciklama": null, "gecerlilikBaslangici": "2019-02-20T00:00:00Z", "gecerlilikSonu": null, "gozlemTarihi": null, "hilucsAraziKullanimi": null, "hilucsDurumu": null, "olcek": "1:10000", "surumBaslangicZamani": null, "surumBitisZamani": null, "total_population": 0.0, "estimated_water_supply": 1.2208466780566578, "population_pressure": 0.0, "urban_water_stress_score": 0.0 }, "geometry": { "type": "MultiPolygon", "coordinates": [ [ [ [ 32.8817, 39.9983 ], [ 32.8804, 39.9983 ], [ 32.8804, 39.9987 ], [ 32.8817, 39.9987 ], [ 32.8817, 39.9983 ] ] ] ] } },
{ "type": "Feature", "properties": { "id": "sehirAtlasi.21", "kentAtlasiDegeriKodu": "11230", "kentAtlasiDegeri": "Düşük Yoğunluklu Süreksiz Kentsel Alan (10% - 30%)", "gecirimsizlikKatmani": 30, "tucbsNo": "CBSGM_1_7984211", "aciklama": null, "gecerlilikBaslangici": "2019-02-08T00:00:00Z", "gecerlilikSonu": null, "gozlemTarihi": null, "hilucsAraziKullanimi": null, "hilucsDurumu": null, "olcek": "1:10000", "surumBaslangicZamani": null, "surumBitisZamani": null, "total_population": 0.0, "estimated_water_supply": 0.89214655158124367, "population_pressure": 0.0, "urban_water_stress_score": 0.0 }, "geometry": { "type": "MultiPolygon", "coordinates": [ [ [ [ 32.9812, 39.8904 ], [ 32.9812, 39.89 ], [ 32.9812, 39.8899 ], [ 32.9807, 39.89 ], [ 32.9807, 39.89 ], [ 32.9806, 39.89 ], [ 32.9806, 39.89 ], [ 32.9806, 39.89 ], [ 32.9803, 39.89 ], [ 32.9803, 39.8899 ], [ 32.9803, 39.8899 ], [ 32.9803, 39.8899 ], [ 32.9801, 39.8898 ], [ 32.98, 39.89 ], [ 32.9797, 39.8905 ], [ 32.9797, 39.8905 ], [ 32.98, 39.8904 ], [ 32.98, 39.8904 ], [ 32.9805, 39.8904 ], [ 32.9806, 39.8904 ], [ 32.9806, 39.8904 ], [ 32.9812, 39.8904 ] ] ] ] } },
{ "type": "Feature", "properties": { "id": "sehirAtlasi.22", "kentAtlasiDegeriKodu": "13400", "kentAtlasiDegeri": "Mevcut Kullanımı Olmayan Alanlar", "gecirimsizlikKatmani": 0, "tucbsNo": "CBSGM_1_7984212", "aciklama": null, "gecerlilikBaslangici": "2019-02-12T00:00:00Z", "gecerlilikSonu": null, "gozlemTarihi": null, "hilucsAraziKullanimi": null, "hilucsDurumu": null, "olcek": "1:10000", "surumBaslangicZamani": null, "surumBitisZamani": null, "total_population": 0.0, "estimated_water_supply": 0.93994014931358205, "population_pressure": 0.0, "urban_water_stress_score": 0.0 }, "geometry": { "type": "MultiPolygon", "coordinates": [ [ [ [ 32.9798, 39.8945 ], [ 32.9798, 39.8945 ], [ 32.9814, 39.8955 ], [ 32.9818, 39.8951 ], [ 32.9818, 39.8951 ], [ 32.9818, 39.8951 ], [ 32.9817, 39.895 ], [ 32.9801, 39.8942 ], [ 32.9804, 39.8939 ], [ 32.9798, 39.8945 ] ] ] ] } },
{ "type": "Feature", "properties": { "id": "sehirAtlasi.23", "kentAtlasiDegeriKodu": "11100", "kentAtlasiDegeri": "Sürekli Kentsel Alan (> 80%)", "gecirimsizlikKatmani": 18, "tucbsNo": "CBSGM_1_7984213", "aciklama": null, "gecerlilikBaslangici": "2019-02-12T00:00:00Z", "gecerlilikSonu": null, "gozlemTarihi": null, "hilucsAraziKullanimi": null, "hilucsDurumu": null, "olcek": "1:10000", "surumBaslangicZamani": null, "surumBitisZamani": null, "total_population": 0.0, "estimated_water_supply": 0.9893165917692105, "population_pressure": 0.0, "urban_water_stress_score": 0.0 }, "geometry": { "type": "MultiPolygon", "coordinates": [ [ [ [ 32.9809, 39.8982 ], [ 32.9802, 39.8983 ], [ 32.9801, 39.8988 ], [ 32.9801, 39.8989 ], [ 32.9801, 39.8989 ], [ 32.9807, 39.8989 ], [ 32.9809, 39.8982 ] ] ] ] } },
{ "type": "Feature", "properties": { "id": "sehirAtlasi.24", "kentAtlasiDegeriKodu": "12220", "kentAtlasiDegeri": "Diğer Yollar ve İlgili Alanlar", "gecirimsizlikKatmani": 0, "tucbsNo": "CBSGM_1_7984214", "aciklama": null, "gecerlilikBaslangici": "2019-02-21T00:00:00Z", "gecerlilikSonu": null, "gozlemTarihi": null, "hilucsAraziKullanimi": null, "hilucsDurumu": null, "olcek": "1:10000", "surumBaslangicZamani": null, "surumBitisZamani": null, "total_population": 0.0, "estimated_water_supply": 1.1705811902847139, "population_pressure": 0.0, "urban_water_stress_score": 0.0 }, "geometry": { "type": "MultiPolygon", "coordinates": [ [ [ [ 32.6461, 39.9641 ], [ 32.6464, 39.9642 ], [ 32.6464, 39.9642 ], [ 32.6464, 39.9642 ], [ 32.6464, 39.9642 ], [ 32.6467, 39.9642 ], [ 32.6468, 39.9642 ], [ 32.6468, 39.9642 ], [ 32.6468, 39.9642 ], [ 32.6468, 39.9641 ], [ 32.6468, 39.9641 ], [ 32.6468, 39.9641 ], [ 32.6468, 39.964 ], [ 32.6468, 39.964 ], [ 32.6468, 39.964 ], [ 32.6462, 39.9641 ], [ 32.6461, 39.9641 ], [ 32.6461, 39.9641 ] ] ] ] } },
{ "type": "Feature", "properties": { "id": "sehirAtlasi.25", "kentAtlasiDegeriKodu": "11100", "kentAtlasiDegeri": "Sürekli Kentsel Alan (> 80%)", "gecirimsizlikKatmani": 37, "tucbsNo": "CBSGM_1_7984215", "aciklama": null, "gecerlilikBaslangici": "2019-02-20T00:00:00Z", "gecerlilikSonu": null, "gozlemTarihi": null, "hilucsAraziKullanimi": null, "hilucsDurumu": null, "olcek": "1:10000", "surumBaslangicZamani": null, "surumBitisZamani": null, "total_population": 0.0, "estimated_water_supply": 1.3265297721304381, "population_pressure": 0.0, "urban_water_stress_score": 0.0 }, "geometry": { "type": "MultiPolygon", "coordinates": [ [ [ [ 32.8553, 40.0144 ], [ 32.8549, 40.0139 ], [ 32.8549, 40.0139 ], [ 32.8545, 40.0135 ], [ 32.8541, 40.0137 ], [ 32.8541, 40.0137 ], [ 32.8539, 40.0137 ], [ 32.8545, 40.0148 ], [ 32.8547, 40.0147 ], [ 32.855, 40.0146 ], [ 32.8553, 40.0144 ] ] ] ] } },
{ "type": "Feature", "properties": { "id": "sehirAtlasi.26", "kentAtlasiDegeriKodu": "11210", "kentAtlasiDegeri": "Yüksek Yoğunluklu Süreksiz Kentsel Alan (50% - 80%)", "gecirimsizlikKatmani": 52, "tucbsNo": "CBSGM_1_7984216", "aciklama": null, "gecerlilikBaslangici": "2019-02-05T00:00:00Z", "gecerlilikSonu": null, "gozlemTarihi": null, "hilucsAraziKullanimi": null, "hilucsDurumu": null, "olcek": "1:10000", "surumBaslangicZamani": null, "surumBitisZamani": null, "total_population": 0.0, "estimated_water_supply": 1.0492339525619796, "population_pressure": 0.0, "urban_water_stress_score": 0.0 }, "geometry": { "type": "MultiPolygon", "coordinates": [ [ [ [ 32.9211, 39.9119 ], [ 32.9203, 39.9118 ], [ 32.9203, 39.9125 ], [ 32.9203, 39.9127 ], [ 32.9211, 39.9127 ], [ 32.921, 39.9123 ], [ 32.921, 39.9123 ], [ 32.921, 39.9119 ], [ 32.9211, 39.9119 ] ] ] ] } },
{ "type": "Feature", "properties": { "id": "sehirAtlasi.27", "kentAtlasiDegeriKodu": "14100", "kentAtlasiDegeri": "Kent İçindeki Yeşil Alanlar ( Pasif )", "gecirimsizlikKatmani": 0, "tucbsNo": "CBSGM_1_7984217", "aciklama": null, "gecerlilikBaslangici": "2019-02-04T00:00:00Z", "gecerlilikSonu": null, "gozlemTarihi": null, "hilucsAraziKullanimi": null, "hilucsDurumu": null, "olcek": "1:10000", "surumBaslangicZamani": null, "surumBitisZamani": null, "total_population": 0.0, "estimated_water_supply": 1.3603521665065537, "population_pressure": 0.0, "urban_water_stress_score": 0.0 }, "geometry": { "type": "MultiPolygon", "coordinates": [ [ [ [ 32.9207, 39.939 ], [ 32.9206, 39.9385 ], [ 32.9204, 39.9388 ], [ 32.9204, 39.9389 ], [ 32.9204, 39.9389 ], [ 32.9204, 39.9389 ], [ 32.9204, 39.939 ], [ 32.9203, 39.9391 ], [ 32.9207, 39.939 ] ] ] ] } },
{ "type": "Feature", "properties": { "id": "sehirAtlasi.28", "kentAtlasiDegeriKodu": "14100", "kentAtlasiDegeri": "Kent İçindeki Yeşil Alanlar ( Pasif )", "gecirimsizlikKatmani": 0, "tucbsNo": "CBSGM_1_7984218", "aciklama": null, "gecerlilikBaslangici": "2019-02-05T00:00:00Z", "gecerlilikSonu": null, "gozlemTarihi": null, "hilucsAraziKullanimi": null, "hilucsDurumu": null, "olcek": "1:10000", "surumBaslangicZamani": null, "surumBitisZamani": null, "total_population": 0.0, "estimated_water_supply": 1.2253128525042976, "population_pressure": 0.0, "urban_water_stress_score": 0.0 }, "geometry": { "type": "MultiPolygon", "coordinates": [ [ [ [ 32.8541, 39.9994 ], [ 32.8541, 39.9994 ], [ 32.8542, 39.9993 ], [ 32.8543, 39.9991 ], [ 32.8544, 39.9989 ], [ 32.8544, 39.9989 ], [ 32.8542, 39.9989 ], [ 32.8542, 39.9992 ], [ 32.8542, 39.9992 ], [ 32.8541, 39.9994 ] ] ] ] } },
{ "type": "Feature", "properties": { "id": "sehirAtlasi.29", "kentAtlasiDegeriKodu": "12110", "kentAtlasiDegeri": "Sanayi ve Üretim Alanları", "gecirimsizlikKatmani": 29, "tucbsNo": "CBSGM_1_7984219", "aciklama": null, "gecerlilikBaslangici": "2019-05-23T00:00:00Z", "gecerlilikSonu": null, "gozlemTarihi": null, "hilucsAraziKullanimi": null, "hilucsDurumu": null, "olcek": "1:10000", "surumBaslangicZamani": null, "surumBitisZamani": null, "total_population": 0.0, "estimated_water_supply": 1.1365691241649905, "population_pressure": 0.0, "urban_water_stress_score": 0.0 }, "geometry": { "type": "MultiPolygon", "coordinates": [ [ [ [ 32.5635, 39.9617 ], [ 32.5631, 39.9616 ], [ 32.5625, 39.9615 ], [ 32.5615, 39.9613 ], [ 32.5611, 39.9613 ], [ 32.5606, 39.9613 ], [ 32.5599, 39.9613 ], [ 32.5593, 39.9613 ], [ 32.5584, 39.9614 ], [ 32.5553, 39.962 ], [ 32.5554, 39.9627 ], [ 32.5584, 39.9621 ], [ 32.5594, 39.9619 ], [ 32.5594, 39.9619 ], [ 32.5601, 39.9619 ], [ 32.5601, 39.9619 ], [ 32.5601, 39.9619 ], [ 32.5623, 39.962 ], [ 32.5623, 39.962 ], [ 32.5629, 39.9622 ], [ 32.5635, 39.9617 ] ] ] ] } },
{ "type": "Feature", "properties": { "id": "sehirAtlasi.30", "kentAtlasiDegeriKodu": "12220", "kentAtlasiDegeri": "Diğer Yollar ve İlgili Alanlar", "gecirimsizlikKatmani": 0, "tucbsNo": "CBSGM_1_7984220", "aciklama": null, "gecerlilikBaslangici": "2019-02-04T00:00:00Z", "gecerlilikSonu": null, "gozlemTarihi": null, "hilucsAraziKullanimi": null, "hilucsDurumu": null, "olcek": "1:10000", "surumBaslangicZamani": null, "surumBitisZamani": null, "total_population": 0.0, "estimated_water_supply": 1.0636644257966688, "population_pressure": 0.0, "urban_water_stress_score": 0.0 }, "geometry": { "type": "MultiPolygon", "coordinates": [ [ [ [ 32.8658, 39.9659 ], [ 32.8658, 39.9659 ], [ 32.8659, 39.9659 ], [ 32.8664, 39.9641 ], [ 32.8664, 39.964 ], [ 32.867, 39.964 ], [ 32.8668, 39.9648 ], [ 32.8666, 39.9655 ], [ 32.8666, 39.9655 ], [ 32.8666, 39.9659 ], [ 32.8666, 39.9659 ], [ 32.8667, 39.9659 ], [ 32.8667, 39.9655 ], [ 32.8669, 39.9648 ], [ 32.8671, 39.964 ], [ 32.8671, 39.964 ], [ 32.8671, 39.964 ], [ 32.8671, 39.964 ], [ 32.867, 39.964 ], [ 32.8664, 39.9639 ], [ 32.8664, 39.9639 ], [ 32.8663, 39.9639 ], [ 32.8663, 39.9639 ], [ 32.8663, 39.9639 ], [ 32.8663, 39.9641 ], [ 32.8658, 39.9659 ] ] ] ] } },
{ "type": "Feature", "properties": { "id": "sehirAtlasi.31", "kentAtlasiDegeriKodu": "11230", "kentAtlasiDegeri": "Düşük Yoğunluklu Süreksiz Kentsel Alan (10% - 30%)", "gecirimsizlikKatmani": 12, "tucbsNo": "CBSGM_1_7984221", "aciklama": null, "gecerlilikBaslangici": "2019-02-06T00:00:00Z", "gecerlilikSonu": null, "gozlemTarihi": null, "hilucsAraziKullanimi": null, "hilucsDurumu": null, "olcek": "1:10000", "surumBaslangicZamani": null, "surumBitisZamani": null, "total_population": 0.0, "estimated_water_supply": 1.3714485184836036, "population_pressure": 0.0, "urban_water_stress_score": 0.0 }, "geometry": { "type": "MultiPolygon", "coordinates": [ [ [ [ 32.6115, 40.0056 ], [ 32.6106, 40.0057 ], [ 32.6109, 40.0057 ], [ 32.6115, 40.0056 ], [ 32.6115, 40.0056 ], [ 32.6115, 40.0056 ] ] ] ] } },
{ "type": "Feature", "properties": { "id": "sehirAtlasi.32", "kentAtlasiDegeriKodu": "11230", "kentAtlasiDegeri": "Düşük Yoğunluklu Süreksiz Kentsel Alan (10% - 30%)", "gecirimsizlikKatmani": 12, "tucbsNo": "CBSGM_1_7984222", "aciklama": null, "gecerlilikBaslangici": "2019-02-06T00:00:00Z", "gecerlilikSonu": null, "gozlemTarihi": null, "hilucsAraziKullanimi": null, "hilucsDurumu": null, "olcek": "1:10000", "surumBaslangicZamani": null, "surumBitisZamani": null, "total_population": 0.0, "estimated_water_supply": 1.3627669274752767, "population_pressure": 0.0, "urban_water_stress_score": 0.0 }, "geometry": { "type": "MultiPolygon", "coordinates": [ [ [ [ 32.6105, 40.0056 ], [ 32.6106, 40.0057 ], [ 32.6115, 40.0056 ], [ 32.612, 40.0048 ], [ 32.612, 40.0048 ], [ 32.6108, 40.0044 ], [ 32.6105, 40.0056 ] ] ] ] } },
{ "type": "Feature", "properties": { "id": "sehirAtlasi.33", "kentAtlasiDegeriKodu": "11230", "kentAtlasiDegeri": "Düşük Yoğunluklu Süreksiz Kentsel Alan (10% - 30%)", "gecirimsizlikKatmani": 0, "tucbsNo": "CBSGM_1_7984223", "aciklama": null, "gecerlilikBaslangici": "2019-02-12T00:00:00Z", "gecerlilikSonu": null, "gozlemTarihi": null, "hilucsAraziKullanimi": null, "hilucsDurumu": null, "olcek": "1:10000", "surumBaslangicZamani": null, "surumBitisZamani": null, "total_population": 0.0, "estimated_water_supply": 1.3982818649914566, "population_pressure": 0.0, "urban_water_stress_score": 0.0 }, "geometry": { "type": "MultiPolygon", "coordinates": [ [ [ [ 32.6494, 40.0182 ], [ 32.6495, 40.0197 ], [ 32.6495, 40.0201 ], [ 32.6498, 40.0201 ], [ 32.6502, 40.02 ], [ 32.6504, 40.0199 ], [ 32.6506, 40.0198 ], [ 32.6506, 40.0198 ], [ 32.6507, 40.0198 ], [ 32.6508, 40.0197 ], [ 32.651, 40.0197 ], [ 32.6512, 40.0197 ], [ 32.6514, 40.0196 ], [ 32.6515, 40.0195 ], [ 32.6518, 40.0194 ], [ 32.6519, 40.0188 ], [ 32.6507, 40.0182 ], [ 32.6505, 40.0182 ], [ 32.6499, 40.0182 ], [ 32.6499, 40.0184 ], [ 32.6499, 40.0184 ], [ 32.65, 40.0186 ], [ 32.6501, 40.0188 ], [ 32.6501, 40.0188 ], [ 32.6502, 40.019 ], [ 32.6502, 40.019 ], [ 32.6502, 40.0191 ], [ 32.6502, 40.0191 ], [ 32.6502, 40.0192 ], [ 32.6502, 40.0193 ], [ 32.6501, 40.0197 ], [ 32.6501, 40.0197 ], [ 32.6501, 40.0198 ], [ 32.65, 40.0198 ], [ 32.65, 40.0198 ], [ 32.65, 40.0197 ], [ 32.65, 40.0197 ], [ 32.65, 40.0197 ], [ 32.6501, 40.0193 ], [ 32.6501, 40.0191 ], [ 32.6501, 40.019 ], [ 32.65, 40.0188 ], [ 32.6499, 40.0186 ], [ 32.6498, 40.0185 ], [ 32.6498, 40.0185 ], [ 32.6498, 40.0184 ], [ 32.6498, 40.0184 ], [ 32.6498, 40.0184 ], [ 32.6498, 40.0182 ], [ 32.6494, 40.0182 ] ], [ [ 32.651, 40.019 ], [ 32.651, 40.0188 ], [ 32.6517, 40.0188 ], [ 32.6517, 40.0191 ], [ 32.651, 40.019 ] ] ] ] } },
{ "type": "Feature", "properties": { "id": "sehirAtlasi.34", "kentAtlasiDegeriKodu": "12220", "kentAtlasiDegeri": "Diğer Yollar ve İlgili Alanlar", "gecirimsizlikKatmani": 0, "tucbsNo": "CBSGM_1_7984224", "aciklama": null, "gecerlilikBaslangici": "2019-02-04T00:00:00Z", "gecerlilikSonu": null, "gozlemTarihi": null, "hilucsAraziKullanimi": null, "hilucsDurumu": null, "olcek": "1:10000", "surumBaslangicZamani": null, "surumBitisZamani": null, "total_population": 0.0, "estimated_water_supply": 0.8172116852667668, "population_pressure": 0.0, "urban_water_stress_score": 0.0 }, "geometry": { "type": "MultiPolygon", "coordinates": [ [ [ [ 32.6196, 39.8889 ], [ 32.6196, 39.8889 ], [ 32.6197, 39.8889 ], [ 32.6207, 39.8877 ], [ 32.6206, 39.8877 ], [ 32.6206, 39.8877 ], [ 32.6196, 39.8889 ] ] ] ] } },
{ "type": "Feature", "properties": { "id": "sehirAtlasi.35", "kentAtlasiDegeriKodu": "12220", "kentAtlasiDegeri": "Diğer Yollar ve İlgili Alanlar", "gecirimsizlikKatmani": 0, "tucbsNo": "CBSGM_1_7984225", "aciklama": null, "gecerlilikBaslangici": "2019-02-04T00:00:00Z", "gecerlilikSonu": null, "gozlemTarihi": null, "hilucsAraziKullanimi": null, "hilucsDurumu": null, "olcek": "1:10000", "surumBaslangicZamani": null, "surumBitisZamani": null, "total_population": 0.0, "estimated_water_supply": 0.8343591605513464, "population_pressure": 0.0, "urban_water_stress_score": 0.0 }, "geometry": { "type": "MultiPolygon", "coordinates": [ [ [ [ 32.6248, 39.8965 ], [ 32.6248, 39.8965 ], [ 32.6248, 39.8965 ], [ 32.6248, 39.8966 ], [ 32.6253, 39.896 ], [ 32.6259, 39.8954 ], [ 32.6258, 39.8954 ], [ 32.6258, 39.8954 ], [ 32.6253, 39.896 ], [ 32.6248, 39.8965 ] ] ] ] } },
{ "type": "Feature", "properties": { "id": "sehirAtlasi.36", "kentAtlasiDegeriKodu": "12220", "kentAtlasiDegeri": "Diğer Yollar ve İlgili Alanlar", "gecirimsizlikKatmani": 0, "tucbsNo": "CBSGM_1_7984226", "aciklama": null, "gecerlilikBaslangici": "2019-02-06T00:00:00Z", "gecerlilikSonu": null, "gozlemTarihi": null, "hilucsAraziKullanimi": null, "hilucsDurumu": null, "olcek": "1:10000", "surumBaslangicZamani": null, "surumBitisZamani": null, "total_population": 0.0, "estimated_water_supply": 1.2136503789630368, "population_pressure": 0.0, "urban_water_stress_score": 0.0 }, "geometry": { "type": "MultiPolygon", "coordinates": [ [ [ [ 32.8494, 39.9982 ], [ 32.8494, 39.9982 ], [ 32.8494, 39.9983 ], [ 32.8502, 39.9978 ], [ 32.8502, 39.9978 ], [ 32.8502, 39.9978 ], [ 32.8502, 39.9978 ], [ 32.8502, 39.9978 ], [ 32.8494, 39.9982 ] ] ] ] } },
{ "type": "Feature", "properties": { "id": "sehirAtlasi.37", "kentAtlasiDegeriKodu": "12220", "kentAtlasiDegeri": "Diğer Yollar ve İlgili Alanlar", "gecirimsizlikKatmani": 0, "tucbsNo": "CBSGM_1_7984227", "aciklama": null, "gecerlilikBaslangici": "2019-02-06T00:00:00Z", "gecerlilikSonu": null, "gozlemTarihi": null, "hilucsAraziKullanimi": null, "hilucsDurumu": null, "olcek": "1:10000", "surumBaslangicZamani": null, "surumBitisZamani": null, "total_population": 0.0, "estimated_water_supply": 0.77832135409265257, "population_pressure": 0.0, "urban_water_stress_score": 0.0 }, "geometry": { "type": "MultiPolygon", "coordinates": [ [ [ [ 32.6421, 39.8851 ], [ 32.6421, 39.8851 ], [ 32.6423, 39.8852 ], [ 32.6423, 39.8852 ], [ 32.6425, 39.8853 ], [ 32.6428, 39.8854 ], [ 32.643, 39.8854 ], [ 32.643, 39.8854 ], [ 32.6432, 39.8855 ], [ 32.6433, 39.8855 ], [ 32.6435, 39.8856 ], [ 32.6436, 39.8857 ], [ 32.6437, 39.8857 ], [ 32.6437, 39.8857 ], [ 32.6437, 39.8857 ], [ 32.6438, 39.8858 ], [ 32.644, 39.8858 ], [ 32.644, 39.8859 ], [ 32.644, 39.886 ], [ 32.6439, 39.8861 ], [ 32.6435, 39.8863 ], [ 32.6422, 39.8867 ], [ 32.6422, 39.8867 ], [ 32.6422, 39.8867 ], [ 32.6422, 39.8867 ], [ 32.6423, 39.8867 ], [ 32.6435, 39.8863 ], [ 32.6435, 39.8863 ], [ 32.6435, 39.8863 ], [ 32.6439, 39.8861 ], [ 32.6439, 39.8861 ], [ 32.6439, 39.8861 ], [ 32.644, 39.886 ], [ 32.644, 39.886 ], [ 32.6441, 39.8859 ], [ 32.6441, 39.8859 ], [ 32.6441, 39.8858 ], [ 32.644, 39.8858 ], [ 32.644, 39.8858 ], [ 32.6439, 39.8858 ], [ 32.6439, 39.8858 ], [ 32.6437, 39.8857 ], [ 32.6436, 39.8856 ], [ 32.6435, 39.8856 ], [ 32.6435, 39.8856 ], [ 32.6433, 39.8855 ], [ 32.6433, 39.8855 ], [ 32.6432, 39.8855 ], [ 32.643, 39.8854 ], [ 32.6428, 39.8853 ], [ 32.6428, 39.8853 ], [ 32.6425, 39.8853 ], [ 32.6423, 39.8852 ], [ 32.6421, 39.8851 ], [ 32.6421, 39.8851 ], [ 32.6421, 39.8851 ], [ 32.6421, 39.8851 ], [ 32.6421, 39.8851 ], [ 32.6421, 39.8851 ], [ 32.6421, 39.8851 ] ] ] ] } },
{ "type": "Feature", "properties": { "id": "sehirAtlasi.38", "kentAtlasiDegeriKodu": "11210", "kentAtlasiDegeri": "Yüksek Yoğunluklu Süreksiz Kentsel Alan (50% - 80%)", "gecirimsizlikKatmani": 17, "tucbsNo": "CBSGM_1_7984228", "aciklama": null, "gecerlilikBaslangici": "2019-02-13T00:00:00Z", "gecerlilikSonu": null, "gozlemTarihi": null, "hilucsAraziKullanimi": null, "hilucsDurumu": null, "olcek": "1:10000", "surumBaslangicZamani": null, "surumBitisZamani": null, "total_population": 0.0, "estimated_water_supply": 0.7504142288985951, "population_pressure": 0.0, "urban_water_stress_score": 0.0 }, "geometry": { "type": "MultiPolygon", "coordinates": [ [ [ [ 32.8714, 39.8857 ], [ 32.871, 39.8855 ], [ 32.871, 39.8856 ], [ 32.8712, 39.8857 ], [ 32.8712, 39.8857 ], [ 32.8712, 39.8857 ], [ 32.8713, 39.8857 ], [ 32.8713, 39.8857 ], [ 32.8713, 39.8858 ], [ 32.8713, 39.8858 ], [ 32.8713, 39.8858 ], [ 32.8711, 39.886 ], [ 32.8711, 39.886 ], [ 32.8711, 39.886 ], [ 32.8711, 39.886 ], [ 32.871, 39.886 ], [ 32.871, 39.886 ], [ 32.871, 39.886 ], [ 32.871, 39.886 ], [ 32.8707, 39.8859 ], [ 32.8707, 39.8859 ], [ 32.8707, 39.8858 ], [ 32.8707, 39.8858 ], [ 32.8707, 39.8858 ], [ 32.8707, 39.8858 ], [ 32.8707, 39.8858 ], [ 32.8707, 39.8858 ], [ 32.871, 39.8859 ], [ 32.871, 39.8859 ], [ 32.8712, 39.8858 ], [ 32.8712, 39.8857 ], [ 32.8712, 39.8857 ], [ 32.8709, 39.8856 ], [ 32.8709, 39.8856 ], [ 32.8708, 39.8857 ], [ 32.8708, 39.8857 ], [ 32.8708, 39.8857 ], [ 32.8708, 39.8857 ], [ 32.8707, 39.8857 ], [ 32.8707, 39.8857 ], [ 32.8707, 39.8856 ], [ 32.8707, 39.8856 ], [ 32.8708, 39.8856 ], [ 32.8706, 39.8855 ], [ 32.8706, 39.8855 ], [ 32.8706, 39.8855 ], [ 32.8706, 39.8854 ], [ 32.8706, 39.8854 ], [ 32.8707, 39.8854 ], [ 32.8707, 39.8854 ], [ 32.8707, 39.8854 ], [ 32.8708, 39.8855 ], [ 32.8709, 39.8855 ], [ 32.8699, 39.885 ], [ 32.8695, 39.8856 ], [ 32.8702, 39.8858 ], [ 32.8707, 39.8859 ], [ 32.8711, 39.8861 ], [ 32.8714, 39.8857 ] ] ] ] } },
{ "type": "Feature", "properties": { "id": "sehirAtlasi.39", "kentAtlasiDegeriKodu": "12220", "kentAtlasiDegeri": "Diğer Yollar ve İlgili Alanlar", "gecirimsizlikKatmani": 0, "tucbsNo": "CBSGM_1_7984229", "aciklama": null, "gecerlilikBaslangici": "2019-02-19T00:00:00Z", "gecerlilikSonu": null, "gozlemTarihi": null, "hilucsAraziKullanimi": null, "hilucsDurumu": null, "olcek": "1:10000", "surumBaslangicZamani": null, "surumBitisZamani": null, "total_population": 0.0, "estimated_water_supply": 0.69599578362119408, "population_pressure": 0.0, "urban_water_stress_score": 0.0 }, "geometry": { "type": "MultiPolygon", "coordinates": [ [ [ [ 32.8568, 39.8748 ], [ 32.8568, 39.8748 ], [ 32.8568, 39.8748 ], [ 32.8568, 39.8748 ], [ 32.8568, 39.8748 ], [ 32.8569, 39.8748 ], [ 32.857, 39.8738 ], [ 32.857, 39.8736 ], [ 32.8577, 39.8736 ], [ 32.8577, 39.8748 ], [ 32.8577, 39.875 ], [ 32.8577, 39.875 ], [ 32.8577, 39.8752 ], [ 32.8578, 39.8752 ], [ 32.8578, 39.8752 ], [ 32.8578, 39.8752 ], [ 32.8578, 39.875 ], [ 32.8578, 39.8748 ], [ 32.8577, 39.8736 ], [ 32.8598, 39.8735 ], [ 32.8598, 39.8735 ], [ 32.8598, 39.8735 ], [ 32.8598, 39.8735 ], [ 32.8577, 39.8736 ], [ 32.8577, 39.8731 ], [ 32.8598, 39.873 ], [ 32.8598, 39.873 ], [ 32.8598, 39.873 ], [ 32.8598, 39.8729 ], [ 32.8577, 39.873 ], [ 32.8577, 39.8726 ], [ 32.8577, 39.8726 ], [ 32.8577, 39.8726 ], [ 32.8576, 39.8726 ], [ 32.8576, 39.8731 ], [ 32.8576, 39.8731 ], [ 32.8577, 39.8736 ], [ 32.8569, 39.8735 ], [ 32.8562, 39.8735 ], [ 32.8552, 39.8735 ], [ 32.8552, 39.8735 ], [ 32.8552, 39.8736 ], [ 32.8562, 39.8736 ], [ 32.8569, 39.8738 ], [ 32.8568, 39.8748 ] ] ] ] } },
{ "type": "Feature", "properties": { "id": "sehirAtlasi.40", "kentAtlasiDegeriKodu": "12220", "kentAtlasiDegeri": "Diğer Yollar ve İlgili Alanlar", "gecirimsizlikKatmani": 0, "tucbsNo": "CBSGM_1_7984230", "aciklama": null, "gecerlilikBaslangici": "2019-02-08T00:00:00Z", "gecerlilikSonu": null, "gozlemTarihi": null, "hilucsAraziKullanimi": null, "hilucsDurumu": null, "olcek": "1:10000", "surumBaslangicZamani": null, "surumBitisZamani": null, "total_population": 0.0, "estimated_water_supply": 0.8804383792745194, "population_pressure": 0.0, "urban_water_stress_score": 0.0 }, "geometry": { "type": "MultiPolygon", "coordinates": [ [ [ [ 32.9331, 39.8933 ], [ 32.9331, 39.8933 ], [ 32.933, 39.8933 ], [ 32.933, 39.8933 ], [ 32.933, 39.8933 ], [ 32.9329, 39.8933 ], [ 32.9329, 39.8933 ], [ 32.9329, 39.8933 ], [ 32.9329, 39.8933 ], [ 32.9329, 39.8933 ], [ 32.9328, 39.8933 ], [ 32.9327, 39.8933 ], [ 32.9327, 39.8933 ], [ 32.9327, 39.8933 ], [ 32.9327, 39.8933 ], [ 32.9327, 39.8933 ], [ 32.9327, 39.8934 ], [ 32.9321, 39.8938 ], [ 32.9321, 39.8938 ], [ 32.9321, 39.8938 ], [ 32.932, 39.8938 ], [ 32.932, 39.8939 ], [ 32.932, 39.8939 ], [ 32.932, 39.8939 ], [ 32.9321, 39.894 ], [ 32.9327, 39.8949 ], [ 32.9328, 39.8949 ], [ 32.9328, 39.8949 ], [ 32.9328, 39.8949 ], [ 32.9328, 39.8948 ], [ 32.9321, 39.8939 ], [ 32.9321, 39.8939 ], [ 32.9321, 39.8938 ], [ 32.9328, 39.8934 ], [ 32.9328, 39.8934 ], [ 32.9329, 39.8933 ], [ 32.9329, 39.8933 ], [ 32.933, 39.8934 ], [ 32.9331, 39.8933 ] ] ] ] } },
{ "type": "Feature", "properties": { "id": "sehirAtlasi.41", "kentAtlasiDegeriKodu": "12220", "kentAtlasiDegeri": "Diğer Yollar ve İlgili Alanlar", "gecirimsizlikKatmani": 2, "tucbsNo": "CBSGM_1_7984231", "aciklama": null, "gecerlilikBaslangici": "2019-11-14T00:00:00Z", "gecerlilikSonu": null, "gozlemTarihi": null, "hilucsAraziKullanimi": null, "hilucsDurumu": null, "olcek": "1:10000", "surumBaslangicZamani": null, "surumBitisZamani": null, "total_population": 0.0, "estimated_water_supply": 1.2735570508358487, "population_pressure": 0.0, "urban_water_stress_score": 0.0 }, "geometry": { "type": "MultiPolygon", "coordinates": [ [ [ [ 32.7098, 39.9945 ], [ 32.7098, 39.9945 ], [ 32.7087, 39.9957 ], [ 32.7087, 39.9957 ], [ 32.7085, 39.9961 ], [ 32.7085, 39.9961 ], [ 32.7086, 39.9961 ], [ 32.7088, 39.9957 ], [ 32.709, 39.9956 ], [ 32.7091, 39.9954 ], [ 32.7093, 39.9951 ], [ 32.7093, 39.9951 ], [ 32.7094, 39.995 ], [ 32.7094, 39.995 ], [ 32.7096, 39.9948 ], [ 32.7098, 39.9945 ] ] ] ] } },
{ "type": "Feature", "properties": { "id": "sehirAtlasi.42", "kentAtlasiDegeriKodu": "12220", "kentAtlasiDegeri": "Diğer Yollar ve İlgili Alanlar", "gecirimsizlikKatmani": 0, "tucbsNo": "CBSGM_1_7078887", "aciklama": null, "gecerlilikBaslangici": "2019-11-14T00:00:00Z", "gecerlilikSonu": null, "gozlemTarihi": null, "hilucsAraziKullanimi": null, "hilucsDurumu": null, "olcek": "1:10000", "surumBaslangicZamani": null, "surumBitisZamani": null, "total_population": 0.0, "estimated_water_supply": 1.6454166982037688, "population_pressure": 0.0, "urban_water_stress_score": 0.0 }, "geometry": { "type": "MultiPolygon", "coordinates": [ [ [ [ 27.2687, 39.9306 ], [ 27.2687, 39.9306 ], [ 27.2688, 39.9307 ], [ 27.2689, 39.9308 ], [ 27.2689, 39.9308 ], [ 27.269, 39.931 ], [ 27.269, 39.931 ], [ 27.269, 39.931 ], [ 27.269, 39.931 ], [ 27.2691, 39.931 ], [ 27.2691, 39.931 ], [ 27.2691, 39.931 ], [ 27.2691, 39.931 ], [ 27.2694, 39.9311 ], [ 27.2695, 39.9311 ], [ 27.2695, 39.9311 ], [ 27.2699, 39.9312 ], [ 27.2699, 39.9312 ], [ 27.27, 39.9312 ], [ 27.2702, 39.9312 ], [ 27.2704, 39.9312 ], [ 27.2705, 39.9313 ], [ 27.2705, 39.9314 ], [ 27.2706, 39.9314 ], [ 27.2706, 39.9314 ], [ 27.2706, 39.9314 ], [ 27.2706, 39.9314 ], [ 27.2706, 39.9314 ], [ 27.2706, 39.9314 ], [ 27.2706, 39.9314 ], [ 27.2706, 39.9314 ], [ 27.2706, 39.9315 ], [ 27.2706, 39.9315 ], [ 27.2706, 39.9315 ], [ 27.2706, 39.9314 ], [ 27.2706, 39.9314 ], [ 27.2706, 39.9314 ], [ 27.2706, 39.9314 ], [ 27.2706, 39.9314 ], [ 27.2706, 39.9314 ], [ 27.2706, 39.9314 ], [ 27.2706, 39.9314 ], [ 27.2706, 39.9314 ], [ 27.2706, 39.9313 ], [ 27.2705, 39.9313 ], [ 27.2705, 39.9313 ], [ 27.2705, 39.9313 ], [ 27.2705, 39.9313 ], [ 27.2704, 39.9312 ], [ 27.2704, 39.9312 ], [ 27.2704, 39.9312 ], [ 27.2703, 39.9312 ], [ 27.2703, 39.9312 ], [ 27.2703, 39.9312 ], [ 27.27, 39.9311 ], [ 27.27, 39.9311 ], [ 27.2699, 39.9311 ], [ 27.2694, 39.9311 ], [ 27.2692, 39.931 ], [ 27.2691, 39.9309 ], [ 27.269, 39.9308 ], [ 27.2689, 39.9306 ], [ 27.2689, 39.9306 ], [ 27.2689, 39.9306 ], [ 27.2687, 39.9305 ], [ 27.2687, 39.9305 ], [ 27.2687, 39.9305 ], [ 27.2687, 39.9305 ], [ 27.2687, 39.9305 ], [ 27.2687, 39.9305 ], [ 27.2687, 39.9305 ], [ 27.2687, 39.9305 ], [ 27.2687, 39.9305 ], [ 27.2687, 39.9305 ], [ 27.2687, 39.9305 ], [ 27.2687, 39.9305 ], [ 27.2687, 39.9305 ], [ 27.2687, 39.9305 ], [ 27.2687, 39.9306 ], [ 27.2687, 39.9306 ], [ 27.2687, 39.9306 ], [ 27.2687, 39.9306 ], [ 27.2687, 39.9306 ] ] ] ] } },
{ "type": "Feature", "properties": { "id": "sehirAtlasi.43", "kentAtlasiDegeriKodu": "12110", "kentAtlasiDegeri": "Sanayi ve Üretim Alanları", "gecirimsizlikKatmani": 9, "tucbsNo": "CBSGM_1_7984232", "aciklama": null, "gecerlilikBaslangici": "2019-05-24T00:00:00Z", "gecerlilikSonu": null, "gozlemTarihi": null, "hilucsAraziKullanimi": null, "hilucsDurumu": null, "olcek": "1:10000", "surumBaslangicZamani": null, "surumBitisZamani": null, "total_population": 0.0, "estimated_water_supply": 1.1961829373650641, "population_pressure": 0.0, "urban_water_stress_score": 0.0 }, "geometry": { "type": "MultiPolygon", "coordinates": [ [ [ [ 32.9969, 40.0809 ], [ 33.0014, 40.0824 ], [ 33.0016, 40.0824 ], [ 33.001, 40.0787 ], [ 33.001, 40.0786 ], [ 32.9974, 40.0788 ], [ 32.9969, 40.0809 ] ] ] ] } },
{ "type": "Feature", "properties": { "id": "sehirAtlasi.44", "kentAtlasiDegeriKodu": "12220", "kentAtlasiDegeri": "Diğer Yollar ve İlgili Alanlar", "gecirimsizlikKatmani": 0, "tucbsNo": "CBSGM_1_7984233", "aciklama": null, "gecerlilikBaslangici": "2019-02-04T00:00:00Z", "gecerlilikSonu": null, "gozlemTarihi": null, "hilucsAraziKullanimi": null, "hilucsDurumu": null, "olcek": "1:10000", "surumBaslangicZamani": null, "surumBitisZamani": null, "total_population": 0.0, "estimated_water_supply": 0.71667519550980618, "population_pressure": 0.0, "urban_water_stress_score": 0.0 }, "geometry": { "type": "MultiPolygon", "coordinates": [ [ [ [ 32.8298, 39.8708 ], [ 32.8312, 39.8712 ], [ 32.8308, 39.8717 ], [ 32.8309, 39.8717 ], [ 32.8309, 39.8717 ], [ 32.8309, 39.8717 ], [ 32.8313, 39.8712 ], [ 32.8316, 39.871 ], [ 32.8321, 39.8713 ], [ 32.833, 39.872 ], [ 32.833, 39.8719 ], [ 32.833, 39.8719 ], [ 32.8331, 39.8719 ], [ 32.8321, 39.8712 ], [ 32.8316, 39.8709 ], [ 32.8317, 39.8708 ], [ 32.8317, 39.8708 ], [ 32.8319, 39.8705 ], [ 32.8335, 39.8716 ], [ 32.8335, 39.8715 ], [ 32.8335, 39.8715 ], [ 32.8335, 39.8715 ], [ 32.8336, 39.8715 ], [ 32.8319, 39.8704 ], [ 32.8319, 39.8704 ], [ 32.8319, 39.8704 ], [ 32.8322, 39.87 ], [ 32.8325, 39.8702 ], [ 32.833, 39.8706 ], [ 32.8331, 39.8706 ], [ 32.8332, 39.8707 ], [ 32.8332, 39.8708 ], [ 32.8333, 39.8708 ], [ 32.8333, 39.8708 ], [ 32.8335, 39.8709 ], [ 32.8335, 39.8709 ], [ 32.8339, 39.8713 ], [ 32.834, 39.8713 ], [ 32.834, 39.8713 ], [ 32.834, 39.8712 ], [ 32.8335, 39.8708 ], [ 32.8335, 39.8708 ], [ 32.8333, 39.8707 ], [ 32.8333, 39.8706 ], [ 32.8332, 39.8706 ], [ 32.8335, 39.8705 ], [ 32.8336, 39.8704 ], [ 32.8337, 39.8704 ], [ 32.8337, 39.8704 ], [ 32.8344, 39.8709 ], [ 32.8345, 39.8709 ], [ 32.8345, 39.8709 ], [ 32.8345, 39.8709 ], [ 32.8337, 39.8703 ], [ 32.8337, 39.8703 ], [ 32.8337, 39.8703 ], [ 32.8337, 39.8703 ], [ 32.8337, 39.8703 ], [ 32.8336, 39.8703 ], [ 32.8336, 39.8704 ], [ 32.8336, 39.8704 ], [ 32.8336, 39.8704 ], [ 32.8335, 39.8704 ], [ 32.8335, 39.8704 ], [ 32.8332, 39.8706 ], [ 32.8331, 39.8705 ], [ 32.8326, 39.8702 ], [ 32.8322, 39.8699 ], [ 32.8324, 39.8697 ], [ 32.8324, 39.8697 ], [ 32.8325, 39.8695 ], [ 32.8325, 39.8695 ], [ 32.8324, 39.8695 ], [ 32.8324, 39.8695 ], [ 32.8324, 39.8694 ], [ 32.8323, 39.8697 ], [ 32.8322, 39.8699 ], [ 32.8315, 39.8696 ], [ 32.8317, 39.8688 ], [ 32.8316, 39.8688 ], [ 32.8316, 39.8688 ], [ 32.8314, 39.8695 ], [ 32.8308, 39.8694 ], [ 32.8304, 39.8693 ], [ 32.8304, 39.8693 ], [ 32.8304, 39.8693 ], [ 32.8304, 39.8693 ], [ 32.8304, 39.8694 ], [ 32.8308, 39.8695 ], [ 32.8314, 39.8696 ], [ 32.8321, 39.87 ], [ 32.8318, 39.8704 ], [ 32.8303, 39.8699 ], [ 32.8303, 39.8699 ], [ 32.8303, 39.8699 ], [ 32.8303, 39.8699 ], [ 32.8318, 39.8704 ], [ 32.8319, 39.8705 ], [ 32.8317, 39.8708 ], [ 32.8309, 39.8705 ], [ 32.8309, 39.8705 ], [ 32.8301, 39.8703 ], [ 32.8301, 39.8703 ], [ 32.8301, 39.8703 ], [ 32.8309, 39.8705 ], [ 32.8317, 39.8708 ], [ 32.8316, 39.8709 ], [ 32.8316, 39.8709 ], [ 32.8315, 39.8709 ], [ 32.8315, 39.8709 ], [ 32.8313, 39.8711 ], [ 32.8298, 39.8707 ], [ 32.8298, 39.8707 ], [ 32.8298, 39.8708 ] ] ] ] } },
{ "type": "Feature", "properties": { "id": "sehirAtlasi.45", "kentAtlasiDegeriKodu": "12220", "kentAtlasiDegeri": "Diğer Yollar ve İlgili Alanlar", "gecirimsizlikKatmani": 0, "tucbsNo": "CBSGM_1_7984234", "aciklama": null, "gecerlilikBaslangici": "2019-02-13T00:00:00Z", "gecerlilikSonu": null, "gozlemTarihi": null, "hilucsAraziKullanimi": null, "hilucsDurumu": null, "olcek": "1:10000", "surumBaslangicZamani": null, "surumBitisZamani": null, "total_population": 0.0, "estimated_water_supply": 0.55323368744148593, "population_pressure": 0.0, "urban_water_stress_score": 0.0 }, "geometry": { "type": "MultiPolygon", "coordinates": [ [ [ [ 32.7435, 39.7621 ], [ 32.7435, 39.7621 ], [ 32.7435, 39.7621 ], [ 32.7436, 39.7621 ], [ 32.7433, 39.7616 ], [ 32.743, 39.7612 ], [ 32.743, 39.7612 ], [ 32.743, 39.7612 ], [ 32.743, 39.7612 ], [ 32.743, 39.7612 ], [ 32.743, 39.7612 ], [ 32.743, 39.7612 ], [ 32.743, 39.7612 ], [ 32.7435, 39.7621 ] ] ] ] } },
{ "type": "Feature", "properties": { "id": "sehirAtlasi.46", "kentAtlasiDegeriKodu": "11210", "kentAtlasiDegeri": "Yüksek Yoğunluklu Süreksiz Kentsel Alan (50% - 80%)", "gecirimsizlikKatmani": 42, "tucbsNo": "CBSGM_1_7984235", "aciklama": null, "gecerlilikBaslangici": "2019-02-04T00:00:00Z", "gecerlilikSonu": null, "gozlemTarihi": null, "hilucsAraziKullanimi": null, "hilucsDurumu": null, "olcek": "1:10000", "surumBaslangicZamani": null, "surumBitisZamani": null, "total_population": 0.0, "estimated_water_supply": 1.1779243282709062, "population_pressure": 0.0, "urban_water_stress_score": 0.0 }, "geometry": { "type": "MultiPolygon", "coordinates": [ [ [ [ 32.9999, 40.1033 ], [ 32.9999, 40.1033 ], [ 32.9998, 40.1032 ], [ 32.9998, 40.1031 ], [ 32.9996, 40.103 ], [ 32.9995, 40.103 ], [ 32.9993, 40.1029 ], [ 32.999, 40.1029 ], [ 32.9989, 40.1029 ], [ 32.9988, 40.1029 ], [ 32.9988, 40.103 ], [ 32.9989, 40.103 ], [ 32.9989, 40.1031 ], [ 32.999, 40.1032 ], [ 32.999, 40.1032 ], [ 32.9991, 40.1032 ], [ 32.9991, 40.1033 ], [ 32.9991, 40.1034 ], [ 32.9991, 40.1035 ], [ 32.9991, 40.1035 ], [ 32.9991, 40.1035 ], [ 32.9991, 40.1037 ], [ 32.9993, 40.1038 ], [ 32.9997, 40.1035 ], [ 32.9997, 40.1035 ], [ 32.9997, 40.1035 ], [ 32.9999, 40.1034 ], [ 32.9999, 40.1033 ] ] ] ] } },
{ "type": "Feature", "properties": { "id": "sehirAtlasi.47", "kentAtlasiDegeriKodu": "11100", "kentAtlasiDegeri": "Sürekli Kentsel Alan (> 80%)", "gecirimsizlikKatmani": 26, "tucbsNo": "CBSGM_1_7984236", "aciklama": null, "gecerlilikBaslangici": "2019-02-11T00:00:00Z", "gecerlilikSonu": null, "gozlemTarihi": null, "hilucsAraziKullanimi": null, "hilucsDurumu": null, "olcek": "1:10000", "surumBaslangicZamani": null, "surumBitisZamani": null, "total_population": 0.0, "estimated_water_supply": 1.4095455000162767, "population_pressure": 0.0, "urban_water_stress_score": 0.0 }, "geometry": { "type": "MultiPolygon", "coordinates": [ [ [ [ 33.0319, 40.2434 ], [ 33.0326, 40.2433 ], [ 33.0326, 40.2433 ], [ 33.0326, 40.2433 ], [ 33.0333, 40.2432 ], [ 33.0332, 40.2428 ], [ 33.0332, 40.2428 ], [ 33.0318, 40.2428 ], [ 33.0318, 40.2429 ], [ 33.0319, 40.2432 ], [ 33.0319, 40.2434 ] ] ] ] } },
{ "type": "Feature", "properties": { "id": "sehirAtlasi.48", "kentAtlasiDegeriKodu": "13400", "kentAtlasiDegeri": "Mevcut Kullanımı Olmayan Alanlar", "gecirimsizlikKatmani": 0, "tucbsNo": "CBSGM_1_7984237", "aciklama": null, "gecerlilikBaslangici": "2019-02-08T00:00:00Z", "gecerlilikSonu": null, "gozlemTarihi": null, "hilucsAraziKullanimi": null, "hilucsDurumu": null, "olcek": "1:10000", "surumBaslangicZamani": null, "surumBitisZamani": null, "total_population": 0.0, "estimated_water_supply": 1.2754594209794532, "population_pressure": 0.0, "urban_water_stress_score": 0.0 }, "geometry": { "type": "MultiPolygon", "coordinates": [ [ [ [ 32.7031, 39.997 ], [ 32.7031, 39.9968 ], [ 32.7027, 39.9968 ], [ 32.7025, 39.9968 ], [ 32.7027, 39.9973 ], [ 32.7028, 39.9973 ], [ 32.7028, 39.9973 ], [ 32.7028, 39.9973 ], [ 32.7031, 39.9973 ], [ 32.7031, 39.997 ] ] ] ] } },
{ "type": "Feature", "properties": { "id": "sehirAtlasi.49", "kentAtlasiDegeriKodu": "11210", "kentAtlasiDegeri": "Yüksek Yoğunluklu Süreksiz Kentsel Alan (50% - 80%)", "gecirimsizlikKatmani": 31, "tucbsNo": "CBSGM_1_7984238", "aciklama": null, "gecerlilikBaslangici": "2019-02-11T00:00:00Z", "gecerlilikSonu": null, "gozlemTarihi": null, "hilucsAraziKullanimi": null, "hilucsDurumu": null, "olcek": "1:10000", "surumBaslangicZamani": null, "surumBitisZamani": null, "total_population": 0.0, "estimated_water_supply": 1.4075290257755577, "population_pressure": 0.0, "urban_water_stress_score": 0.0 }, "geometry": { "type": "MultiPolygon", "coordinates": [ [ [ [ 33.0332, 40.2427 ], [ 33.0331, 40.2424 ], [ 33.0331, 40.2424 ], [ 33.0331, 40.2424 ], [ 33.0332, 40.242 ], [ 33.0325, 40.2419 ], [ 33.0321, 40.2425 ], [ 33.0319, 40.2427 ], [ 33.0332, 40.2427 ], [ 33.0332, 40.2427 ] ] ] ] } },
{ "type": "Feature", "properties": { "id": "sehirAtlasi.50", "kentAtlasiDegeriKodu": "11210", "kentAtlasiDegeri": "Yüksek Yoğunluklu Süreksiz Kentsel Alan (50% - 80%)", "gecirimsizlikKatmani": 22, "tucbsNo": "CBSGM_1_7984239", "aciklama": null, "gecerlilikBaslangici": "2019-02-11T00:00:00Z", "gecerlilikSonu": null, "gozlemTarihi": null, "hilucsAraziKullanimi": null, "hilucsDurumu": null, "olcek": "1:10000", "surumBaslangicZamani": null, "surumBitisZamani": null, "total_population": 0.0, "estimated_water_supply": 1.3536057070583538, "population_pressure": 0.0, "urban_water_stress_score": 0.0 }, "geometry": { "type": "MultiPolygon", "coordinates": [ [ [ [ 33.0333, 40.2266 ], [ 33.0325, 40.2266 ], [ 33.0324, 40.2269 ], [ 33.0324, 40.2269 ], [ 33.0324, 40.2269 ], [ 33.032, 40.228 ], [ 33.0329, 40.228 ], [ 33.033, 40.2276 ], [ 33.033, 40.2276 ], [ 33.0333, 40.2266 ] ] ] ] } },
{ "type": "Feature", "properties": { "id": "sehirAtlasi.51", "kentAtlasiDegeriKodu": "11100", "kentAtlasiDegeri": "Sürekli Kentsel Alan (> 80%)", "gecirimsizlikKatmani": 55, "tucbsNo": "CBSGM_1_7984240", "aciklama": null, "gecerlilikBaslangici": "2019-02-05T00:00:00Z", "gecerlilikSonu": null, "gozlemTarihi": null, "hilucsAraziKullanimi": null, "hilucsDurumu": null, "olcek": "1:10000", "surumBaslangicZamani": null, "surumBitisZamani": null, "total_population": 0.0, "estimated_water_supply": 1.0536920034895547, "population_pressure": 0.0, "urban_water_stress_score": 0.0 }, "geometry": { "type": "MultiPolygon", "coordinates": [ [ [ [ 32.784, 39.9673 ], [ 32.7842, 39.9678 ], [ 32.7857, 39.9673 ], [ 32.7855, 39.9668 ], [ 32.7847, 39.9671 ], [ 32.7847, 39.9671 ], [ 32.7847, 39.9671 ], [ 32.784, 39.9673 ] ] ] ] } },
{ "type": "Feature", "properties": { "id": "sehirAtlasi.52", "kentAtlasiDegeriKodu": "11100", "kentAtlasiDegeri": "Sürekli Kentsel Alan (> 80%)", "gecirimsizlikKatmani": 47, "tucbsNo": "CBSGM_1_7984241", "aciklama": null, "gecerlilikBaslangici": "2019-02-05T00:00:00Z", "gecerlilikSonu": null, "gozlemTarihi": null, "hilucsAraziKullanimi": null, "hilucsDurumu": null, "olcek": "1:10000", "surumBaslangicZamani": null, "surumBitisZamani": null, "total_population": 0.0, "estimated_water_supply": 1.0598874503899742, "population_pressure": 0.0, "urban_water_stress_score": 0.0 }, "geometry": { "type": "MultiPolygon", "coordinates": [ [ [ [ 32.7842, 39.9711 ], [ 32.7842, 39.9711 ], [ 32.7846, 39.9713 ], [ 32.7849, 39.971 ], [ 32.7844, 39.9708 ], [ 32.7842, 39.9711 ] ] ] ] } },
{ "type": "Feature", "properties": { "id": "sehirAtlasi.53", "kentAtlasiDegeriKodu": "11230", "kentAtlasiDegeri": "Düşük Yoğunluklu Süreksiz Kentsel Alan (10% - 30%)", "gecirimsizlikKatmani": 30, "tucbsNo": "CBSGM_1_7984280", "aciklama": null, "gecerlilikBaslangici": "2019-02-11T00:00:00Z", "gecerlilikSonu": null, "gozlemTarihi": null, "hilucsAraziKullanimi": null, "hilucsDurumu": null, "olcek": "1:10000", "surumBaslangicZamani": null, "surumBitisZamani": null, "total_population": 0.0, "estimated_water_supply": 0.93610594923839407, "population_pressure": 0.0, "urban_water_stress_score": 0.0 }, "geometry": { "type": "MultiPolygon", "coordinates": [ [ [ [ 33.0322, 39.9006 ], [ 33.0327, 39.9005 ], [ 33.033, 39.9004 ], [ 33.0329, 39.9004 ], [ 33.0329, 39.9003 ], [ 33.0329, 39.9003 ], [ 33.0329, 39.9003 ], [ 33.0329, 39.9 ], [ 33.0328, 39.9 ], [ 33.0321, 39.8998 ], [ 33.0323, 39.9006 ], [ 33.0322, 39.9006 ] ] ] ] } },
{ "type": "Feature", "properties": { "id": "sehirAtlasi.54", "kentAtlasiDegeriKodu": "14110", "kentAtlasiDegeri": "Mezarlık Alanları", "gecirimsizlikKatmani": 0, "tucbsNo": "CBSGM_1_7984242", "aciklama": null, "gecerlilikBaslangici": "2019-05-28T00:00:00Z", "gecerlilikSonu": null, "gozlemTarihi": null, "hilucsAraziKullanimi": null, "hilucsDurumu": null, "olcek": "1:10000", "surumBaslangicZamani": null, "surumBitisZamani": null, "total_population": 0.0, "estimated_water_supply": 1.2495958307564914, "population_pressure": 0.0, "urban_water_stress_score": 0.0 }, "geometry": { "type": "MultiPolygon", "coordinates": [ [ [ [ 32.7856, 40.0076 ], [ 32.7856, 40.0075 ], [ 32.7854, 40.0072 ], [ 32.7854, 40.0072 ], [ 32.7854, 40.0067 ], [ 32.7854, 40.0067 ], [ 32.7854, 40.0064 ], [ 32.785, 40.0061 ], [ 32.7846, 40.0067 ], [ 32.7843, 40.0072 ], [ 32.7842, 40.0073 ], [ 32.7842, 40.0073 ], [ 32.7842, 40.0074 ], [ 32.7843, 40.0075 ], [ 32.7845, 40.0077 ], [ 32.7847, 40.0079 ], [ 32.7848, 40.0079 ], [ 32.7853, 40.0081 ], [ 32.7855, 40.0081 ], [ 32.7855, 40.008 ], [ 32.7855, 40.008 ], [ 32.7855, 40.008 ], [ 32.7855, 40.008 ], [ 32.7855, 40.0079 ], [ 32.7855, 40.0079 ], [ 32.7855, 40.0079 ], [ 32.7856, 40.0076 ] ] ] ] } },
{ "type": "Feature", "properties": { "id": "sehirAtlasi.55", "kentAtlasiDegeriKodu": "11210", "kentAtlasiDegeri": "Yüksek Yoğunluklu Süreksiz Kentsel Alan (50% - 80%)", "gecirimsizlikKatmani": 43, "tucbsNo": "CBSGM_1_7984243", "aciklama": null, "gecerlilikBaslangici": "2019-02-07T00:00:00Z", "gecerlilikSonu": null, "gozlemTarihi": null, "hilucsAraziKullanimi": null, "hilucsDurumu": null, "olcek": "1:10000", "surumBaslangicZamani": null, "surumBitisZamani": null, "total_population": 0.0, "estimated_water_supply": 0.94966599838071175, "population_pressure": 0.0, "urban_water_stress_score": 0.0 }, "geometry": { "type": "MultiPolygon", "coordinates": [ [ [ [ 32.9019, 39.9133 ], [ 32.9019, 39.9131 ], [ 32.9015, 39.9131 ], [ 32.9005, 39.9133 ], [ 32.9005, 39.9137 ], [ 32.9012, 39.9136 ], [ 32.9012, 39.9136 ], [ 32.9017, 39.9136 ], [ 32.9018, 39.9135 ], [ 32.9019, 39.9133 ] ] ] ] } },
{ "type": "Feature", "properties": { "id": "sehirAtlasi.56", "kentAtlasiDegeriKodu": "11210", "kentAtlasiDegeri": "Yüksek Yoğunluklu Süreksiz Kentsel Alan (50% - 80%)", "gecirimsizlikKatmani": 40, "tucbsNo": "CBSGM_1_7984244", "aciklama": null, "gecerlilikBaslangici": "2019-02-12T00:00:00Z", "gecerlilikSonu": null, "gozlemTarihi": null, "hilucsAraziKullanimi": null, "hilucsDurumu": null, "olcek": "1:10000", "surumBaslangicZamani": null, "surumBitisZamani": null, "total_population": 0.0, "estimated_water_supply": 0.78743847449623061, "population_pressure": 0.0, "urban_water_stress_score": 0.0 }, "geometry": { "type": "MultiPolygon", "coordinates": [ [ [ [ 32.8366, 39.8953 ], [ 32.8366, 39.8957 ], [ 32.8366, 39.8957 ], [ 32.839, 39.8956 ], [ 32.8387, 39.8942 ], [ 32.8387, 39.8942 ], [ 32.8384, 39.8944 ], [ 32.8366, 39.8953 ], [ 32.8366, 39.8953 ] ] ] ] } },
{ "type": "Feature", "properties": { "id": "sehirAtlasi.57", "kentAtlasiDegeriKodu": "11100", "kentAtlasiDegeri": "Sürekli Kentsel Alan (> 80%)", "gecirimsizlikKatmani": 26, "tucbsNo": "CBSGM_1_7984245", "aciklama": null, "gecerlilikBaslangici": "2019-02-04T00:00:00Z", "gecerlilikSonu": null, "gozlemTarihi": null, "hilucsAraziKullanimi": null, "hilucsDurumu": null, "olcek": "1:10000", "surumBaslangicZamani": null, "surumBitisZamani": null, "total_population": 0.0, "estimated_water_supply": 1.0936099775499448, "population_pressure": 0.0, "urban_water_stress_score": 0.0 }, "geometry": { "type": "MultiPolygon", "coordinates": [ [ [ [ 32.9015, 39.9386 ], [ 32.9012, 39.9384 ], [ 32.9011, 39.9384 ], [ 32.901, 39.9385 ], [ 32.9006, 39.9387 ], [ 32.9007, 39.9388 ], [ 32.9007, 39.9388 ], [ 32.9007, 39.9389 ], [ 32.9007, 39.9389 ], [ 32.9007, 39.939 ], [ 32.9015, 39.9386 ] ] ] ] } },
{ "type": "Feature", "properties": { "id": "sehirAtlasi.58", "kentAtlasiDegeriKodu": "11100", "kentAtlasiDegeri": "Sürekli Kentsel Alan (> 80%)", "gecirimsizlikKatmani": 39, "tucbsNo": "CBSGM_1_7984246", "aciklama": null, "gecerlilikBaslangici": "2019-02-13T00:00:00Z", "gecerlilikSonu": null, "gozlemTarihi": null, "hilucsAraziKullanimi": null, "hilucsDurumu": null, "olcek": "1:10000", "surumBaslangicZamani": null, "surumBitisZamani": null, "total_population": 0.0, "estimated_water_supply": 0.68819153034343294, "population_pressure": 0.0, "urban_water_stress_score": 0.0 }, "geometry": { "type": "MultiPolygon", "coordinates": [ [ [ [ 32.8376, 39.8629 ], [ 32.8376, 39.8626 ], [ 32.8375, 39.8623 ], [ 32.8374, 39.8621 ], [ 32.8372, 39.8621 ], [ 32.8371, 39.8621 ], [ 32.8368, 39.8621 ], [ 32.8369, 39.8628 ], [ 32.8369, 39.8628 ], [ 32.8369, 39.8632 ], [ 32.8369, 39.8633 ], [ 32.8369, 39.8638 ], [ 32.837, 39.8639 ], [ 32.8374, 39.8638 ], [ 32.8375, 39.8633 ], [ 32.8376, 39.8629 ] ] ] ] } },
{ "type": "Feature", "properties": { "id": "sehirAtlasi.59", "kentAtlasiDegeriKodu": "11100", "kentAtlasiDegeri": "Sürekli Kentsel Alan (> 80%)", "gecirimsizlikKatmani": 45, "tucbsNo": "CBSGM_1_7984247", "aciklama": null, "gecerlilikBaslangici": "2019-02-04T00:00:00Z", "gecerlilikSonu": null, "gozlemTarihi": null, "hilucsAraziKullanimi": null, "hilucsDurumu": null, "olcek": "1:10000", "surumBaslangicZamani": null, "surumBitisZamani": null, "total_population": 0.0, "estimated_water_supply": 1.0954013807703307, "population_pressure": 0.0, "urban_water_stress_score": 0.0 }, "geometry": { "type": "MultiPolygon", "coordinates": [ [ [ [ 32.9009, 39.9403 ], [ 32.9012, 39.9402 ], [ 32.9014, 39.9401 ], [ 32.9014, 39.9401 ], [ 32.9014, 39.9401 ], [ 32.9017, 39.9401 ], [ 32.9019, 39.94 ], [ 32.9015, 39.9396 ], [ 32.9014, 39.9395 ], [ 32.9008, 39.9398 ], [ 32.9009, 39.9403 ] ] ] ] } },
{ "type": "Feature", "properties": { "id": "sehirAtlasi.60", "kentAtlasiDegeriKodu": "11240", "kentAtlasiDegeri": "Çok Düşük Yoğunluklu Süreksiz Kentsel Alan (< 10%)", "gecirimsizlikKatmani": 4, "tucbsNo": "CBSGM_1_7984248", "aciklama": null, "gecerlilikBaslangici": "2019-02-07T00:00:00Z", "gecerlilikSonu": null, "gozlemTarihi": null, "hilucsAraziKullanimi": null, "hilucsDurumu": null, "olcek": "1:10000", "surumBaslangicZamani": null, "surumBitisZamani": null, "total_population": 0.0, "estimated_water_supply": 1.4175731914965541, "population_pressure": 0.0, "urban_water_stress_score": 0.0 }, "geometry": { "type": "MultiPolygon", "coordinates": [ [ [ [ 32.8379, 40.0711 ], [ 32.8379, 40.0704 ], [ 32.8378, 40.0699 ], [ 32.8375, 40.0701 ], [ 32.8373, 40.0702 ], [ 32.8371, 40.0705 ], [ 32.8369, 40.0708 ], [ 32.8371, 40.071 ], [ 32.8373, 40.071 ], [ 32.8375, 40.0711 ], [ 32.8377, 40.0711 ], [ 32.8379, 40.0711 ] ] ] ] } },
{ "type": "Feature", "properties": { "id": "sehirAtlasi.61", "kentAtlasiDegeriKodu": "11210", "kentAtlasiDegeri": "Yüksek Yoğunluklu Süreksiz Kentsel Alan (50% - 80%)", "gecirimsizlikKatmani": 0, "tucbsNo": "CBSGM_1_7984249", "aciklama": null, "gecerlilikBaslangici": "2019-02-19T00:00:00Z", "gecerlilikSonu": null, "gozlemTarihi": null, "hilucsAraziKullanimi": null, "hilucsDurumu": null, "olcek": "1:10000", "surumBaslangicZamani": null, "surumBitisZamani": null, "total_population": 0.0, "estimated_water_supply": 1.1786206342506858, "population_pressure": 0.0, "urban_water_stress_score": 0.0 }, "geometry": { "type": "MultiPolygon", "coordinates": [ [ [ [ 32.9018, 39.9663 ], [ 32.9021, 39.9658 ], [ 32.9021, 39.9658 ], [ 32.9017, 39.9655 ], [ 32.9017, 39.9655 ], [ 32.9015, 39.9653 ], [ 32.9015, 39.9653 ], [ 32.9013, 39.9652 ], [ 32.9008, 39.9657 ], [ 32.901, 39.9658 ], [ 32.9018, 39.9663 ] ] ] ] } },
{ "type": "Feature", "properties": { "id": "sehirAtlasi.62", "kentAtlasiDegeriKodu": "12220", "kentAtlasiDegeri": "Diğer Yollar ve İlgili Alanlar", "gecirimsizlikKatmani": 0, "tucbsNo": "CBSGM_1_7984250", "aciklama": null, "gecerlilikBaslangici": "2019-02-11T00:00:00Z", "gecerlilikSonu": null, "gozlemTarihi": null, "hilucsAraziKullanimi": null, "hilucsDurumu": null, "olcek": "1:10000", "surumBaslangicZamani": null, "surumBitisZamani": null, "total_population": 0.0, "estimated_water_supply": 0.70824476009834503, "population_pressure": 0.0, "urban_water_stress_score": 0.0 }, "geometry": { "type": "MultiPolygon", "coordinates": [ [ [ [ 32.691, 39.8714 ], [ 32.6911, 39.8715 ], [ 32.6911, 39.8715 ], [ 32.6911, 39.8715 ], [ 32.6911, 39.8715 ], [ 32.6915, 39.871 ], [ 32.6918, 39.8715 ], [ 32.6919, 39.8715 ], [ 32.6919, 39.8715 ], [ 32.6915, 39.8709 ], [ 32.6913, 39.8706 ], [ 32.6913, 39.8706 ], [ 32.6912, 39.8704 ], [ 32.6912, 39.8704 ], [ 32.6912, 39.8704 ], [ 32.6911, 39.8704 ], [ 32.6911, 39.8704 ], [ 32.6911, 39.8704 ], [ 32.6911, 39.8704 ], [ 32.6911, 39.8704 ], [ 32.6911, 39.8705 ], [ 32.6913, 39.8706 ], [ 32.6915, 39.8709 ], [ 32.691, 39.8714 ] ] ] ] } },
{ "type": "Feature", "properties": { "id": "sehirAtlasi.63", "kentAtlasiDegeriKodu": "12220", "kentAtlasiDegeri": "Diğer Yollar ve İlgili Alanlar", "gecirimsizlikKatmani": 0, "tucbsNo": "CBSGM_1_7984251", "aciklama": null, "gecerlilikBaslangici": "2019-02-11T00:00:00Z", "gecerlilikSonu": null, "gozlemTarihi": null, "hilucsAraziKullanimi": null, "hilucsDurumu": null, "olcek": "1:10000", "surumBaslangicZamani": null, "surumBitisZamani": null, "total_population": 0.0, "estimated_water_supply": 0.70647409686027274, "population_pressure": 0.0, "urban_water_stress_score": 0.0 }, "geometry": { "type": "MultiPolygon", "coordinates": [ [ [ [ 32.6906, 39.8691 ], [ 32.6914, 39.8694 ], [ 32.6914, 39.8694 ], [ 32.6914, 39.8694 ], [ 32.6906, 39.8691 ], [ 32.6906, 39.8691 ], [ 32.6906, 39.8691 ] ] ] ] } },
{ "type": "Feature", "properties": { "id": "sehirAtlasi.64", "kentAtlasiDegeriKodu": "12220", "kentAtlasiDegeri": "Diğer Yollar ve İlgili Alanlar", "gecirimsizlikKatmani": 0, "tucbsNo": "CBSGM_1_7984252", "aciklama": null, "gecerlilikBaslangici": "2019-02-11T00:00:00Z", "gecerlilikSonu": null, "gozlemTarihi": null, "hilucsAraziKullanimi": null, "hilucsDurumu": null, "olcek": "1:10000", "surumBaslangicZamani": null, "surumBitisZamani": null, "total_population": 0.0, "estimated_water_supply": 0.70691527114099884, "population_pressure": 0.0, "urban_water_stress_score": 0.0 }, "geometry": { "type": "MultiPolygon", "coordinates": [ [ [ [ 32.6903, 39.8696 ], [ 32.6911, 39.8699 ], [ 32.6911, 39.8699 ], [ 32.6911, 39.8699 ], [ 32.6912, 39.8698 ], [ 32.6903, 39.8695 ], [ 32.6903, 39.8695 ], [ 32.6903, 39.8696 ] ] ] ] } },
{ "type": "Feature", "properties": { "id": "sehirAtlasi.65", "kentAtlasiDegeriKodu": "12220", "kentAtlasiDegeri": "Diğer Yollar ve İlgili Alanlar", "gecirimsizlikKatmani": 0, "tucbsNo": "CBSGM_1_7984253", "aciklama": null, "gecerlilikBaslangici": "2019-02-11T00:00:00Z", "gecerlilikSonu": null, "gozlemTarihi": null, "hilucsAraziKullanimi": null, "hilucsDurumu": null, "olcek": "1:10000", "surumBaslangicZamani": null, "surumBitisZamani": null, "total_population": 0.0, "estimated_water_supply": 0.70734586636250785, "population_pressure": 0.0, "urban_water_stress_score": 0.0 }, "geometry": { "type": "MultiPolygon", "coordinates": [ [ [ [ 32.69, 39.87 ], [ 32.691, 39.8704 ], [ 32.691, 39.8704 ], [ 32.691, 39.8703 ], [ 32.691, 39.8703 ], [ 32.69, 39.8699 ], [ 32.69, 39.87 ], [ 32.69, 39.87 ] ] ] ] } },
{ "type": "Feature", "properties": { "id": "sehirAtlasi.66", "kentAtlasiDegeriKodu": "12220", "kentAtlasiDegeri": "Diğer Yollar ve İlgili Alanlar", "gecirimsizlikKatmani": 0, "tucbsNo": "CBSGM_1_7984254", "aciklama": null, "gecerlilikBaslangici": "2019-02-11T00:00:00Z", "gecerlilikSonu": null, "gozlemTarihi": null, "hilucsAraziKullanimi": null, "hilucsDurumu": null, "olcek": "1:10000", "surumBaslangicZamani": null, "surumBitisZamani": null, "total_population": 0.0, "estimated_water_supply": 0.62455876128978871, "population_pressure": 0.0, "urban_water_stress_score": 0.0 }, "geometry": { "type": "MultiPolygon", "coordinates": [ [ [ [ 32.663, 39.8242 ], [ 32.6634, 39.8243 ], [ 32.6646, 39.8243 ], [ 32.6646, 39.8243 ], [ 32.6646, 39.8243 ], [ 32.6645, 39.8242 ], [ 32.6635, 39.8242 ], [ 32.6636, 39.8236 ], [ 32.6636, 39.8236 ], [ 32.6637, 39.8236 ], [ 32.6637, 39.8236 ], [ 32.6639, 39.8237 ], [ 32.6641, 39.8238 ], [ 32.6641, 39.8238 ], [ 32.6642, 39.8239 ], [ 32.6642, 39.824 ], [ 32.6642, 39.824 ], [ 32.6642, 39.824 ], [ 32.6643, 39.824 ], [ 32.6643, 39.824 ], [ 32.6643, 39.824 ], [ 32.6644, 39.824 ], [ 32.6644, 39.824 ], [ 32.6645, 39.824 ], [ 32.6645, 39.824 ], [ 32.6645, 39.824 ], [ 32.6645, 39.824 ], [ 32.6645, 39.824 ], [ 32.6645, 39.8239 ], [ 32.6643, 39.8239 ], [ 32.6643, 39.8239 ], [ 32.6643, 39.8239 ], [ 32.6642, 39.8238 ], [ 32.6642, 39.8238 ], [ 32.6642, 39.8237 ], [ 32.6642, 39.8237 ], [ 32.6641, 39.8237 ], [ 32.664, 39.8237 ], [ 32.664, 39.8236 ], [ 32.6638, 39.8236 ], [ 32.6637, 39.8236 ], [ 32.6637, 39.8236 ], [ 32.6637, 39.8236 ], [ 32.6636, 39.8236 ], [ 32.6636, 39.8236 ], [ 32.6636, 39.8236 ], [ 32.6635, 39.8236 ], [ 32.6635, 39.8236 ], [ 32.6635, 39.8236 ], [ 32.6634, 39.8242 ], [ 32.663, 39.8242 ], [ 32.663, 39.8242 ], [ 32.663, 39.8242 ], [ 32.663, 39.8242 ], [ 32.663, 39.8242 ] ] ] ] } },
{ "type": "Feature", "properties": { "id": "sehirAtlasi.67", "kentAtlasiDegeriKodu": "11100", "kentAtlasiDegeri": "Sürekli Kentsel Alan (> 80%)", "gecirimsizlikKatmani": 47, "tucbsNo": "CBSGM_1_7984281", "aciklama": null, "gecerlilikBaslangici": "2019-02-04T00:00:00Z", "gecerlilikSonu": null, "gozlemTarihi": null, "hilucsAraziKullanimi": null, "hilucsDurumu": null, "olcek": "1:10000", "surumBaslangicZamani": null, "surumBitisZamani": null, "total_population": 0.0, "estimated_water_supply": 1.1084905945099277, "population_pressure": 0.0, "urban_water_stress_score": 0.0 }, "geometry": { "type": "MultiPolygon", "coordinates": [ [ [ [ 32.5662, 39.9532 ], [ 32.5668, 39.9535 ], [ 32.5669, 39.9533 ], [ 32.5671, 39.953 ], [ 32.5674, 39.9526 ], [ 32.5676, 39.9523 ], [ 32.5677, 39.9523 ], [ 32.5671, 39.9521 ], [ 32.5671, 39.9521 ], [ 32.5666, 39.9527 ], [ 32.5662, 39.9532 ] ] ] ] } },
{ "type": "Feature", "properties": { "id": "sehirAtlasi.68", "kentAtlasiDegeriKodu": "11100", "kentAtlasiDegeri": "Sürekli Kentsel Alan (> 80%)", "gecirimsizlikKatmani": 40, "tucbsNo": "CBSGM_1_7984282", "aciklama": null, "gecerlilikBaslangici": "2019-02-20T00:00:00Z", "gecerlilikSonu": null, "gozlemTarihi": null, "hilucsAraziKullanimi": null, "hilucsDurumu": null, "olcek": "1:10000", "surumBaslangicZamani": null, "surumBitisZamani": null, "total_population": 0.0, "estimated_water_supply": 1.2573922829778663, "population_pressure": 0.0, "urban_water_stress_score": 0.0 }, "geometry": { "type": "MultiPolygon", "coordinates": [ [ [ [ 32.8579, 40.0075 ], [ 32.8592, 40.0076 ], [ 32.8598, 40.0077 ], [ 32.86, 40.0077 ], [ 32.8602, 40.0076 ], [ 32.8605, 40.0076 ], [ 32.8607, 40.0075 ], [ 32.8607, 40.0074 ], [ 32.8607, 40.0074 ], [ 32.8602, 40.0072 ], [ 32.8599, 40.0071 ], [ 32.8594, 40.0069 ], [ 32.8591, 40.0068 ], [ 32.8588, 40.0068 ], [ 32.8578, 40.0068 ], [ 32.8579, 40.0071 ], [ 32.8579, 40.0071 ], [ 32.8579, 40.0072 ], [ 32.8579, 40.0072 ], [ 32.8579, 40.0075 ], [ 32.8579, 40.0075 ] ] ] ] } },
{ "type": "Feature", "properties": { "id": "sehirAtlasi.69", "kentAtlasiDegeriKodu": "12220", "kentAtlasiDegeri": "Diğer Yollar ve İlgili Alanlar", "gecirimsizlikKatmani": 0, "tucbsNo": "CBSGM_1_7984255", "aciklama": null, "gecerlilikBaslangici": "2019-02-04T00:00:00Z", "gecerlilikSonu": null, "gozlemTarihi": null, "hilucsAraziKullanimi": null, "hilucsDurumu": null, "olcek": "1:10000", "surumBaslangicZamani": null, "surumBitisZamani": null, "total_population": 0.0, "estimated_water_supply": 0.80230234642022102, "population_pressure": 0.0, "urban_water_stress_score": 0.0 }, "geometry": { "type": "MultiPolygon", "coordinates": [ [ [ [ 32.8793, 39.8934 ], [ 32.8793, 39.8934 ], [ 32.8793, 39.8934 ], [ 32.8794, 39.8934 ], [ 32.8799, 39.8931 ], [ 32.88, 39.8931 ], [ 32.88, 39.8931 ], [ 32.8801, 39.8933 ], [ 32.8801, 39.8933 ], [ 32.8801, 39.8934 ], [ 32.8802, 39.8934 ], [ 32.8802, 39.8934 ], [ 32.8802, 39.8934 ], [ 32.8802, 39.8934 ], [ 32.8803, 39.8934 ], [ 32.8803, 39.8934 ], [ 32.8803, 39.8934 ], [ 32.8803, 39.8934 ], [ 32.8804, 39.8935 ], [ 32.8804, 39.8935 ], [ 32.8806, 39.894 ], [ 32.8806, 39.894 ], [ 32.8806, 39.894 ], [ 32.8807, 39.894 ], [ 32.8807, 39.894 ], [ 32.8807, 39.894 ], [ 32.8807, 39.894 ], [ 32.8807, 39.894 ], [ 32.8805, 39.8935 ], [ 32.8804, 39.8934 ], [ 32.8804, 39.8934 ], [ 32.8804, 39.8934 ], [ 32.8804, 39.8933 ], [ 32.8803, 39.8931 ], [ 32.8803, 39.893 ], [ 32.8804, 39.8929 ], [ 32.8804, 39.8929 ], [ 32.8804, 39.8927 ], [ 32.8804, 39.8927 ], [ 32.8804, 39.8927 ], [ 32.8804, 39.8927 ], [ 32.8803, 39.8926 ], [ 32.8803, 39.8926 ], [ 32.8803, 39.8927 ], [ 32.8803, 39.8929 ], [ 32.8802, 39.893 ], [ 32.8802, 39.893 ], [ 32.8802, 39.8931 ], [ 32.8802, 39.8931 ], [ 32.8802, 39.8931 ], [ 32.8803, 39.8933 ], [ 32.8803, 39.8933 ], [ 32.8803, 39.8933 ], [ 32.8802, 39.8933 ], [ 32.8802, 39.8932 ], [ 32.8801, 39.893 ], [ 32.8801, 39.893 ], [ 32.88, 39.893 ], [ 32.88, 39.893 ], [ 32.88, 39.893 ], [ 32.8799, 39.893 ], [ 32.8799, 39.893 ], [ 32.8799, 39.893 ], [ 32.8798, 39.893 ], [ 32.8793, 39.8934 ] ] ] ] } },
{ "type": "Feature", "properties": { "id": "sehirAtlasi.70", "kentAtlasiDegeriKodu": "12150", "kentAtlasiDegeri": "Eğitim Alanları", "gecirimsizlikKatmani": 0, "tucbsNo": "CBSGM_1_7984256", "aciklama": null, "gecerlilikBaslangici": "2019-06-10T00:00:00Z", "gecerlilikSonu": null, "gozlemTarihi": null, "hilucsAraziKullanimi": null, "hilucsDurumu": null, "olcek": "1:10000", "surumBaslangicZamani": null, "surumBitisZamani": null, "total_population": 0.0, "estimated_water_supply": 1.0270601709745295, "population_pressure": 0.0, "urban_water_stress_score": 0.0 }, "geometry": { "type": "MultiPolygon", "coordinates": [ [ [ [ 32.8589, 39.9585 ], [ 32.8591, 39.9586 ], [ 32.8594, 39.9586 ], [ 32.8594, 39.9586 ], [ 32.8596, 39.9586 ], [ 32.8596, 39.9585 ], [ 32.8596, 39.9585 ], [ 32.8596, 39.9585 ], [ 32.8596, 39.9583 ], [ 32.8596, 39.9583 ], [ 32.8597, 39.9582 ], [ 32.8593, 39.9581 ], [ 32.8593, 39.9581 ], [ 32.8593, 39.9581 ], [ 32.8592, 39.9581 ], [ 32.8592, 39.9581 ], [ 32.8592, 39.9581 ], [ 32.859, 39.9581 ], [ 32.8589, 39.9585 ] ] ] ] } },
{ "type": "Feature", "properties": { "id": "sehirAtlasi.71", "kentAtlasiDegeriKodu": "11240", "kentAtlasiDegeri": "Çok Düşük Yoğunluklu Süreksiz Kentsel Alan (< 10%)", "gecirimsizlikKatmani": 10, "tucbsNo": "CBSGM_1_7984257", "aciklama": null, "gecerlilikBaslangici": "2019-02-12T00:00:00Z", "gecerlilikSonu": null, "gozlemTarihi": null, "hilucsAraziKullanimi": null, "hilucsDurumu": null, "olcek": "1:10000", "surumBaslangicZamani": null, "surumBitisZamani": null, "total_population": 0.0, "estimated_water_supply": 0.56390283806092467, "population_pressure": 0.0, "urban_water_stress_score": 0.0 }, "geometry": { "type": "MultiPolygon", "coordinates": [ [ [ [ 32.8228, 39.7842 ], [ 32.8222, 39.7844 ], [ 32.8222, 39.7844 ], [ 32.8218, 39.7846 ], [ 32.8218, 39.7846 ], [ 32.8223, 39.7851 ], [ 32.8233, 39.7847 ], [ 32.8228, 39.7842 ] ] ] ] } },
{ "type": "Feature", "properties": { "id": "sehirAtlasi.72", "kentAtlasiDegeriKodu": "12150", "kentAtlasiDegeri": "Eğitim Alanları", "gecirimsizlikKatmani": 22, "tucbsNo": "CBSGM_1_7984258", "aciklama": null, "gecerlilikBaslangici": "2019-06-11T00:00:00Z", "gecerlilikSonu": null, "gozlemTarihi": null, "hilucsAraziKullanimi": null, "hilucsDurumu": null, "olcek": "1:10000", "surumBaslangicZamani": null, "surumBitisZamani": null, "total_population": 0.0, "estimated_water_supply": 1.1086684007884917, "population_pressure": 0.0, "urban_water_stress_score": 0.0 }, "geometry": { "type": "MultiPolygon", "coordinates": [ [ [ [ 32.5638, 39.9556 ], [ 32.5636, 39.9558 ], [ 32.5633, 39.956 ], [ 32.563, 39.9563 ], [ 32.563, 39.9562 ], [ 32.5636, 39.9565 ], [ 32.5642, 39.9559 ], [ 32.5638, 39.9556 ] ] ] ] } },
{ "type": "Feature", "properties": { "id": "sehirAtlasi.73", "kentAtlasiDegeriKodu": "11100", "kentAtlasiDegeri": "Sürekli Kentsel Alan (> 80%)", "gecirimsizlikKatmani": 45, "tucbsNo": "CBSGM_1_7984259", "aciklama": null, "gecerlilikBaslangici": "2019-02-20T00:00:00Z", "gecerlilikSonu": null, "gozlemTarihi": null, "hilucsAraziKullanimi": null, "hilucsDurumu": null, "olcek": "1:10000", "surumBaslangicZamani": null, "surumBitisZamani": null, "total_population": 0.0, "estimated_water_supply": 1.2760793853060655, "population_pressure": 0.0, "urban_water_stress_score": 0.0 }, "geometry": { "type": "MultiPolygon", "coordinates": [ [ [ [ 32.8673, 40.0084 ], [ 32.8674, 40.0084 ], [ 32.8678, 40.0086 ], [ 32.8679, 40.0086 ], [ 32.8678, 40.0086 ], [ 32.8682, 40.0079 ], [ 32.8678, 40.0077 ], [ 32.8674, 40.0084 ], [ 32.8673, 40.0084 ] ] ] ] } },
{ "type": "Feature", "properties": { "id": "sehirAtlasi.74", "kentAtlasiDegeriKodu": "11100", "kentAtlasiDegeri": "Sürekli Kentsel Alan (> 80%)", "gecirimsizlikKatmani": 23, "tucbsNo": "CBSGM_1_7984260", "aciklama": null, "gecerlilikBaslangici": "2019-02-20T00:00:00Z", "gecerlilikSonu": null, "gozlemTarihi": null, "hilucsAraziKullanimi": null, "hilucsDurumu": null, "olcek": "1:10000", "surumBaslangicZamani": null, "surumBitisZamani": null, "total_population": 0.0, "estimated_water_supply": 1.3958556574346297, "population_pressure": 0.0, "urban_water_stress_score": 0.0 }, "geometry": { "type": "MultiPolygon", "coordinates": [ [ [ [ 32.8617, 40.0194 ], [ 32.8623, 40.019 ], [ 32.8627, 40.0184 ], [ 32.8626, 40.0185 ], [ 32.862, 40.0185 ], [ 32.8618, 40.0185 ], [ 32.8618, 40.0185 ], [ 32.8618, 40.0186 ], [ 32.8618, 40.0186 ], [ 32.8618, 40.0186 ], [ 32.8618, 40.0186 ], [ 32.8617, 40.0186 ], [ 32.8617, 40.0186 ], [ 32.8616, 40.0186 ], [ 32.8615, 40.0185 ], [ 32.8611, 40.0186 ], [ 32.8611, 40.0187 ], [ 32.8611, 40.0187 ], [ 32.8611, 40.0187 ], [ 32.8611, 40.0192 ], [ 32.8615, 40.0193 ], [ 32.8615, 40.0193 ], [ 32.8618, 40.0194 ], [ 32.8617, 40.0194 ] ] ] ] } },
{ "type": "Feature", "properties": { "id": "sehirAtlasi.75", "kentAtlasiDegeriKodu": "11100", "kentAtlasiDegeri": "Sürekli Kentsel Alan (> 80%)", "gecirimsizlikKatmani": 38, "tucbsNo": "CBSGM_1_7984261", "aciklama": null, "gecerlilikBaslangici": "2019-02-20T00:00:00Z", "gecerlilikSonu": null, "gozlemTarihi": null, "hilucsAraziKullanimi": null, "hilucsDurumu": null, "olcek": "1:10000", "surumBaslangicZamani": null, "surumBitisZamani": null, "total_population": 0.0, "estimated_water_supply": 1.292767877455713, "population_pressure": 0.0, "urban_water_stress_score": 0.0 }, "geometry": { "type": "MultiPolygon", "coordinates": [ [ [ [ 32.8621, 40.0108 ], [ 32.8616, 40.0108 ], [ 32.8616, 40.0111 ], [ 32.8616, 40.0111 ], [ 32.8616, 40.0111 ], [ 32.8616, 40.0113 ], [ 32.862, 40.0113 ], [ 32.862, 40.0112 ], [ 32.862, 40.011 ], [ 32.8621, 40.0108 ] ] ] ] } },
{ "type": "Feature", "properties": { "id": "sehirAtlasi.76", "kentAtlasiDegeriKodu": "14100", "kentAtlasiDegeri": "Kent İçindeki Yeşil Alanlar ( Pasif )", "gecirimsizlikKatmani": 0, "tucbsNo": "CBSGM_1_7984262", "aciklama": null, "gecerlilikBaslangici": "2019-02-14T00:00:00Z", "gecerlilikSonu": null, "gozlemTarihi": null, "hilucsAraziKullanimi": null, "hilucsDurumu": null, "olcek": "1:10000", "surumBaslangicZamani": null, "surumBitisZamani": null, "total_population": 0.0, "estimated_water_supply": 1.2812014833989047, "population_pressure": 0.0, "urban_water_stress_score": 0.0 }, "geometry": { "type": "MultiPolygon", "coordinates": [ [ [ [ 32.9862, 39.9172 ], [ 32.9862, 39.9172 ], [ 32.9837, 39.9162 ], [ 32.9838, 39.9162 ], [ 32.984, 39.9164 ], [ 32.984, 39.9165 ], [ 32.9841, 39.9167 ], [ 32.9841, 39.9168 ], [ 32.9842, 39.917 ], [ 32.9842, 39.9172 ], [ 32.9842, 39.9172 ], [ 32.9844, 39.9173 ], [ 32.9846, 39.9174 ], [ 32.9847, 39.9174 ], [ 32.9849, 39.9175 ], [ 32.985, 39.9175 ], [ 32.9851, 39.9175 ], [ 32.9853, 39.9175 ], [ 32.9855, 39.9174 ], [ 32.986, 39.9173 ], [ 32.9862, 39.9172 ] ] ] ] } },
{ "type": "Feature", "properties": { "id": "sehirAtlasi.77", "kentAtlasiDegeriKodu": "11100", "kentAtlasiDegeri": "Sürekli Kentsel Alan (> 80%)", "gecirimsizlikKatmani": 44, "tucbsNo": "CBSGM_1_7984263", "aciklama": null, "gecerlilikBaslangici": "2019-02-20T00:00:00Z", "gecerlilikSonu": null, "gozlemTarihi": null, "hilucsAraziKullanimi": null, "hilucsDurumu": null, "olcek": "1:10000", "surumBaslangicZamani": null, "surumBitisZamani": null, "total_population": 0.0, "estimated_water_supply": 1.26955602014921, "population_pressure": 0.0, "urban_water_stress_score": 0.0 }, "geometry": { "type": "MultiPolygon", "coordinates": [ [ [ [ 32.8705, 40.0079 ], [ 32.8699, 40.0077 ], [ 32.8695, 40.0083 ], [ 32.8702, 40.0086 ], [ 32.8705, 40.0079 ] ] ] ] } },
{ "type": "Feature", "properties": { "id": "sehirAtlasi.78", "kentAtlasiDegeriKodu": "11100", "kentAtlasiDegeri": "Sürekli Kentsel Alan (> 80%)", "gecirimsizlikKatmani": 40, "tucbsNo": "CBSGM_1_7984264", "aciklama": null, "gecerlilikBaslangici": "2019-02-20T00:00:00Z", "gecerlilikSonu": null, "gozlemTarihi": null, "hilucsAraziKullanimi": null, "hilucsDurumu": null, "olcek": "1:10000", "surumBaslangicZamani": null, "surumBitisZamani": null, "total_population": 0.0, "estimated_water_supply": 1.2760528863963132, "population_pressure": 0.0, "urban_water_stress_score": 0.0 }, "geometry": { "type": "MultiPolygon", "coordinates": [ [ [ [ 32.8704, 40.0099 ], [ 32.8707, 40.0098 ], [ 32.8707, 40.0098 ], [ 32.8708, 40.0097 ], [ 32.8708, 40.0097 ], [ 32.871, 40.0095 ], [ 32.8711, 40.0094 ], [ 32.8712, 40.0093 ], [ 32.8712, 40.0092 ], [ 32.8707, 40.0092 ], [ 32.8707, 40.0092 ], [ 32.8705, 40.0091 ], [ 32.8701, 40.0091 ], [ 32.8699, 40.0094 ], [ 32.8701, 40.0096 ], [ 32.8703, 40.0097 ], [ 32.8703, 40.0097 ], [ 32.8705, 40.0099 ], [ 32.8704, 40.0099 ] ] ] ] } },
{ "type": "Feature", "properties": { "id": "sehirAtlasi.79", "kentAtlasiDegeriKodu": "21000", "kentAtlasiDegeri": "Ekilebilir Alanlar", "gecirimsizlikKatmani": 0, "tucbsNo": "CBSGM_1_7984265", "aciklama": null, "gecerlilikBaslangici": "2019-05-24T00:00:00Z", "gecerlilikSonu": null, "gozlemTarihi": null, "hilucsAraziKullanimi": null, "hilucsDurumu": null, "olcek": "1:10000", "surumBaslangicZamani": null, "surumBitisZamani": null, "total_population": 0.0, "estimated_water_supply": 1.3076677722662429, "population_pressure": 0.0, "urban_water_stress_score": 0.0 }, "geometry": { "type": "MultiPolygon", "coordinates": [ [ [ [ 32.9181, 40.0167 ], [ 32.9182, 40.0166 ], [ 32.9182, 40.0166 ], [ 32.9182, 40.0166 ], [ 32.9184, 40.0165 ], [ 32.9185, 40.0164 ], [ 32.9185, 40.0164 ], [ 32.9186, 40.0163 ], [ 32.9186, 40.0161 ], [ 32.9187, 40.016 ], [ 32.9187, 40.0159 ], [ 32.9181, 40.0159 ], [ 32.9177, 40.0159 ], [ 32.9174, 40.0159 ], [ 32.9173, 40.0158 ], [ 32.9173, 40.0158 ], [ 32.9172, 40.0157 ], [ 32.9171, 40.0157 ], [ 32.9168, 40.0157 ], [ 32.9167, 40.0157 ], [ 32.9167, 40.0159 ], [ 32.9167, 40.016 ], [ 32.9168, 40.016 ], [ 32.9171, 40.0161 ], [ 32.9173, 40.0162 ], [ 32.9173, 40.0162 ], [ 32.9173, 40.0164 ], [ 32.9173, 40.0165 ], [ 32.9172, 40.0166 ], [ 32.9171, 40.0167 ], [ 32.9171, 40.0168 ], [ 32.9172, 40.0168 ], [ 32.9174, 40.0168 ], [ 32.9176, 40.0168 ], [ 32.9177, 40.0168 ], [ 32.9178, 40.0168 ], [ 32.918, 40.0167 ], [ 32.9181, 40.0167 ] ] ] ] } },
{ "type": "Feature", "properties": { "id": "sehirAtlasi.80", "kentAtlasiDegeriKodu": "31000", "kentAtlasiDegeri": "Ormanlar", "gecirimsizlikKatmani": 0, "tucbsNo": "CBSGM_1_7984266", "aciklama": null, "gecerlilikBaslangici": "2020-01-07T00:00:00Z", "gecerlilikSonu": null, "gozlemTarihi": null, "hilucsAraziKullanimi": null, "hilucsDurumu": null, "olcek": "1:10000", "surumBaslangicZamani": null, "surumBitisZamani": null, "total_population": 0.0, "estimated_water_supply": 0.6169791719395763, "population_pressure": 0.0, "urban_water_stress_score": 0.0 }, "geometry": { "type": "MultiPolygon", "coordinates": [ [ [ [ 32.6463, 39.8228 ], [ 32.6463, 39.8236 ], [ 32.6464, 39.8246 ], [ 32.6464, 39.8246 ], [ 32.6464, 39.8282 ], [ 32.6464, 39.8282 ], [ 32.6463, 39.8299 ], [ 32.6463, 39.8299 ], [ 32.6463, 39.8309 ], [ 32.6467, 39.8309 ], [ 32.6467, 39.8309 ], [ 32.6467, 39.8309 ], [ 32.6468, 39.8309 ], [ 32.647, 39.8308 ], [ 32.6471, 39.8307 ], [ 32.6475, 39.8299 ], [ 32.6475, 39.8299 ], [ 32.6475, 39.8299 ], [ 32.6475, 39.8299 ], [ 32.6475, 39.8299 ], [ 32.6475, 39.8296 ], [ 32.6474, 39.8295 ], [ 32.6474, 39.8294 ], [ 32.6474, 39.8294 ], [ 32.6474, 39.8292 ], [ 32.6474, 39.8292 ], [ 32.6475, 39.8289 ], [ 32.6475, 39.8288 ], [ 32.6476, 39.8282 ], [ 32.6476, 39.828 ], [ 32.6475, 39.8278 ], [ 32.6475, 39.8278 ], [ 32.6475, 39.8277 ], [ 32.6475, 39.8277 ], [ 32.6475, 39.8277 ], [ 32.6476, 39.8276 ], [ 32.6476, 39.8276 ], [ 32.6477, 39.8274 ], [ 32.6478, 39.8273 ], [ 32.6478, 39.8271 ], [ 32.6477, 39.8264 ], [ 32.6477, 39.8264 ], [ 32.6477, 39.8259 ], [ 32.6477, 39.8259 ], [ 32.6478, 39.8255 ], [ 32.6478, 39.8255 ], [ 32.6478, 39.8252 ], [ 32.648, 39.8249 ], [ 32.6483, 39.8244 ], [ 32.6487, 39.824 ], [ 32.6485, 39.8239 ], [ 32.6485, 39.8239 ], [ 32.6485, 39.8239 ], [ 32.6481, 39.8238 ], [ 32.6481, 39.8238 ], [ 32.6479, 39.8237 ], [ 32.6479, 39.8237 ], [ 32.6479, 39.8237 ], [ 32.6478, 39.8235 ], [ 32.6478, 39.8235 ], [ 32.6477, 39.8233 ], [ 32.6476, 39.8229 ], [ 32.6475, 39.8229 ], [ 32.6475, 39.8229 ], [ 32.6475, 39.8229 ], [ 32.6475, 39.8229 ], [ 32.6463, 39.8228 ], [ 32.6463, 39.8228 ] ] ] ] } },
{ "type": "Feature", "properties": { "id": "sehirAtlasi.81", "kentAtlasiDegeriKodu": "11100", "kentAtlasiDegeri": "Sürekli Kentsel Alan (> 80%)", "gecirimsizlikKatmani": 24, "tucbsNo": "CBSGM_1_7984267", "aciklama": null, "gecerlilikBaslangici": "2019-02-13T00:00:00Z", "gecerlilikSonu": null, "gozlemTarihi": null, "hilucsAraziKullanimi": null, "hilucsDurumu": null, "olcek": "1:10000", "surumBaslangicZamani": null, "surumBitisZamani": null, "total_population": 0.0, "estimated_water_supply": 0.69417705076892522, "population_pressure": 0.0, "urban_water_stress_score": 0.0 }, "geometry": { "type": "MultiPolygon", "coordinates": [ [ [ [ 32.8121, 39.8622 ], [ 32.8118, 39.8612 ], [ 32.8118, 39.8611 ], [ 32.8114, 39.8615 ], [ 32.8114, 39.8616 ], [ 32.8114, 39.8619 ], [ 32.8114, 39.8619 ], [ 32.8114, 39.8619 ], [ 32.8114, 39.8623 ], [ 32.8116, 39.8623 ], [ 32.8121, 39.8622 ] ] ] ] } },
{ "type": "Feature", "properties": { "id": "sehirAtlasi.82", "kentAtlasiDegeriKodu": "12150", "kentAtlasiDegeri": "Eğitim Alanları", "gecirimsizlikKatmani": 0, "tucbsNo": "CBSGM_1_7984268", "aciklama": null, "gecerlilikBaslangici": "2019-05-24T00:00:00Z", "gecerlilikSonu": null, "gozlemTarihi": null, "hilucsAraziKullanimi": null, "hilucsDurumu": null, "olcek": "1:10000", "surumBaslangicZamani": null, "surumBitisZamani": null, "total_population": 0.0, "estimated_water_supply": 1.06059517713604, "population_pressure": 0.0, "urban_water_stress_score": 0.0 }, "geometry": { "type": "MultiPolygon", "coordinates": [ [ [ [ 32.7784, 39.9667 ], [ 32.779, 39.9667 ], [ 32.779, 39.9658 ], [ 32.7789, 39.9658 ], [ 32.7784, 39.9658 ], [ 32.7784, 39.9659 ], [ 32.7784, 39.9665 ], [ 32.7784, 39.9666 ], [ 32.7784, 39.9667 ] ] ] ] } },
{ "type": "Feature", "properties": { "id": "sehirAtlasi.83", "kentAtlasiDegeriKodu": "11210", "kentAtlasiDegeri": "Yüksek Yoğunluklu Süreksiz Kentsel Alan (50% - 80%)", "gecirimsizlikKatmani": 40, "tucbsNo": "CBSGM_1_7984269", "aciklama": null, "gecerlilikBaslangici": "2019-02-13T00:00:00Z", "gecerlilikSonu": null, "gozlemTarihi": null, "hilucsAraziKullanimi": null, "hilucsDurumu": null, "olcek": "1:10000", "surumBaslangicZamani": null, "surumBitisZamani": null, "total_population": 0.0, "estimated_water_supply": 0.84239505831947792, "population_pressure": 0.0, "urban_water_stress_score": 0.0 }, "geometry": { "type": "MultiPolygon", "coordinates": [ [ [ [ 32.8126, 39.9271 ], [ 32.8124, 39.9268 ], [ 32.8124, 39.9268 ], [ 32.8122, 39.9264 ], [ 32.8122, 39.9264 ], [ 32.8122, 39.9261 ], [ 32.8115, 39.926 ], [ 32.8114, 39.9262 ], [ 32.8114, 39.9267 ], [ 32.8116, 39.9272 ], [ 32.8118, 39.9275 ], [ 32.8119, 39.9275 ], [ 32.8126, 39.9271 ] ] ] ] } },
{ "type": "Feature", "properties": { "id": "sehirAtlasi.84", "kentAtlasiDegeriKodu": "11100", "kentAtlasiDegeri": "Sürekli Kentsel Alan (> 80%)", "gecirimsizlikKatmani": 35, "tucbsNo": "CBSGM_1_7984270", "aciklama": null, "gecerlilikBaslangici": "2019-02-04T00:00:00Z", "gecerlilikSonu": null, "gozlemTarihi": null, "hilucsAraziKullanimi": null, "hilucsDurumu": null, "olcek": "1:10000", "surumBaslangicZamani": null, "surumBitisZamani": null, "total_population": 0.0, "estimated_water_supply": 1.1111549270618837, "population_pressure": 0.0, "urban_water_stress_score": 0.0 }, "geometry": { "type": "MultiPolygon", "coordinates": [ [ [ [ 32.5566, 39.9526 ], [ 32.556, 39.9523 ], [ 32.5553, 39.9535 ], [ 32.556, 39.9536 ], [ 32.5566, 39.9526 ] ] ] ] } },
{ "type": "Feature", "properties": { "id": "sehirAtlasi.85", "kentAtlasiDegeriKodu": "12130", "kentAtlasiDegeri": "Kamu Alanları", "gecirimsizlikKatmani": 0, "tucbsNo": "CBSGM_1_7984271", "aciklama": null, "gecerlilikBaslangici": "2019-05-27T00:00:00Z", "gecerlilikSonu": null, "gozlemTarihi": null, "hilucsAraziKullanimi": null, "hilucsDurumu": null, "olcek": "1:10000", "surumBaslangicZamani": null, "surumBitisZamani": null, "total_population": 0.0, "estimated_water_supply": 1.0440004711851276, "population_pressure": 0.0, "urban_water_stress_score": 0.0 }, "geometry": { "type": "MultiPolygon", "coordinates": [ [ [ [ 32.7777, 39.9607 ], [ 32.7778, 39.9607 ], [ 32.7779, 39.9607 ], [ 32.7781, 39.9608 ], [ 32.7781, 39.9611 ], [ 32.7782, 39.9615 ], [ 32.7783, 39.9616 ], [ 32.7786, 39.9617 ], [ 32.7786, 39.9618 ], [ 32.7786, 39.9619 ], [ 32.7786, 39.962 ], [ 32.7792, 39.962 ], [ 32.7792, 39.9619 ], [ 32.7791, 39.9617 ], [ 32.7792, 39.9616 ], [ 32.7793, 39.9614 ], [ 32.7794, 39.9612 ], [ 32.7795, 39.9611 ], [ 32.7794, 39.9609 ], [ 32.7794, 39.9608 ], [ 32.7792, 39.9607 ], [ 32.7792, 39.9606 ], [ 32.7791, 39.9604 ], [ 32.779, 39.9604 ], [ 32.779, 39.9603 ], [ 32.7785, 39.9604 ], [ 32.7782, 39.9604 ], [ 32.7782, 39.9604 ], [ 32.7781, 39.9604 ], [ 32.778, 39.9605 ], [ 32.7779, 39.9606 ], [ 32.7778, 39.9606 ], [ 32.7778, 39.9607 ], [ 32.7777, 39.9607 ], [ 32.7777, 39.9607 ] ] ] ] } },
{ "type": "Feature", "properties": { "id": "sehirAtlasi.86", "kentAtlasiDegeriKodu": "11230", "kentAtlasiDegeri": "Düşük Yoğunluklu Süreksiz Kentsel Alan (10% - 30%)", "gecirimsizlikKatmani": 26, "tucbsNo": "CBSGM_1_7984272", "aciklama": null, "gecerlilikBaslangici": "2019-02-13T00:00:00Z", "gecerlilikSonu": null, "gozlemTarihi": null, "hilucsAraziKullanimi": null, "hilucsDurumu": null, "olcek": "1:10000", "surumBaslangicZamani": null, "surumBitisZamani": null, "total_population": 0.0, "estimated_water_supply": 0.52218704994936749, "population_pressure": 0.0, "urban_water_stress_score": 0.0 }, "geometry": { "type": "MultiPolygon", "coordinates": [ [ [ [ 32.7395, 39.7422 ], [ 32.7384, 39.7422 ], [ 32.7384, 39.743 ], [ 32.7384, 39.743 ], [ 32.7384, 39.743 ], [ 32.7384, 39.7442 ], [ 32.7392, 39.7441 ], [ 32.7392, 39.744 ], [ 32.7389, 39.744 ], [ 32.7389, 39.744 ], [ 32.7389, 39.744 ], [ 32.7388, 39.744 ], [ 32.7388, 39.744 ], [ 32.7388, 39.744 ], [ 32.7388, 39.744 ], [ 32.7388, 39.744 ], [ 32.7389, 39.7429 ], [ 32.7386, 39.7429 ], [ 32.7385, 39.7429 ], [ 32.7385, 39.7428 ], [ 32.7385, 39.7428 ], [ 32.7385, 39.7428 ], [ 32.7385, 39.7428 ], [ 32.7386, 39.7428 ], [ 32.7386, 39.7428 ], [ 32.7389, 39.7428 ], [ 32.7389, 39.7423 ], [ 32.7389, 39.7423 ], [ 32.7389, 39.7423 ], [ 32.7389, 39.7423 ], [ 32.7389, 39.7423 ], [ 32.739, 39.7423 ], [ 32.739, 39.7423 ], [ 32.739, 39.7423 ], [ 32.7389, 39.7428 ], [ 32.7394, 39.7428 ], [ 32.7395, 39.7422 ] ] ] ] } },
{ "type": "Feature", "properties": { "id": "sehirAtlasi.87", "kentAtlasiDegeriKodu": "11210", "kentAtlasiDegeri": "Yüksek Yoğunluklu Süreksiz Kentsel Alan (50% - 80%)", "gecirimsizlikKatmani": 48, "tucbsNo": "CBSGM_1_7984273", "aciklama": null, "gecerlilikBaslangici": "2019-02-11T00:00:00Z", "gecerlilikSonu": null, "gozlemTarihi": null, "hilucsAraziKullanimi": null, "hilucsDurumu": null, "olcek": "1:10000", "surumBaslangicZamani": null, "surumBitisZamani": null, "total_population": 0.0, "estimated_water_supply": 0.56078082339448854, "population_pressure": 0.0, "urban_water_stress_score": 0.0 }, "geometry": { "type": "MultiPolygon", "coordinates": [ [ [ [ 32.8122, 39.7965 ], [ 32.812, 39.7963 ], [ 32.812, 39.7963 ], [ 32.812, 39.7962 ], [ 32.812, 39.7962 ], [ 32.812, 39.7962 ], [ 32.812, 39.7961 ], [ 32.812, 39.7961 ], [ 32.8121, 39.796 ], [ 32.8124, 39.7955 ], [ 32.8126, 39.7953 ], [ 32.8126, 39.7953 ], [ 32.8126, 39.7953 ], [ 32.8125, 39.7953 ], [ 32.8125, 39.7952 ], [ 32.8122, 39.7951 ], [ 32.8119, 39.7954 ], [ 32.8117, 39.7958 ], [ 32.8116, 39.7959 ], [ 32.8115, 39.7962 ], [ 32.8115, 39.7964 ], [ 32.8116, 39.7966 ], [ 32.8117, 39.7967 ], [ 32.8122, 39.7965 ] ] ] ] } },
{ "type": "Feature", "properties": { "id": "sehirAtlasi.88", "kentAtlasiDegeriKodu": "11210", "kentAtlasiDegeri": "Yüksek Yoğunluklu Süreksiz Kentsel Alan (50% - 80%)", "gecirimsizlikKatmani": 45, "tucbsNo": "CBSGM_1_7984274", "aciklama": null, "gecerlilikBaslangici": "2019-02-04T00:00:00Z", "gecerlilikSonu": null, "gozlemTarihi": null, "hilucsAraziKullanimi": null, "hilucsDurumu": null, "olcek": "1:10000", "surumBaslangicZamani": null, "surumBitisZamani": null, "total_population": 0.0, "estimated_water_supply": 0.82908027003131712, "population_pressure": 0.0, "urban_water_stress_score": 0.0 }, "geometry": { "type": "MultiPolygon", "coordinates": [ [ [ [ 32.8123, 39.9244 ], [ 32.8122, 39.9243 ], [ 32.8121, 39.9244 ], [ 32.8117, 39.9255 ], [ 32.8115, 39.926 ], [ 32.8122, 39.926 ], [ 32.8123, 39.9251 ], [ 32.8123, 39.9244 ] ] ] ] } },
{ "type": "Feature", "properties": { "id": "sehirAtlasi.89", "kentAtlasiDegeriKodu": "13400", "kentAtlasiDegeri": "Mevcut Kullanımı Olmayan Alanlar", "gecirimsizlikKatmani": 0, "tucbsNo": "CBSGM_1_7984275", "aciklama": null, "gecerlilikBaslangici": "2019-11-08T00:00:00Z", "gecerlilikSonu": null, "gozlemTarihi": null, "hilucsAraziKullanimi": null, "hilucsDurumu": null, "olcek": "1:10000", "surumBaslangicZamani": null, "surumBitisZamani": null, "total_population": 0.0, "estimated_water_supply": 1.0712955444523615, "population_pressure": 0.0, "urban_water_stress_score": 0.0 }, "geometry": { "type": "MultiPolygon", "coordinates": [ [ [ [ 32.5563, 39.9453 ], [ 32.5562, 39.9454 ], [ 32.5561, 39.9454 ], [ 32.5555, 39.9454 ], [ 32.5554, 39.9461 ], [ 32.5563, 39.9453 ] ] ] ] } },
{ "type": "Feature", "properties": { "id": "sehirAtlasi.90", "kentAtlasiDegeriKodu": "11100", "kentAtlasiDegeri": "Sürekli Kentsel Alan (> 80%)", "gecirimsizlikKatmani": 62, "tucbsNo": "CBSGM_1_7984276", "aciklama": null, "gecerlilikBaslangici": "2019-02-05T00:00:00Z", "gecerlilikSonu": null, "gozlemTarihi": null, "hilucsAraziKullanimi": null, "hilucsDurumu": null, "olcek": "1:10000", "surumBaslangicZamani": null, "surumBitisZamani": null, "total_population": 0.0, "estimated_water_supply": 1.0608958187376087, "population_pressure": 0.0, "urban_water_stress_score": 0.0 }, "geometry": { "type": "MultiPolygon", "coordinates": [ [ [ [ 32.6473, 39.9476 ], [ 32.6472, 39.9472 ], [ 32.6467, 39.9472 ], [ 32.6466, 39.9476 ], [ 32.6467, 39.9477 ], [ 32.6473, 39.9476 ] ] ] ] } },
{ "type": "Feature", "properties": { "id": "sehirAtlasi.91", "kentAtlasiDegeriKodu": "14120", "kentAtlasiDegeri": "Kent İçindeki Yeşil Alanlar ( Aktif )", "gecirimsizlikKatmani": 11, "tucbsNo": "CBSGM_1_7984277", "aciklama": null, "gecerlilikBaslangici": "2019-02-13T00:00:00Z", "gecerlilikSonu": null, "gozlemTarihi": null, "hilucsAraziKullanimi": null, "hilucsDurumu": null, "olcek": "1:10000", "surumBaslangicZamani": null, "surumBitisZamani": null, "total_population": 0.0, "estimated_water_supply": 0.91705293653030828, "population_pressure": 0.0, "urban_water_stress_score": 0.0 }, "geometry": { "type": "MultiPolygon", "coordinates": [ [ [ [ 32.813, 39.9421 ], [ 32.812, 39.9417 ], [ 32.8119, 39.9417 ], [ 32.8119, 39.9417 ], [ 32.8119, 39.9417 ], [ 32.8117, 39.9416 ], [ 32.8117, 39.9417 ], [ 32.8115, 39.942 ], [ 32.8118, 39.9421 ], [ 32.8122, 39.9422 ], [ 32.8122, 39.9422 ], [ 32.8129, 39.9423 ], [ 32.8129, 39.9423 ], [ 32.813, 39.9421 ] ] ] ] } },
{ "type": "Feature", "properties": { "id": "sehirAtlasi.92", "kentAtlasiDegeriKodu": "13400", "kentAtlasiDegeri": "Mevcut Kullanımı Olmayan Alanlar", "gecirimsizlikKatmani": 0, "tucbsNo": "CBSGM_1_7984283", "aciklama": null, "gecerlilikBaslangici": "2019-02-12T00:00:00Z", "gecerlilikSonu": null, "gozlemTarihi": null, "hilucsAraziKullanimi": null, "hilucsDurumu": null, "olcek": "1:10000", "surumBaslangicZamani": null, "surumBitisZamani": null, "total_population": 0.0, "estimated_water_supply": 1.477222525360752, "population_pressure": 0.0, "urban_water_stress_score": 0.0 }, "geometry": { "type": "MultiPolygon", "coordinates": [ [ [ [ 32.6383, 40.0344 ], [ 32.6387, 40.0344 ], [ 32.6387, 40.0343 ], [ 32.6387, 40.0343 ], [ 32.6387, 40.0343 ], [ 32.6387, 40.0342 ], [ 32.6383, 40.0341 ], [ 32.6383, 40.0341 ], [ 32.6383, 40.0341 ], [ 32.6383, 40.0344 ] ] ] ] } },
{ "type": "Feature", "properties": { "id": "sehirAtlasi.93", "kentAtlasiDegeriKodu": "13400", "kentAtlasiDegeri": "Mevcut Kullanımı Olmayan Alanlar", "gecirimsizlikKatmani": 0, "tucbsNo": "CBSGM_1_7984284", "aciklama": null, "gecerlilikBaslangici": "2019-02-12T00:00:00Z", "gecerlilikSonu": null, "gozlemTarihi": null, "hilucsAraziKullanimi": null, "hilucsDurumu": null, "olcek": "1:10000", "surumBaslangicZamani": null, "surumBitisZamani": null, "total_population": 0.0, "estimated_water_supply": 1.4789371503777269, "population_pressure": 0.0, "urban_water_stress_score": 0.0 }, "geometry": { "type": "MultiPolygon", "coordinates": [ [ [ [ 32.6383, 40.0362 ], [ 32.6387, 40.0344 ], [ 32.6383, 40.0344 ], [ 32.6381, 40.0351 ], [ 32.6381, 40.0352 ], [ 32.6382, 40.0352 ], [ 32.6383, 40.0354 ], [ 32.6383, 40.0354 ], [ 32.6383, 40.0354 ], [ 32.6382, 40.0362 ], [ 32.6383, 40.0362 ] ] ] ] } },
{ "type": "Feature", "properties": { "id": "sehirAtlasi.94", "kentAtlasiDegeriKodu": "11230", "kentAtlasiDegeri": "Düşük Yoğunluklu Süreksiz Kentsel Alan (10% - 30%)", "gecirimsizlikKatmani": 19, "tucbsNo": "CBSGM_1_7984285", "aciklama": null, "gecerlilikBaslangici": "2019-02-21T00:00:00Z", "gecerlilikSonu": null, "gozlemTarihi": null, "hilucsAraziKullanimi": null, "hilucsDurumu": null, "olcek": "1:10000", "surumBaslangicZamani": null, "surumBitisZamani": null, "total_population": 0.0, "estimated_water_supply": 0.7674189014755386, "population_pressure": 0.0, "urban_water_stress_score": 0.0 }, "geometry": { "type": "MultiPolygon", "coordinates": [ [ [ [ 32.8856, 39.8836 ], [ 32.8857, 39.8836 ], [ 32.886, 39.8838 ], [ 32.886, 39.8838 ], [ 32.886, 39.8838 ], [ 32.886, 39.8838 ], [ 32.886, 39.8838 ], [ 32.8859, 39.8838 ], [ 32.8859, 39.8838 ], [ 32.8859, 39.8838 ], [ 32.8857, 39.8837 ], [ 32.8857, 39.8838 ], [ 32.8857, 39.8838 ], [ 32.8857, 39.8838 ], [ 32.8864, 39.884 ], [ 32.8864, 39.884 ], [ 32.8866, 39.8841 ], [ 32.8867, 39.884 ], [ 32.8867, 39.884 ], [ 32.8867, 39.8839 ], [ 32.8867, 39.8839 ], [ 32.8869, 39.8838 ], [ 32.8869, 39.8838 ], [ 32.8869, 39.8838 ], [ 32.8867, 39.8836 ], [ 32.8867, 39.8836 ], [ 32.8865, 39.8834 ], [ 32.8865, 39.8834 ], [ 32.8865, 39.8834 ], [ 32.8865, 39.8834 ], [ 32.8865, 39.8834 ], [ 32.8869, 39.8831 ], [ 32.8867, 39.883 ], [ 32.8867, 39.8829 ], [ 32.8866, 39.883 ], [ 32.8865, 39.883 ], [ 32.8861, 39.8832 ], [ 32.8861, 39.8833 ], [ 32.8857, 39.8836 ], [ 32.8856, 39.8836 ] ] ] ] } },
{ "type": "Feature", "properties": { "id": "sehirAtlasi.95", "kentAtlasiDegeriKodu": "11230", "kentAtlasiDegeri": "Düşük Yoğunluklu Süreksiz Kentsel Alan (10% - 30%)", "gecirimsizlikKatmani": 15, "tucbsNo": "CBSGM_1_7984286", "aciklama": null, "gecerlilikBaslangici": "2019-11-09T00:00:00Z", "gecerlilikSonu": null, "gozlemTarihi": null, "hilucsAraziKullanimi": null, "hilucsDurumu": null, "olcek": "1:10000", "surumBaslangicZamani": null, "surumBitisZamani": null, "total_population": 0.0, "estimated_water_supply": 1.1453097390657803, "population_pressure": 0.0, "urban_water_stress_score": 0.0 }, "geometry": { "type": "MultiPolygon", "coordinates": [ [ [ [ 33.086, 40.1389 ], [ 33.0859, 40.1393 ], [ 33.0859, 40.1393 ], [ 33.0859, 40.1395 ], [ 33.0859, 40.1394 ], [ 33.0865, 40.1394 ], [ 33.0868, 40.139 ], [ 33.0867, 40.1388 ], [ 33.086, 40.1389 ] ] ] ] } },
{ "type": "Feature", "properties": { "id": "sehirAtlasi.96", "kentAtlasiDegeriKodu": "21000", "kentAtlasiDegeri": "Ekilebilir Alanlar", "gecirimsizlikKatmani": 0, "tucbsNo": "CBSGM_1_7984287", "aciklama": null, "gecerlilikBaslangici": "2019-02-15T00:00:00Z", "gecerlilikSonu": null, "gozlemTarihi": null, "hilucsAraziKullanimi": null, "hilucsDurumu": null, "olcek": "1:10000", "surumBaslangicZamani": null, "surumBitisZamani": null, "total_population": 0.0, "estimated_water_supply": 1.185346007726042, "population_pressure": 0.0, "urban_water_stress_score": 0.0 }, "geometry": { "type": "MultiPolygon", "coordinates": [ [ [ [ 33.0847, 40.1238 ], [ 33.0849, 40.1245 ], [ 33.0851, 40.1247 ], [ 33.0851, 40.1246 ], [ 33.0851, 40.1246 ], [ 33.0851, 40.1246 ], [ 33.0851, 40.1245 ], [ 33.0851, 40.1245 ], [ 33.0851, 40.1236 ], [ 33.0847, 40.1238 ] ] ] ] } },
{ "type": "Feature", "properties": { "id": "sehirAtlasi.97", "kentAtlasiDegeriKodu": "12170", "kentAtlasiDegeri": "İbadethane Alanları", "gecirimsizlikKatmani": 18, "tucbsNo": "CBSGM_1_141713", "aciklama": null, "gecerlilikBaslangici": "2019-06-17T00:00:00Z", "gecerlilikSonu": null, "gozlemTarihi": null, "hilucsAraziKullanimi": null, "hilucsDurumu": null, "olcek": "1:10000", "surumBaslangicZamani": null, "surumBitisZamani": null, "total_population": 0.0, "estimated_water_supply": 0.55425685531509761, "population_pressure": 0.0, "urban_water_stress_score": 0.0 }, "geometry": { "type": "MultiPolygon", "coordinates": [ [ [ [ 30.9654, 39.7707 ], [ 30.9654, 39.7707 ], [ 30.9655, 39.7709 ], [ 30.9655, 39.7709 ], [ 30.9656, 39.7709 ], [ 30.9665, 39.7711 ], [ 30.9664, 39.7709 ], [ 30.9663, 39.7708 ], [ 30.9666, 39.7706 ], [ 30.9663, 39.7702 ], [ 30.9659, 39.7704 ], [ 30.9656, 39.7706 ], [ 30.9654, 39.7706 ], [ 30.9654, 39.7707 ] ] ] ] } },
{ "type": "Feature", "properties": { "id": "sehirAtlasi.98", "kentAtlasiDegeriKodu": "11230", "kentAtlasiDegeri": "Düşük Yoğunluklu Süreksiz Kentsel Alan (10% - 30%)", "gecirimsizlikKatmani": 16, "tucbsNo": "CBSGM_1_141714", "aciklama": null, "gecerlilikBaslangici": "2019-02-07T00:00:00Z", "gecerlilikSonu": null, "gozlemTarihi": null, "hilucsAraziKullanimi": null, "hilucsDurumu": null, "olcek": "1:10000", "surumBaslangicZamani": null, "surumBitisZamani": null, "total_population": 0.0, "estimated_water_supply": 0.55459719774470129, "population_pressure": 0.0, "urban_water_stress_score": 0.0 }, "geometry": { "type": "MultiPolygon", "coordinates": [ [ [ [ 30.9652, 39.7702 ], [ 30.9654, 39.7705 ], [ 30.9654, 39.7706 ], [ 30.9654, 39.7706 ], [ 30.9656, 39.7706 ], [ 30.9659, 39.7704 ], [ 30.9663, 39.7702 ], [ 30.9664, 39.7701 ], [ 30.9662, 39.7697 ], [ 30.9652, 39.7702 ], [ 30.9652, 39.7702 ] ] ] ] } },
{ "type": "Feature", "properties": { "id": "sehirAtlasi.99", "kentAtlasiDegeriKodu": "12130", "kentAtlasiDegeri": "Kamu Alanları", "gecirimsizlikKatmani": 0, "tucbsNo": "CBSGM_1_7984288", "aciklama": null, "gecerlilikBaslangici": "2019-06-12T00:00:00Z", "gecerlilikSonu": null, "gozlemTarihi": null, "hilucsAraziKullanimi": null, "hilucsDurumu": null, "olcek": "1:10000", "surumBaslangicZamani": null, "surumBitisZamani": null, "total_population": 0.0, "estimated_water_supply": 1.1426779798046138, "population_pressure": 0.0, "urban_water_stress_score": 0.0 }, "geometry": { "type": "MultiPolygon", "coordinates": [ [ [ [ 32.6954, 39.9663 ], [ 32.6954, 39.9673 ], [ 32.6954, 39.9674 ], [ 32.6954, 39.9679 ], [ 32.6957, 39.9679 ], [ 32.6957, 39.9675 ], [ 32.6957, 39.9675 ], [ 32.6957, 39.9674 ], [ 32.6957, 39.9674 ], [ 32.6958, 39.9674 ], [ 32.6958, 39.9675 ], [ 32.6958, 39.9675 ], [ 32.6958, 39.9675 ], [ 32.6958, 39.9679 ], [ 32.6963, 39.9679 ], [ 32.6963, 39.9677 ], [ 32.6963, 39.9673 ], [ 32.6963, 39.9668 ], [ 32.6964, 39.9664 ], [ 32.6958, 39.9663 ], [ 32.6958, 39.9668 ], [ 32.6958, 39.9668 ], [ 32.6958, 39.9668 ], [ 32.6958, 39.9668 ], [ 32.6957, 39.9668 ], [ 32.6957, 39.9668 ], [ 32.6957, 39.9668 ], [ 32.6957, 39.9668 ], [ 32.6958, 39.9663 ], [ 32.6954, 39.9663 ] ] ] ] } },
{ "type": "Feature", "properties": { "id": "sehirAtlasi.100", "kentAtlasiDegeriKodu": "11220", "kentAtlasiDegeri": "Orta Yoğunluklu Süreksiz Kentsel Alan (30% - 50%)", "gecirimsizlikKatmani": 23, "tucbsNo": "CBSGM_1_141715", "aciklama": null, "gecerlilikBaslangici": "2019-02-07T00:00:00Z", "gecerlilikSonu": null, "gozlemTarihi": null, "hilucsAraziKullanimi": null, "hilucsDurumu": null, "olcek": "1:10000", "surumBaslangicZamani": null, "surumBitisZamani": null, "total_population": 0.0, "estimated_water_supply": 0.55510016165574938, "population_pressure": 0.0, "urban_water_stress_score": 0.0 }, "geometry": { "type": "MultiPolygon", "coordinates": [ [ [ [ 30.9651, 39.7701 ], [ 30.9659, 39.7697 ], [ 30.9657, 39.7695 ], [ 30.9664, 39.7691 ], [ 30.9662, 39.7688 ], [ 30.9657, 39.7691 ], [ 30.9647, 39.7696 ], [ 30.9649, 39.7697 ], [ 30.9649, 39.7697 ], [ 30.9649, 39.7697 ], [ 30.9651, 39.7701 ], [ 30.9651, 39.7701 ] ] ] ] } },
{ "type": "Feature", "properties": { "id": "sehirAtlasi.101", "kentAtlasiDegeriKodu": "12220", "kentAtlasiDegeri": "Diğer Yollar ve İlgili Alanlar", "gecirimsizlikKatmani": 0, "tucbsNo": "CBSGM_1_7984289", "aciklama": null, "gecerlilikBaslangici": "2019-02-05T00:00:00Z", "gecerlilikSonu": null, "gozlemTarihi": null, "hilucsAraziKullanimi": null, "hilucsDurumu": null, "olcek": "1:10000", "surumBaslangicZamani": null, "surumBitisZamani": null, "total_population": 0.0, "estimated_water_supply": 1.1210521500768522, "population_pressure": 0.0, "urban_water_stress_score": 0.0 }, "geometry": { "type": "MultiPolygon", "coordinates": [ [ [ [ 32.8325, 39.9864 ], [ 32.8325, 39.9864 ], [ 32.8325, 39.9865 ], [ 32.8325, 39.9866 ], [ 32.8325, 39.9866 ], [ 32.8326, 39.9868 ], [ 32.8326, 39.9868 ], [ 32.8328, 39.987 ], [ 32.8328, 39.987 ], [ 32.8328, 39.987 ], [ 32.833, 39.9872 ], [ 32.833, 39.9872 ], [ 32.8333, 39.9873 ], [ 32.8333, 39.9873 ], [ 32.8333, 39.9873 ], [ 32.8339, 39.9874 ], [ 32.8339, 39.9874 ], [ 32.8341, 39.9874 ], [ 32.8344, 39.9875 ], [ 32.8344, 39.9875 ], [ 32.8344, 39.9875 ], [ 32.8348, 39.9874 ], [ 32.8348, 39.9874 ], [ 32.8348, 39.9874 ], [ 32.8348, 39.9874 ], [ 32.8348, 39.9874 ], [ 32.8348, 39.9874 ], [ 32.8348, 39.9874 ], [ 32.8344, 39.9874 ], [ 32.834, 39.9874 ], [ 32.8334, 39.9872 ], [ 32.8331, 39.9871 ], [ 32.8329, 39.987 ], [ 32.8327, 39.9868 ], [ 32.8326, 39.9866 ], [ 32.8326, 39.9865 ], [ 32.8326, 39.9864 ], [ 32.8326, 39.9861 ], [ 32.8325, 39.9862 ], [ 32.8325, 39.9862 ], [ 32.8325, 39.9861 ], [ 32.8325, 39.9861 ], [ 32.8325, 39.9861 ], [ 32.8325, 39.9864 ] ] ] ] } },
{ "type": "Feature", "properties": { "id": "sehirAtlasi.102", "kentAtlasiDegeriKodu": "12220", "kentAtlasiDegeri": "Diğer Yollar ve İlgili Alanlar", "gecirimsizlikKatmani": 0, "tucbsNo": "CBSGM_1_7984290", "aciklama": null, "gecerlilikBaslangici": "2019-02-04T00:00:00Z", "gecerlilikSonu": null, "gozlemTarihi": null, "hilucsAraziKullanimi": null, "hilucsDurumu": null, "olcek": "1:10000", "surumBaslangicZamani": null, "surumBitisZamani": null, "total_population": 0.0, "estimated_water_supply": 1.1255816205748719, "population_pressure": 0.0, "urban_water_stress_score": 0.0 }, "geometry": { "type": "MultiPolygon", "coordinates": [ [ [ [ 32.5778, 39.9573 ], [ 32.5778, 39.9574 ], [ 32.5778, 39.9574 ], [ 32.5808, 39.9563 ], [ 32.5808, 39.9562 ], [ 32.5807, 39.9562 ], [ 32.5778, 39.9573 ] ] ] ] } },
{ "type": "Feature", "properties": { "id": "sehirAtlasi.103", "kentAtlasiDegeriKodu": "12220", "kentAtlasiDegeri": "Diğer Yollar ve İlgili Alanlar", "gecirimsizlikKatmani": 0, "tucbsNo": "CBSGM_1_7984291", "aciklama": null, "gecerlilikBaslangici": "2019-02-04T00:00:00Z", "gecerlilikSonu": null, "gozlemTarihi": null, "hilucsAraziKullanimi": null, "hilucsDurumu": null, "olcek": "1:10000", "surumBaslangicZamani": null, "surumBitisZamani": null, "total_population": 0.0, "estimated_water_supply": 0.80674007567416284, "population_pressure": 0.0, "urban_water_stress_score": 0.0 }, "geometry": { "type": "MultiPolygon", "coordinates": [ [ [ [ 32.8164, 39.9138 ], [ 32.8164, 39.9138 ], [ 32.8164, 39.9138 ], [ 32.8164, 39.915 ], [ 32.8165, 39.9162 ], [ 32.8166, 39.9162 ], [ 32.8166, 39.9162 ], [ 32.8165, 39.915 ], [ 32.8165, 39.9138 ], [ 32.8165, 39.9138 ], [ 32.8165, 39.9138 ], [ 32.8165, 39.9138 ], [ 32.8165, 39.9137 ], [ 32.8164, 39.9137 ], [ 32.8164, 39.9137 ], [ 32.8164, 39.9138 ], [ 32.8164, 39.9138 ], [ 32.8164, 39.9138 ] ] ] ] } },
{ "type": "Feature", "properties": { "id": "sehirAtlasi.104", "kentAtlasiDegeriKodu": "12220", "kentAtlasiDegeri": "Diğer Yollar ve İlgili Alanlar", "gecirimsizlikKatmani": 0, "tucbsNo": "CBSGM_1_7984292", "aciklama": null, "gecerlilikBaslangici": "2019-11-13T00:00:00Z", "gecerlilikSonu": null, "gozlemTarihi": null, "hilucsAraziKullanimi": null, "hilucsDurumu": null, "olcek": "1:10000", "surumBaslangicZamani": null, "surumBitisZamani": null, "total_population": 0.0, "estimated_water_supply": 0.5805763149947929, "population_pressure": 0.0, "urban_water_stress_score": 0.0 }, "geometry": { "type": "MultiPolygon", "coordinates": [ [ [ [ 32.7685, 39.789 ], [ 32.7668, 39.7881 ], [ 32.7667, 39.788 ], [ 32.7665, 39.7879 ], [ 32.7665, 39.7879 ], [ 32.7664, 39.7879 ], [ 32.7662, 39.7878 ], [ 32.7659, 39.7876 ], [ 32.7659, 39.7876 ], [ 32.7658, 39.7876 ], [ 32.7658, 39.7876 ], [ 32.7658, 39.7876 ], [ 32.7658, 39.7876 ], [ 32.7658, 39.7877 ], [ 32.7662, 39.7878 ], [ 32.7663, 39.7879 ], [ 32.7665, 39.788 ], [ 32.7666, 39.7881 ], [ 32.7668, 39.7882 ], [ 32.7684, 39.789 ], [ 32.7684, 39.789 ], [ 32.7684, 39.789 ], [ 32.7685, 39.789 ], [ 32.7685, 39.789 ] ] ] ] } },
{ "type": "Feature", "properties": { "id": "sehirAtlasi.105", "kentAtlasiDegeriKodu": "12220", "kentAtlasiDegeri": "Diğer Yollar ve İlgili Alanlar", "gecirimsizlikKatmani": 0, "tucbsNo": "CBSGM_1_7984293", "aciklama": null, "gecerlilikBaslangici": "2019-02-06T00:00:00Z", "gecerlilikSonu": null, "gozlemTarihi": null, "hilucsAraziKullanimi": null, "hilucsDurumu": null, "olcek": "1:10000", "surumBaslangicZamani": null, "surumBitisZamani": null, "total_population": 0.0, "estimated_water_supply": 1.0563783744347084, "population_pressure": 0.0, "urban_water_stress_score": 0.0 }, "geometry": { "type": "MultiPolygon", "coordinates": [ [ [ [ 32.8794, 39.9601 ], [ 32.8796, 39.9605 ], [ 32.8797, 39.9605 ], [ 32.8797, 39.9605 ], [ 32.8797, 39.9605 ], [ 32.8795, 39.9601 ], [ 32.8793, 39.9593 ], [ 32.8792, 39.9593 ], [ 32.8792, 39.9593 ], [ 32.8794, 39.9601 ] ] ] ] } },
{ "type": "Feature", "properties": { "id": "sehirAtlasi.106", "kentAtlasiDegeriKodu": "12220", "kentAtlasiDegeri": "Diğer Yollar ve İlgili Alanlar", "gecirimsizlikKatmani": 0, "tucbsNo": "CBSGM_1_7984294", "aciklama": null, "gecerlilikBaslangici": "2019-02-04T00:00:00Z", "gecerlilikSonu": null, "gozlemTarihi": null, "hilucsAraziKullanimi": null, "hilucsDurumu": null, "olcek": "1:10000", "surumBaslangicZamani": null, "surumBitisZamani": null, "total_population": 0.0, "estimated_water_supply": 0.99532574401220175, "population_pressure": 0.0, "urban_water_stress_score": 0.0 }, "geometry": { "type": "MultiPolygon", "coordinates": [ [ [ [ 32.8486, 39.9521 ], [ 32.8486, 39.9522 ], [ 32.8486, 39.9522 ], [ 32.8486, 39.9522 ], [ 32.8487, 39.9522 ], [ 32.849, 39.952 ], [ 32.8494, 39.9517 ], [ 32.8494, 39.9517 ], [ 32.8494, 39.9517 ], [ 32.8494, 39.9517 ], [ 32.8494, 39.9516 ], [ 32.8494, 39.9516 ], [ 32.8494, 39.9516 ], [ 32.8494, 39.9516 ], [ 32.8491, 39.9518 ], [ 32.8489, 39.9519 ], [ 32.8486, 39.9521 ] ] ] ] } },
{ "type": "Feature", "properties": { "id": "sehirAtlasi.107", "kentAtlasiDegeriKodu": "12220", "kentAtlasiDegeri": "Diğer Yollar ve İlgili Alanlar", "gecirimsizlikKatmani": 0, "tucbsNo": "CBSGM_1_7984295", "aciklama": null, "gecerlilikBaslangici": "2019-02-19T00:00:00Z", "gecerlilikSonu": null, "gozlemTarihi": null, "hilucsAraziKullanimi": null, "hilucsDurumu": null, "olcek": "1:10000", "surumBaslangicZamani": null, "surumBitisZamani": null, "total_population": 0.0, "estimated_water_supply": 0.74563712769380297, "population_pressure": 0.0, "urban_water_stress_score": 0.0 }, "geometry": { "type": "MultiPolygon", "coordinates": [ [ [ [ 32.8463, 39.8847 ], [ 32.8464, 39.8847 ], [ 32.8473, 39.8839 ], [ 32.8476, 39.8839 ], [ 32.8476, 39.8839 ], [ 32.8477, 39.8839 ], [ 32.8477, 39.8839 ], [ 32.8477, 39.8838 ], [ 32.8477, 39.8838 ], [ 32.8477, 39.8838 ], [ 32.8476, 39.8833 ], [ 32.8476, 39.8833 ], [ 32.8476, 39.8833 ], [ 32.8476, 39.8833 ], [ 32.8475, 39.8833 ], [ 32.8475, 39.8833 ], [ 32.8475, 39.8833 ], [ 32.8475, 39.8833 ], [ 32.8476, 39.8838 ], [ 32.8476, 39.8838 ], [ 32.8473, 39.8839 ], [ 32.8472, 39.8835 ], [ 32.8472, 39.8835 ], [ 32.8472, 39.8835 ], [ 32.8471, 39.8832 ], [ 32.8471, 39.8831 ], [ 32.8471, 39.8831 ], [ 32.8473, 39.8829 ], [ 32.8474, 39.8832 ], [ 32.8474, 39.8832 ], [ 32.8474, 39.8832 ], [ 32.8474, 39.8832 ], [ 32.8475, 39.8832 ], [ 32.8475, 39.8832 ], [ 32.8475, 39.8832 ], [ 32.8475, 39.8832 ], [ 32.8474, 39.8828 ], [ 32.8473, 39.8825 ], [ 32.8473, 39.8825 ], [ 32.848, 39.8823 ], [ 32.848, 39.8823 ], [ 32.848, 39.8823 ], [ 32.848, 39.8823 ], [ 32.848, 39.8823 ], [ 32.848, 39.8823 ], [ 32.848, 39.8823 ], [ 32.848, 39.8823 ], [ 32.8473, 39.8824 ], [ 32.8473, 39.8824 ], [ 32.8473, 39.8824 ], [ 32.8472, 39.8824 ], [ 32.8472, 39.8824 ], [ 32.8472, 39.8825 ], [ 32.8472, 39.8825 ], [ 32.8473, 39.8828 ], [ 32.847, 39.8831 ], [ 32.847, 39.8831 ], [ 32.847, 39.8831 ], [ 32.847, 39.8831 ], [ 32.847, 39.8831 ], [ 32.847, 39.8831 ], [ 32.847, 39.8832 ], [ 32.847, 39.8832 ], [ 32.8471, 39.8835 ], [ 32.8469, 39.8837 ], [ 32.8468, 39.8837 ], [ 32.8468, 39.8837 ], [ 32.8468, 39.8837 ], [ 32.8468, 39.8838 ], [ 32.8468, 39.8838 ], [ 32.8468, 39.8838 ], [ 32.8468, 39.884 ], [ 32.8468, 39.884 ], [ 32.8468, 39.884 ], [ 32.8468, 39.884 ], [ 32.8468, 39.884 ], [ 32.8469, 39.884 ], [ 32.8469, 39.884 ], [ 32.847, 39.884 ], [ 32.847, 39.884 ], [ 32.847, 39.884 ], [ 32.847, 39.884 ], [ 32.847, 39.884 ], [ 32.847, 39.8839 ], [ 32.847, 39.8839 ], [ 32.847, 39.8837 ], [ 32.8471, 39.8836 ], [ 32.8472, 39.8839 ], [ 32.8463, 39.8846 ], [ 32.8463, 39.8847 ] ] ] ] } },
{ "type": "Feature", "properties": { "id": "sehirAtlasi.108", "kentAtlasiDegeriKodu": "11220", "kentAtlasiDegeri": "Orta Yoğunluklu Süreksiz Kentsel Alan (30% - 50%)", "gecirimsizlikKatmani": 43, "tucbsNo": "CBSGM_1_7984140", "aciklama": null, "gecerlilikBaslangici": "2019-02-12T00:00:00Z", "gecerlilikSonu": null, "gozlemTarihi": null, "hilucsAraziKullanimi": null, "hilucsDurumu": null, "olcek": "1:10000", "surumBaslangicZamani": null, "surumBitisZamani": null, "total_population": 0.0, "estimated_water_supply": 0.75961861973391154, "population_pressure": 0.0, "urban_water_stress_score": 0.0 }, "geometry": { "type": "MultiPolygon", "coordinates": [ [ [ [ 32.7255, 39.8937 ], [ 32.7255, 39.8936 ], [ 32.7253, 39.8933 ], [ 32.7252, 39.8932 ], [ 32.725, 39.8932 ], [ 32.725, 39.8939 ], [ 32.7255, 39.8939 ], [ 32.7255, 39.8937 ] ] ] ] } },
{ "type": "Feature", "properties": { "id": "sehirAtlasi.109", "kentAtlasiDegeriKodu": "11220", "kentAtlasiDegeri": "Orta Yoğunluklu Süreksiz Kentsel Alan (30% - 50%)", "gecirimsizlikKatmani": 29, "tucbsNo": "CBSGM_1_7984141", "aciklama": null, "gecerlilikBaslangici": "2019-02-12T00:00:00Z", "gecerlilikSonu": null, "gozlemTarihi": null, "hilucsAraziKullanimi": null, "hilucsDurumu": null, "olcek": "1:10000", "surumBaslangicZamani": null, "surumBitisZamani": null, "total_population": 0.0, "estimated_water_supply": 0.68481805936202889, "population_pressure": 0.0, "urban_water_stress_score": 0.0 }, "geometry": { "type": "MultiPolygon", "coordinates": [ [ [ [ 32.7217, 39.8687 ], [ 32.7217, 39.8686 ], [ 32.7216, 39.8684 ], [ 32.7214, 39.8684 ], [ 32.7214, 39.8684 ], [ 32.7214, 39.8684 ], [ 32.7209, 39.8682 ], [ 32.7207, 39.8686 ], [ 32.7206, 39.8688 ], [ 32.7208, 39.8689 ], [ 32.7208, 39.869 ], [ 32.721, 39.869 ], [ 32.7215, 39.8691 ], [ 32.7217, 39.8687 ] ] ] ] } },
{ "type": "Feature", "properties": { "id": "sehirAtlasi.110", "kentAtlasiDegeriKodu": "11220", "kentAtlasiDegeri": "Orta Yoğunluklu Süreksiz Kentsel Alan (30% - 50%)", "gecirimsizlikKatmani": 39, "tucbsNo": "CBSGM_1_7984142", "aciklama": null, "gecerlilikBaslangici": "2019-02-08T00:00:00Z", "gecerlilikSonu": null, "gozlemTarihi": null, "hilucsAraziKullanimi": null, "hilucsDurumu": null, "olcek": "1:10000", "surumBaslangicZamani": null, "surumBitisZamani": null, "total_population": 0.0, "estimated_water_supply": 1.1183319440210853, "population_pressure": 0.0, "urban_water_stress_score": 0.0 }, "geometry": { "type": "MultiPolygon", "coordinates": [ [ [ [ 32.7333, 39.9757 ], [ 32.7338, 39.9757 ], [ 32.7338, 39.9757 ], [ 32.7338, 39.975 ], [ 32.7334, 39.975 ], [ 32.7333, 39.9757 ] ] ] ] } },
{ "type": "Feature", "properties": { "id": "sehirAtlasi.111", "kentAtlasiDegeriKodu": "12150", "kentAtlasiDegeri": "Eğitim Alanları", "gecirimsizlikKatmani": 26, "tucbsNo": "CBSGM_1_338812", "aciklama": null, "gecerlilikBaslangici": "2019-02-18T00:00:00Z", "gecerlilikSonu": null, "gozlemTarihi": null, "hilucsAraziKullanimi": null, "hilucsDurumu": null, "olcek": "1:10000", "surumBaslangicZamani": null, "surumBitisZamani": null, "total_population": 0.0, "estimated_water_supply": 2.4283473086172105, "population_pressure": 0.0, "urban_water_stress_score": 0.0 }, "geometry": { "type": "MultiPolygon", "coordinates": [ [ [ [ 32.6834, 40.2221 ], [ 32.6835, 40.2225 ], [ 32.6842, 40.2223 ], [ 32.684, 40.2219 ], [ 32.6834, 40.2221 ] ] ] ] } },
{ "type": "Feature", "properties": { "id": "sehirAtlasi.112", "kentAtlasiDegeriKodu": "11220", "kentAtlasiDegeri": "Orta Yoğunluklu Süreksiz Kentsel Alan (30% - 50%)", "gecirimsizlikKatmani": 13, "tucbsNo": "CBSGM_1_7984143", "aciklama": null, "gecerlilikBaslangici": "2019-02-06T00:00:00Z", "gecerlilikSonu": null, "gozlemTarihi": null, "hilucsAraziKullanimi": null, "hilucsDurumu": null, "olcek": "1:10000", "surumBaslangicZamani": null, "surumBitisZamani": null, "total_population": 0.0, "estimated_water_supply": 1.4457712134614651, "population_pressure": 0.0, "urban_water_stress_score": 0.0 }, "geometry": { "type": "MultiPolygon", "coordinates": [ [ [ [ 32.5132, 40.0027 ], [ 32.513, 40.0021 ], [ 32.513, 40.0021 ], [ 32.5129, 40.0017 ], [ 32.5123, 40.0014 ], [ 32.5118, 40.0019 ], [ 32.5122, 40.0021 ], [ 32.5122, 40.0021 ], [ 32.5123, 40.0022 ], [ 32.5123, 40.0022 ], [ 32.5123, 40.0022 ], [ 32.5124, 40.0023 ], [ 32.5124, 40.0023 ], [ 32.5126, 40.0027 ], [ 32.5132, 40.0027 ] ] ] ] } },
{ "type": "Feature", "properties": { "id": "sehirAtlasi.113", "kentAtlasiDegeriKodu": "11220", "kentAtlasiDegeri": "Orta Yoğunluklu Süreksiz Kentsel Alan (30% - 50%)", "gecirimsizlikKatmani": 34, "tucbsNo": "CBSGM_1_7984144", "aciklama": null, "gecerlilikBaslangici": "2019-02-12T00:00:00Z", "gecerlilikSonu": null, "gozlemTarihi": null, "hilucsAraziKullanimi": null, "hilucsDurumu": null, "olcek": "1:10000", "surumBaslangicZamani": null, "surumBitisZamani": null, "total_population": 0.0, "estimated_water_supply": 0.59644979029039591, "population_pressure": 0.0, "urban_water_stress_score": 0.0 }, "geometry": { "type": "MultiPolygon", "coordinates": [ [ [ [ 32.7154, 39.8195 ], [ 32.7148, 39.8194 ], [ 32.7147, 39.8198 ], [ 32.7149, 39.8198 ], [ 32.7149, 39.8198 ], [ 32.7149, 39.8198 ], [ 32.7153, 39.8198 ], [ 32.7154, 39.8195 ] ] ] ] } },
{ "type": "Feature", "properties": { "id": "sehirAtlasi.114", "kentAtlasiDegeriKodu": "12220", "kentAtlasiDegeri": "Diğer Yollar ve İlgili Alanlar", "gecirimsizlikKatmani": 0, "tucbsNo": "CBSGM_1_7984145", "aciklama": null, "gecerlilikBaslangici": "2019-02-08T00:00:00Z", "gecerlilikSonu": null, "gozlemTarihi": null, "hilucsAraziKullanimi": null, "hilucsDurumu": null, "olcek": "1:10000", "surumBaslangicZamani": null, "surumBitisZamani": null, "total_population": 0.0, "estimated_water_supply": 1.1624213747936063, "population_pressure": 0.0, "urban_water_stress_score": 0.0 }, "geometry": { "type": "MultiPolygon", "coordinates": [ [ [ [ 32.9617, 39.9851 ], [ 32.9625, 39.9851 ], [ 32.9624, 39.9863 ], [ 32.9624, 39.9863 ], [ 32.9624, 39.9863 ], [ 32.9624, 39.9863 ], [ 32.9624, 39.9863 ], [ 32.9624, 39.9863 ], [ 32.9624, 39.9863 ], [ 32.9625, 39.9863 ], [ 32.9626, 39.9851 ], [ 32.9633, 39.9851 ], [ 32.964, 39.9852 ], [ 32.9639, 39.9857 ], [ 32.9638, 39.9867 ], [ 32.9639, 39.9867 ], [ 32.9639, 39.9867 ], [ 32.9639, 39.9867 ], [ 32.964, 39.9858 ], [ 32.9646, 39.986 ], [ 32.9646, 39.986 ], [ 32.9647, 39.986 ], [ 32.9647, 39.986 ], [ 32.9647, 39.986 ], [ 32.9648, 39.9859 ], [ 32.9647, 39.9859 ], [ 32.9646, 39.9859 ], [ 32.964, 39.9857 ], [ 32.9641, 39.9852 ], [ 32.965, 39.9855 ], [ 32.965, 39.9855 ], [ 32.965, 39.9855 ], [ 32.965, 39.9854 ], [ 32.9641, 39.9851 ], [ 32.9641, 39.9846 ], [ 32.9649, 39.9847 ], [ 32.9652, 39.9847 ], [ 32.9655, 39.9848 ], [ 32.9655, 39.9849 ], [ 32.9655, 39.9849 ], [ 32.9655, 39.9848 ], [ 32.9656, 39.9848 ], [ 32.9656, 39.9848 ], [ 32.9656, 39.9848 ], [ 32.9656, 39.9848 ], [ 32.9656, 39.9848 ], [ 32.9656, 39.9848 ], [ 32.9652, 39.9846 ], [ 32.9652, 39.9846 ], [ 32.9649, 39.9846 ], [ 32.9649, 39.9846 ], [ 32.9641, 39.9845 ], [ 32.9642, 39.9841 ], [ 32.9642, 39.9841 ], [ 32.9642, 39.9841 ], [ 32.9641, 39.9841 ], [ 32.964, 39.9846 ], [ 32.964, 39.9846 ], [ 32.964, 39.9846 ], [ 32.964, 39.9851 ], [ 32.9633, 39.9851 ], [ 32.9634, 39.984 ], [ 32.9634, 39.984 ], [ 32.9634, 39.984 ], [ 32.9633, 39.985 ], [ 32.9626, 39.985 ], [ 32.9627, 39.9839 ], [ 32.9627, 39.9839 ], [ 32.9627, 39.9839 ], [ 32.9625, 39.985 ], [ 32.9618, 39.985 ], [ 32.9618, 39.985 ], [ 32.9618, 39.985 ], [ 32.9617, 39.9851 ] ] ] ] } },
{ "type": "Feature", "properties": { "id": "sehirAtlasi.115", "kentAtlasiDegeriKodu": "12220", "kentAtlasiDegeri": "Diğer Yollar ve İlgili Alanlar", "gecirimsizlikKatmani": 0, "tucbsNo": "CBSGM_1_7984146", "aciklama": null, "gecerlilikBaslangici": "2019-02-04T00:00:00Z", "gecerlilikSonu": null, "gozlemTarihi": null, "hilucsAraziKullanimi": null, "hilucsDurumu": null, "olcek": "1:10000", "surumBaslangicZamani": null, "surumBitisZamani": null, "total_population": 0.0, "estimated_water_supply": 0.70980091886356267, "population_pressure": 0.0, "urban_water_stress_score": 0.0 }, "geometry": { "type": "MultiPolygon", "coordinates": [ [ [ [ 32.8287, 39.8613 ], [ 32.8287, 39.8613 ], [ 32.8287, 39.8613 ], [ 32.8287, 39.8613 ], [ 32.8287, 39.8613 ], [ 32.8287, 39.8614 ], [ 32.8292, 39.8612 ], [ 32.8291, 39.8611 ], [ 32.8291, 39.8611 ], [ 32.8287, 39.8613 ] ] ] ] } },
{ "type": "Feature", "properties": { "id": "sehirAtlasi.116", "kentAtlasiDegeriKodu": "11240", "kentAtlasiDegeri": "Çok Düşük Yoğunluklu Süreksiz Kentsel Alan (< 10%)", "gecirimsizlikKatmani": 6, "tucbsNo": "CBSGM_1_338811", "aciklama": null, "gecerlilikBaslangici": "2019-02-18T00:00:00Z", "gecerlilikSonu": null, "gozlemTarihi": null, "hilucsAraziKullanimi": null, "hilucsDurumu": null, "olcek": "1:10000", "surumBaslangicZamani": null, "surumBitisZamani": null, "total_population": 0.0, "estimated_water_supply": 2.4525593410705842, "population_pressure": 0.0, "urban_water_stress_score": 0.0 }, "geometry": { "type": "MultiPolygon", "coordinates": [ [ [ [ 32.6816, 40.2252 ], [ 32.6818, 40.2253 ], [ 32.6825, 40.2256 ], [ 32.6826, 40.2255 ], [ 32.6824, 40.2249 ], [ 32.6824, 40.2248 ], [ 32.6824, 40.2248 ], [ 32.6824, 40.2248 ], [ 32.6825, 40.2248 ], [ 32.6825, 40.2248 ], [ 32.6825, 40.2248 ], [ 32.6825, 40.2248 ], [ 32.6827, 40.2255 ], [ 32.6832, 40.2254 ], [ 32.6832, 40.2254 ], [ 32.6832, 40.2254 ], [ 32.6832, 40.2254 ], [ 32.6832, 40.2254 ], [ 32.6832, 40.2254 ], [ 32.6832, 40.2254 ], [ 32.6832, 40.2254 ], [ 32.6827, 40.2255 ], [ 32.6825, 40.2256 ], [ 32.6835, 40.226 ], [ 32.6844, 40.2258 ], [ 32.6842, 40.2256 ], [ 32.6841, 40.2253 ], [ 32.6841, 40.2252 ], [ 32.6841, 40.2252 ], [ 32.6841, 40.2252 ], [ 32.6841, 40.2252 ], [ 32.6842, 40.2252 ], [ 32.6842, 40.2252 ], [ 32.6842, 40.2252 ], [ 32.6843, 40.2256 ], [ 32.6845, 40.2258 ], [ 32.6849, 40.2257 ], [ 32.685, 40.2257 ], [ 32.6851, 40.2256 ], [ 32.685, 40.225 ], [ 32.6841, 40.2251 ], [ 32.6831, 40.225 ], [ 32.6826, 40.2247 ], [ 32.6823, 40.2248 ], [ 32.6816, 40.2252 ] ] ] ] } },
{ "type": "Feature", "properties": { "id": "sehirAtlasi.117", "kentAtlasiDegeriKodu": "11210", "kentAtlasiDegeri": "Yüksek Yoğunluklu Süreksiz Kentsel Alan (50% - 80%)", "gecirimsizlikKatmani": 49, "tucbsNo": "CBSGM_1_7984147", "aciklama": null, "gecerlilikBaslangici": "2019-02-04T00:00:00Z", "gecerlilikSonu": null, "gozlemTarihi": null, "hilucsAraziKullanimi": null, "hilucsDurumu": null, "olcek": "1:10000", "surumBaslangicZamani": null, "surumBitisZamani": null, "total_population": 0.0, "estimated_water_supply": 1.0429883906996316, "population_pressure": 0.0, "urban_water_stress_score": 0.0 }, "geometry": { "type": "MultiPolygon", "coordinates": [ [ [ [ 32.7443, 39.9611 ], [ 32.744, 39.9609 ], [ 32.7436, 39.9611 ], [ 32.7436, 39.9611 ], [ 32.7435, 39.9612 ], [ 32.7434, 39.9612 ], [ 32.7433, 39.9612 ], [ 32.7434, 39.9613 ], [ 32.7437, 39.9615 ], [ 32.7439, 39.9613 ], [ 32.7439, 39.9613 ], [ 32.7443, 39.9611 ] ] ] ] } },
{ "type": "Feature", "properties": { "id": "sehirAtlasi.118", "kentAtlasiDegeriKodu": "14120", "kentAtlasiDegeri": "Kent İçindeki Yeşil Alanlar ( Aktif )", "gecirimsizlikKatmani": 0, "tucbsNo": "CBSGM_1_7984148", "aciklama": null, "gecerlilikBaslangici": "2019-02-04T00:00:00Z", "gecerlilikSonu": null, "gozlemTarihi": null, "hilucsAraziKullanimi": null, "hilucsDurumu": null, "olcek": "1:10000", "surumBaslangicZamani": null, "surumBitisZamani": null, "total_population": 0.0, "estimated_water_supply": 1.1908574158221288, "population_pressure": 0.0, "urban_water_stress_score": 0.0 }, "geometry": { "type": "MultiPolygon", "coordinates": [ [ [ [ 32.5728, 39.9697 ], [ 32.5728, 39.9697 ], [ 32.572, 39.9699 ], [ 32.5721, 39.97 ], [ 32.5721, 39.97 ], [ 32.5723, 39.9701 ], [ 32.5724, 39.97 ], [ 32.5724, 39.97 ], [ 32.5726, 39.9699 ], [ 32.5728, 39.9697 ] ] ] ] } },
{ "type": "Feature", "properties": { "id": "sehirAtlasi.119", "kentAtlasiDegeriKodu": "12220", "kentAtlasiDegeri": "Diğer Yollar ve İlgili Alanlar", "gecirimsizlikKatmani": 0, "tucbsNo": "CBSGM_1_7984149", "aciklama": null, "gecerlilikBaslangici": "2019-02-06T00:00:00Z", "gecerlilikSonu": null, "gozlemTarihi": null, "hilucsAraziKullanimi": null, "hilucsDurumu": null, "olcek": "1:10000", "surumBaslangicZamani": null, "surumBitisZamani": null, "total_population": 0.0, "estimated_water_supply": 1.0678720477534562, "population_pressure": 0.0, "urban_water_stress_score": 0.0 }, "geometry": { "type": "MultiPolygon", "coordinates": [ [ [ [ 32.8789, 39.9607 ], [ 32.8792, 39.9613 ], [ 32.8795, 39.9618 ], [ 32.8796, 39.9618 ], [ 32.8796, 39.9618 ], [ 32.8793, 39.9613 ], [ 32.879, 39.9607 ], [ 32.879, 39.9607 ], [ 32.8789, 39.9607 ] ] ] ] } },
{ "type": "Feature", "properties": { "id": "sehirAtlasi.120", "kentAtlasiDegeriKodu": "12220", "kentAtlasiDegeri": "Diğer Yollar ve İlgili Alanlar", "gecirimsizlikKatmani": 0, "tucbsNo": "CBSGM_1_7984150", "aciklama": null, "gecerlilikBaslangici": "2019-02-04T00:00:00Z", "gecerlilikSonu": null, "gozlemTarihi": null, "hilucsAraziKullanimi": null, "hilucsDurumu": null, "olcek": "1:10000", "surumBaslangicZamani": null, "surumBitisZamani": null, "total_population": 0.0, "estimated_water_supply": 1.0437423936771772, "population_pressure": 0.0, "urban_water_stress_score": 0.0 }, "geometry": { "type": "MultiPolygon", "coordinates": [ [ [ [ 32.8672, 39.9595 ], [ 32.8672, 39.9596 ], [ 32.8672, 39.9596 ], [ 32.8672, 39.9596 ], [ 32.8681, 39.9604 ], [ 32.8672, 39.961 ], [ 32.8673, 39.961 ], [ 32.8673, 39.961 ], [ 32.8681, 39.9605 ], [ 32.8692, 39.9615 ], [ 32.8692, 39.9615 ], [ 32.8692, 39.9615 ], [ 32.8692, 39.9614 ], [ 32.8682, 39.9604 ], [ 32.8688, 39.9601 ], [ 32.8694, 39.9606 ], [ 32.8694, 39.9606 ], [ 32.8699, 39.961 ], [ 32.8699, 39.961 ], [ 32.8699, 39.961 ], [ 32.8699, 39.961 ], [ 32.8695, 39.9605 ], [ 32.8701, 39.9601 ], [ 32.8706, 39.9599 ], [ 32.8709, 39.9598 ], [ 32.8712, 39.9603 ], [ 32.8713, 39.9603 ], [ 32.8713, 39.9603 ], [ 32.8713, 39.9603 ], [ 32.8713, 39.9603 ], [ 32.871, 39.9597 ], [ 32.871, 39.9597 ], [ 32.8707, 39.9593 ], [ 32.8707, 39.9593 ], [ 32.8706, 39.9593 ], [ 32.8709, 39.9597 ], [ 32.8706, 39.9598 ], [ 32.8701, 39.9601 ], [ 32.8694, 39.9594 ], [ 32.8693, 39.9594 ], [ 32.8693, 39.9594 ], [ 32.87, 39.9601 ], [ 32.8694, 39.9605 ], [ 32.8689, 39.96 ], [ 32.8689, 39.96 ], [ 32.8683, 39.9594 ], [ 32.8682, 39.9594 ], [ 32.8682, 39.9594 ], [ 32.8688, 39.96 ], [ 32.8681, 39.9604 ], [ 32.8673, 39.9596 ], [ 32.8673, 39.9595 ], [ 32.8672, 39.9595 ], [ 32.8672, 39.9595 ], [ 32.8672, 39.9595 ] ] ] ] } },
{ "type": "Feature", "properties": { "id": "sehirAtlasi.121", "kentAtlasiDegeriKodu": "12220", "kentAtlasiDegeri": "Diğer Yollar ve İlgili Alanlar", "gecirimsizlikKatmani": 0, "tucbsNo": "CBSGM_1_7984151", "aciklama": null, "gecerlilikBaslangici": "2019-02-05T00:00:00Z", "gecerlilikSonu": null, "gozlemTarihi": null, "hilucsAraziKullanimi": null, "hilucsDurumu": null, "olcek": "1:10000", "surumBaslangicZamani": null, "surumBitisZamani": null, "total_population": 0.0, "estimated_water_supply": 1.2245294074101651, "population_pressure": 0.0, "urban_water_stress_score": 0.0 }, "geometry": { "type": "MultiPolygon", "coordinates": [ [ [ [ 32.6537, 39.9694 ], [ 32.6537, 39.9694 ], [ 32.6537, 39.9694 ], [ 32.6537, 39.9694 ], [ 32.6537, 39.9692 ], [ 32.6562, 39.9687 ], [ 32.6562, 39.9687 ], [ 32.6562, 39.9687 ], [ 32.6562, 39.9686 ], [ 32.6561, 39.9686 ], [ 32.6545, 39.9689 ], [ 32.6536, 39.9691 ], [ 32.6535, 39.9687 ], [ 32.6535, 39.9685 ], [ 32.6535, 39.9682 ], [ 32.6535, 39.9682 ], [ 32.6534, 39.968 ], [ 32.6531, 39.9669 ], [ 32.653, 39.9669 ], [ 32.653, 39.9668 ], [ 32.6534, 39.9682 ], [ 32.6534, 39.9688 ], [ 32.6535, 39.9688 ], [ 32.6536, 39.9692 ], [ 32.6536, 39.9694 ], [ 32.6537, 39.9694 ] ] ] ] } },
{ "type": "Feature", "properties": { "id": "sehirAtlasi.122", "kentAtlasiDegeriKodu": "32000", "kentAtlasiDegeri": "Maki veya Otsu Bitkiler", "gecirimsizlikKatmani": 0, "tucbsNo": "CBSGM_1_7984152", "aciklama": null, "gecerlilikBaslangici": "2019-06-11T00:00:00Z", "gecerlilikSonu": null, "gozlemTarihi": null, "hilucsAraziKullanimi": null, "hilucsDurumu": null, "olcek": "1:10000", "surumBaslangicZamani": null, "surumBitisZamani": null, "total_population": 0.0, "estimated_water_supply": 0.93158825782811783, "population_pressure": 0.0, "urban_water_stress_score": 0.0 }, "geometry": { "type": "MultiPolygon", "coordinates": [ [ [ [ 33.0373, 39.9529 ], [ 33.0374, 39.9527 ], [ 33.0374, 39.9527 ], [ 33.0375, 39.9527 ], [ 33.0376, 39.9527 ], [ 33.0379, 39.9523 ], [ 33.0381, 39.9522 ], [ 33.0381, 39.9522 ], [ 33.0381, 39.9521 ], [ 33.0381, 39.9521 ], [ 33.0381, 39.9521 ], [ 33.0381, 39.9521 ], [ 33.0381, 39.9521 ], [ 33.0382, 39.9521 ], [ 33.0382, 39.9521 ], [ 33.0382, 39.9521 ], [ 33.0384, 39.9521 ], [ 33.0385, 39.9521 ], [ 33.0387, 39.9519 ], [ 33.039, 39.9516 ], [ 33.0391, 39.9515 ], [ 33.0391, 39.9514 ], [ 33.039, 39.9513 ], [ 33.0388, 39.9517 ], [ 33.0387, 39.9518 ], [ 33.0385, 39.9517 ], [ 33.0385, 39.9517 ], [ 33.0385, 39.9518 ], [ 33.0384, 39.9518 ], [ 33.0384, 39.9518 ], [ 33.0383, 39.9519 ], [ 33.0382, 39.9519 ], [ 33.038, 39.9519 ], [ 33.0379, 39.9519 ], [ 33.0379, 39.9518 ], [ 33.0379, 39.9518 ], [ 33.0379, 39.9518 ], [ 33.038, 39.9517 ], [ 33.0379, 39.9516 ], [ 33.0377, 39.9514 ], [ 33.0375, 39.9513 ], [ 33.0373, 39.9513 ], [ 33.0373, 39.9514 ], [ 33.0373, 39.9517 ], [ 33.0373, 39.9519 ], [ 33.0373, 39.9521 ], [ 33.0374, 39.9525 ], [ 33.0373, 39.9529 ] ] ] ] } },
{ "type": "Feature", "properties": { "id": "sehirAtlasi.123", "kentAtlasiDegeriKodu": "12210", "kentAtlasiDegeri": "Hızlı Transit Yollar ve İlgili Alanlar", "gecirimsizlikKatmani": 0, "tucbsNo": "CBSGM_1_7984153", "aciklama": null, "gecerlilikBaslangici": "2019-02-19T00:00:00Z", "gecerlilikSonu": null, "gozlemTarihi": null, "hilucsAraziKullanimi": null, "hilucsDurumu": null, "olcek": "1:10000", "surumBaslangicZamani": null, "surumBitisZamani": null, "total_population": 0.0, "estimated_water_supply": 0.76640806284999785, "population_pressure": 0.0, "urban_water_stress_score": 0.0 }, "geometry": { "type": "MultiPolygon", "coordinates": [ [ [ [ 32.6795, 39.8927 ], [ 32.6798, 39.893 ], [ 32.6799, 39.893 ], [ 32.6805, 39.8934 ], [ 32.6805, 39.8935 ], [ 32.6805, 39.8936 ], [ 32.6805, 39.8936 ], [ 32.6805, 39.8937 ], [ 32.6805, 39.8937 ], [ 32.6805, 39.8937 ], [ 32.6806, 39.8936 ], [ 32.6806, 39.8936 ], [ 32.6806, 39.8936 ], [ 32.6806, 39.8936 ], [ 32.6807, 39.8935 ], [ 32.6807, 39.8935 ], [ 32.6807, 39.8935 ], [ 32.6807, 39.8934 ], [ 32.6808, 39.8934 ], [ 32.6808, 39.8934 ], [ 32.6809, 39.8933 ], [ 32.6809, 39.8933 ], [ 32.6809, 39.8933 ], [ 32.6809, 39.8933 ], [ 32.6808, 39.8934 ], [ 32.6807, 39.8934 ], [ 32.6806, 39.8933 ], [ 32.68, 39.8929 ], [ 32.68, 39.8929 ], [ 32.68, 39.8929 ], [ 32.6796, 39.8927 ], [ 32.6801, 39.8914 ], [ 32.6805, 39.8909 ], [ 32.6806, 39.8909 ], [ 32.6806, 39.8909 ], [ 32.6808, 39.8907 ], [ 32.6808, 39.8907 ], [ 32.6812, 39.8903 ], [ 32.6812, 39.8903 ], [ 32.6813, 39.8902 ], [ 32.6813, 39.8902 ], [ 32.6813, 39.8902 ], [ 32.6814, 39.8901 ], [ 32.6816, 39.8899 ], [ 32.6816, 39.8899 ], [ 32.6817, 39.8898 ], [ 32.6822, 39.8896 ], [ 32.6822, 39.8896 ], [ 32.6823, 39.8896 ], [ 32.6826, 39.8895 ], [ 32.6826, 39.8895 ], [ 32.6829, 39.8895 ], [ 32.6829, 39.8895 ], [ 32.6831, 39.8894 ], [ 32.6831, 39.8894 ], [ 32.6831, 39.8894 ], [ 32.6835, 39.8893 ], [ 32.6836, 39.8894 ], [ 32.6837, 39.8895 ], [ 32.6837, 39.8895 ], [ 32.6837, 39.8895 ], [ 32.6837, 39.8895 ], [ 32.6843, 39.89 ], [ 32.6844, 39.8901 ], [ 32.6844, 39.89 ], [ 32.6844, 39.89 ], [ 32.6845, 39.89 ], [ 32.6844, 39.89 ], [ 32.6844, 39.89 ], [ 32.6844, 39.89 ], [ 32.6844, 39.8899 ], [ 32.6837, 39.8894 ], [ 32.6837, 39.8894 ], [ 32.6835, 39.8892 ], [ 32.6848, 39.8886 ], [ 32.686, 39.888 ], [ 32.6863, 39.8884 ], [ 32.6863, 39.8884 ], [ 32.6864, 39.8884 ], [ 32.6864, 39.8884 ], [ 32.6864, 39.8884 ], [ 32.6864, 39.8884 ], [ 32.6865, 39.8884 ], [ 32.6864, 39.8883 ], [ 32.6864, 39.8883 ], [ 32.686, 39.8879 ], [ 32.686, 39.8879 ], [ 32.686, 39.8879 ], [ 32.686, 39.8879 ], [ 32.686, 39.8879 ], [ 32.686, 39.8879 ], [ 32.686, 39.8879 ], [ 32.686, 39.8879 ], [ 32.6859, 39.8879 ], [ 32.6848, 39.8886 ], [ 32.6848, 39.8886 ], [ 32.6847, 39.8886 ], [ 32.6834, 39.8892 ], [ 32.6831, 39.8893 ], [ 32.6831, 39.8893 ], [ 32.6828, 39.8894 ], [ 32.6828, 39.8894 ], [ 32.6826, 39.8894 ], [ 32.6826, 39.8895 ], [ 32.6822, 39.8896 ], [ 32.6822, 39.8896 ], [ 32.6817, 39.8897 ], [ 32.6817, 39.8897 ], [ 32.6817, 39.8897 ], [ 32.6816, 39.8898 ], [ 32.6815, 39.8898 ], [ 32.6815, 39.8898 ], [ 32.6815, 39.8898 ], [ 32.6815, 39.8899 ], [ 32.6813, 39.8901 ], [ 32.6811, 39.8902 ], [ 32.6811, 39.8903 ], [ 32.6811, 39.8903 ], [ 32.6807, 39.8906 ], [ 32.6806, 39.8908 ], [ 32.6805, 39.8908 ], [ 32.6805, 39.8908 ], [ 32.6805, 39.8908 ], [ 32.68, 39.8913 ], [ 32.68, 39.8913 ], [ 32.68, 39.8913 ], [ 32.6795, 39.8926 ], [ 32.6795, 39.8927 ], [ 32.6795, 39.8927 ], [ 32.6795, 39.8927 ], [ 32.6795, 39.8927 ], [ 32.6795, 39.8927 ] ] ] ] } },
{ "type": "Feature", "properties": { "id": "sehirAtlasi.124", "kentAtlasiDegeriKodu": "11210", "kentAtlasiDegeri": "Yüksek Yoğunluklu Süreksiz Kentsel Alan (50% - 80%)", "gecirimsizlikKatmani": 46, "tucbsNo": "CBSGM_1_7984154", "aciklama": null, "gecerlilikBaslangici": "2019-02-04T00:00:00Z", "gecerlilikSonu": null, "gozlemTarihi": null, "hilucsAraziKullanimi": null, "hilucsDurumu": null, "olcek": "1:10000", "surumBaslangicZamani": null, "surumBitisZamani": null, "total_population": 0.0, "estimated_water_supply": 1.3406567771209006, "population_pressure": 0.0, "urban_water_stress_score": 0.0 }, "geometry": { "type": "MultiPolygon", "coordinates": [ [ [ [ 32.5966, 39.9927 ], [ 32.5966, 39.9927 ], [ 32.5966, 39.9927 ], [ 32.5965, 39.9925 ], [ 32.5958, 39.9925 ], [ 32.5957, 39.9927 ], [ 32.5966, 39.9927 ] ] ] ] } },
{ "type": "Feature", "properties": { "id": "sehirAtlasi.125", "kentAtlasiDegeriKodu": "12130", "kentAtlasiDegeri": "Kamu Alanları", "gecirimsizlikKatmani": 24, "tucbsNo": "CBSGM_1_7984155", "aciklama": null, "gecerlilikBaslangici": "2019-05-27T00:00:00Z", "gecerlilikSonu": null, "gozlemTarihi": null, "hilucsAraziKullanimi": null, "hilucsDurumu": null, "olcek": "1:10000", "surumBaslangicZamani": null, "surumBitisZamani": null, "total_population": 0.0, "estimated_water_supply": 1.3218464130735073, "population_pressure": 0.0, "urban_water_stress_score": 0.0 }, "geometry": { "type": "MultiPolygon", "coordinates": [ [ [ [ 32.5959, 39.9916 ], [ 32.5961, 39.9917 ], [ 32.5963, 39.9918 ], [ 32.5965, 39.9918 ], [ 32.5969, 39.9914 ], [ 32.5969, 39.9914 ], [ 32.5963, 39.9911 ], [ 32.5963, 39.9911 ], [ 32.5959, 39.9916 ] ] ] ] } },
{ "type": "Feature", "properties": { "id": "sehirAtlasi.126", "kentAtlasiDegeriKodu": "11210", "kentAtlasiDegeri": "Yüksek Yoğunluklu Süreksiz Kentsel Alan (50% - 80%)", "gecirimsizlikKatmani": 51, "tucbsNo": "CBSGM_1_7984156", "aciklama": null, "gecerlilikBaslangici": "2019-02-04T00:00:00Z", "gecerlilikSonu": null, "gozlemTarihi": null, "hilucsAraziKullanimi": null, "hilucsDurumu": null, "olcek": "1:10000", "surumBaslangicZamani": null, "surumBitisZamani": null, "total_population": 0.0, "estimated_water_supply": 1.3371673683278451, "population_pressure": 0.0, "urban_water_stress_score": 0.0 }, "geometry": { "type": "MultiPolygon", "coordinates": [ [ [ [ 32.597, 39.9967 ], [ 32.5967, 39.9965 ], [ 32.5966, 39.9965 ], [ 32.596, 39.9972 ], [ 32.5964, 39.9974 ], [ 32.597, 39.9967 ] ] ] ] } },
{ "type": "Feature", "properties": { "id": "sehirAtlasi.127", "kentAtlasiDegeriKodu": "11100", "kentAtlasiDegeri": "Sürekli Kentsel Alan (> 80%)", "gecirimsizlikKatmani": 38, "tucbsNo": "CBSGM_1_7984157", "aciklama": null, "gecerlilikBaslangici": "2019-02-04T00:00:00Z", "gecerlilikSonu": null, "gozlemTarihi": null, "hilucsAraziKullanimi": null, "hilucsDurumu": null, "olcek": "1:10000", "surumBaslangicZamani": null, "surumBitisZamani": null, "total_population": 0.0, "estimated_water_supply": 1.1751477644444446, "population_pressure": 0.0, "urban_water_stress_score": 0.0 }, "geometry": { "type": "MultiPolygon", "coordinates": [ [ [ [ 32.5961, 39.9697 ], [ 32.5961, 39.9696 ], [ 32.5968, 39.9691 ], [ 32.5969, 39.9687 ], [ 32.5962, 39.9687 ], [ 32.5961, 39.9697 ] ] ] ] } },
{ "type": "Feature", "properties": { "id": "sehirAtlasi.128", "kentAtlasiDegeriKodu": "11210", "kentAtlasiDegeri": "Yüksek Yoğunluklu Süreksiz Kentsel Alan (50% - 80%)", "gecirimsizlikKatmani": 51, "tucbsNo": "CBSGM_1_7984158", "aciklama": null, "gecerlilikBaslangici": "2019-02-04T00:00:00Z", "gecerlilikSonu": null, "gozlemTarihi": null, "hilucsAraziKullanimi": null, "hilucsDurumu": null, "olcek": "1:10000", "surumBaslangicZamani": null, "surumBitisZamani": null, "total_population": 0.0, "estimated_water_supply": 1.3347664705690714, "population_pressure": 0.0, "urban_water_stress_score": 0.0 }, "geometry": { "type": "MultiPolygon", "coordinates": [ [ [ [ 32.5971, 39.9959 ], [ 32.5967, 39.9957 ], [ 32.5963, 39.9962 ], [ 32.5966, 39.9964 ], [ 32.5967, 39.9964 ], [ 32.5971, 39.9959 ] ] ] ] } },
{ "type": "Feature", "properties": { "id": "sehirAtlasi.129", "kentAtlasiDegeriKodu": "11100", "kentAtlasiDegeri": "Sürekli Kentsel Alan (> 80%)", "gecirimsizlikKatmani": 47, "tucbsNo": "CBSGM_1_7984159", "aciklama": null, "gecerlilikBaslangici": "2019-02-04T00:00:00Z", "gecerlilikSonu": null, "gozlemTarihi": null, "hilucsAraziKullanimi": null, "hilucsDurumu": null, "olcek": "1:10000", "surumBaslangicZamani": null, "surumBitisZamani": null, "total_population": 0.0, "estimated_water_supply": 1.171096097000635, "population_pressure": 0.0, "urban_water_stress_score": 0.0 }, "geometry": { "type": "MultiPolygon", "coordinates": [ [ [ [ 32.5964, 39.9674 ], [ 32.5963, 39.968 ], [ 32.5993, 39.9682 ], [ 32.5993, 39.9677 ], [ 32.5964, 39.9674 ], [ 32.5964, 39.9674 ] ] ] ] } },
{ "type": "Feature", "properties": { "id": "sehirAtlasi.130", "kentAtlasiDegeriKodu": "11100", "kentAtlasiDegeri": "Sürekli Kentsel Alan (> 80%)", "gecirimsizlikKatmani": 45, "tucbsNo": "CBSGM_1_7984160", "aciklama": null, "gecerlilikBaslangici": "2019-02-04T00:00:00Z", "gecerlilikSonu": null, "gozlemTarihi": null, "hilucsAraziKullanimi": null, "hilucsDurumu": null, "olcek": "1:10000", "surumBaslangicZamani": null, "surumBitisZamani": null, "total_population": 0.0, "estimated_water_supply": 1.1401527802418618, "population_pressure": 0.0, "urban_water_stress_score": 0.0 }, "geometry": { "type": "MultiPolygon", "coordinates": [ [ [ [ 32.5964, 39.9648 ], [ 32.5971, 39.965 ], [ 32.5978, 39.9635 ], [ 32.597, 39.9634 ], [ 32.5966, 39.9643 ], [ 32.5964, 39.9648 ] ] ] ] } },
{ "type": "Feature", "properties": { "id": "sehirAtlasi.131", "kentAtlasiDegeriKodu": "11100", "kentAtlasiDegeri": "Sürekli Kentsel Alan (> 80%)", "gecirimsizlikKatmani": 47, "tucbsNo": "CBSGM_1_7984161", "aciklama": null, "gecerlilikBaslangici": "2019-02-04T00:00:00Z", "gecerlilikSonu": null, "gozlemTarihi": null, "hilucsAraziKullanimi": null, "hilucsDurumu": null, "olcek": "1:10000", "surumBaslangicZamani": null, "surumBitisZamani": null, "total_population": 0.0, "estimated_water_supply": 1.1458596014773548, "population_pressure": 0.0, "urban_water_stress_score": 0.0 }, "geometry": { "type": "MultiPolygon", "coordinates": [ [ [ [ 32.5965, 39.9668 ], [ 32.5965, 39.9668 ], [ 32.5973, 39.9669 ], [ 32.5975, 39.9663 ], [ 32.5978, 39.9658 ], [ 32.5978, 39.9658 ], [ 32.5978, 39.9658 ], [ 32.598, 39.9653 ], [ 32.5972, 39.9651 ], [ 32.5969, 39.9657 ], [ 32.5965, 39.9668 ] ] ] ] } },
{ "type": "Feature", "properties": { "id": "sehirAtlasi.132", "kentAtlasiDegeriKodu": "14120", "kentAtlasiDegeri": "Kent İçindeki Yeşil Alanlar ( Aktif )", "gecirimsizlikKatmani": 0, "tucbsNo": "CBSGM_1_7984162", "aciklama": null, "gecerlilikBaslangici": "2019-02-04T00:00:00Z", "gecerlilikSonu": null, "gozlemTarihi": null, "hilucsAraziKullanimi": null, "hilucsDurumu": null, "olcek": "1:10000", "surumBaslangicZamani": null, "surumBitisZamani": null, "total_population": 0.0, "estimated_water_supply": 1.1783117379329475, "population_pressure": 0.0, "urban_water_stress_score": 0.0 }, "geometry": { "type": "MultiPolygon", "coordinates": [ [ [ [ 32.5976, 39.9701 ], [ 32.5969, 39.9698 ], [ 32.5966, 39.97 ], [ 32.5969, 39.9703 ], [ 32.5976, 39.9701 ] ] ] ] } },
{ "type": "Feature", "properties": { "id": "sehirAtlasi.133", "kentAtlasiDegeriKodu": "11230", "kentAtlasiDegeri": "Düşük Yoğunluklu Süreksiz Kentsel Alan (10% - 30%)", "gecirimsizlikKatmani": 19, "tucbsNo": "CBSGM_1_7984163", "aciklama": null, "gecerlilikBaslangici": "2019-02-04T00:00:00Z", "gecerlilikSonu": null, "gozlemTarihi": null, "hilucsAraziKullanimi": null, "hilucsDurumu": null, "olcek": "1:10000", "surumBaslangicZamani": null, "surumBitisZamani": null, "total_population": 0.0, "estimated_water_supply": 1.2164178334709352, "population_pressure": 0.0, "urban_water_stress_score": 0.0 }, "geometry": { "type": "MultiPolygon", "coordinates": [ [ [ [ 32.5978, 39.9751 ], [ 32.5971, 39.9753 ], [ 32.5968, 39.9757 ], [ 32.5966, 39.9762 ], [ 32.5966, 39.9762 ], [ 32.5966, 39.9762 ], [ 32.5975, 39.9766 ], [ 32.5978, 39.976 ], [ 32.5978, 39.976 ], [ 32.5978, 39.976 ], [ 32.5981, 39.9759 ], [ 32.5977, 39.9751 ], [ 32.5978, 39.9751 ] ] ] ] } },
{ "type": "Feature", "properties": { "id": "sehirAtlasi.134", "kentAtlasiDegeriKodu": "14100", "kentAtlasiDegeri": "Kent İçindeki Yeşil Alanlar ( Pasif )", "gecirimsizlikKatmani": 0, "tucbsNo": "CBSGM_1_7984164", "aciklama": null, "gecerlilikBaslangici": "2019-02-13T00:00:00Z", "gecerlilikSonu": null, "gozlemTarihi": null, "hilucsAraziKullanimi": null, "hilucsDurumu": null, "olcek": "1:10000", "surumBaslangicZamani": null, "surumBitisZamani": null, "total_population": 0.0, "estimated_water_supply": 1.3698883878137911, "population_pressure": 0.0, "urban_water_stress_score": 0.0 }, "geometry": { "type": "MultiPolygon", "coordinates": [ [ [ [ 32.6153, 40.0083 ], [ 32.6154, 40.0079 ], [ 32.6156, 40.0074 ], [ 32.6156, 40.0074 ], [ 32.6156, 40.0074 ], [ 32.6156, 40.0073 ], [ 32.6149, 40.0073 ], [ 32.615, 40.0073 ], [ 32.6149, 40.0076 ], [ 32.6147, 40.0082 ], [ 32.6149, 40.0082 ], [ 32.615, 40.0083 ], [ 32.6153, 40.0083 ], [ 32.6153, 40.0083 ] ] ] ] } },
{ "type": "Feature", "properties": { "id": "sehirAtlasi.135", "kentAtlasiDegeriKodu": "11230", "kentAtlasiDegeri": "Düşük Yoğunluklu Süreksiz Kentsel Alan (10% - 30%)", "gecirimsizlikKatmani": 13, "tucbsNo": "CBSGM_1_338813", "aciklama": null, "gecerlilikBaslangici": "2019-02-18T00:00:00Z", "gecerlilikSonu": null, "gozlemTarihi": null, "hilucsAraziKullanimi": null, "hilucsDurumu": null, "olcek": "1:10000", "surumBaslangicZamani": null, "surumBitisZamani": null, "total_population": 0.0, "estimated_water_supply": 2.4361641787699289, "population_pressure": 0.0, "urban_water_stress_score": 0.0 }, "geometry": { "type": "MultiPolygon", "coordinates": [ [ [ [ 32.6854, 40.2223 ], [ 32.6856, 40.223 ], [ 32.6856, 40.223 ], [ 32.6863, 40.2251 ], [ 32.6863, 40.2251 ], [ 32.6863, 40.2251 ], [ 32.6863, 40.2251 ], [ 32.6863, 40.2251 ], [ 32.6864, 40.2251 ], [ 32.6868, 40.225 ], [ 32.6869, 40.225 ], [ 32.6868, 40.2246 ], [ 32.6864, 40.2241 ], [ 32.686, 40.223 ], [ 32.6858, 40.2223 ], [ 32.6858, 40.2223 ], [ 32.6854, 40.2223 ], [ 32.6854, 40.2223 ] ] ] ] } },
{ "type": "Feature", "properties": { "id": "sehirAtlasi.136", "kentAtlasiDegeriKodu": "11240", "kentAtlasiDegeri": "Çok Düşük Yoğunluklu Süreksiz Kentsel Alan (< 10%)", "gecirimsizlikKatmani": 6, "tucbsNo": "CBSGM_1_7984165", "aciklama": null, "gecerlilikBaslangici": "2019-02-13T00:00:00Z", "gecerlilikSonu": null, "gozlemTarihi": null, "hilucsAraziKullanimi": null, "hilucsDurumu": null, "olcek": "1:10000", "surumBaslangicZamani": null, "surumBitisZamani": null, "total_population": 0.0, "estimated_water_supply": 0.55852895170674677, "population_pressure": 0.0, "urban_water_stress_score": 0.0 }, "geometry": { "type": "MultiPolygon", "coordinates": [ [ [ [ 32.757, 39.7669 ], [ 32.7569, 39.7665 ], [ 32.7554, 39.7668 ], [ 32.7553, 39.7669 ], [ 32.7553, 39.7669 ], [ 32.7553, 39.7675 ], [ 32.7553, 39.7675 ], [ 32.757, 39.767 ], [ 32.757, 39.7669 ] ] ] ] } },
{ "type": "Feature", "properties": { "id": "sehirAtlasi.137", "kentAtlasiDegeriKodu": "11230", "kentAtlasiDegeri": "Düşük Yoğunluklu Süreksiz Kentsel Alan (10% - 30%)", "gecirimsizlikKatmani": 14, "tucbsNo": "CBSGM_1_7984166", "aciklama": null, "gecerlilikBaslangici": "2019-02-12T00:00:00Z", "gecerlilikSonu": null, "gozlemTarihi": null, "hilucsAraziKullanimi": null, "hilucsDurumu": null, "olcek": "1:10000", "surumBaslangicZamani": null, "surumBitisZamani": null, "total_population": 0.0, "estimated_water_supply": 0.64519152903815669, "population_pressure": 0.0, "urban_water_stress_score": 0.0 }, "geometry": { "type": "MultiPolygon", "coordinates": [ [ [ [ 32.7578, 39.8282 ], [ 32.7568, 39.8282 ], [ 32.7567, 39.8287 ], [ 32.7567, 39.829 ], [ 32.7567, 39.8293 ], [ 32.7576, 39.8294 ], [ 32.7576, 39.8293 ], [ 32.7577, 39.8291 ], [ 32.7577, 39.8289 ], [ 32.7578, 39.8282 ] ] ] ] } },
{ "type": "Feature", "properties": { "id": "sehirAtlasi.138", "kentAtlasiDegeriKodu": "12120", "kentAtlasiDegeri": "Ticaret Alanları", "gecirimsizlikKatmani": 39, "tucbsNo": "CBSGM_1_338814", "aciklama": null, "gecerlilikBaslangici": "2019-02-18T00:00:00Z", "gecerlilikSonu": null, "gozlemTarihi": null, "hilucsAraziKullanimi": null, "hilucsDurumu": null, "olcek": "1:10000", "surumBaslangicZamani": null, "surumBitisZamani": null, "total_population": 0.0, "estimated_water_supply": 2.4377898203468407, "population_pressure": 0.0, "urban_water_stress_score": 0.0 }, "geometry": { "type": "MultiPolygon", "coordinates": [ [ [ [ 32.6882, 40.218 ], [ 32.6877, 40.2186 ], [ 32.6878, 40.2187 ], [ 32.6885, 40.2188 ], [ 32.6885, 40.2182 ], [ 32.6882, 40.218 ] ] ] ] } },
{ "type": "Feature", "properties": { "id": "sehirAtlasi.139", "kentAtlasiDegeriKodu": "11230", "kentAtlasiDegeri": "Düşük Yoğunluklu Süreksiz Kentsel Alan (10% - 30%)", "gecirimsizlikKatmani": 21, "tucbsNo": "CBSGM_1_338815", "aciklama": null, "gecerlilikBaslangici": "2019-02-18T00:00:00Z", "gecerlilikSonu": null, "gozlemTarihi": null, "hilucsAraziKullanimi": null, "hilucsDurumu": null, "olcek": "1:10000", "surumBaslangicZamani": null, "surumBitisZamani": null, "total_population": 0.0, "estimated_water_supply": 2.4246100075234294, "population_pressure": 0.0, "urban_water_stress_score": 0.0 }, "geometry": { "type": "MultiPolygon", "coordinates": [ [ [ [ 32.6843, 40.2181 ], [ 32.6843, 40.2182 ], [ 32.6844, 40.2187 ], [ 32.6844, 40.2187 ], [ 32.6846, 40.2196 ], [ 32.6854, 40.2195 ], [ 32.6852, 40.2192 ], [ 32.685, 40.2192 ], [ 32.685, 40.219 ], [ 32.6847, 40.219 ], [ 32.6845, 40.218 ], [ 32.6843, 40.2181 ], [ 32.6843, 40.2181 ] ] ] ] } },
{ "type": "Feature", "properties": { "id": "sehirAtlasi.140", "kentAtlasiDegeriKodu": "11230", "kentAtlasiDegeri": "Düşük Yoğunluklu Süreksiz Kentsel Alan (10% - 30%)", "gecirimsizlikKatmani": 14, "tucbsNo": "CBSGM_1_7984167", "aciklama": null, "gecerlilikBaslangici": "2019-02-15T00:00:00Z", "gecerlilikSonu": null, "gozlemTarihi": null, "hilucsAraziKullanimi": null, "hilucsDurumu": null, "olcek": "1:10000", "surumBaslangicZamani": null, "surumBitisZamani": null, "total_population": 0.0, "estimated_water_supply": 1.1754231370931427, "population_pressure": 0.0, "urban_water_stress_score": 0.0 }, "geometry": { "type": "MultiPolygon", "coordinates": [ [ [ [ 33.0023, 40.1029 ], [ 33.0023, 40.103 ], [ 33.0024, 40.1032 ], [ 33.0028, 40.1033 ], [ 33.0033, 40.1034 ], [ 33.0038, 40.1034 ], [ 33.0043, 40.1035 ], [ 33.0044, 40.1032 ], [ 33.0045, 40.1031 ], [ 33.0039, 40.1029 ], [ 33.0039, 40.1029 ], [ 33.0039, 40.1029 ], [ 33.0038, 40.1029 ], [ 33.0038, 40.1029 ], [ 33.0038, 40.1029 ], [ 33.0036, 40.1029 ], [ 33.0034, 40.1029 ], [ 33.0034, 40.1029 ], [ 33.0034, 40.1029 ], [ 33.0031, 40.1029 ], [ 33.0025, 40.1029 ], [ 33.0025, 40.1029 ], [ 33.0023, 40.1029 ] ] ] ] } },
{ "type": "Feature", "properties": { "id": "sehirAtlasi.141", "kentAtlasiDegeriKodu": "11240", "kentAtlasiDegeri": "Çok Düşük Yoğunluklu Süreksiz Kentsel Alan (< 10%)", "gecirimsizlikKatmani": 4, "tucbsNo": "CBSGM_1_7984168", "aciklama": null, "gecerlilikBaslangici": "2019-02-12T00:00:00Z", "gecerlilikSonu": null, "gozlemTarihi": null, "hilucsAraziKullanimi": null, "hilucsDurumu": null, "olcek": "1:10000", "surumBaslangicZamani": null, "surumBitisZamani": null, "total_population": 0.0, "estimated_water_supply": 0.62929500030666796, "population_pressure": 0.0, "urban_water_stress_score": 0.0 }, "geometry": { "type": "MultiPolygon", "coordinates": [ [ [ [ 32.759, 39.826 ], [ 32.7591, 39.8252 ], [ 32.7591, 39.825 ], [ 32.7591, 39.8245 ], [ 32.7591, 39.8246 ], [ 32.7569, 39.8248 ], [ 32.7569, 39.8259 ], [ 32.758, 39.8259 ], [ 32.759, 39.826 ] ] ] ] } },
{ "type": "Feature", "properties": { "id": "sehirAtlasi.142", "kentAtlasiDegeriKodu": "11220", "kentAtlasiDegeri": "Orta Yoğunluklu Süreksiz Kentsel Alan (30% - 50%)", "gecirimsizlikKatmani": 27, "tucbsNo": "CBSGM_1_338816", "aciklama": null, "gecerlilikBaslangici": "2019-02-18T00:00:00Z", "gecerlilikSonu": null, "gozlemTarihi": null, "hilucsAraziKullanimi": null, "hilucsDurumu": null, "olcek": "1:10000", "surumBaslangicZamani": null, "surumBitisZamani": null, "total_population": 0.0, "estimated_water_supply": 2.4240034897916072, "population_pressure": 0.0, "urban_water_stress_score": 0.0 }, "geometry": { "type": "MultiPolygon", "coordinates": [ [ [ [ 32.6852, 40.2177 ], [ 32.6858, 40.2176 ], [ 32.6858, 40.2176 ], [ 32.6858, 40.2176 ], [ 32.6858, 40.2176 ], [ 32.6858, 40.2176 ], [ 32.6858, 40.2176 ], [ 32.6857, 40.2176 ], [ 32.6857, 40.2176 ], [ 32.6857, 40.2176 ], [ 32.6853, 40.2171 ], [ 32.6851, 40.2169 ], [ 32.6849, 40.2166 ], [ 32.6844, 40.2167 ], [ 32.6853, 40.2177 ], [ 32.6852, 40.2177 ] ] ] ] } },
{ "type": "Feature", "properties": { "id": "sehirAtlasi.143", "kentAtlasiDegeriKodu": "11230", "kentAtlasiDegeri": "Düşük Yoğunluklu Süreksiz Kentsel Alan (10% - 30%)", "gecirimsizlikKatmani": 26, "tucbsNo": "CBSGM_1_1398967", "aciklama": null, "gecerlilikBaslangici": "2019-07-16T00:00:00Z", "gecerlilikSonu": null, "gozlemTarihi": null, "hilucsAraziKullanimi": null, "hilucsDurumu": null, "olcek": "1:10000", "surumBaslangicZamani": null, "surumBitisZamani": null, "total_population": 0.0, "estimated_water_supply": 1.4556643702477317, "population_pressure": 0.0, "urban_water_stress_score": 0.0 }, "geometry": { "type": "MultiPolygon", "coordinates": [ [ [ [ 31.7355, 37.6806 ], [ 31.7356, 37.6806 ], [ 31.736, 37.6806 ], [ 31.736, 37.6801 ], [ 31.7356, 37.6801 ], [ 31.7355, 37.6801 ], [ 31.7355, 37.6806 ] ] ] ] } },
{ "type": "Feature", "properties": { "id": "sehirAtlasi.144", "kentAtlasiDegeriKodu": "11230", "kentAtlasiDegeri": "Düşük Yoğunluklu Süreksiz Kentsel Alan (10% - 30%)", "gecirimsizlikKatmani": 19, "tucbsNo": "CBSGM_1_7984169", "aciklama": null, "gecerlilikBaslangici": "2019-02-12T00:00:00Z", "gecerlilikSonu": null, "gozlemTarihi": null, "hilucsAraziKullanimi": null, "hilucsDurumu": null, "olcek": "1:10000", "surumBaslangicZamani": null, "surumBitisZamani": null, "total_population": 0.0, "estimated_water_supply": 0.64683528971923121, "population_pressure": 0.0, "urban_water_stress_score": 0.0 }, "geometry": { "type": "MultiPolygon", "coordinates": [ [ [ [ 32.7586, 39.8343 ], [ 32.7582, 39.8339 ], [ 32.7582, 39.8339 ], [ 32.7574, 39.8334 ], [ 32.7572, 39.8336 ], [ 32.7569, 39.834 ], [ 32.7577, 39.8344 ], [ 32.7582, 39.8346 ], [ 32.7576, 39.8339 ], [ 32.7576, 39.8339 ], [ 32.7576, 39.8339 ], [ 32.7576, 39.8339 ], [ 32.7576, 39.8339 ], [ 32.7576, 39.8339 ], [ 32.7576, 39.8339 ], [ 32.7576, 39.8339 ], [ 32.7584, 39.8346 ], [ 32.7586, 39.8343 ] ] ] ] } },
{ "type": "Feature", "properties": { "id": "sehirAtlasi.145", "kentAtlasiDegeriKodu": "12220", "kentAtlasiDegeri": "Diğer Yollar ve İlgili Alanlar", "gecirimsizlikKatmani": 0, "tucbsNo": "CBSGM_1_7984170", "aciklama": null, "gecerlilikBaslangici": "2019-02-12T00:00:00Z", "gecerlilikSonu": null, "gozlemTarihi": null, "hilucsAraziKullanimi": null, "hilucsDurumu": null, "olcek": "1:10000", "surumBaslangicZamani": null, "surumBitisZamani": null, "total_population": 0.0, "estimated_water_supply": 0.66854633718637402, "population_pressure": 0.0, "urban_water_stress_score": 0.0 }, "geometry": { "type": "MultiPolygon", "coordinates": [ [ [ [ 32.7863, 39.844 ], [ 32.7872, 39.8446 ], [ 32.7872, 39.8446 ], [ 32.7872, 39.8446 ], [ 32.7872, 39.8446 ], [ 32.7873, 39.8446 ], [ 32.7873, 39.8446 ], [ 32.7873, 39.8446 ], [ 32.7874, 39.8445 ], [ 32.7881, 39.845 ], [ 32.7887, 39.8454 ], [ 32.7887, 39.8454 ], [ 32.7894, 39.8458 ], [ 32.7894, 39.8458 ], [ 32.7903, 39.8463 ], [ 32.7903, 39.8463 ], [ 32.7903, 39.8463 ], [ 32.7903, 39.8463 ], [ 32.7904, 39.8463 ], [ 32.7904, 39.8463 ], [ 32.7904, 39.8463 ], [ 32.7905, 39.8462 ], [ 32.7905, 39.8462 ], [ 32.7905, 39.8462 ], [ 32.7907, 39.846 ], [ 32.7907, 39.846 ], [ 32.7907, 39.8459 ], [ 32.7906, 39.8459 ], [ 32.7906, 39.8459 ], [ 32.7906, 39.8459 ], [ 32.7906, 39.8459 ], [ 32.7906, 39.8459 ], [ 32.7904, 39.8462 ], [ 32.7904, 39.8462 ], [ 32.7903, 39.8462 ], [ 32.7894, 39.8458 ], [ 32.7887, 39.8453 ], [ 32.7887, 39.8453 ], [ 32.7881, 39.8449 ], [ 32.7874, 39.8445 ], [ 32.7874, 39.8445 ], [ 32.787, 39.8442 ], [ 32.787, 39.8441 ], [ 32.7869, 39.8441 ], [ 32.7869, 39.8441 ], [ 32.7869, 39.8442 ], [ 32.7869, 39.8442 ], [ 32.7869, 39.8442 ], [ 32.7869, 39.8442 ], [ 32.7873, 39.8445 ], [ 32.7873, 39.8445 ], [ 32.7872, 39.8445 ], [ 32.7865, 39.844 ], [ 32.7864, 39.844 ], [ 32.7863, 39.844 ] ] ] ] } },
{ "type": "Feature", "properties": { "id": "sehirAtlasi.146", "kentAtlasiDegeriKodu": "12220", "kentAtlasiDegeri": "Diğer Yollar ve İlgili Alanlar", "gecirimsizlikKatmani": 0, "tucbsNo": "CBSGM_1_7984171", "aciklama": null, "gecerlilikBaslangici": "2019-02-12T00:00:00Z", "gecerlilikSonu": null, "gozlemTarihi": null, "hilucsAraziKullanimi": null, "hilucsDurumu": null, "olcek": "1:10000", "surumBaslangicZamani": null, "surumBitisZamani": null, "total_population": 0.0, "estimated_water_supply": 0.61896506688931918, "population_pressure": 0.0, "urban_water_stress_score": 0.0 }, "geometry": { "type": "MultiPolygon", "coordinates": [ [ [ [ 32.6588, 39.8295 ], [ 32.6588, 39.8295 ], [ 32.6589, 39.8295 ], [ 32.659, 39.8288 ], [ 32.659, 39.8286 ], [ 32.6592, 39.828 ], [ 32.6592, 39.828 ], [ 32.6592, 39.828 ], [ 32.6592, 39.8277 ], [ 32.6592, 39.8277 ], [ 32.6591, 39.8277 ], [ 32.6591, 39.828 ], [ 32.6589, 39.8286 ], [ 32.6589, 39.8288 ], [ 32.6589, 39.8288 ], [ 32.6588, 39.8295 ] ] ] ] } },
{ "type": "Feature", "properties": { "id": "sehirAtlasi.147", "kentAtlasiDegeriKodu": "11230", "kentAtlasiDegeri": "Düşük Yoğunluklu Süreksiz Kentsel Alan (10% - 30%)", "gecirimsizlikKatmani": 30, "tucbsNo": "CBSGM_1_1398968", "aciklama": null, "gecerlilikBaslangici": "2019-07-16T00:00:00Z", "gecerlilikSonu": null, "gozlemTarihi": null, "hilucsAraziKullanimi": null, "hilucsDurumu": null, "olcek": "1:10000", "surumBaslangicZamani": null, "surumBitisZamani": null, "total_population": 0.0, "estimated_water_supply": 1.4467332986256956, "population_pressure": 0.0, "urban_water_stress_score": 0.0 }, "geometry": { "type": "MultiPolygon", "coordinates": [ [ [ [ 31.7358, 37.677 ], [ 31.7358, 37.6769 ], [ 31.736, 37.6768 ], [ 31.7366, 37.6765 ], [ 31.7365, 37.6762 ], [ 31.7355, 37.6764 ], [ 31.7355, 37.6764 ], [ 31.7357, 37.6768 ], [ 31.7358, 37.677 ] ] ] ] } },
{ "type": "Feature", "properties": { "id": "sehirAtlasi.148", "kentAtlasiDegeriKodu": "12220", "kentAtlasiDegeri": "Diğer Yollar ve İlgili Alanlar", "gecirimsizlikKatmani": 0, "tucbsNo": "CBSGM_1_7984172", "aciklama": null, "gecerlilikBaslangici": "2019-02-08T00:00:00Z", "gecerlilikSonu": null, "gozlemTarihi": null, "hilucsAraziKullanimi": null, "hilucsDurumu": null, "olcek": "1:10000", "surumBaslangicZamani": null, "surumBitisZamani": null, "total_population": 0.0, "estimated_water_supply": 1.219927586680182, "population_pressure": 0.0, "urban_water_stress_score": 0.0 }, "geometry": { "type": "MultiPolygon", "coordinates": [ [ [ [ 32.7631, 39.9967 ], [ 32.7631, 39.9967 ], [ 32.7631, 39.9967 ], [ 32.7633, 39.9966 ], [ 32.7642, 39.9951 ], [ 32.7642, 39.9951 ], [ 32.7641, 39.9951 ], [ 32.7631, 39.9967 ] ] ] ] } },
{ "type": "Feature", "properties": { "id": "sehirAtlasi.149", "kentAtlasiDegeriKodu": "11230", "kentAtlasiDegeri": "Düşük Yoğunluklu Süreksiz Kentsel Alan (10% - 30%)", "gecirimsizlikKatmani": 22, "tucbsNo": "CBSGM_1_338818", "aciklama": null, "gecerlilikBaslangici": "2019-02-18T00:00:00Z", "gecerlilikSonu": null, "gozlemTarihi": null, "hilucsAraziKullanimi": null, "hilucsDurumu": null, "olcek": "1:10000", "surumBaslangicZamani": null, "surumBitisZamani": null, "total_population": 0.0, "estimated_water_supply": 2.4104572458062625, "population_pressure": 0.0, "urban_water_stress_score": 0.0 }, "geometry": { "type": "MultiPolygon", "coordinates": [ [ [ [ 32.6879, 40.2125 ], [ 32.6882, 40.2129 ], [ 32.6888, 40.2126 ], [ 32.6888, 40.2126 ], [ 32.6889, 40.2126 ], [ 32.6884, 40.2122 ], [ 32.6879, 40.2125 ] ] ] ] } },
{ "type": "Feature", "properties": { "id": "sehirAtlasi.150", "kentAtlasiDegeriKodu": "12220", "kentAtlasiDegeri": "Diğer Yollar ve İlgili Alanlar", "gecirimsizlikKatmani": 0, "tucbsNo": "CBSGM_1_7984173", "aciklama": null, "gecerlilikBaslangici": "2019-02-11T00:00:00Z", "gecerlilikSonu": null, "gozlemTarihi": null, "hilucsAraziKullanimi": null, "hilucsDurumu": null, "olcek": "1:10000", "surumBaslangicZamani": null, "surumBitisZamani": null, "total_population": 0.0, "estimated_water_supply": 0.618723084607675, "population_pressure": 0.0, "urban_water_stress_score": 0.0 }, "geometry": { "type": "MultiPolygon", "coordinates": [ [ [ [ 32.6573, 39.8273 ], [ 32.6573, 39.8273 ], [ 32.6573, 39.8273 ], [ 32.6573, 39.8273 ], [ 32.6572, 39.8281 ], [ 32.6571, 39.8282 ], [ 32.657, 39.8291 ], [ 32.657, 39.8291 ], [ 32.657, 39.8291 ], [ 32.657, 39.8291 ], [ 32.657, 39.8291 ], [ 32.657, 39.8291 ], [ 32.6571, 39.8291 ], [ 32.6571, 39.8291 ], [ 32.6572, 39.8282 ], [ 32.6573, 39.8281 ], [ 32.6573, 39.8281 ], [ 32.6573, 39.8281 ], [ 32.6573, 39.8273 ] ] ] ] } },
{ "type": "Feature", "properties": { "id": "sehirAtlasi.151", "kentAtlasiDegeriKodu": "12220", "kentAtlasiDegeri": "Diğer Yollar ve İlgili Alanlar", "gecirimsizlikKatmani": 8, "tucbsNo": "CBSGM_1_7984174", "aciklama": null, "gecerlilikBaslangici": "2019-02-04T00:00:00Z", "gecerlilikSonu": null, "gozlemTarihi": null, "hilucsAraziKullanimi": null, "hilucsDurumu": null, "olcek": "1:10000", "surumBaslangicZamani": null, "surumBitisZamani": null, "total_population": 0.0, "estimated_water_supply": 1.1755854922451778, "population_pressure": 0.0, "urban_water_stress_score": 0.0 }, "geometry": { "type": "MultiPolygon", "coordinates": [ [ [ [ 32.6101, 39.9703 ], [ 32.6101, 39.9703 ], [ 32.61, 39.9703 ], [ 32.6093, 39.9709 ], [ 32.6086, 39.9716 ], [ 32.6086, 39.9717 ], [ 32.6086, 39.9717 ], [ 32.6086, 39.9717 ], [ 32.6094, 39.971 ], [ 32.6094, 39.971 ], [ 32.6101, 39.9703 ] ] ] ] } },
{ "type": "Feature", "properties": { "id": "sehirAtlasi.152", "kentAtlasiDegeriKodu": "11240", "kentAtlasiDegeri": "Çok Düşük Yoğunluklu Süreksiz Kentsel Alan (< 10%)", "gecirimsizlikKatmani": 7, "tucbsNo": "CBSGM_1_338819", "aciklama": null, "gecerlilikBaslangici": "2019-02-18T00:00:00Z", "gecerlilikSonu": null, "gozlemTarihi": null, "hilucsAraziKullanimi": null, "hilucsDurumu": null, "olcek": "1:10000", "surumBaslangicZamani": null, "surumBitisZamani": null, "total_population": 0.0, "estimated_water_supply": 2.412379336301115, "population_pressure": 0.0, "urban_water_stress_score": 0.0 }, "geometry": { "type": "MultiPolygon", "coordinates": [ [ [ [ 32.6882, 40.2129 ], [ 32.6886, 40.2134 ], [ 32.6891, 40.2131 ], [ 32.6889, 40.2127 ], [ 32.6889, 40.2127 ], [ 32.6882, 40.213 ], [ 32.6882, 40.2129 ] ] ] ] } },
{ "type": "Feature", "properties": { "id": "sehirAtlasi.153", "kentAtlasiDegeriKodu": "11220", "kentAtlasiDegeri": "Orta Yoğunluklu Süreksiz Kentsel Alan (30% - 50%)", "gecirimsizlikKatmani": 25, "tucbsNo": "CBSGM_1_338817", "aciklama": null, "gecerlilikBaslangici": "2019-02-18T00:00:00Z", "gecerlilikSonu": null, "gozlemTarihi": null, "hilucsAraziKullanimi": null, "hilucsDurumu": null, "olcek": "1:10000", "surumBaslangicZamani": null, "surumBitisZamani": null, "total_population": 0.0, "estimated_water_supply": 2.4208462456544018, "population_pressure": 0.0, "urban_water_stress_score": 0.0 }, "geometry": { "type": "MultiPolygon", "coordinates": [ [ [ [ 32.6796, 40.2201 ], [ 32.6804, 40.2204 ], [ 32.6807, 40.2201 ], [ 32.68, 40.2197 ], [ 32.6796, 40.2201 ] ] ] ] } },
{ "type": "Feature", "properties": { "id": "sehirAtlasi.154", "kentAtlasiDegeriKodu": "12220", "kentAtlasiDegeri": "Diğer Yollar ve İlgili Alanlar", "gecirimsizlikKatmani": 0, "tucbsNo": "CBSGM_1_7984175", "aciklama": null, "gecerlilikBaslangici": "2019-02-11T00:00:00Z", "gecerlilikSonu": null, "gozlemTarihi": null, "hilucsAraziKullanimi": null, "hilucsDurumu": null, "olcek": "1:10000", "surumBaslangicZamani": null, "surumBitisZamani": null, "total_population": 0.0, "estimated_water_supply": 0.62400049875034003, "population_pressure": 0.0, "urban_water_stress_score": 0.0 }, "geometry": { "type": "MultiPolygon", "coordinates": [ [ [ [ 32.6604, 39.8231 ], [ 32.6604, 39.8231 ], [ 32.6603, 39.8231 ], [ 32.6602, 39.8243 ], [ 32.6602, 39.8243 ], [ 32.6602, 39.8243 ], [ 32.6602, 39.8244 ], [ 32.6602, 39.8244 ], [ 32.6603, 39.8244 ], [ 32.6603, 39.8243 ], [ 32.6603, 39.8243 ], [ 32.6604, 39.8231 ] ] ] ] } },
{ "type": "Feature", "properties": { "id": "sehirAtlasi.155", "kentAtlasiDegeriKodu": "12220", "kentAtlasiDegeri": "Diğer Yollar ve İlgili Alanlar", "gecirimsizlikKatmani": 0, "tucbsNo": "CBSGM_1_7984176", "aciklama": null, "gecerlilikBaslangici": "2019-02-11T00:00:00Z", "gecerlilikSonu": null, "gozlemTarihi": null, "hilucsAraziKullanimi": null, "hilucsDurumu": null, "olcek": "1:10000", "surumBaslangicZamani": null, "surumBitisZamani": null, "total_population": 0.0, "estimated_water_supply": 0.62293328734812792, "population_pressure": 0.0, "urban_water_stress_score": 0.0 }, "geometry": { "type": "MultiPolygon", "coordinates": [ [ [ [ 32.6622, 39.8342 ], [ 32.6622, 39.8342 ], [ 32.6622, 39.8342 ], [ 32.6619, 39.8339 ], [ 32.6619, 39.8339 ], [ 32.6618, 39.8339 ], [ 32.6618, 39.8339 ], [ 32.6618, 39.8339 ], [ 32.6618, 39.834 ], [ 32.6618, 39.834 ], [ 32.6618, 39.834 ], [ 32.6621, 39.8342 ], [ 32.6621, 39.8342 ], [ 32.6618, 39.8345 ], [ 32.6617, 39.8346 ], [ 32.6616, 39.8346 ], [ 32.6605, 39.8346 ], [ 32.6605, 39.8346 ], [ 32.6605, 39.8347 ], [ 32.6616, 39.8346 ], [ 32.6616, 39.8346 ], [ 32.6617, 39.8346 ], [ 32.6617, 39.8346 ], [ 32.6617, 39.8346 ], [ 32.6619, 39.8345 ], [ 32.6622, 39.8343 ], [ 32.6622, 39.8342 ], [ 32.6622, 39.8342 ], [ 32.6622, 39.8342 ], [ 32.6622, 39.8342 ] ] ] ] } },
{ "type": "Feature", "properties": { "id": "sehirAtlasi.156", "kentAtlasiDegeriKodu": "12220", "kentAtlasiDegeri": "Diğer Yollar ve İlgili Alanlar", "gecirimsizlikKatmani": 0, "tucbsNo": "CBSGM_1_7984177", "aciklama": null, "gecerlilikBaslangici": "2019-02-14T00:00:00Z", "gecerlilikSonu": null, "gozlemTarihi": null, "hilucsAraziKullanimi": null, "hilucsDurumu": null, "olcek": "1:10000", "surumBaslangicZamani": null, "surumBitisZamani": null, "total_population": 0.0, "estimated_water_supply": 1.2903921916080716, "population_pressure": 0.0, "urban_water_stress_score": 0.0 }, "geometry": { "type": "MultiPolygon", "coordinates": [ [ [ [ 32.9843, 39.9153 ], [ 32.9844, 39.9153 ], [ 32.9844, 39.9153 ], [ 32.9848, 39.9153 ], [ 32.9848, 39.9153 ], [ 32.9848, 39.9153 ], [ 32.9848, 39.9153 ], [ 32.9848, 39.9153 ], [ 32.9848, 39.9153 ], [ 32.9848, 39.9153 ], [ 32.9848, 39.9153 ], [ 32.9844, 39.9152 ], [ 32.9841, 39.9152 ], [ 32.9838, 39.9151 ], [ 32.9834, 39.9151 ], [ 32.9833, 39.915 ], [ 32.9828, 39.9147 ], [ 32.9826, 39.9147 ], [ 32.9826, 39.9147 ], [ 32.9832, 39.9151 ], [ 32.9834, 39.9151 ], [ 32.9834, 39.9151 ], [ 32.9834, 39.9151 ], [ 32.9837, 39.9152 ], [ 32.9841, 39.9153 ], [ 32.9841, 39.9153 ], [ 32.9843, 39.9153 ] ] ] ] } },
{ "type": "Feature", "properties": { "id": "sehirAtlasi.157", "kentAtlasiDegeriKodu": "12120", "kentAtlasiDegeri": "Ticaret Alanları", "gecirimsizlikKatmani": 2, "tucbsNo": "CBSGM_1_338820", "aciklama": null, "gecerlilikBaslangici": "2019-02-18T00:00:00Z", "gecerlilikSonu": null, "gozlemTarihi": null, "hilucsAraziKullanimi": null, "hilucsDurumu": null, "olcek": "1:10000", "surumBaslangicZamani": null, "surumBitisZamani": null, "total_population": 0.0, "estimated_water_supply": 2.4083176285960901, "population_pressure": 0.0, "urban_water_stress_score": 0.0 }, "geometry": { "type": "MultiPolygon", "coordinates": [ [ [ [ 32.6887, 40.208 ], [ 32.6887, 40.208 ], [ 32.6894, 40.2084 ], [ 32.6895, 40.2085 ], [ 32.6895, 40.2085 ], [ 32.6895, 40.2085 ], [ 32.6895, 40.2086 ], [ 32.6895, 40.2086 ], [ 32.6896, 40.2087 ], [ 32.6896, 40.2087 ], [ 32.6895, 40.2092 ], [ 32.6895, 40.2092 ], [ 32.6895, 40.2093 ], [ 32.6895, 40.2093 ], [ 32.6895, 40.2093 ], [ 32.6894, 40.2093 ], [ 32.6897, 40.2095 ], [ 32.6903, 40.2096 ], [ 32.6905, 40.2095 ], [ 32.6903, 40.2092 ], [ 32.6902, 40.209 ], [ 32.6893, 40.2081 ], [ 32.6891, 40.2078 ], [ 32.6889, 40.2077 ], [ 32.6889, 40.2078 ], [ 32.6887, 40.2079 ], [ 32.6887, 40.208 ] ] ] ] } },
{ "type": "Feature", "properties": { "id": "sehirAtlasi.158", "kentAtlasiDegeriKodu": "12220", "kentAtlasiDegeri": "Diğer Yollar ve İlgili Alanlar", "gecirimsizlikKatmani": 0, "tucbsNo": "CBSGM_1_7984178", "aciklama": null, "gecerlilikBaslangici": "2019-02-11T00:00:00Z", "gecerlilikSonu": null, "gozlemTarihi": null, "hilucsAraziKullanimi": null, "hilucsDurumu": null, "olcek": "1:10000", "surumBaslangicZamani": null, "surumBitisZamani": null, "total_population": 0.0, "estimated_water_supply": 0.95063071535251753, "population_pressure": 0.0, "urban_water_stress_score": 0.0 }, "geometry": { "type": "MultiPolygon", "coordinates": [ [ [ [ 32.8135, 39.954 ], [ 32.8134, 39.954 ], [ 32.8134, 39.954 ], [ 32.8133, 39.954 ], [ 32.8133, 39.9542 ], [ 32.8128, 39.9541 ], [ 32.8128, 39.9541 ], [ 32.8127, 39.9541 ], [ 32.8127, 39.9541 ], [ 32.8127, 39.9541 ], [ 32.8127, 39.9543 ], [ 32.8123, 39.9543 ], [ 32.8115, 39.9543 ], [ 32.8115, 39.9544 ], [ 32.8115, 39.9544 ], [ 32.8123, 39.9544 ], [ 32.8123, 39.9544 ], [ 32.8127, 39.9543 ], [ 32.8127, 39.9543 ], [ 32.8127, 39.9543 ], [ 32.8127, 39.9543 ], [ 32.8128, 39.9542 ], [ 32.8133, 39.9542 ], [ 32.8133, 39.9542 ], [ 32.8133, 39.9542 ], [ 32.8134, 39.9542 ], [ 32.8134, 39.9542 ], [ 32.8134, 39.954 ], [ 32.8135, 39.954 ] ] ] ] } },
{ "type": "Feature", "properties": { "id": "sehirAtlasi.159", "kentAtlasiDegeriKodu": "12220", "kentAtlasiDegeri": "Diğer Yollar ve İlgili Alanlar", "gecirimsizlikKatmani": 0, "tucbsNo": "CBSGM_1_7984179", "aciklama": null, "gecerlilikBaslangici": "2019-02-11T00:00:00Z", "gecerlilikSonu": null, "gozlemTarihi": null, "hilucsAraziKullanimi": null, "hilucsDurumu": null, "olcek": "1:10000", "surumBaslangicZamani": null, "surumBitisZamani": null, "total_population": 0.0, "estimated_water_supply": 0.61869749064525914, "population_pressure": 0.0, "urban_water_stress_score": 0.0 }, "geometry": { "type": "MultiPolygon", "coordinates": [ [ [ [ 32.6579, 39.8274 ], [ 32.6579, 39.8274 ], [ 32.6578, 39.8274 ], [ 32.6575, 39.8292 ], [ 32.6575, 39.8292 ], [ 32.6575, 39.8292 ], [ 32.6575, 39.8292 ], [ 32.6575, 39.8292 ], [ 32.6576, 39.8292 ], [ 32.6576, 39.8292 ], [ 32.6576, 39.8292 ], [ 32.6579, 39.8274 ] ] ] ] } },
{ "type": "Feature", "properties": { "id": "sehirAtlasi.160", "kentAtlasiDegeriKodu": "12220", "kentAtlasiDegeri": "Diğer Yollar ve İlgili Alanlar", "gecirimsizlikKatmani": 0, "tucbsNo": "CBSGM_1_7984180", "aciklama": null, "gecerlilikBaslangici": "2019-02-11T00:00:00Z", "gecerlilikSonu": null, "gozlemTarihi": null, "hilucsAraziKullanimi": null, "hilucsDurumu": null, "olcek": "1:10000", "surumBaslangicZamani": null, "surumBitisZamani": null, "total_population": 0.0, "estimated_water_supply": 0.70913238780996335, "population_pressure": 0.0, "urban_water_stress_score": 0.0 }, "geometry": { "type": "MultiPolygon", "coordinates": [ [ [ [ 32.826, 39.8765 ], [ 32.826, 39.8765 ], [ 32.826, 39.8766 ], [ 32.826, 39.8766 ], [ 32.8273, 39.8768 ], [ 32.8274, 39.8768 ], [ 32.8275, 39.8769 ], [ 32.8279, 39.8773 ], [ 32.8279, 39.8772 ], [ 32.8279, 39.8772 ], [ 32.828, 39.8772 ], [ 32.8276, 39.8768 ], [ 32.8276, 39.8768 ], [ 32.8276, 39.8768 ], [ 32.8275, 39.8767 ], [ 32.8275, 39.8767 ], [ 32.8274, 39.8767 ], [ 32.8274, 39.8767 ], [ 32.8273, 39.8767 ], [ 32.8273, 39.8767 ], [ 32.826, 39.8765 ] ] ] ] } },
{ "type": "Feature", "properties": { "id": "sehirAtlasi.161", "kentAtlasiDegeriKodu": "12220", "kentAtlasiDegeri": "Diğer Yollar ve İlgili Alanlar", "gecirimsizlikKatmani": 0, "tucbsNo": "CBSGM_1_7984181", "aciklama": null, "gecerlilikBaslangici": "2019-02-04T00:00:00Z", "gecerlilikSonu": null, "gozlemTarihi": null, "hilucsAraziKullanimi": null, "hilucsDurumu": null, "olcek": "1:10000", "surumBaslangicZamani": null, "surumBitisZamani": null, "total_population": 0.0, "estimated_water_supply": 1.0927640796608145, "population_pressure": 0.0, "urban_water_stress_score": 0.0 }, "geometry": { "type": "MultiPolygon", "coordinates": [ [ [ [ 32.7003, 39.9596 ], [ 32.7002, 39.9596 ], [ 32.7002, 39.9596 ], [ 32.7006, 39.9598 ], [ 32.7006, 39.9598 ], [ 32.7004, 39.9601 ], [ 32.7004, 39.9602 ], [ 32.7004, 39.9602 ], [ 32.7004, 39.9602 ], [ 32.7004, 39.9602 ], [ 32.7004, 39.9602 ], [ 32.7004, 39.9602 ], [ 32.7004, 39.9602 ], [ 32.7006, 39.9599 ], [ 32.701, 39.96 ], [ 32.701, 39.96 ], [ 32.7009, 39.9601 ], [ 32.7008, 39.9601 ], [ 32.7008, 39.9601 ], [ 32.7008, 39.9602 ], [ 32.7009, 39.9602 ], [ 32.7009, 39.9602 ], [ 32.7009, 39.9602 ], [ 32.7009, 39.9602 ], [ 32.7011, 39.96 ], [ 32.7011, 39.96 ], [ 32.7011, 39.96 ], [ 32.7011, 39.96 ], [ 32.701, 39.96 ], [ 32.701, 39.96 ], [ 32.701, 39.9599 ], [ 32.701, 39.9599 ], [ 32.7007, 39.9598 ], [ 32.7007, 39.9598 ], [ 32.7009, 39.9595 ], [ 32.7009, 39.9595 ], [ 32.7009, 39.9595 ], [ 32.7009, 39.9595 ], [ 32.7009, 39.9595 ], [ 32.7009, 39.9594 ], [ 32.7009, 39.9594 ], [ 32.7009, 39.9593 ], [ 32.7009, 39.9593 ], [ 32.7009, 39.9593 ], [ 32.7008, 39.9593 ], [ 32.7008, 39.9593 ], [ 32.7008, 39.9593 ], [ 32.7008, 39.9593 ], [ 32.7008, 39.9594 ], [ 32.7008, 39.9594 ], [ 32.7008, 39.9595 ], [ 32.7008, 39.9595 ], [ 32.7006, 39.9597 ], [ 32.7003, 39.9596 ] ] ] ] } },
{ "type": "Feature", "properties": { "id": "sehirAtlasi.162", "kentAtlasiDegeriKodu": "50000", "kentAtlasiDegeri": "Su Alanları", "gecirimsizlikKatmani": 0, "tucbsNo": "CBSGM_1_8761383", "aciklama": null, "gecerlilikBaslangici": "2019-04-10T00:00:00Z", "gecerlilikSonu": null, "gozlemTarihi": null, "hilucsAraziKullanimi": null, "hilucsDurumu": null, "olcek": "1:10000", "surumBaslangicZamani": null, "surumBitisZamani": null, "total_population": 0.0, "estimated_water_supply": 0.44444824803836364, "population_pressure": 0.0, "urban_water_stress_score": 0.0 }, "geometry": { "type": "MultiPolygon", "coordinates": [ [ [ [ 31.674, 36.6462 ], [ 31.6739, 36.6462 ], [ 31.6736, 36.646 ], [ 31.6735, 36.6458 ], [ 31.6732, 36.6456 ], [ 31.673, 36.6456 ], [ 31.673, 36.6455 ], [ 31.6727, 36.6453 ], [ 31.6725, 36.645 ], [ 31.6724, 36.6447 ], [ 31.6724, 36.6451 ], [ 31.6726, 36.6455 ], [ 31.6729, 36.6456 ], [ 31.673, 36.6457 ], [ 31.6732, 36.6458 ], [ 31.6734, 36.6459 ], [ 31.6736, 36.6461 ], [ 31.6739, 36.6462 ], [ 31.674, 36.6462 ] ] ] ] } },
{ "type": "Feature", "properties": { "id": "sehirAtlasi.163", "kentAtlasiDegeriKodu": "13400", "kentAtlasiDegeri": "Mevcut Kullanımı Olmayan Alanlar", "gecirimsizlikKatmani": 0, "tucbsNo": "CBSGM_1_7984182", "aciklama": null, "gecerlilikBaslangici": "2019-02-07T00:00:00Z", "gecerlilikSonu": null, "gozlemTarihi": null, "hilucsAraziKullanimi": null, "hilucsDurumu": null, "olcek": "1:10000", "surumBaslangicZamani": null, "surumBitisZamani": null, "total_population": 0.0, "estimated_water_supply": 1.2214894005679193, "population_pressure": 0.0, "urban_water_stress_score": 0.0 }, "geometry": { "type": "MultiPolygon", "coordinates": [ [ [ [ 32.9201, 39.9565 ], [ 32.9203, 39.9565 ], [ 32.9204, 39.9565 ], [ 32.9204, 39.9564 ], [ 32.9204, 39.9564 ], [ 32.9204, 39.9563 ], [ 32.9201, 39.9561 ], [ 32.9201, 39.9565 ], [ 32.9201, 39.9565 ] ] ] ] } },
{ "type": "Feature", "properties": { "id": "sehirAtlasi.164", "kentAtlasiDegeriKodu": "50000", "kentAtlasiDegeri": "Su Alanları", "gecirimsizlikKatmani": 0, "tucbsNo": "CBSGM_1_8761384", "aciklama": null, "gecerlilikBaslangici": "2019-04-10T00:00:00Z", "gecerlilikSonu": null, "gozlemTarihi": null, "hilucsAraziKullanimi": null, "hilucsDurumu": null, "olcek": "1:10000", "surumBaslangicZamani": null, "surumBitisZamani": null, "total_population": 0.0, "estimated_water_supply": 0.4508094511042347, "population_pressure": 0.0, "urban_water_stress_score": 0.0 }, "geometry": { "type": "MultiPolygon", "coordinates": [ [ [ [ 31.6834, 36.6486 ], [ 31.6839, 36.6484 ], [ 31.684, 36.6484 ], [ 31.684, 36.6484 ], [ 31.6841, 36.6485 ], [ 31.6842, 36.6486 ], [ 31.6842, 36.6487 ], [ 31.6842, 36.6486 ], [ 31.6842, 36.6485 ], [ 31.6841, 36.6485 ], [ 31.684, 36.6484 ], [ 31.6839, 36.6484 ], [ 31.6834, 36.6486 ] ] ] ] } },
{ "type": "Feature", "properties": { "id": "sehirAtlasi.165", "kentAtlasiDegeriKodu": "50000", "kentAtlasiDegeri": "Su Alanları", "gecirimsizlikKatmani": 0, "tucbsNo": "CBSGM_1_8761386", "aciklama": null, "gecerlilikBaslangici": "2019-04-10T00:00:00Z", "gecerlilikSonu": null, "gozlemTarihi": null, "hilucsAraziKullanimi": null, "hilucsDurumu": null, "olcek": "1:10000", "surumBaslangicZamani": null, "surumBitisZamani": null, "total_population": 0.0, "estimated_water_supply": 0.46453758806965462, "population_pressure": 0.0, "urban_water_stress_score": 0.0 }, "geometry": { "type": "MultiPolygon", "coordinates": [ [ [ [ 31.7084, 36.6425 ], [ 31.7085, 36.6424 ], [ 31.7088, 36.6423 ], [ 31.7088, 36.6423 ], [ 31.7085, 36.6424 ], [ 31.7084, 36.6425 ] ] ] ] } },
{ "type": "Feature", "properties": { "id": "sehirAtlasi.166", "kentAtlasiDegeriKodu": "50000", "kentAtlasiDegeri": "Su Alanları", "gecirimsizlikKatmani": 0, "tucbsNo": "CBSGM_1_8761387", "aciklama": null, "gecerlilikBaslangici": "2019-04-10T00:00:00Z", "gecerlilikSonu": null, "gozlemTarihi": null, "hilucsAraziKullanimi": null, "hilucsDurumu": null, "olcek": "1:10000", "surumBaslangicZamani": null, "surumBitisZamani": null, "total_population": 0.0, "estimated_water_supply": 0.46644712292466023, "population_pressure": 0.0, "urban_water_stress_score": 0.0 }, "geometry": { "type": "MultiPolygon", "coordinates": [ [ [ [ 31.7121, 36.6427 ], [ 31.7119, 36.6427 ], [ 31.7119, 36.6431 ], [ 31.7121, 36.643 ], [ 31.7121, 36.6427 ] ] ] ] } },
{ "type": "Feature", "properties": { "id": "sehirAtlasi.167", "kentAtlasiDegeriKodu": "13400", "kentAtlasiDegeri": "Mevcut Kullanımı Olmayan Alanlar", "gecirimsizlikKatmani": 1, "tucbsNo": "CBSGM_1_7984183", "aciklama": null, "gecerlilikBaslangici": "2019-02-13T00:00:00Z", "gecerlilikSonu": null, "gozlemTarihi": null, "hilucsAraziKullanimi": null, "hilucsDurumu": null, "olcek": "1:10000", "surumBaslangicZamani": null, "surumBitisZamani": null, "total_population": 0.0, "estimated_water_supply": 0.65693675454457012, "population_pressure": 0.0, "urban_water_stress_score": 0.0 }, "geometry": { "type": "MultiPolygon", "coordinates": [ [ [ [ 32.854, 39.8526 ], [ 32.8538, 39.8536 ], [ 32.8544, 39.8537 ], [ 32.8546, 39.8527 ], [ 32.854, 39.8527 ], [ 32.854, 39.8526 ] ] ] ] } },
{ "type": "Feature", "properties": { "id": "sehirAtlasi.168", "kentAtlasiDegeriKodu": "11210", "kentAtlasiDegeri": "Yüksek Yoğunluklu Süreksiz Kentsel Alan (50% - 80%)", "gecirimsizlikKatmani": 0, "tucbsNo": "CBSGM_1_7984184", "aciklama": null, "gecerlilikBaslangici": "2019-02-18T00:00:00Z", "gecerlilikSonu": null, "gozlemTarihi": null, "hilucsAraziKullanimi": null, "hilucsDurumu": null, "olcek": "1:10000", "surumBaslangicZamani": null, "surumBitisZamani": null, "total_population": 0.0, "estimated_water_supply": 1.1977020322131633, "population_pressure": 0.0, "urban_water_stress_score": 0.0 }, "geometry": { "type": "MultiPolygon", "coordinates": [ [ [ [ 32.9218, 39.9598 ], [ 32.921, 39.9596 ], [ 32.921, 39.9596 ], [ 32.9205, 39.9595 ], [ 32.9202, 39.9594 ], [ 32.9201, 39.9598 ], [ 32.9218, 39.9599 ], [ 32.9218, 39.9598 ] ] ] ] } },
{ "type": "Feature", "properties": { "id": "sehirAtlasi.169", "kentAtlasiDegeriKodu": "12150", "kentAtlasiDegeri": "Eğitim Alanları", "gecirimsizlikKatmani": 43, "tucbsNo": "CBSGM_1_7984185", "aciklama": null, "gecerlilikBaslangici": "2019-05-24T00:00:00Z", "gecerlilikSonu": null, "gozlemTarihi": null, "hilucsAraziKullanimi": null, "hilucsDurumu": null, "olcek": "1:10000", "surumBaslangicZamani": null, "surumBitisZamani": null, "total_population": 0.0, "estimated_water_supply": 0.56291663214801591, "population_pressure": 0.0, "urban_water_stress_score": 0.0 }, "geometry": { "type": "MultiPolygon", "coordinates": [ [ [ [ 32.8106, 39.79 ], [ 32.8108, 39.7899 ], [ 32.8113, 39.7903 ], [ 32.811, 39.7904 ], [ 32.8115, 39.7902 ], [ 32.8119, 39.79 ], [ 32.8116, 39.7895 ], [ 32.8112, 39.7897 ], [ 32.8106, 39.79 ] ] ] ] } },
{ "type": "Feature", "properties": { "id": "sehirAtlasi.170", "kentAtlasiDegeriKodu": "12120", "kentAtlasiDegeri": "Ticaret Alanları", "gecirimsizlikKatmani": 7, "tucbsNo": "CBSGM_1_7984186", "aciklama": null, "gecerlilikBaslangici": "2019-06-10T00:00:00Z", "gecerlilikSonu": null, "gozlemTarihi": null, "hilucsAraziKullanimi": null, "hilucsDurumu": null, "olcek": "1:10000", "surumBaslangicZamani": null, "surumBitisZamani": null, "total_population": 0.0, "estimated_water_supply": 0.86452177418426168, "population_pressure": 0.0, "urban_water_stress_score": 0.0 }, "geometry": { "type": "MultiPolygon", "coordinates": [ [ [ [ 32.6474, 39.9084 ], [ 32.6481, 39.9098 ], [ 32.6488, 39.9096 ], [ 32.6486, 39.9091 ], [ 32.6483, 39.9087 ], [ 32.6482, 39.9083 ], [ 32.6474, 39.9084 ] ] ] ] } },
{ "type": "Feature", "properties": { "id": "sehirAtlasi.171", "kentAtlasiDegeriKodu": "12110", "kentAtlasiDegeri": "Sanayi ve Üretim Alanları", "gecirimsizlikKatmani": 48, "tucbsNo": "CBSGM_1_7984187", "aciklama": null, "gecerlilikBaslangici": "2019-05-23T00:00:00Z", "gecerlilikSonu": null, "gozlemTarihi": null, "hilucsAraziKullanimi": null, "hilucsDurumu": null, "olcek": "1:10000", "surumBaslangicZamani": null, "surumBitisZamani": null, "total_population": 0.0, "estimated_water_supply": 1.1626076193080679, "population_pressure": 0.0, "urban_water_stress_score": 0.0 }, "geometry": { "type": "MultiPolygon", "coordinates": [ [ [ [ 32.7406, 39.9867 ], [ 32.7401, 39.9863 ], [ 32.739, 39.987 ], [ 32.7395, 39.9874 ], [ 32.7406, 39.9867 ] ] ] ] } },
{ "type": "Feature", "properties": { "id": "sehirAtlasi.172", "kentAtlasiDegeriKodu": "11100", "kentAtlasiDegeri": "Sürekli Kentsel Alan (> 80%)", "gecirimsizlikKatmani": 42, "tucbsNo": "CBSGM_1_7984188", "aciklama": null, "gecerlilikBaslangici": "2019-02-05T00:00:00Z", "gecerlilikSonu": null, "gozlemTarihi": null, "hilucsAraziKullanimi": null, "hilucsDurumu": null, "olcek": "1:10000", "surumBaslangicZamani": null, "surumBitisZamani": null, "total_population": 0.0, "estimated_water_supply": 1.054313611208022, "population_pressure": 0.0, "urban_water_stress_score": 0.0 }, "geometry": { "type": "MultiPolygon", "coordinates": [ [ [ [ 32.6483, 39.9461 ], [ 32.6482, 39.9454 ], [ 32.6482, 39.9454 ], [ 32.6478, 39.9455 ], [ 32.6478, 39.9455 ], [ 32.6478, 39.9455 ], [ 32.6475, 39.9455 ], [ 32.6476, 39.9459 ], [ 32.6476, 39.9459 ], [ 32.6475, 39.9459 ], [ 32.6475, 39.946 ], [ 32.6483, 39.9461 ], [ 32.6483, 39.9461 ] ] ] ] } },
{ "type": "Feature", "properties": { "id": "sehirAtlasi.173", "kentAtlasiDegeriKodu": "11100", "kentAtlasiDegeri": "Sürekli Kentsel Alan (> 80%)", "gecirimsizlikKatmani": 50, "tucbsNo": "CBSGM_1_7984189", "aciklama": null, "gecerlilikBaslangici": "2019-02-05T00:00:00Z", "gecerlilikSonu": null, "gozlemTarihi": null, "hilucsAraziKullanimi": null, "hilucsDurumu": null, "olcek": "1:10000", "surumBaslangicZamani": null, "surumBitisZamani": null, "total_population": 0.0, "estimated_water_supply": 1.0974056135510299, "population_pressure": 0.0, "urban_water_stress_score": 0.0 }, "geometry": { "type": "MultiPolygon", "coordinates": [ [ [ [ 32.6477, 39.9516 ], [ 32.6483, 39.9514 ], [ 32.6483, 39.9515 ], [ 32.6481, 39.9505 ], [ 32.6476, 39.9506 ], [ 32.6478, 39.9516 ], [ 32.6477, 39.9516 ] ] ] ] } },
{ "type": "Feature", "properties": { "id": "sehirAtlasi.174", "kentAtlasiDegeriKodu": "11210", "kentAtlasiDegeri": "Yüksek Yoğunluklu Süreksiz Kentsel Alan (50% - 80%)", "gecirimsizlikKatmani": 38, "tucbsNo": "CBSGM_1_7984190", "aciklama": null, "gecerlilikBaslangici": "2019-02-13T00:00:00Z", "gecerlilikSonu": null, "gozlemTarihi": null, "hilucsAraziKullanimi": null, "hilucsDurumu": null, "olcek": "1:10000", "surumBaslangicZamani": null, "surumBitisZamani": null, "total_population": 0.0, "estimated_water_supply": 0.93515720027512261, "population_pressure": 0.0, "urban_water_stress_score": 0.0 }, "geometry": { "type": "MultiPolygon", "coordinates": [ [ [ [ 32.8135, 39.9425 ], [ 32.8129, 39.9424 ], [ 32.8129, 39.9424 ], [ 32.8123, 39.9437 ], [ 32.8129, 39.9439 ], [ 32.8135, 39.9425 ] ] ] ] } },
{ "type": "Feature", "properties": { "id": "sehirAtlasi.175", "kentAtlasiDegeriKodu": "14100", "kentAtlasiDegeri": "Kent İçindeki Yeşil Alanlar ( Pasif )", "gecirimsizlikKatmani": 0, "tucbsNo": "CBSGM_1_7984191", "aciklama": null, "gecerlilikBaslangici": "2020-01-04T00:00:00Z", "gecerlilikSonu": null, "gozlemTarihi": null, "hilucsAraziKullanimi": null, "hilucsDurumu": null, "olcek": "1:10000", "surumBaslangicZamani": null, "surumBitisZamani": null, "total_population": 0.0, "estimated_water_supply": 1.0952098581464078, "population_pressure": 0.0, "urban_water_stress_score": 0.0 }, "geometry": { "type": "MultiPolygon", "coordinates": [ [ [ [ 32.7397, 39.9729 ], [ 32.7397, 39.9729 ], [ 32.7396, 39.9729 ], [ 32.7393, 39.9734 ], [ 32.7393, 39.9734 ], [ 32.7393, 39.9734 ], [ 32.7392, 39.9735 ], [ 32.7393, 39.9735 ], [ 32.7393, 39.9734 ], [ 32.7393, 39.9734 ], [ 32.7397, 39.9729 ], [ 32.7397, 39.9729 ] ] ] ] } },
{ "type": "Feature", "properties": { "id": "sehirAtlasi.176", "kentAtlasiDegeriKodu": "11100", "kentAtlasiDegeri": "Sürekli Kentsel Alan (> 80%)", "gecirimsizlikKatmani": 41, "tucbsNo": "CBSGM_1_7984192", "aciklama": null, "gecerlilikBaslangici": "2019-02-20T00:00:00Z", "gecerlilikSonu": null, "gozlemTarihi": null, "hilucsAraziKullanimi": null, "hilucsDurumu": null, "olcek": "1:10000", "surumBaslangicZamani": null, "surumBitisZamani": null, "total_population": 0.0, "estimated_water_supply": 1.1651951888496959, "population_pressure": 0.0, "urban_water_stress_score": 0.0 }, "geometry": { "type": "MultiPolygon", "coordinates": [ [ [ [ 32.8135, 39.9863 ], [ 32.8127, 39.9857 ], [ 32.8123, 39.9859 ], [ 32.8126, 39.9861 ], [ 32.8126, 39.9861 ], [ 32.8128, 39.9862 ], [ 32.8128, 39.9862 ], [ 32.8132, 39.9865 ], [ 32.8135, 39.9863 ] ] ] ] } },
{ "type": "Feature", "properties": { "id": "sehirAtlasi.177", "kentAtlasiDegeriKodu": "11100", "kentAtlasiDegeri": "Sürekli Kentsel Alan (> 80%)", "gecirimsizlikKatmani": 80, "tucbsNo": "CBSGM_1_7984193", "aciklama": null, "gecerlilikBaslangici": "2019-02-05T00:00:00Z", "gecerlilikSonu": null, "gozlemTarihi": null, "hilucsAraziKullanimi": null, "hilucsDurumu": null, "olcek": "1:10000", "surumBaslangicZamani": null, "surumBitisZamani": null, "total_population": 0.0, "estimated_water_supply": 0.96024231416673644, "population_pressure": 0.0, "urban_water_stress_score": 0.0 }, "geometry": { "type": "MultiPolygon", "coordinates": [ [ [ [ 32.6491, 39.9329 ], [ 32.6487, 39.9325 ], [ 32.6477, 39.9331 ], [ 32.648, 39.9334 ], [ 32.6485, 39.9332 ], [ 32.6491, 39.9329 ] ] ] ] } },
{ "type": "Feature", "properties": { "id": "sehirAtlasi.178", "kentAtlasiDegeriKodu": "11230", "kentAtlasiDegeri": "Düşük Yoğunluklu Süreksiz Kentsel Alan (10% - 30%)", "gecirimsizlikKatmani": 13, "tucbsNo": "CBSGM_1_7984194", "aciklama": null, "gecerlilikBaslangici": "2019-02-06T00:00:00Z", "gecerlilikSonu": null, "gozlemTarihi": null, "hilucsAraziKullanimi": null, "hilucsDurumu": null, "olcek": "1:10000", "surumBaslangicZamani": null, "surumBitisZamani": null, "total_population": 0.0, "estimated_water_supply": 0.77774035016007392, "population_pressure": 0.0, "urban_water_stress_score": 0.0 }, "geometry": { "type": "MultiPolygon", "coordinates": [ [ [ [ 32.6491, 39.89 ], [ 32.6493, 39.8898 ], [ 32.6493, 39.8897 ], [ 32.6491, 39.8893 ], [ 32.6491, 39.8893 ], [ 32.6491, 39.8893 ], [ 32.649, 39.8892 ], [ 32.6486, 39.8892 ], [ 32.6486, 39.8892 ], [ 32.6484, 39.8892 ], [ 32.6479, 39.8891 ], [ 32.6478, 39.8892 ], [ 32.6478, 39.8892 ], [ 32.6477, 39.8898 ], [ 32.6482, 39.8899 ], [ 32.6491, 39.89 ], [ 32.6491, 39.89 ] ] ] ] } },
{ "type": "Feature", "properties": { "id": "sehirAtlasi.179", "kentAtlasiDegeriKodu": "11230", "kentAtlasiDegeri": "Düşük Yoğunluklu Süreksiz Kentsel Alan (10% - 30%)", "gecirimsizlikKatmani": 21, "tucbsNo": "CBSGM_1_7984375", "aciklama": null, "gecerlilikBaslangici": "2019-02-05T00:00:00Z", "gecerlilikSonu": null, "gozlemTarihi": null, "hilucsAraziKullanimi": null, "hilucsDurumu": null, "olcek": "1:10000", "surumBaslangicZamani": null, "surumBitisZamani": null, "total_population": 0.0, "estimated_water_supply": 1.2759949739162386, "population_pressure": 0.0, "urban_water_stress_score": 0.0 }, "geometry": { "type": "MultiPolygon", "coordinates": [ [ [ [ 32.5974, 39.9876 ], [ 32.5962, 39.9874 ], [ 32.5961, 39.9879 ], [ 32.597, 39.9881 ], [ 32.5974, 39.9876 ] ] ] ] } },
{ "type": "Feature", "properties": { "id": "sehirAtlasi.180", "kentAtlasiDegeriKodu": "12150", "kentAtlasiDegeri": "Eğitim Alanları", "gecirimsizlikKatmani": 33, "tucbsNo": "CBSGM_1_7984376", "aciklama": null, "gecerlilikBaslangici": "2019-05-29T00:00:00Z", "gecerlilikSonu": null, "gozlemTarihi": null, "hilucsAraziKullanimi": null, "hilucsDurumu": null, "olcek": "1:10000", "surumBaslangicZamani": null, "surumBitisZamani": null, "total_population": 0.0, "estimated_water_supply": 1.1786834875103671, "population_pressure": 0.0, "urban_water_stress_score": 0.0 }, "geometry": { "type": "MultiPolygon", "coordinates": [ [ [ [ 32.7085, 39.9808 ], [ 32.7081, 39.9808 ], [ 32.7079, 39.9815 ], [ 32.7083, 39.9815 ], [ 32.7085, 39.9808 ] ] ] ] } },
{ "type": "Feature", "properties": { "id": "sehirAtlasi.181", "kentAtlasiDegeriKodu": "14100", "kentAtlasiDegeri": "Kent İçindeki Yeşil Alanlar ( Pasif )", "gecirimsizlikKatmani": 0, "tucbsNo": "CBSGM_1_7984377", "aciklama": null, "gecerlilikBaslangici": "2020-01-03T00:00:00Z", "gecerlilikSonu": null, "gozlemTarihi": null, "hilucsAraziKullanimi": null, "hilucsDurumu": null, "olcek": "1:10000", "surumBaslangicZamani": null, "surumBitisZamani": null, "total_population": 0.0, "estimated_water_supply": 0.77498196616402393, "population_pressure": 0.0, "urban_water_stress_score": 0.0 }, "geometry": { "type": "MultiPolygon", "coordinates": [ [ [ [ 32.7667, 39.9081 ], [ 32.7667, 39.9081 ], [ 32.7648, 39.908 ], [ 32.764, 39.908 ], [ 32.7639, 39.908 ], [ 32.764, 39.908 ], [ 32.764, 39.9082 ], [ 32.7641, 39.9083 ], [ 32.7642, 39.9084 ], [ 32.7643, 39.9085 ], [ 32.7644, 39.9085 ], [ 32.7645, 39.9085 ], [ 32.7646, 39.9085 ], [ 32.7646, 39.9085 ], [ 32.7645, 39.9085 ], [ 32.7644, 39.9085 ], [ 32.7644, 39.9085 ], [ 32.7644, 39.9085 ], [ 32.7643, 39.9084 ], [ 32.7643, 39.9084 ], [ 32.7642, 39.9083 ], [ 32.7642, 39.9083 ], [ 32.7641, 39.9082 ], [ 32.7641, 39.9082 ], [ 32.7641, 39.9081 ], [ 32.7641, 39.908 ], [ 32.7642, 39.908 ], [ 32.7642, 39.9081 ], [ 32.7642, 39.9082 ], [ 32.7643, 39.9083 ], [ 32.7643, 39.9084 ], [ 32.7644, 39.9084 ], [ 32.7645, 39.9084 ], [ 32.7646, 39.9085 ], [ 32.7647, 39.9085 ], [ 32.7648, 39.9085 ], [ 32.7649, 39.9085 ], [ 32.765, 39.9084 ], [ 32.7651, 39.9084 ], [ 32.7651, 39.9083 ], [ 32.7651, 39.9083 ], [ 32.7652, 39.9082 ], [ 32.7652, 39.9082 ], [ 32.7652, 39.9081 ], [ 32.7652, 39.9081 ], [ 32.7651, 39.908 ], [ 32.7649, 39.908 ], [ 32.7652, 39.908 ], [ 32.7652, 39.908 ], [ 32.7652, 39.9081 ], [ 32.7652, 39.9081 ], [ 32.7653, 39.9081 ], [ 32.7653, 39.9081 ], [ 32.7653, 39.9082 ], [ 32.7653, 39.9082 ], [ 32.7653, 39.9082 ], [ 32.7653, 39.9083 ], [ 32.7653, 39.9083 ], [ 32.7652, 39.9083 ], [ 32.7652, 39.9083 ], [ 32.7652, 39.9084 ], [ 32.7652, 39.9084 ], [ 32.7651, 39.9084 ], [ 32.7651, 39.9084 ], [ 32.765, 39.9085 ], [ 32.765, 39.9085 ], [ 32.7654, 39.9084 ], [ 32.7658, 39.9083 ], [ 32.7662, 39.9081 ], [ 32.7666, 39.9081 ], [ 32.7667, 39.9081 ] ] ] ] } },
{ "type": "Feature", "properties": { "id": "sehirAtlasi.182", "kentAtlasiDegeriKodu": "12170", "kentAtlasiDegeri": "İbadethane Alanları", "gecirimsizlikKatmani": 19, "tucbsNo": "CBSGM_1_338824", "aciklama": null, "gecerlilikBaslangici": "2019-02-18T00:00:00Z", "gecerlilikSonu": null, "gozlemTarihi": null, "hilucsAraziKullanimi": null, "hilucsDurumu": null, "olcek": "1:10000", "surumBaslangicZamani": null, "surumBitisZamani": null, "total_population": 0.0, "estimated_water_supply": 2.3923578495339317, "population_pressure": 0.0, "urban_water_stress_score": 0.0 }, "geometry": { "type": "MultiPolygon", "coordinates": [ [ [ [ 32.6842, 40.207 ], [ 32.6843, 40.207 ], [ 32.6843, 40.207 ], [ 32.6843, 40.207 ], [ 32.6843, 40.207 ], [ 32.6849, 40.2071 ], [ 32.685, 40.2071 ], [ 32.685, 40.2071 ], [ 32.685, 40.2071 ], [ 32.685, 40.2071 ], [ 32.685, 40.2071 ], [ 32.6849, 40.2071 ], [ 32.6849, 40.2071 ], [ 32.6843, 40.207 ], [ 32.6847, 40.2075 ], [ 32.6849, 40.2074 ], [ 32.685, 40.2076 ], [ 32.6856, 40.2072 ], [ 32.685, 40.2068 ], [ 32.6845, 40.2066 ], [ 32.6842, 40.207 ] ] ] ] } },
{ "type": "Feature", "properties": { "id": "sehirAtlasi.183", "kentAtlasiDegeriKodu": "11240", "kentAtlasiDegeri": "Çok Düşük Yoğunluklu Süreksiz Kentsel Alan (< 10%)", "gecirimsizlikKatmani": 6, "tucbsNo": "CBSGM_1_7984378", "aciklama": null, "gecerlilikBaslangici": "2019-02-11T00:00:00Z", "gecerlilikSonu": null, "gozlemTarihi": null, "hilucsAraziKullanimi": null, "hilucsDurumu": null, "olcek": "1:10000", "surumBaslangicZamani": null, "surumBitisZamani": null, "total_population": 0.0, "estimated_water_supply": 1.1683211968811125, "population_pressure": 0.0, "urban_water_stress_score": 0.0 }, "geometry": { "type": "MultiPolygon", "coordinates": [ [ [ [ 32.7713, 39.9827 ], [ 32.7714, 39.983 ], [ 32.7714, 39.9831 ], [ 32.7714, 39.9838 ], [ 32.7714, 39.9843 ], [ 32.7715, 39.9846 ], [ 32.7715, 39.9846 ], [ 32.7715, 39.9848 ], [ 32.7722, 39.9848 ], [ 32.7722, 39.9846 ], [ 32.7722, 39.9841 ], [ 32.7722, 39.9841 ], [ 32.7722, 39.9841 ], [ 32.7722, 39.9831 ], [ 32.7722, 39.9831 ], [ 32.7723, 39.9826 ], [ 32.7714, 39.9826 ], [ 32.7713, 39.9826 ], [ 32.7713, 39.9827 ] ] ] ] } },
{ "type": "Feature", "properties": { "id": "sehirAtlasi.184", "kentAtlasiDegeriKodu": "11210", "kentAtlasiDegeri": "Yüksek Yoğunluklu Süreksiz Kentsel Alan (50% - 80%)", "gecirimsizlikKatmani": 40, "tucbsNo": "CBSGM_1_7984379", "aciklama": null, "gecerlilikBaslangici": "2019-02-06T00:00:00Z", "gecerlilikSonu": null, "gozlemTarihi": null, "hilucsAraziKullanimi": null, "hilucsDurumu": null, "olcek": "1:10000", "surumBaslangicZamani": null, "surumBitisZamani": null, "total_population": 0.0, "estimated_water_supply": 1.1072348041211248, "population_pressure": 0.0, "urban_water_stress_score": 0.0 }, "geometry": { "type": "MultiPolygon", "coordinates": [ [ [ [ 32.8987, 39.9452 ], [ 32.8985, 39.9451 ], [ 32.8985, 39.9451 ], [ 32.8985, 39.9451 ], [ 32.8983, 39.9451 ], [ 32.8983, 39.9451 ], [ 32.8982, 39.945 ], [ 32.8979, 39.9451 ], [ 32.8978, 39.9451 ], [ 32.8976, 39.9452 ], [ 32.898, 39.9456 ], [ 32.8983, 39.9458 ], [ 32.8986, 39.946 ], [ 32.8987, 39.9457 ], [ 32.8987, 39.9452 ] ] ] ] } },
{ "type": "Feature", "properties": { "id": "sehirAtlasi.185", "kentAtlasiDegeriKodu": "11230", "kentAtlasiDegeri": "Düşük Yoğunluklu Süreksiz Kentsel Alan (10% - 30%)", "gecirimsizlikKatmani": 13, "tucbsNo": "CBSGM_1_7984380", "aciklama": null, "gecerlilikBaslangici": "2019-02-12T00:00:00Z", "gecerlilikSonu": null, "gozlemTarihi": null, "hilucsAraziKullanimi": null, "hilucsDurumu": null, "olcek": "1:10000", "surumBaslangicZamani": null, "surumBitisZamani": null, "total_population": 0.0, "estimated_water_supply": 1.3260409453606676, "population_pressure": 0.0, "urban_water_stress_score": 0.0 }, "geometry": { "type": "MultiPolygon", "coordinates": [ [ [ [ 32.7739, 40.0377 ], [ 32.7738, 40.0374 ], [ 32.7738, 40.0374 ], [ 32.7738, 40.0374 ], [ 32.7739, 40.0373 ], [ 32.7738, 40.0371 ], [ 32.7735, 40.0372 ], [ 32.7734, 40.0372 ], [ 32.7731, 40.0372 ], [ 32.7732, 40.0376 ], [ 32.7733, 40.0377 ], [ 32.7736, 40.0377 ], [ 32.7739, 40.0377 ] ] ] ] } },
{ "type": "Feature", "properties": { "id": "sehirAtlasi.186", "kentAtlasiDegeriKodu": "14120", "kentAtlasiDegeri": "Kent İçindeki Yeşil Alanlar ( Aktif )", "gecirimsizlikKatmani": 0, "tucbsNo": "CBSGM_1_7984381", "aciklama": null, "gecerlilikBaslangici": "2019-02-07T00:00:00Z", "gecerlilikSonu": null, "gozlemTarihi": null, "hilucsAraziKullanimi": null, "hilucsDurumu": null, "olcek": "1:10000", "surumBaslangicZamani": null, "surumBitisZamani": null, "total_population": 0.0, "estimated_water_supply": 1.1877269287016747, "population_pressure": 0.0, "urban_water_stress_score": 0.0 }, "geometry": { "type": "MultiPolygon", "coordinates": [ [ [ [ 32.9555, 39.9714 ], [ 32.956, 39.9714 ], [ 32.9562, 39.9713 ], [ 32.9564, 39.971 ], [ 32.9564, 39.971 ], [ 32.9566, 39.9707 ], [ 32.9566, 39.9706 ], [ 32.9563, 39.9705 ], [ 32.9563, 39.9705 ], [ 32.9563, 39.9705 ], [ 32.9558, 39.9703 ], [ 32.9558, 39.9703 ], [ 32.9558, 39.9704 ], [ 32.9556, 39.9709 ], [ 32.9556, 39.9709 ], [ 32.9555, 39.9713 ], [ 32.9555, 39.9714 ] ] ] ] } },
{ "type": "Feature", "properties": { "id": "sehirAtlasi.187", "kentAtlasiDegeriKodu": "11210", "kentAtlasiDegeri": "Yüksek Yoğunluklu Süreksiz Kentsel Alan (50% - 80%)", "gecirimsizlikKatmani": 38, "tucbsNo": "CBSGM_1_338826", "aciklama": null, "gecerlilikBaslangici": "2019-02-18T00:00:00Z", "gecerlilikSonu": null, "gozlemTarihi": null, "hilucsAraziKullanimi": null, "hilucsDurumu": null, "olcek": "1:10000", "surumBaslangicZamani": null, "surumBitisZamani": null, "total_population": 0.0, "estimated_water_supply": 2.4091549961983363, "population_pressure": 0.0, "urban_water_stress_score": 0.0 }, "geometry": { "type": "MultiPolygon", "coordinates": [ [ [ [ 32.6842, 40.2145 ], [ 32.6845, 40.2147 ], [ 32.685, 40.2143 ], [ 32.6848, 40.2141 ], [ 32.6842, 40.2145 ] ] ] ] } },
{ "type": "Feature", "properties": { "id": "sehirAtlasi.188", "kentAtlasiDegeriKodu": "11100", "kentAtlasiDegeri": "Sürekli Kentsel Alan (> 80%)", "gecirimsizlikKatmani": 43, "tucbsNo": "CBSGM_1_7984382", "aciklama": null, "gecerlilikBaslangici": "2019-02-07T00:00:00Z", "gecerlilikSonu": null, "gozlemTarihi": null, "hilucsAraziKullanimi": null, "hilucsDurumu": null, "olcek": "1:10000", "surumBaslangicZamani": null, "surumBitisZamani": null, "total_population": 0.0, "estimated_water_supply": 1.2151408006297264, "population_pressure": 0.0, "urban_water_stress_score": 0.0 }, "geometry": { "type": "MultiPolygon", "coordinates": [ [ [ [ 32.9568, 39.9612 ], [ 32.9562, 39.9616 ], [ 32.9557, 39.962 ], [ 32.9557, 39.9619 ], [ 32.9558, 39.9623 ], [ 32.9559, 39.9624 ], [ 32.9571, 39.9618 ], [ 32.9568, 39.9612 ], [ 32.9568, 39.9612 ] ] ] ] } },
{ "type": "Feature", "properties": { "id": "sehirAtlasi.189", "kentAtlasiDegeriKodu": "14100", "kentAtlasiDegeri": "Kent İçindeki Yeşil Alanlar ( Pasif )", "gecirimsizlikKatmani": 0, "tucbsNo": "CBSGM_1_7984383", "aciklama": null, "gecerlilikBaslangici": "2019-02-06T00:00:00Z", "gecerlilikSonu": null, "gozlemTarihi": null, "hilucsAraziKullanimi": null, "hilucsDurumu": null, "olcek": "1:10000", "surumBaslangicZamani": null, "surumBitisZamani": null, "total_population": 0.0, "estimated_water_supply": 0.7256857808803483, "population_pressure": 0.0, "urban_water_stress_score": 0.0 }, "geometry": { "type": "MultiPolygon", "coordinates": [ [ [ [ 32.6771, 39.8788 ], [ 32.6775, 39.879 ], [ 32.6783, 39.8794 ], [ 32.6784, 39.8792 ], [ 32.6784, 39.8792 ], [ 32.6774, 39.8788 ], [ 32.6772, 39.8787 ], [ 32.6772, 39.8787 ], [ 32.6772, 39.8787 ], [ 32.6771, 39.8788 ] ] ] ] } },
{ "type": "Feature", "properties": { "id": "sehirAtlasi.190", "kentAtlasiDegeriKodu": "11100", "kentAtlasiDegeri": "Sürekli Kentsel Alan (> 80%)", "gecirimsizlikKatmani": 37, "tucbsNo": "CBSGM_1_7984384", "aciklama": null, "gecerlilikBaslangici": "2019-02-07T00:00:00Z", "gecerlilikSonu": null, "gozlemTarihi": null, "hilucsAraziKullanimi": null, "hilucsDurumu": null, "olcek": "1:10000", "surumBaslangicZamani": null, "surumBitisZamani": null, "total_population": 0.0, "estimated_water_supply": 1.2098366019633569, "population_pressure": 0.0, "urban_water_stress_score": 0.0 }, "geometry": { "type": "MultiPolygon", "coordinates": [ [ [ [ 32.9574, 39.9626 ], [ 32.9565, 39.9629 ], [ 32.9562, 39.963 ], [ 32.9565, 39.9633 ], [ 32.9566, 39.9635 ], [ 32.9568, 39.9636 ], [ 32.9574, 39.9637 ], [ 32.9574, 39.9626 ] ] ] ] } },
{ "type": "Feature", "properties": { "id": "sehirAtlasi.191", "kentAtlasiDegeriKodu": "11210", "kentAtlasiDegeri": "Yüksek Yoğunluklu Süreksiz Kentsel Alan (50% - 80%)", "gecirimsizlikKatmani": 44, "tucbsNo": "CBSGM_1_7984385", "aciklama": null, "gecerlilikBaslangici": "2019-02-13T00:00:00Z", "gecerlilikSonu": null, "gozlemTarihi": null, "hilucsAraziKullanimi": null, "hilucsDurumu": null, "olcek": "1:10000", "surumBaslangicZamani": null, "surumBitisZamani": null, "total_population": 0.0, "estimated_water_supply": 0.79741687868062483, "population_pressure": 0.0, "urban_water_stress_score": 0.0 }, "geometry": { "type": "MultiPolygon", "coordinates": [ [ [ [ 32.8195, 39.9043 ], [ 32.8186, 39.9041 ], [ 32.8182, 39.9052 ], [ 32.8192, 39.9053 ], [ 32.8195, 39.9043 ] ] ] ] } },
{ "type": "Feature", "properties": { "id": "sehirAtlasi.192", "kentAtlasiDegeriKodu": "22000", "kentAtlasiDegeri": "Sürekli Ürünler", "gecirimsizlikKatmani": 2, "tucbsNo": "CBSGM_1_7984386", "aciklama": null, "gecerlilikBaslangici": "2019-05-31T00:00:00Z", "gecerlilikSonu": null, "gozlemTarihi": null, "hilucsAraziKullanimi": null, "hilucsDurumu": null, "olcek": "1:10000", "surumBaslangicZamani": null, "surumBitisZamani": null, "total_population": 0.0, "estimated_water_supply": 1.2811659766073873, "population_pressure": 0.0, "urban_water_stress_score": 0.0 }, "geometry": { "type": "MultiPolygon", "coordinates": [ [ [ [ 33.0207, 40.1791 ], [ 33.021, 40.1797 ], [ 33.0209, 40.1797 ], [ 33.0218, 40.1794 ], [ 33.0215, 40.1787 ], [ 33.0215, 40.1788 ], [ 33.0207, 40.1791 ] ] ] ] } },
{ "type": "Feature", "properties": { "id": "sehirAtlasi.193", "kentAtlasiDegeriKodu": "12220", "kentAtlasiDegeri": "Diğer Yollar ve İlgili Alanlar", "gecirimsizlikKatmani": 0, "tucbsNo": "CBSGM_1_7984387", "aciklama": null, "gecerlilikBaslangici": "2019-02-07T00:00:00Z", "gecerlilikSonu": null, "gozlemTarihi": null, "hilucsAraziKullanimi": null, "hilucsDurumu": null, "olcek": "1:10000", "surumBaslangicZamani": null, "surumBitisZamani": null, "total_population": 0.0, "estimated_water_supply": 1.2201040877922895, "population_pressure": 0.0, "urban_water_stress_score": 0.0 }, "geometry": { "type": "MultiPolygon", "coordinates": [ [ [ [ 32.9186, 39.956 ], [ 32.9186, 39.956 ], [ 32.9186, 39.956 ], [ 32.9186, 39.9561 ], [ 32.9186, 39.9561 ], [ 32.9186, 39.9564 ], [ 32.9186, 39.9564 ], [ 32.9186, 39.9564 ], [ 32.9187, 39.9564 ], [ 32.9187, 39.9562 ], [ 32.9189, 39.9562 ], [ 32.9189, 39.9562 ], [ 32.9189, 39.9562 ], [ 32.9189, 39.9562 ], [ 32.9189, 39.9561 ], [ 32.9189, 39.9561 ], [ 32.9189, 39.9561 ], [ 32.9189, 39.9561 ], [ 32.9187, 39.9561 ], [ 32.9187, 39.956 ], [ 32.9187, 39.9559 ], [ 32.9187, 39.9559 ], [ 32.9189, 39.9559 ], [ 32.9189, 39.9559 ], [ 32.9189, 39.9559 ], [ 32.9189, 39.9559 ], [ 32.919, 39.9559 ], [ 32.919, 39.9559 ], [ 32.919, 39.9559 ], [ 32.9189, 39.9559 ], [ 32.9187, 39.9558 ], [ 32.919, 39.9555 ], [ 32.919, 39.9555 ], [ 32.9189, 39.9555 ], [ 32.9186, 39.9558 ], [ 32.9186, 39.9558 ], [ 32.9186, 39.9559 ], [ 32.9186, 39.9559 ], [ 32.9186, 39.956 ] ] ] ] } },
{ "type": "Feature", "properties": { "id": "sehirAtlasi.194", "kentAtlasiDegeriKodu": "12220", "kentAtlasiDegeri": "Diğer Yollar ve İlgili Alanlar", "gecirimsizlikKatmani": 0, "tucbsNo": "CBSGM_1_7984388", "aciklama": null, "gecerlilikBaslangici": "2019-02-07T00:00:00Z", "gecerlilikSonu": null, "gozlemTarihi": null, "hilucsAraziKullanimi": null, "hilucsDurumu": null, "olcek": "1:10000", "surumBaslangicZamani": null, "surumBitisZamani": null, "total_population": 0.0, "estimated_water_supply": 1.1901850683412751, "population_pressure": 0.0, "urban_water_stress_score": 0.0 }, "geometry": { "type": "MultiPolygon", "coordinates": [ [ [ [ 32.9176, 39.9613 ], [ 32.9177, 39.9613 ], [ 32.9178, 39.9607 ], [ 32.9178, 39.9607 ], [ 32.9178, 39.96 ], [ 32.9186, 39.96 ], [ 32.9184, 39.9613 ], [ 32.9184, 39.9614 ], [ 32.9184, 39.9614 ], [ 32.9184, 39.9614 ], [ 32.9186, 39.96 ], [ 32.9192, 39.9601 ], [ 32.9193, 39.9601 ], [ 32.9194, 39.9601 ], [ 32.9194, 39.9601 ], [ 32.9194, 39.9601 ], [ 32.9193, 39.96 ], [ 32.9193, 39.96 ], [ 32.9193, 39.96 ], [ 32.9186, 39.96 ], [ 32.9186, 39.96 ], [ 32.9178, 39.9599 ], [ 32.9175, 39.9599 ], [ 32.9176, 39.9595 ], [ 32.9175, 39.9595 ], [ 32.9174, 39.9599 ], [ 32.9174, 39.9599 ], [ 32.9175, 39.96 ], [ 32.9175, 39.96 ], [ 32.9175, 39.96 ], [ 32.9175, 39.96 ], [ 32.9177, 39.96 ], [ 32.9177, 39.9606 ], [ 32.9171, 39.9606 ], [ 32.9171, 39.9606 ], [ 32.917, 39.9606 ], [ 32.917, 39.9606 ], [ 32.917, 39.9607 ], [ 32.917, 39.9607 ], [ 32.917, 39.9607 ], [ 32.9171, 39.9607 ], [ 32.9177, 39.9607 ], [ 32.9176, 39.9613 ], [ 32.9176, 39.9613 ] ] ] ] } },
{ "type": "Feature", "properties": { "id": "sehirAtlasi.195", "kentAtlasiDegeriKodu": "12220", "kentAtlasiDegeri": "Diğer Yollar ve İlgili Alanlar", "gecirimsizlikKatmani": 0, "tucbsNo": "CBSGM_1_7984389", "aciklama": null, "gecerlilikBaslangici": "2019-02-06T00:00:00Z", "gecerlilikSonu": null, "gozlemTarihi": null, "hilucsAraziKullanimi": null, "hilucsDurumu": null, "olcek": "1:10000", "surumBaslangicZamani": null, "surumBitisZamani": null, "total_population": 0.0, "estimated_water_supply": 1.2317819919077886, "population_pressure": 0.0, "urban_water_stress_score": 0.0 }, "geometry": { "type": "MultiPolygon", "coordinates": [ [ [ [ 32.9382, 39.968 ], [ 32.9382, 39.968 ], [ 32.9382, 39.968 ], [ 32.9382, 39.968 ], [ 32.9382, 39.968 ], [ 32.9384, 39.968 ], [ 32.9386, 39.9681 ], [ 32.9387, 39.9681 ], [ 32.9389, 39.9682 ], [ 32.9392, 39.9685 ], [ 32.9382, 39.9688 ], [ 32.9382, 39.9689 ], [ 32.9382, 39.9689 ], [ 32.9393, 39.9686 ], [ 32.9394, 39.9688 ], [ 32.9396, 39.9692 ], [ 32.9396, 39.9692 ], [ 32.9397, 39.9692 ], [ 32.9395, 39.9687 ], [ 32.9395, 39.9687 ], [ 32.9393, 39.9685 ], [ 32.939, 39.9681 ], [ 32.9396, 39.9679 ], [ 32.9399, 39.9683 ], [ 32.9403, 39.9688 ], [ 32.9404, 39.969 ], [ 32.9405, 39.969 ], [ 32.9405, 39.969 ], [ 32.9404, 39.9688 ], [ 32.9404, 39.9688 ], [ 32.94, 39.9683 ], [ 32.9404, 39.9681 ], [ 32.941, 39.9678 ], [ 32.9409, 39.9678 ], [ 32.9409, 39.9678 ], [ 32.9404, 39.968 ], [ 32.9404, 39.968 ], [ 32.9399, 39.9682 ], [ 32.9397, 39.9678 ], [ 32.9397, 39.9678 ], [ 32.9396, 39.9676 ], [ 32.9395, 39.9675 ], [ 32.9395, 39.9674 ], [ 32.9394, 39.9674 ], [ 32.9394, 39.9674 ], [ 32.9394, 39.9674 ], [ 32.9394, 39.9675 ], [ 32.9395, 39.9676 ], [ 32.9396, 39.9678 ], [ 32.9389, 39.9681 ], [ 32.9388, 39.968 ], [ 32.9386, 39.968 ], [ 32.9386, 39.968 ], [ 32.9384, 39.968 ], [ 32.9384, 39.968 ], [ 32.9382, 39.968 ] ] ] ] } },
{ "type": "Feature", "properties": { "id": "sehirAtlasi.196", "kentAtlasiDegeriKodu": "12220", "kentAtlasiDegeri": "Diğer Yollar ve İlgili Alanlar", "gecirimsizlikKatmani": 0, "tucbsNo": "CBSGM_1_7984390", "aciklama": null, "gecerlilikBaslangici": "2019-02-08T00:00:00Z", "gecerlilikSonu": null, "gozlemTarihi": null, "hilucsAraziKullanimi": null, "hilucsDurumu": null, "olcek": "1:10000", "surumBaslangicZamani": null, "surumBitisZamani": null, "total_population": 0.0, "estimated_water_supply": 1.2406487525655425, "population_pressure": 0.0, "urban_water_stress_score": 0.0 }, "geometry": { "type": "MultiPolygon", "coordinates": [ [ [ [ 32.9399, 39.9653 ], [ 32.9399, 39.9654 ], [ 32.9399, 39.9654 ], [ 32.9399, 39.9654 ], [ 32.9399, 39.9654 ], [ 32.9416, 39.9653 ], [ 32.9416, 39.9652 ], [ 32.9416, 39.9652 ], [ 32.9416, 39.9652 ], [ 32.9416, 39.9652 ], [ 32.9399, 39.9653 ] ] ] ] } },
{ "type": "Feature", "properties": { "id": "sehirAtlasi.197", "kentAtlasiDegeriKodu": "12220", "kentAtlasiDegeri": "Diğer Yollar ve İlgili Alanlar", "gecirimsizlikKatmani": 0, "tucbsNo": "CBSGM_1_7984391", "aciklama": null, "gecerlilikBaslangici": "2019-02-07T00:00:00Z", "gecerlilikSonu": null, "gozlemTarihi": null, "hilucsAraziKullanimi": null, "hilucsDurumu": null, "olcek": "1:10000", "surumBaslangicZamani": null, "surumBitisZamani": null, "total_population": 0.0, "estimated_water_supply": 1.2031002230242045, "population_pressure": 0.0, "urban_water_stress_score": 0.0 }, "geometry": { "type": "MultiPolygon", "coordinates": [ [ [ [ 32.916, 39.9676 ], [ 32.916, 39.9676 ], [ 32.9161, 39.9676 ], [ 32.9161, 39.9675 ], [ 32.9161, 39.9675 ], [ 32.9162, 39.9673 ], [ 32.9163, 39.9672 ], [ 32.9163, 39.9672 ], [ 32.9163, 39.9672 ], [ 32.9163, 39.9672 ], [ 32.9162, 39.9671 ], [ 32.9162, 39.9672 ], [ 32.9161, 39.9673 ], [ 32.916, 39.9674 ], [ 32.916, 39.9675 ], [ 32.916, 39.9675 ], [ 32.916, 39.9675 ], [ 32.916, 39.9676 ] ] ] ] } },
{ "type": "Feature", "properties": { "id": "sehirAtlasi.198", "kentAtlasiDegeriKodu": "11210", "kentAtlasiDegeri": "Yüksek Yoğunluklu Süreksiz Kentsel Alan (50% - 80%)", "gecirimsizlikKatmani": 47, "tucbsNo": "CBSGM_1_7984392", "aciklama": null, "gecerlilikBaslangici": "2019-02-13T00:00:00Z", "gecerlilikSonu": null, "gozlemTarihi": null, "hilucsAraziKullanimi": null, "hilucsDurumu": null, "olcek": "1:10000", "surumBaslangicZamani": null, "surumBitisZamani": null, "total_population": 0.0, "estimated_water_supply": 0.80498465218148452, "population_pressure": 0.0, "urban_water_stress_score": 0.0 }, "geometry": { "type": "MultiPolygon", "coordinates": [ [ [ [ 32.8231, 39.9062 ], [ 32.8229, 39.9062 ], [ 32.8222, 39.9062 ], [ 32.8215, 39.9085 ], [ 32.8221, 39.9086 ], [ 32.8227, 39.907 ], [ 32.8231, 39.9062 ] ] ] ] } },
{ "type": "Feature", "properties": { "id": "sehirAtlasi.199", "kentAtlasiDegeriKodu": "11230", "kentAtlasiDegeri": "Düşük Yoğunluklu Süreksiz Kentsel Alan (10% - 30%)", "gecirimsizlikKatmani": 18, "tucbsNo": "CBSGM_1_143230", "aciklama": null, "gecerlilikBaslangici": "2019-02-08T00:00:00Z", "gecerlilikSonu": null, "gozlemTarihi": null, "hilucsAraziKullanimi": null, "hilucsDurumu": null, "olcek": "1:10000", "surumBaslangicZamani": null, "surumBitisZamani": null, "total_population": 0.0, "estimated_water_supply": 1.0159087920428003, "population_pressure": 0.0, "urban_water_stress_score": 0.0 }, "geometry": { "type": "MultiPolygon", "coordinates": [ [ [ [ 30.8619, 39.1529 ], [ 30.8623, 39.1529 ], [ 30.8624, 39.1525 ], [ 30.8631, 39.1525 ], [ 30.8632, 39.1529 ], [ 30.8634, 39.1529 ], [ 30.8633, 39.1525 ], [ 30.8633, 39.1525 ], [ 30.8633, 39.1525 ], [ 30.8631, 39.152 ], [ 30.8629, 39.1521 ], [ 30.8619, 39.1528 ], [ 30.8619, 39.1529 ] ] ] ] } },
{ "type": "Feature", "properties": { "id": "sehirAtlasi.200", "kentAtlasiDegeriKodu": "11230", "kentAtlasiDegeri": "Düşük Yoğunluklu Süreksiz Kentsel Alan (10% - 30%)", "gecirimsizlikKatmani": 19, "tucbsNo": "CBSGM_1_143231", "aciklama": null, "gecerlilikBaslangici": "2019-02-08T00:00:00Z", "gecerlilikSonu": null, "gozlemTarihi": null, "hilucsAraziKullanimi": null, "hilucsDurumu": null, "olcek": "1:10000", "surumBaslangicZamani": null, "surumBitisZamani": null, "total_population": 0.0, "estimated_water_supply": 0.99616419812970813, "population_pressure": 0.0, "urban_water_stress_score": 0.0 }, "geometry": { "type": "MultiPolygon", "coordinates": [ [ [ [ 30.8636, 39.1536 ], [ 30.8635, 39.1532 ], [ 30.863, 39.1532 ], [ 30.863, 39.1535 ], [ 30.8632, 39.1535 ], [ 30.8632, 39.1536 ], [ 30.8636, 39.1536 ] ] ] ] } },
{ "type": "Feature", "properties": { "id": "sehirAtlasi.201", "kentAtlasiDegeriKodu": "11100", "kentAtlasiDegeri": "Sürekli Kentsel Alan (> 80%)", "gecirimsizlikKatmani": 69, "tucbsNo": "CBSGM_1_7984393", "aciklama": null, "gecerlilikBaslangici": "2019-02-20T00:00:00Z", "gecerlilikSonu": null, "gozlemTarihi": null, "hilucsAraziKullanimi": null, "hilucsDurumu": null, "olcek": "1:10000", "surumBaslangicZamani": null, "surumBitisZamani": null, "total_population": 0.0, "estimated_water_supply": 1.2470022578465163, "population_pressure": 0.0, "urban_water_stress_score": 0.0 }, "geometry": { "type": "MultiPolygon", "coordinates": [ [ [ [ 32.8845, 40.002 ], [ 32.8846, 40.0022 ], [ 32.8846, 40.0022 ], [ 32.8847, 40.0025 ], [ 32.8847, 40.0025 ], [ 32.8856, 40.0022 ], [ 32.8855, 40.0019 ], [ 32.8852, 40.002 ], [ 32.8852, 40.002 ], [ 32.8852, 40.002 ], [ 32.8852, 40.002 ], [ 32.8851, 40.002 ], [ 32.8852, 40.002 ], [ 32.8852, 40.002 ], [ 32.8852, 40.002 ], [ 32.8855, 40.0019 ], [ 32.8854, 40.0017 ], [ 32.8845, 40.002 ], [ 32.8845, 40.002 ] ] ] ] } },
{ "type": "Feature", "properties": { "id": "sehirAtlasi.202", "kentAtlasiDegeriKodu": "12120", "kentAtlasiDegeri": "Ticaret Alanları", "gecirimsizlikKatmani": 42, "tucbsNo": "CBSGM_1_7984394", "aciklama": null, "gecerlilikBaslangici": "2019-05-24T00:00:00Z", "gecerlilikSonu": null, "gozlemTarihi": null, "hilucsAraziKullanimi": null, "hilucsDurumu": null, "olcek": "1:10000", "surumBaslangicZamani": null, "surumBitisZamani": null, "total_population": 0.0, "estimated_water_supply": 1.1397062113739469, "population_pressure": 0.0, "urban_water_stress_score": 0.0 }, "geometry": { "type": "MultiPolygon", "coordinates": [ [ [ [ 32.7674, 39.975 ], [ 32.7674, 39.9758 ], [ 32.7674, 39.9754 ], [ 32.7685, 39.9754 ], [ 32.7685, 39.9749 ], [ 32.7685, 39.9749 ], [ 32.7685, 39.9749 ], [ 32.7674, 39.975 ], [ 32.7674, 39.975 ], [ 32.7674, 39.975 ] ] ] ] } },
{ "type": "Feature", "properties": { "id": "sehirAtlasi.203", "kentAtlasiDegeriKodu": "11100", "kentAtlasiDegeri": "Sürekli Kentsel Alan (> 80%)", "gecirimsizlikKatmani": 47, "tucbsNo": "CBSGM_1_7984395", "aciklama": null, "gecerlilikBaslangici": "2019-02-13T00:00:00Z", "gecerlilikSonu": null, "gozlemTarihi": null, "hilucsAraziKullanimi": null, "hilucsDurumu": null, "olcek": "1:10000", "surumBaslangicZamani": null, "surumBitisZamani": null, "total_population": 0.0, "estimated_water_supply": 0.6954055781058901, "population_pressure": 0.0, "urban_water_stress_score": 0.0 }, "geometry": { "type": "MultiPolygon", "coordinates": [ [ [ [ 32.8222, 39.877 ], [ 32.8221, 39.8768 ], [ 32.8221, 39.8768 ], [ 32.8221, 39.876 ], [ 32.8215, 39.876 ], [ 32.8215, 39.8766 ], [ 32.8215, 39.8766 ], [ 32.8215, 39.8766 ], [ 32.8215, 39.8769 ], [ 32.8215, 39.877 ], [ 32.8217, 39.8772 ], [ 32.8222, 39.877 ] ] ] ] } },
{ "type": "Feature", "properties": { "id": "sehirAtlasi.204", "kentAtlasiDegeriKodu": "14200", "kentAtlasiDegeri": "Spor Ve Eğlence Alanları", "gecirimsizlikKatmani": 0, "tucbsNo": "CBSGM_1_7984396", "aciklama": null, "gecerlilikBaslangici": "2019-05-24T00:00:00Z", "gecerlilikSonu": null, "gozlemTarihi": null, "hilucsAraziKullanimi": null, "hilucsDurumu": null, "olcek": "1:10000", "surumBaslangicZamani": null, "surumBitisZamani": null, "total_population": 0.0, "estimated_water_supply": 1.1415796702632961, "population_pressure": 0.0, "urban_water_stress_score": 0.0 }, "geometry": { "type": "MultiPolygon", "coordinates": [ [ [ [ 32.7687, 39.9762 ], [ 32.7686, 39.9759 ], [ 32.7674, 39.9759 ], [ 32.7674, 39.9761 ], [ 32.7677, 39.9761 ], [ 32.7677, 39.9761 ], [ 32.7678, 39.9762 ], [ 32.7678, 39.9762 ], [ 32.7678, 39.9762 ], [ 32.768, 39.9763 ], [ 32.7684, 39.9765 ], [ 32.7686, 39.9767 ], [ 32.7686, 39.9765 ], [ 32.7686, 39.9763 ], [ 32.7686, 39.9763 ], [ 32.7686, 39.9763 ], [ 32.7687, 39.9763 ], [ 32.7687, 39.9762 ] ] ] ] } },
{ "type": "Feature", "properties": { "id": "sehirAtlasi.205", "kentAtlasiDegeriKodu": "11240", "kentAtlasiDegeri": "Çok Düşük Yoğunluklu Süreksiz Kentsel Alan (< 10%)", "gecirimsizlikKatmani": 2, "tucbsNo": "CBSGM_1_7984397", "aciklama": null, "gecerlilikBaslangici": "2019-02-13T00:00:00Z", "gecerlilikSonu": null, "gozlemTarihi": null, "hilucsAraziKullanimi": null, "hilucsDurumu": null, "olcek": "1:10000", "surumBaslangicZamani": null, "surumBitisZamani": null, "total_population": 0.0, "estimated_water_supply": 0.55718687712938131, "population_pressure": 0.0, "urban_water_stress_score": 0.0 }, "geometry": { "type": "MultiPolygon", "coordinates": [ [ [ [ 32.7699, 39.7825 ], [ 32.7698, 39.7825 ], [ 32.7697, 39.7824 ], [ 32.7687, 39.7815 ], [ 32.768, 39.7815 ], [ 32.768, 39.7815 ], [ 32.7674, 39.7818 ], [ 32.7687, 39.783 ], [ 32.7688, 39.7831 ], [ 32.7689, 39.7832 ], [ 32.7699, 39.7825 ] ] ] ] } },
{ "type": "Feature", "properties": { "id": "sehirAtlasi.206", "kentAtlasiDegeriKodu": "14120", "kentAtlasiDegeri": "Kent İçindeki Yeşil Alanlar ( Aktif )", "gecirimsizlikKatmani": 0, "tucbsNo": "CBSGM_1_338491", "aciklama": null, "gecerlilikBaslangici": "2019-02-18T00:00:00Z", "gecerlilikSonu": null, "gozlemTarihi": null, "hilucsAraziKullanimi": null, "hilucsDurumu": null, "olcek": "1:10000", "surumBaslangicZamani": null, "surumBitisZamani": null, "total_population": 0.0, "estimated_water_supply": 2.4868460792909985, "population_pressure": 0.0, "urban_water_stress_score": 0.0 }, "geometry": { "type": "MultiPolygon", "coordinates": [ [ [ [ 32.6853, 40.2332 ], [ 32.6848, 40.233 ], [ 32.6848, 40.233 ], [ 32.6848, 40.2331 ], [ 32.6848, 40.2332 ], [ 32.6848, 40.2333 ], [ 32.6849, 40.2334 ], [ 32.6849, 40.2335 ], [ 32.6851, 40.2336 ], [ 32.6853, 40.2332 ] ] ] ] } },
{ "type": "Feature", "properties": { "id": "sehirAtlasi.207", "kentAtlasiDegeriKodu": "12220", "kentAtlasiDegeri": "Diğer Yollar ve İlgili Alanlar", "gecirimsizlikKatmani": 0, "tucbsNo": "CBSGM_1_7984398", "aciklama": null, "gecerlilikBaslangici": "2019-02-22T00:00:00Z", "gecerlilikSonu": null, "gozlemTarihi": null, "hilucsAraziKullanimi": null, "hilucsDurumu": null, "olcek": "1:10000", "surumBaslangicZamani": null, "surumBitisZamani": null, "total_population": 0.0, "estimated_water_supply": 1.0701709544427602, "population_pressure": 0.0, "urban_water_stress_score": 0.0 }, "geometry": { "type": "MultiPolygon", "coordinates": [ [ [ [ 32.8796, 39.9606 ], [ 32.8799, 39.9612 ], [ 32.8799, 39.9612 ], [ 32.8802, 39.9616 ], [ 32.8802, 39.9616 ], [ 32.8803, 39.9616 ], [ 32.8802, 39.9614 ], [ 32.88, 39.9611 ], [ 32.88, 39.9611 ], [ 32.8797, 39.9605 ], [ 32.8796, 39.9606 ] ] ] ] } },
{ "type": "Feature", "properties": { "id": "sehirAtlasi.208", "kentAtlasiDegeriKodu": "12220", "kentAtlasiDegeri": "Diğer Yollar ve İlgili Alanlar", "gecirimsizlikKatmani": 0, "tucbsNo": "CBSGM_1_7984399", "aciklama": null, "gecerlilikBaslangici": "2019-02-04T00:00:00Z", "gecerlilikSonu": null, "gozlemTarihi": null, "hilucsAraziKullanimi": null, "hilucsDurumu": null, "olcek": "1:10000", "surumBaslangicZamani": null, "surumBitisZamani": null, "total_population": 0.0, "estimated_water_supply": 1.219097826189866, "population_pressure": 0.0, "urban_water_stress_score": 0.0 }, "geometry": { "type": "MultiPolygon", "coordinates": [ [ [ [ 32.9887, 40.1346 ], [ 32.9887, 40.1346 ], [ 32.9887, 40.1346 ], [ 32.9887, 40.1346 ], [ 32.9881, 40.1347 ], [ 32.9881, 40.1347 ], [ 32.9881, 40.1348 ], [ 32.9881, 40.1348 ], [ 32.9881, 40.1348 ], [ 32.9881, 40.1348 ], [ 32.9882, 40.1348 ], [ 32.9882, 40.1348 ], [ 32.9887, 40.1346 ] ] ] ] } },
{ "type": "Feature", "properties": { "id": "sehirAtlasi.209", "kentAtlasiDegeriKodu": "11230", "kentAtlasiDegeri": "Düşük Yoğunluklu Süreksiz Kentsel Alan (10% - 30%)", "gecirimsizlikKatmani": 24, "tucbsNo": "CBSGM_1_7984400", "aciklama": null, "gecerlilikBaslangici": "2019-02-11T00:00:00Z", "gecerlilikSonu": null, "gozlemTarihi": null, "hilucsAraziKullanimi": null, "hilucsDurumu": null, "olcek": "1:10000", "surumBaslangicZamani": null, "surumBitisZamani": null, "total_population": 0.0, "estimated_water_supply": 0.55978037366907396, "population_pressure": 0.0, "urban_water_stress_score": 0.0 }, "geometry": { "type": "MultiPolygon", "coordinates": [ [ [ [ 32.7808, 39.7875 ], [ 32.7809, 39.7876 ], [ 32.7811, 39.7877 ], [ 32.7814, 39.7873 ], [ 32.7817, 39.7869 ], [ 32.7819, 39.7865 ], [ 32.782, 39.7864 ], [ 32.7816, 39.7863 ], [ 32.7816, 39.7863 ], [ 32.7816, 39.7863 ], [ 32.7815, 39.7866 ], [ 32.7809, 39.7874 ], [ 32.7808, 39.7875 ] ] ] ] } },
{ "type": "Feature", "properties": { "id": "sehirAtlasi.210", "kentAtlasiDegeriKodu": "11100", "kentAtlasiDegeri": "Sürekli Kentsel Alan (> 80%)", "gecirimsizlikKatmani": 27, "tucbsNo": "CBSGM_1_7984401", "aciklama": null, "gecerlilikBaslangici": "2019-02-11T00:00:00Z", "gecerlilikSonu": null, "gozlemTarihi": null, "hilucsAraziKullanimi": null, "hilucsDurumu": null, "olcek": "1:10000", "surumBaslangicZamani": null, "surumBitisZamani": null, "total_population": 0.0, "estimated_water_supply": 1.4019921183034514, "population_pressure": 0.0, "urban_water_stress_score": 0.0 }, "geometry": { "type": "MultiPolygon", "coordinates": [ [ [ [ 33.0315, 40.2402 ], [ 33.0327, 40.2402 ], [ 33.0327, 40.2402 ], [ 33.0327, 40.2401 ], [ 33.0327, 40.2399 ], [ 33.0327, 40.2397 ], [ 33.0327, 40.2397 ], [ 33.0327, 40.2392 ], [ 33.0327, 40.2392 ], [ 33.0327, 40.2392 ], [ 33.0327, 40.2389 ], [ 33.0327, 40.2389 ], [ 33.0327, 40.2389 ], [ 33.0327, 40.2389 ], [ 33.0325, 40.2389 ], [ 33.0323, 40.2389 ], [ 33.0323, 40.2389 ], [ 33.0321, 40.239 ], [ 33.0321, 40.239 ], [ 33.0321, 40.239 ], [ 33.0319, 40.2389 ], [ 33.0319, 40.2389 ], [ 33.0318, 40.2391 ], [ 33.0318, 40.2391 ], [ 33.0316, 40.2402 ], [ 33.0315, 40.2402 ] ] ] ] } },
{ "type": "Feature", "properties": { "id": "sehirAtlasi.211", "kentAtlasiDegeriKodu": "14120", "kentAtlasiDegeri": "Kent İçindeki Yeşil Alanlar ( Aktif )", "gecirimsizlikKatmani": 0, "tucbsNo": "CBSGM_1_7984402", "aciklama": null, "gecerlilikBaslangici": "2019-02-05T00:00:00Z", "gecerlilikSonu": null, "gozlemTarihi": null, "hilucsAraziKullanimi": null, "hilucsDurumu": null, "olcek": "1:10000", "surumBaslangicZamani": null, "surumBitisZamani": null, "total_population": 0.0, "estimated_water_supply": 1.2817484516490327, "population_pressure": 0.0, "urban_water_stress_score": 0.0 }, "geometry": { "type": "MultiPolygon", "coordinates": [ [ [ [ 32.8555, 40.0089 ], [ 32.8549, 40.0091 ], [ 32.855, 40.0091 ], [ 32.8551, 40.0093 ], [ 32.8552, 40.0094 ], [ 32.8553, 40.0096 ], [ 32.8555, 40.0096 ], [ 32.8558, 40.0095 ], [ 32.8557, 40.0093 ], [ 32.8556, 40.0092 ], [ 32.8556, 40.0092 ], [ 32.8555, 40.0089 ], [ 32.8555, 40.0089 ] ] ] ] } },
{ "type": "Feature", "properties": { "id": "sehirAtlasi.212", "kentAtlasiDegeriKodu": "14120", "kentAtlasiDegeri": "Kent İçindeki Yeşil Alanlar ( Aktif )", "gecirimsizlikKatmani": 0, "tucbsNo": "CBSGM_1_7984403", "aciklama": null, "gecerlilikBaslangici": "2019-02-05T00:00:00Z", "gecerlilikSonu": null, "gozlemTarihi": null, "hilucsAraziKullanimi": null, "hilucsDurumu": null, "olcek": "1:10000", "surumBaslangicZamani": null, "surumBitisZamani": null, "total_population": 0.0, "estimated_water_supply": 1.2890045439799054, "population_pressure": 0.0, "urban_water_stress_score": 0.0 }, "geometry": { "type": "MultiPolygon", "coordinates": [ [ [ [ 32.8505, 40.0101 ], [ 32.8507, 40.0107 ], [ 32.8507, 40.0107 ], [ 32.8509, 40.0107 ], [ 32.8513, 40.0106 ], [ 32.8512, 40.0103 ], [ 32.8512, 40.0103 ], [ 32.8512, 40.0103 ], [ 32.8511, 40.0102 ], [ 32.8511, 40.0102 ], [ 32.8511, 40.0102 ], [ 32.8511, 40.01 ], [ 32.8508, 40.0101 ], [ 32.8508, 40.0101 ], [ 32.8508, 40.0101 ], [ 32.8505, 40.0101 ] ] ] ] } },
{ "type": "Feature", "properties": { "id": "sehirAtlasi.213", "kentAtlasiDegeriKodu": "12220", "kentAtlasiDegeri": "Diğer Yollar ve İlgili Alanlar", "gecirimsizlikKatmani": 0, "tucbsNo": "CBSGM_1_7984404", "aciklama": null, "gecerlilikBaslangici": "2019-02-06T00:00:00Z", "gecerlilikSonu": null, "gozlemTarihi": null, "hilucsAraziKullanimi": null, "hilucsDurumu": null, "olcek": "1:10000", "surumBaslangicZamani": null, "surumBitisZamani": null, "total_population": 0.0, "estimated_water_supply": 1.2347856561500716, "population_pressure": 0.0, "urban_water_stress_score": 0.0 }, "geometry": { "type": "MultiPolygon", "coordinates": [ [ [ [ 32.6565, 39.9692 ], [ 32.6565, 39.9693 ], [ 32.6565, 39.9693 ], [ 32.6565, 39.9693 ], [ 32.6565, 39.9693 ], [ 32.6565, 39.9695 ], [ 32.6565, 39.9696 ], [ 32.6566, 39.9696 ], [ 32.6566, 39.9699 ], [ 32.6566, 39.9699 ], [ 32.6566, 39.97 ], [ 32.6566, 39.97 ], [ 32.6566, 39.97 ], [ 32.6566, 39.97 ], [ 32.6567, 39.97 ], [ 32.6567, 39.97 ], [ 32.6567, 39.97 ], [ 32.6568, 39.97 ], [ 32.6568, 39.97 ], [ 32.6568, 39.97 ], [ 32.6568, 39.9699 ], [ 32.6569, 39.9699 ], [ 32.6569, 39.9699 ], [ 32.6569, 39.9695 ], [ 32.6569, 39.9695 ], [ 32.6569, 39.9695 ], [ 32.6568, 39.9693 ], [ 32.6568, 39.9691 ], [ 32.6568, 39.9691 ], [ 32.6568, 39.9691 ], [ 32.6568, 39.9691 ], [ 32.6568, 39.9691 ], [ 32.6567, 39.9691 ], [ 32.6567, 39.9691 ], [ 32.6567, 39.9691 ], [ 32.6568, 39.9692 ], [ 32.6567, 39.9692 ], [ 32.6567, 39.9691 ], [ 32.6567, 39.9691 ], [ 32.6566, 39.9691 ], [ 32.6566, 39.9691 ], [ 32.6566, 39.9691 ], [ 32.6566, 39.9691 ], [ 32.6566, 39.9691 ], [ 32.6566, 39.9692 ], [ 32.6565, 39.9692 ] ] ] ] } },
{ "type": "Feature", "properties": { "id": "sehirAtlasi.214", "kentAtlasiDegeriKodu": "12170", "kentAtlasiDegeri": "İbadethane Alanları", "gecirimsizlikKatmani": 0, "tucbsNo": "CBSGM_1_7984405", "aciklama": null, "gecerlilikBaslangici": "2019-05-29T00:00:00Z", "gecerlilikSonu": null, "gozlemTarihi": null, "hilucsAraziKullanimi": null, "hilucsDurumu": null, "olcek": "1:10000", "surumBaslangicZamani": null, "surumBitisZamani": null, "total_population": 0.0, "estimated_water_supply": 1.4105029706731274, "population_pressure": 0.0, "urban_water_stress_score": 0.0 }, "geometry": { "type": "MultiPolygon", "coordinates": [ [ [ [ 33.038, 40.2431 ], [ 33.038, 40.2431 ], [ 33.0379, 40.2432 ], [ 33.0378, 40.2434 ], [ 33.038, 40.2435 ], [ 33.0383, 40.2431 ], [ 33.038, 40.2431 ] ] ] ] } },
{ "type": "Feature", "properties": { "id": "sehirAtlasi.215", "kentAtlasiDegeriKodu": "12220", "kentAtlasiDegeri": "Diğer Yollar ve İlgili Alanlar", "gecirimsizlikKatmani": 0, "tucbsNo": "CBSGM_1_7984406", "aciklama": null, "gecerlilikBaslangici": "2019-02-05T00:00:00Z", "gecerlilikSonu": null, "gozlemTarihi": null, "hilucsAraziKullanimi": null, "hilucsDurumu": null, "olcek": "1:10000", "surumBaslangicZamani": null, "surumBitisZamani": null, "total_population": 0.0, "estimated_water_supply": 1.4139876148432218, "population_pressure": 0.0, "urban_water_stress_score": 0.0 }, "geometry": { "type": "MultiPolygon", "coordinates": [ [ [ [ 32.5262, 40.0019 ], [ 32.5262, 40.0018 ], [ 32.5262, 40.0018 ], [ 32.5261, 40.0018 ], [ 32.5259, 40.0021 ], [ 32.5256, 40.002 ], [ 32.5255, 40.002 ], [ 32.5255, 40.002 ], [ 32.5255, 40.002 ], [ 32.5255, 40.002 ], [ 32.5255, 40.002 ], [ 32.5254, 40.0021 ], [ 32.5251, 40.0025 ], [ 32.5251, 40.0025 ], [ 32.5251, 40.0026 ], [ 32.5251, 40.0026 ], [ 32.5251, 40.0026 ], [ 32.5251, 40.0026 ], [ 32.5253, 40.0027 ], [ 32.5253, 40.0027 ], [ 32.5254, 40.0027 ], [ 32.5254, 40.0027 ], [ 32.5254, 40.0027 ], [ 32.5254, 40.0027 ], [ 32.5254, 40.0027 ], [ 32.5258, 40.0023 ], [ 32.5258, 40.0023 ], [ 32.5258, 40.0023 ], [ 32.5258, 40.0023 ], [ 32.526, 40.0021 ], [ 32.5262, 40.0019 ] ], [ [ 32.5259, 40.0021 ], [ 32.5257, 40.0023 ], [ 32.5254, 40.0026 ], [ 32.5254, 40.0026 ], [ 32.5252, 40.0025 ], [ 32.5255, 40.0022 ], [ 32.5255, 40.002 ], [ 32.5256, 40.002 ], [ 32.5259, 40.0021 ] ] ] ] } },
{ "type": "Feature", "properties": { "id": "sehirAtlasi.216", "kentAtlasiDegeriKodu": "11220", "kentAtlasiDegeri": "Orta Yoğunluklu Süreksiz Kentsel Alan (30% - 50%)", "gecirimsizlikKatmani": 30, "tucbsNo": "CBSGM_1_7984407", "aciklama": null, "gecerlilikBaslangici": "2019-02-11T00:00:00Z", "gecerlilikSonu": null, "gozlemTarihi": null, "hilucsAraziKullanimi": null, "hilucsDurumu": null, "olcek": "1:10000", "surumBaslangicZamani": null, "surumBitisZamani": null, "total_population": 0.0, "estimated_water_supply": 0.61982811081512246, "population_pressure": 0.0, "urban_water_stress_score": 0.0 }, "geometry": { "type": "MultiPolygon", "coordinates": [ [ [ [ 32.6565, 39.8298 ], [ 32.6567, 39.83 ], [ 32.6567, 39.83 ], [ 32.6576, 39.8309 ], [ 32.6576, 39.8309 ], [ 32.658, 39.8309 ], [ 32.6567, 39.8295 ], [ 32.6567, 39.8295 ], [ 32.6567, 39.8294 ], [ 32.6568, 39.8294 ], [ 32.6568, 39.8294 ], [ 32.6568, 39.8294 ], [ 32.6568, 39.8294 ], [ 32.6568, 39.8294 ], [ 32.6582, 39.8309 ], [ 32.6582, 39.8309 ], [ 32.6582, 39.8309 ], [ 32.6582, 39.8308 ], [ 32.6582, 39.8304 ], [ 32.6582, 39.8303 ], [ 32.6575, 39.8295 ], [ 32.6574, 39.8295 ], [ 32.6575, 39.8295 ], [ 32.6575, 39.8295 ], [ 32.6575, 39.8295 ], [ 32.6575, 39.8295 ], [ 32.6575, 39.8295 ], [ 32.6575, 39.8295 ], [ 32.6583, 39.8303 ], [ 32.6583, 39.8303 ], [ 32.6583, 39.8304 ], [ 32.6583, 39.8304 ], [ 32.6583, 39.8296 ], [ 32.6584, 39.8296 ], [ 32.6573, 39.8294 ], [ 32.6567, 39.8293 ], [ 32.6565, 39.8293 ], [ 32.6565, 39.8295 ], [ 32.6565, 39.8298 ] ] ] ] } },
{ "type": "Feature", "properties": { "id": "sehirAtlasi.217", "kentAtlasiDegeriKodu": "11220", "kentAtlasiDegeri": "Orta Yoğunluklu Süreksiz Kentsel Alan (30% - 50%)", "gecirimsizlikKatmani": 34, "tucbsNo": "CBSGM_1_7984408", "aciklama": null, "gecerlilikBaslangici": "2019-02-07T00:00:00Z", "gecerlilikSonu": null, "gozlemTarihi": null, "hilucsAraziKullanimi": null, "hilucsDurumu": null, "olcek": "1:10000", "surumBaslangicZamani": null, "surumBitisZamani": null, "total_population": 0.0, "estimated_water_supply": 1.1962504306170336, "population_pressure": 0.0, "urban_water_stress_score": 0.0 }, "geometry": { "type": "MultiPolygon", "coordinates": [ [ [ [ 32.9612, 39.9594 ], [ 32.9612, 39.9589 ], [ 32.961, 39.9589 ], [ 32.9607, 39.9588 ], [ 32.9602, 39.9588 ], [ 32.9594, 39.9588 ], [ 32.9596, 39.9591 ], [ 32.9596, 39.9592 ], [ 32.9596, 39.9594 ], [ 32.9612, 39.9594 ] ] ] ] } },
{ "type": "Feature", "properties": { "id": "sehirAtlasi.218", "kentAtlasiDegeriKodu": "11220", "kentAtlasiDegeri": "Orta Yoğunluklu Süreksiz Kentsel Alan (30% - 50%)", "gecirimsizlikKatmani": 0, "tucbsNo": "CBSGM_1_7984409", "aciklama": null, "gecerlilikBaslangici": "2019-02-08T00:00:00Z", "gecerlilikSonu": null, "gozlemTarihi": null, "hilucsAraziKullanimi": null, "hilucsDurumu": null, "olcek": "1:10000", "surumBaslangicZamani": null, "surumBitisZamani": null, "total_population": 0.0, "estimated_water_supply": 1.2540737683734129, "population_pressure": 0.0, "urban_water_stress_score": 0.0 }, "geometry": { "type": "MultiPolygon", "coordinates": [ [ [ [ 32.9221, 39.9868 ], [ 32.922, 39.9863 ], [ 32.9211, 39.9865 ], [ 32.9211, 39.9869 ], [ 32.9221, 39.9869 ], [ 32.9221, 39.9868 ] ] ] ] } },
{ "type": "Feature", "properties": { "id": "sehirAtlasi.219", "kentAtlasiDegeriKodu": "11220", "kentAtlasiDegeri": "Orta Yoğunluklu Süreksiz Kentsel Alan (30% - 50%)", "gecirimsizlikKatmani": 0, "tucbsNo": "CBSGM_1_7984410", "aciklama": null, "gecerlilikBaslangici": "2019-02-08T00:00:00Z", "gecerlilikSonu": null, "gozlemTarihi": null, "hilucsAraziKullanimi": null, "hilucsDurumu": null, "olcek": "1:10000", "surumBaslangicZamani": null, "surumBitisZamani": null, "total_population": 0.0, "estimated_water_supply": 1.2667957368591722, "population_pressure": 0.0, "urban_water_stress_score": 0.0 }, "geometry": { "type": "MultiPolygon", "coordinates": [ [ [ [ 32.9224, 39.988 ], [ 32.9224, 39.9879 ], [ 32.9222, 39.9877 ], [ 32.9222, 39.9877 ], [ 32.922, 39.9874 ], [ 32.9217, 39.9875 ], [ 32.9217, 39.9875 ], [ 32.9215, 39.9875 ], [ 32.9215, 39.9875 ], [ 32.9215, 39.9875 ], [ 32.921, 39.9875 ], [ 32.921, 39.9879 ], [ 32.9214, 39.9879 ], [ 32.9214, 39.9879 ], [ 32.9214, 39.9879 ], [ 32.922, 39.988 ], [ 32.922, 39.988 ], [ 32.9224, 39.988 ], [ 32.9224, 39.988 ] ] ] ] } },
{ "type": "Feature", "properties": { "id": "sehirAtlasi.220", "kentAtlasiDegeriKodu": "11220", "kentAtlasiDegeri": "Orta Yoğunluklu Süreksiz Kentsel Alan (30% - 50%)", "gecirimsizlikKatmani": 26, "tucbsNo": "CBSGM_1_7984411", "aciklama": null, "gecerlilikBaslangici": "2019-02-13T00:00:00Z", "gecerlilikSonu": null, "gozlemTarihi": null, "hilucsAraziKullanimi": null, "hilucsDurumu": null, "olcek": "1:10000", "surumBaslangicZamani": null, "surumBitisZamani": null, "total_population": 0.0, "estimated_water_supply": 0.67500002323291453, "population_pressure": 0.0, "urban_water_stress_score": 0.0 }, "geometry": { "type": "MultiPolygon", "coordinates": [ [ [ [ 32.8188, 39.8501 ], [ 32.8189, 39.8503 ], [ 32.821, 39.8495 ], [ 32.8208, 39.8492 ], [ 32.8198, 39.8496 ], [ 32.8197, 39.8496 ], [ 32.8198, 39.8497 ], [ 32.8198, 39.8497 ], [ 32.8198, 39.8497 ], [ 32.8197, 39.8497 ], [ 32.8197, 39.8497 ], [ 32.8197, 39.8497 ], [ 32.8188, 39.8501 ] ] ] ] } },
{ "type": "Feature", "properties": { "id": "sehirAtlasi.221", "kentAtlasiDegeriKodu": "11220", "kentAtlasiDegeri": "Orta Yoğunluklu Süreksiz Kentsel Alan (30% - 50%)", "gecirimsizlikKatmani": 0, "tucbsNo": "CBSGM_1_7984412", "aciklama": null, "gecerlilikBaslangici": "2019-02-08T00:00:00Z", "gecerlilikSonu": null, "gozlemTarihi": null, "hilucsAraziKullanimi": null, "hilucsDurumu": null, "olcek": "1:10000", "surumBaslangicZamani": null, "surumBitisZamani": null, "total_population": 0.0, "estimated_water_supply": 0.9831943368200331, "population_pressure": 0.0, "urban_water_stress_score": 0.0 }, "geometry": { "type": "MultiPolygon", "coordinates": [ [ [ [ 32.8702, 39.9507 ], [ 32.8701, 39.9505 ], [ 32.8694, 39.9506 ], [ 32.8694, 39.9506 ], [ 32.8694, 39.9506 ], [ 32.8693, 39.9506 ], [ 32.8693, 39.9508 ], [ 32.8693, 39.951 ], [ 32.8702, 39.9507 ] ] ] ] } },
{ "type": "Feature", "properties": { "id": "sehirAtlasi.222", "kentAtlasiDegeriKodu": "11220", "kentAtlasiDegeri": "Orta Yoğunluklu Süreksiz Kentsel Alan (30% - 50%)", "gecirimsizlikKatmani": 41, "tucbsNo": "CBSGM_1_7984413", "aciklama": null, "gecerlilikBaslangici": "2019-02-13T00:00:00Z", "gecerlilikSonu": null, "gozlemTarihi": null, "hilucsAraziKullanimi": null, "hilucsDurumu": null, "olcek": "1:10000", "surumBaslangicZamani": null, "surumBitisZamani": null, "total_population": 0.0, "estimated_water_supply": 1.2275855717705024, "population_pressure": 0.0, "urban_water_stress_score": 0.0 }, "geometry": { "type": "MultiPolygon", "coordinates": [ [ [ [ 32.9692, 40.0689 ], [ 32.9691, 40.0686 ], [ 32.9681, 40.0688 ], [ 32.9678, 40.0689 ], [ 32.9675, 40.069 ], [ 32.9673, 40.069 ], [ 32.9675, 40.0693 ], [ 32.9692, 40.0689 ] ] ] ] } },
{ "type": "Feature", "properties": { "id": "sehirAtlasi.223", "kentAtlasiDegeriKodu": "11220", "kentAtlasiDegeri": "Orta Yoğunluklu Süreksiz Kentsel Alan (30% - 50%)", "gecirimsizlikKatmani": 11, "tucbsNo": "CBSGM_1_7984414", "aciklama": null, "gecerlilikBaslangici": "2019-02-05T00:00:00Z", "gecerlilikSonu": null, "gozlemTarihi": null, "hilucsAraziKullanimi": null, "hilucsDurumu": null, "olcek": "1:10000", "surumBaslangicZamani": null, "surumBitisZamani": null, "total_population": 0.0, "estimated_water_supply": 1.4771180386999025, "population_pressure": 0.0, "urban_water_stress_score": 0.0 }, "geometry": { "type": "MultiPolygon", "coordinates": [ [ [ [ 32.9245, 39.9295 ], [ 32.9244, 39.9293 ], [ 32.9243, 39.9292 ], [ 32.9239, 39.9292 ], [ 32.9239, 39.9292 ], [ 32.9239, 39.9292 ], [ 32.9236, 39.9291 ], [ 32.9236, 39.9291 ], [ 32.9229, 39.9286 ], [ 32.9229, 39.9285 ], [ 32.9228, 39.9285 ], [ 32.9228, 39.9284 ], [ 32.9223, 39.9284 ], [ 32.9222, 39.9287 ], [ 32.9222, 39.9287 ], [ 32.9224, 39.9289 ], [ 32.9225, 39.929 ], [ 32.9229, 39.929 ], [ 32.9229, 39.929 ], [ 32.9229, 39.929 ], [ 32.9229, 39.929 ], [ 32.9229, 39.929 ], [ 32.9229, 39.929 ], [ 32.9229, 39.929 ], [ 32.9225, 39.929 ], [ 32.9225, 39.929 ], [ 32.9225, 39.929 ], [ 32.9224, 39.929 ], [ 32.9224, 39.929 ], [ 32.9221, 39.9288 ], [ 32.9221, 39.9288 ], [ 32.9221, 39.9287 ], [ 32.9221, 39.9287 ], [ 32.9221, 39.9287 ], [ 32.9221, 39.9286 ], [ 32.9222, 39.9284 ], [ 32.9219, 39.9284 ], [ 32.9218, 39.9287 ], [ 32.9218, 39.9289 ], [ 32.9218, 39.929 ], [ 32.9219, 39.9291 ], [ 32.9228, 39.9293 ], [ 32.9228, 39.9293 ], [ 32.9228, 39.9293 ], [ 32.923, 39.9294 ], [ 32.923, 39.9294 ], [ 32.9234, 39.9298 ], [ 32.9236, 39.9298 ], [ 32.9238, 39.9299 ], [ 32.9241, 39.9298 ], [ 32.9244, 39.9298 ], [ 32.9245, 39.9296 ], [ 32.9245, 39.9295 ] ] ] ] } },
{ "type": "Feature", "properties": { "id": "sehirAtlasi.224", "kentAtlasiDegeriKodu": "11220", "kentAtlasiDegeri": "Orta Yoğunluklu Süreksiz Kentsel Alan (30% - 50%)", "gecirimsizlikKatmani": 36, "tucbsNo": "CBSGM_1_7984415", "aciklama": null, "gecerlilikBaslangici": "2019-02-12T00:00:00Z", "gecerlilikSonu": null, "gozlemTarihi": null, "hilucsAraziKullanimi": null, "hilucsDurumu": null, "olcek": "1:10000", "surumBaslangicZamani": null, "surumBitisZamani": null, "total_population": 0.0, "estimated_water_supply": 1.3898725092740691, "population_pressure": 0.0, "urban_water_stress_score": 0.0 }, "geometry": { "type": "MultiPolygon", "coordinates": [ [ [ [ 32.6562, 40.0199 ], [ 32.6562, 40.0199 ], [ 32.656, 40.0203 ], [ 32.656, 40.0203 ], [ 32.6567, 40.0203 ], [ 32.6567, 40.0199 ], [ 32.6562, 40.0199 ] ] ] ] } },
{ "type": "Feature", "properties": { "id": "sehirAtlasi.225", "kentAtlasiDegeriKodu": "11220", "kentAtlasiDegeri": "Orta Yoğunluklu Süreksiz Kentsel Alan (30% - 50%)", "gecirimsizlikKatmani": 49, "tucbsNo": "CBSGM_1_7984416", "aciklama": null, "gecerlilikBaslangici": "2019-02-14T00:00:00Z", "gecerlilikSonu": null, "gozlemTarihi": null, "hilucsAraziKullanimi": null, "hilucsDurumu": null, "olcek": "1:10000", "surumBaslangicZamani": null, "surumBitisZamani": null, "total_population": 0.0, "estimated_water_supply": 0.66698413364480169, "population_pressure": 0.0, "urban_water_stress_score": 0.0 }, "geometry": { "type": "MultiPolygon", "coordinates": [ [ [ [ 32.8761, 39.7522 ], [ 32.876, 39.7521 ], [ 32.876, 39.752 ], [ 32.8758, 39.7519 ], [ 32.8758, 39.752 ], [ 32.8758, 39.7521 ], [ 32.8758, 39.7522 ], [ 32.8761, 39.7522 ] ] ] ] } },
{ "type": "Feature", "properties": { "id": "sehirAtlasi.226", "kentAtlasiDegeriKodu": "11220", "kentAtlasiDegeri": "Orta Yoğunluklu Süreksiz Kentsel Alan (30% - 50%)", "gecirimsizlikKatmani": 0, "tucbsNo": "CBSGM_1_7984417", "aciklama": null, "gecerlilikBaslangici": "2019-02-08T00:00:00Z", "gecerlilikSonu": null, "gozlemTarihi": null, "hilucsAraziKullanimi": null, "hilucsDurumu": null, "olcek": "1:10000", "surumBaslangicZamani": null, "surumBitisZamani": null, "total_population": 0.0, "estimated_water_supply": 1.2435281515855814, "population_pressure": 0.0, "urban_water_stress_score": 0.0 }, "geometry": { "type": "MultiPolygon", "coordinates": [ [ [ [ 32.9332, 39.9798 ], [ 32.9335, 39.9801 ], [ 32.9337, 39.9804 ], [ 32.934, 39.9803 ], [ 32.934, 39.9801 ], [ 32.934, 39.9801 ], [ 32.9339, 39.9799 ], [ 32.9338, 39.9796 ], [ 32.9338, 39.9796 ], [ 32.9335, 39.9797 ], [ 32.9332, 39.9798 ] ] ] ] } },
{ "type": "Feature", "properties": { "id": "sehirAtlasi.227", "kentAtlasiDegeriKodu": "11220", "kentAtlasiDegeri": "Orta Yoğunluklu Süreksiz Kentsel Alan (30% - 50%)", "gecirimsizlikKatmani": 12, "tucbsNo": "CBSGM_1_7984418", "aciklama": null, "gecerlilikBaslangici": "2019-02-05T00:00:00Z", "gecerlilikSonu": null, "gozlemTarihi": null, "hilucsAraziKullanimi": null, "hilucsDurumu": null, "olcek": "1:10000", "surumBaslangicZamani": null, "surumBitisZamani": null, "total_population": 0.0, "estimated_water_supply": 1.1770827679559877, "population_pressure": 0.0, "urban_water_stress_score": 0.0 }, "geometry": { "type": "MultiPolygon", "coordinates": [ [ [ [ 33.0013, 40.1033 ], [ 33.0013, 40.1033 ], [ 33.0012, 40.1032 ], [ 33.0011, 40.1032 ], [ 33.001, 40.1031 ], [ 33.0009, 40.103 ], [ 33.0008, 40.103 ], [ 33.0006, 40.103 ], [ 33.0005, 40.103 ], [ 33.0003, 40.1031 ], [ 33.0002, 40.1032 ], [ 33.0002, 40.1033 ], [ 33.0002, 40.1033 ], [ 33.0002, 40.1033 ], [ 33.0003, 40.1033 ], [ 33.0003, 40.1033 ], [ 33.0003, 40.1033 ], [ 33.0003, 40.1034 ], [ 33.0003, 40.1034 ], [ 33.0003, 40.1035 ], [ 33.0005, 40.1035 ], [ 33.0006, 40.1036 ], [ 33.0007, 40.1036 ], [ 33.0007, 40.1036 ], [ 33.0007, 40.1036 ], [ 33.0007, 40.1036 ], [ 33.0007, 40.1036 ], [ 33.0008, 40.1035 ], [ 33.0009, 40.1034 ], [ 33.0009, 40.1034 ], [ 33.0009, 40.1034 ], [ 33.0009, 40.1034 ], [ 33.0012, 40.1034 ], [ 33.0013, 40.1033 ], [ 33.0013, 40.1033 ], [ 33.0013, 40.1033 ], [ 33.0013, 40.1033 ], [ 33.0013, 40.1033 ], [ 33.0013, 40.1033 ] ] ] ] } },
{ "type": "Feature", "properties": { "id": "sehirAtlasi.228", "kentAtlasiDegeriKodu": "11220", "kentAtlasiDegeri": "Orta Yoğunluklu Süreksiz Kentsel Alan (30% - 50%)", "gecirimsizlikKatmani": 0, "tucbsNo": "CBSGM_1_7984419", "aciklama": null, "gecerlilikBaslangici": "2019-02-13T00:00:00Z", "gecerlilikSonu": null, "gozlemTarihi": null, "hilucsAraziKullanimi": null, "hilucsDurumu": null, "olcek": "1:10000", "surumBaslangicZamani": null, "surumBitisZamani": null, "total_population": 0.0, "estimated_water_supply": 1.1178420365733215, "population_pressure": 0.0, "urban_water_stress_score": 0.0 }, "geometry": { "type": "MultiPolygon", "coordinates": [ [ [ [ 33.045, 40.0596 ], [ 33.0448, 40.0595 ], [ 33.0447, 40.0594 ], [ 33.0446, 40.0593 ], [ 33.0445, 40.0593 ], [ 33.0443, 40.0592 ], [ 33.0442, 40.0592 ], [ 33.0442, 40.0592 ], [ 33.0442, 40.0592 ], [ 33.0441, 40.0592 ], [ 33.0441, 40.0592 ], [ 33.0441, 40.0592 ], [ 33.0441, 40.0592 ], [ 33.0441, 40.0592 ], [ 33.044, 40.0592 ], [ 33.044, 40.0591 ], [ 33.0439, 40.0591 ], [ 33.0438, 40.0591 ], [ 33.0439, 40.0592 ], [ 33.0442, 40.0594 ], [ 33.0442, 40.0594 ], [ 33.0443, 40.0596 ], [ 33.0443, 40.0596 ], [ 33.0444, 40.0597 ], [ 33.0445, 40.0597 ], [ 33.0446, 40.0597 ], [ 33.0446, 40.0597 ], [ 33.0446, 40.0598 ], [ 33.0446, 40.0598 ], [ 33.0447, 40.0599 ], [ 33.0449, 40.0598 ], [ 33.0449, 40.0598 ], [ 33.045, 40.0596 ] ] ] ] } },
{ "type": "Feature", "properties": { "id": "sehirAtlasi.229", "kentAtlasiDegeriKodu": "11220", "kentAtlasiDegeri": "Orta Yoğunluklu Süreksiz Kentsel Alan (30% - 50%)", "gecirimsizlikKatmani": 0, "tucbsNo": "CBSGM_1_7984420", "aciklama": null, "gecerlilikBaslangici": "2019-02-06T00:00:00Z", "gecerlilikSonu": null, "gozlemTarihi": null, "hilucsAraziKullanimi": null, "hilucsDurumu": null, "olcek": "1:10000", "surumBaslangicZamani": null, "surumBitisZamani": null, "total_population": 0.0, "estimated_water_supply": 1.0132767179272586, "population_pressure": 0.0, "urban_water_stress_score": 0.0 }, "geometry": { "type": "MultiPolygon", "coordinates": [ [ [ [ 32.8766, 39.9416 ], [ 32.8774, 39.9424 ], [ 32.8776, 39.9423 ], [ 32.8776, 39.9423 ], [ 32.8782, 39.9418 ], [ 32.8783, 39.9416 ], [ 32.8784, 39.9416 ], [ 32.8781, 39.9415 ], [ 32.8778, 39.9414 ], [ 32.8775, 39.9414 ], [ 32.8772, 39.9414 ], [ 32.8769, 39.9415 ], [ 32.8766, 39.9416 ] ] ] ] } },
{ "type": "Feature", "properties": { "id": "sehirAtlasi.230", "kentAtlasiDegeriKodu": "12120", "kentAtlasiDegeri": "Ticaret Alanları", "gecirimsizlikKatmani": 16, "tucbsNo": "CBSGM_1_338497", "aciklama": null, "gecerlilikBaslangici": "2020-01-07T00:00:00Z", "gecerlilikSonu": null, "gozlemTarihi": null, "hilucsAraziKullanimi": null, "hilucsDurumu": null, "olcek": "1:10000", "surumBaslangicZamani": null, "surumBitisZamani": null, "total_population": 0.0, "estimated_water_supply": 2.428726987000839, "population_pressure": 0.0, "urban_water_stress_score": 0.0 }, "geometry": { "type": "MultiPolygon", "coordinates": [ [ [ [ 32.6912, 40.2286 ], [ 32.691, 40.2286 ], [ 32.6903, 40.2286 ], [ 32.6902, 40.2286 ], [ 32.6899, 40.2288 ], [ 32.6899, 40.2288 ], [ 32.6899, 40.2288 ], [ 32.6898, 40.2296 ], [ 32.6909, 40.2295 ], [ 32.6909, 40.2295 ], [ 32.691, 40.2295 ], [ 32.691, 40.2296 ], [ 32.691, 40.2296 ], [ 32.691, 40.2296 ], [ 32.691, 40.2296 ], [ 32.6909, 40.2296 ], [ 32.6905, 40.2296 ], [ 32.6905, 40.23 ], [ 32.6912, 40.23 ], [ 32.6912, 40.2286 ] ] ] ] } },
{ "type": "Feature", "properties": { "id": "sehirAtlasi.231", "kentAtlasiDegeriKodu": "11220", "kentAtlasiDegeri": "Orta Yoğunluklu Süreksiz Kentsel Alan (30% - 50%)", "gecirimsizlikKatmani": 0, "tucbsNo": "CBSGM_1_7984421", "aciklama": null, "gecerlilikBaslangici": "2019-02-13T00:00:00Z", "gecerlilikSonu": null, "gozlemTarihi": null, "hilucsAraziKullanimi": null, "hilucsDurumu": null, "olcek": "1:10000", "surumBaslangicZamani": null, "surumBitisZamani": null, "total_population": 0.0, "estimated_water_supply": 1.1129090706366851, "population_pressure": 0.0, "urban_water_stress_score": 0.0 }, "geometry": { "type": "MultiPolygon", "coordinates": [ [ [ [ 33.0461, 40.0601 ], [ 33.0459, 40.0603 ], [ 33.0458, 40.0604 ], [ 33.0457, 40.0607 ], [ 33.0457, 40.0607 ], [ 33.0456, 40.061 ], [ 33.0456, 40.061 ], [ 33.0455, 40.0611 ], [ 33.0456, 40.0611 ], [ 33.0456, 40.0611 ], [ 33.0457, 40.0612 ], [ 33.0458, 40.0611 ], [ 33.0458, 40.0611 ], [ 33.046, 40.061 ], [ 33.046, 40.061 ], [ 33.046, 40.0609 ], [ 33.0459, 40.0608 ], [ 33.0459, 40.0608 ], [ 33.0459, 40.0607 ], [ 33.0459, 40.0607 ], [ 33.0459, 40.0607 ], [ 33.0459, 40.0606 ], [ 33.0459, 40.0606 ], [ 33.046, 40.0606 ], [ 33.046, 40.0606 ], [ 33.046, 40.0606 ], [ 33.046, 40.0606 ], [ 33.046, 40.0606 ], [ 33.0461, 40.0606 ], [ 33.0461, 40.0606 ], [ 33.0461, 40.0606 ], [ 33.0463, 40.0606 ], [ 33.0464, 40.0605 ], [ 33.0464, 40.0604 ], [ 33.0464, 40.0604 ], [ 33.0464, 40.0603 ], [ 33.0462, 40.0602 ], [ 33.0461, 40.0601 ] ] ] ] } },
{ "type": "Feature", "properties": { "id": "sehirAtlasi.232", "kentAtlasiDegeriKodu": "11220", "kentAtlasiDegeri": "Orta Yoğunluklu Süreksiz Kentsel Alan (30% - 50%)", "gecirimsizlikKatmani": 40, "tucbsNo": "CBSGM_1_7984422", "aciklama": null, "gecerlilikBaslangici": "2019-02-14T00:00:00Z", "gecerlilikSonu": null, "gozlemTarihi": null, "hilucsAraziKullanimi": null, "hilucsDurumu": null, "olcek": "1:10000", "surumBaslangicZamani": null, "surumBitisZamani": null, "total_population": 0.0, "estimated_water_supply": 1.0797871279074613, "population_pressure": 0.0, "urban_water_stress_score": 0.0 }, "geometry": { "type": "MultiPolygon", "coordinates": [ [ [ [ 32.9633, 39.9112 ], [ 32.9632, 39.9108 ], [ 32.9628, 39.9108 ], [ 32.9625, 39.9108 ], [ 32.9625, 39.9108 ], [ 32.9622, 39.9108 ], [ 32.9619, 39.9112 ], [ 32.9628, 39.9112 ], [ 32.9628, 39.9112 ], [ 32.9633, 39.9112 ] ] ] ] } },
{ "type": "Feature", "properties": { "id": "sehirAtlasi.233", "kentAtlasiDegeriKodu": "11220", "kentAtlasiDegeri": "Orta Yoğunluklu Süreksiz Kentsel Alan (30% - 50%)", "gecirimsizlikKatmani": 43, "tucbsNo": "CBSGM_1_7984423", "aciklama": null, "gecerlilikBaslangici": "2019-02-08T00:00:00Z", "gecerlilikSonu": null, "gozlemTarihi": null, "hilucsAraziKullanimi": null, "hilucsDurumu": null, "olcek": "1:10000", "surumBaslangicZamani": null, "surumBitisZamani": null, "total_population": 0.0, "estimated_water_supply": 1.2811609489136597, "population_pressure": 0.0, "urban_water_stress_score": 0.0 }, "geometry": { "type": "MultiPolygon", "coordinates": [ [ [ [ 32.9454, 39.9592 ], [ 32.9458, 39.959 ], [ 32.9458, 39.959 ], [ 32.9458, 39.959 ], [ 32.9459, 39.959 ], [ 32.9456, 39.9582 ], [ 32.9454, 39.9583 ], [ 32.9449, 39.9584 ], [ 32.9454, 39.9592 ] ] ] ] } },
{ "type": "Feature", "properties": { "id": "sehirAtlasi.234", "kentAtlasiDegeriKodu": "11220", "kentAtlasiDegeri": "Orta Yoğunluklu Süreksiz Kentsel Alan (30% - 50%)", "gecirimsizlikKatmani": 29, "tucbsNo": "CBSGM_1_7984424", "aciklama": null, "gecerlilikBaslangici": "2019-02-09T00:00:00Z", "gecerlilikSonu": null, "gozlemTarihi": null, "hilucsAraziKullanimi": null, "hilucsDurumu": null, "olcek": "1:10000", "surumBaslangicZamani": null, "surumBitisZamani": null, "total_population": 0.0, "estimated_water_supply": 1.1782018815785329, "population_pressure": 0.0, "urban_water_stress_score": 0.0 }, "geometry": { "type": "MultiPolygon", "coordinates": [ [ [ [ 32.9614, 39.9666 ], [ 32.9614, 39.9676 ], [ 32.9614, 39.9678 ], [ 32.9614, 39.9678 ], [ 32.9622, 39.9677 ], [ 32.9621, 39.9675 ], [ 32.9621, 39.9675 ], [ 32.962, 39.9666 ], [ 32.9614, 39.9666 ] ] ] ] } },
{ "type": "Feature", "properties": { "id": "sehirAtlasi.235", "kentAtlasiDegeriKodu": "11220", "kentAtlasiDegeri": "Orta Yoğunluklu Süreksiz Kentsel Alan (30% - 50%)", "gecirimsizlikKatmani": 0, "tucbsNo": "CBSGM_1_7984425", "aciklama": null, "gecerlilikBaslangici": "2019-02-08T00:00:00Z", "gecerlilikSonu": null, "gozlemTarihi": null, "hilucsAraziKullanimi": null, "hilucsDurumu": null, "olcek": "1:10000", "surumBaslangicZamani": null, "surumBitisZamani": null, "total_population": 0.0, "estimated_water_supply": 1.2321704371850646, "population_pressure": 0.0, "urban_water_stress_score": 0.0 }, "geometry": { "type": "MultiPolygon", "coordinates": [ [ [ [ 32.9224, 39.9833 ], [ 32.9222, 39.9832 ], [ 32.9211, 39.9837 ], [ 32.9209, 39.9841 ], [ 32.9212, 39.9841 ], [ 32.9216, 39.984 ], [ 32.9219, 39.9839 ], [ 32.9218, 39.9837 ], [ 32.9218, 39.9837 ], [ 32.9218, 39.9837 ], [ 32.9218, 39.9836 ], [ 32.9218, 39.9836 ], [ 32.9219, 39.9836 ], [ 32.9219, 39.9836 ], [ 32.9219, 39.9836 ], [ 32.9224, 39.9833 ] ] ] ] } },
{ "type": "Feature", "properties": { "id": "sehirAtlasi.236", "kentAtlasiDegeriKodu": "11220", "kentAtlasiDegeri": "Orta Yoğunluklu Süreksiz Kentsel Alan (30% - 50%)", "gecirimsizlikKatmani": 0, "tucbsNo": "CBSGM_1_7984426", "aciklama": null, "gecerlilikBaslangici": "2019-02-07T00:00:00Z", "gecerlilikSonu": null, "gozlemTarihi": null, "hilucsAraziKullanimi": null, "hilucsDurumu": null, "olcek": "1:10000", "surumBaslangicZamani": null, "surumBitisZamani": null, "total_population": 0.0, "estimated_water_supply": 1.2103497420541394, "population_pressure": 0.0, "urban_water_stress_score": 0.0 }, "geometry": { "type": "MultiPolygon", "coordinates": [ [ [ [ 32.9231, 39.9695 ], [ 32.9231, 39.9695 ], [ 32.9237, 39.9697 ], [ 32.9239, 39.9693 ], [ 32.9242, 39.9689 ], [ 32.9237, 39.9687 ], [ 32.9235, 39.9686 ], [ 32.9236, 39.9686 ], [ 32.9231, 39.9695 ] ] ] ] } },
{ "type": "Feature", "properties": { "id": "sehirAtlasi.237", "kentAtlasiDegeriKodu": "11220", "kentAtlasiDegeri": "Orta Yoğunluklu Süreksiz Kentsel Alan (30% - 50%)", "gecirimsizlikKatmani": 57, "tucbsNo": "CBSGM_1_7984427", "aciklama": null, "gecerlilikBaslangici": "2019-02-07T00:00:00Z", "gecerlilikSonu": null, "gozlemTarihi": null, "hilucsAraziKullanimi": null, "hilucsDurumu": null, "olcek": "1:10000", "surumBaslangicZamani": null, "surumBitisZamani": null, "total_population": 0.0, "estimated_water_supply": 1.2274595700146247, "population_pressure": 0.0, "urban_water_stress_score": 0.0 }, "geometry": { "type": "MultiPolygon", "coordinates": [ [ [ [ 32.9227, 39.958 ], [ 32.9229, 39.9581 ], [ 32.9229, 39.9581 ], [ 32.923, 39.9582 ], [ 32.9233, 39.958 ], [ 32.9231, 39.9579 ], [ 32.9231, 39.9579 ], [ 32.923, 39.9578 ], [ 32.9227, 39.958 ] ] ] ] } },
{ "type": "Feature", "properties": { "id": "sehirAtlasi.238", "kentAtlasiDegeriKodu": "11220", "kentAtlasiDegeri": "Orta Yoğunluklu Süreksiz Kentsel Alan (30% - 50%)", "gecirimsizlikKatmani": 0, "tucbsNo": "CBSGM_1_7984428", "aciklama": null, "gecerlilikBaslangici": "2019-02-07T00:00:00Z", "gecerlilikSonu": null, "gozlemTarihi": null, "hilucsAraziKullanimi": null, "hilucsDurumu": null, "olcek": "1:10000", "surumBaslangicZamani": null, "surumBitisZamani": null, "total_population": 0.0, "estimated_water_supply": 1.2181821791491023, "population_pressure": 0.0, "urban_water_stress_score": 0.0 }, "geometry": { "type": "MultiPolygon", "coordinates": [ [ [ [ 32.9233, 39.9723 ], [ 32.9232, 39.9722 ], [ 32.9227, 39.9722 ], [ 32.923, 39.9725 ], [ 32.9233, 39.9723 ] ] ] ] } },
{ "type": "Feature", "properties": { "id": "sehirAtlasi.239", "kentAtlasiDegeriKodu": "12120", "kentAtlasiDegeri": "Ticaret Alanları", "gecirimsizlikKatmani": 5, "tucbsNo": "CBSGM_1_338496", "aciklama": null, "gecerlilikBaslangici": "2019-02-19T00:00:00Z", "gecerlilikSonu": null, "gozlemTarihi": null, "hilucsAraziKullanimi": null, "hilucsDurumu": null, "olcek": "1:10000", "surumBaslangicZamani": null, "surumBitisZamani": null, "total_population": 0.0, "estimated_water_supply": 2.4256901290378687, "population_pressure": 0.0, "urban_water_stress_score": 0.0 }, "geometry": { "type": "MultiPolygon", "coordinates": [ [ [ [ 32.6919, 40.227 ], [ 32.6919, 40.227 ], [ 32.6919, 40.227 ], [ 32.6919, 40.227 ], [ 32.6922, 40.2269 ], [ 32.6922, 40.2269 ], [ 32.6927, 40.2268 ], [ 32.6935, 40.2267 ], [ 32.6934, 40.2261 ], [ 32.6931, 40.2248 ], [ 32.6929, 40.2239 ], [ 32.6929, 40.2239 ], [ 32.6928, 40.2233 ], [ 32.6924, 40.2234 ], [ 32.6925, 40.2235 ], [ 32.6925, 40.2235 ], [ 32.6927, 40.2238 ], [ 32.6927, 40.2239 ], [ 32.6927, 40.2239 ], [ 32.6927, 40.224 ], [ 32.6929, 40.2247 ], [ 32.6929, 40.2247 ], [ 32.693, 40.2256 ], [ 32.693, 40.2256 ], [ 32.693, 40.2257 ], [ 32.693, 40.2257 ], [ 32.693, 40.2257 ], [ 32.6929, 40.2257 ], [ 32.6929, 40.2257 ], [ 32.6929, 40.2256 ], [ 32.6922, 40.2257 ], [ 32.6923, 40.226 ], [ 32.6929, 40.226 ], [ 32.6929, 40.2263 ], [ 32.6928, 40.2263 ], [ 32.6927, 40.2264 ], [ 32.6918, 40.2265 ], [ 32.6919, 40.227 ] ] ] ] } },
{ "type": "Feature", "properties": { "id": "sehirAtlasi.240", "kentAtlasiDegeriKodu": "11220", "kentAtlasiDegeri": "Orta Yoğunluklu Süreksiz Kentsel Alan (30% - 50%)", "gecirimsizlikKatmani": 32, "tucbsNo": "CBSGM_1_7984429", "aciklama": null, "gecerlilikBaslangici": "2019-02-07T00:00:00Z", "gecerlilikSonu": null, "gozlemTarihi": null, "hilucsAraziKullanimi": null, "hilucsDurumu": null, "olcek": "1:10000", "surumBaslangicZamani": null, "surumBitisZamani": null, "total_population": 0.0, "estimated_water_supply": 1.0738747469443783, "population_pressure": 0.0, "urban_water_stress_score": 0.0 }, "geometry": { "type": "MultiPolygon", "coordinates": [ [ [ [ 32.9612, 39.9108 ], [ 32.9609, 39.9106 ], [ 32.9605, 39.9105 ], [ 32.9605, 39.9105 ], [ 32.9598, 39.9101 ], [ 32.9596, 39.9101 ], [ 32.9592, 39.9101 ], [ 32.9591, 39.9105 ], [ 32.959, 39.9111 ], [ 32.9591, 39.9111 ], [ 32.9596, 39.9114 ], [ 32.96, 39.9113 ], [ 32.9596, 39.9106 ], [ 32.9595, 39.9106 ], [ 32.9595, 39.9105 ], [ 32.9595, 39.9105 ], [ 32.9595, 39.9105 ], [ 32.9595, 39.9104 ], [ 32.9595, 39.9104 ], [ 32.9596, 39.9104 ], [ 32.9596, 39.9104 ], [ 32.9596, 39.9104 ], [ 32.9597, 39.9104 ], [ 32.9597, 39.9104 ], [ 32.9598, 39.9104 ], [ 32.9598, 39.9104 ], [ 32.9598, 39.9104 ], [ 32.9607, 39.9108 ], [ 32.9608, 39.9108 ], [ 32.9612, 39.9108 ] ] ] ] } },
{ "type": "Feature", "properties": { "id": "sehirAtlasi.241", "kentAtlasiDegeriKodu": "11220", "kentAtlasiDegeri": "Orta Yoğunluklu Süreksiz Kentsel Alan (30% - 50%)", "gecirimsizlikKatmani": 0, "tucbsNo": "CBSGM_1_7984430", "aciklama": null, "gecerlilikBaslangici": "2019-02-06T00:00:00Z", "gecerlilikSonu": null, "gozlemTarihi": null, "hilucsAraziKullanimi": null, "hilucsDurumu": null, "olcek": "1:10000", "surumBaslangicZamani": null, "surumBitisZamani": null, "total_population": 0.0, "estimated_water_supply": 1.0131296314396403, "population_pressure": 0.0, "urban_water_stress_score": 0.0 }, "geometry": { "type": "MultiPolygon", "coordinates": [ [ [ [ 32.8778, 39.9429 ], [ 32.8774, 39.9425 ], [ 32.877, 39.9428 ], [ 32.8767, 39.943 ], [ 32.8768, 39.9433 ], [ 32.8774, 39.9431 ], [ 32.8778, 39.9429 ] ] ] ] } },
{ "type": "Feature", "properties": { "id": "sehirAtlasi.242", "kentAtlasiDegeriKodu": "11220", "kentAtlasiDegeri": "Orta Yoğunluklu Süreksiz Kentsel Alan (30% - 50%)", "gecirimsizlikKatmani": 16, "tucbsNo": "CBSGM_1_7984431", "aciklama": null, "gecerlilikBaslangici": "2019-02-07T00:00:00Z", "gecerlilikSonu": null, "gozlemTarihi": null, "hilucsAraziKullanimi": null, "hilucsDurumu": null, "olcek": "1:10000", "surumBaslangicZamani": null, "surumBitisZamani": null, "total_population": 0.0, "estimated_water_supply": 1.1921784858882605, "population_pressure": 0.0, "urban_water_stress_score": 0.0 }, "geometry": { "type": "MultiPolygon", "coordinates": [ [ [ [ 32.9616, 39.9635 ], [ 32.9615, 39.9632 ], [ 32.9613, 39.9627 ], [ 32.9612, 39.9625 ], [ 32.9611, 39.9625 ], [ 32.9605, 39.9625 ], [ 32.9606, 39.9629 ], [ 32.961, 39.9637 ], [ 32.9616, 39.9635 ] ] ] ] } },
{ "type": "Feature", "properties": { "id": "sehirAtlasi.243", "kentAtlasiDegeriKodu": "11220", "kentAtlasiDegeri": "Orta Yoğunluklu Süreksiz Kentsel Alan (30% - 50%)", "gecirimsizlikKatmani": 25, "tucbsNo": "CBSGM_1_7984432", "aciklama": null, "gecerlilikBaslangici": "2019-02-05T00:00:00Z", "gecerlilikSonu": null, "gozlemTarihi": null, "hilucsAraziKullanimi": null, "hilucsDurumu": null, "olcek": "1:10000", "surumBaslangicZamani": null, "surumBitisZamani": null, "total_population": 0.0, "estimated_water_supply": 1.3250655269368954, "population_pressure": 0.0, "urban_water_stress_score": 0.0 }, "geometry": { "type": "MultiPolygon", "coordinates": [ [ [ [ 32.8557, 40.0161 ], [ 32.8552, 40.0157 ], [ 32.8549, 40.0156 ], [ 32.8547, 40.0155 ], [ 32.8545, 40.0155 ], [ 32.8543, 40.0154 ], [ 32.8543, 40.0154 ], [ 32.8543, 40.0155 ], [ 32.8544, 40.0156 ], [ 32.8544, 40.0156 ], [ 32.8545, 40.0157 ], [ 32.8548, 40.0161 ], [ 32.8548, 40.0161 ], [ 32.8549, 40.0163 ], [ 32.855, 40.0168 ], [ 32.8552, 40.0171 ], [ 32.8557, 40.0168 ], [ 32.8557, 40.0168 ], [ 32.8561, 40.0165 ], [ 32.8556, 40.0161 ], [ 32.8556, 40.0161 ], [ 32.8557, 40.0161 ] ] ] ] } },
{ "type": "Feature", "properties": { "id": "sehirAtlasi.244", "kentAtlasiDegeriKodu": "11220", "kentAtlasiDegeri": "Orta Yoğunluklu Süreksiz Kentsel Alan (30% - 50%)", "gecirimsizlikKatmani": 0, "tucbsNo": "CBSGM_1_7984433", "aciklama": null, "gecerlilikBaslangici": "2019-02-05T00:00:00Z", "gecerlilikSonu": null, "gozlemTarihi": null, "hilucsAraziKullanimi": null, "hilucsDurumu": null, "olcek": "1:10000", "surumBaslangicZamani": null, "surumBitisZamani": null, "total_population": 0.0, "estimated_water_supply": 0.98665260671484356, "population_pressure": 0.0, "urban_water_stress_score": 0.0 }, "geometry": { "type": "MultiPolygon", "coordinates": [ [ [ [ 32.8702, 39.9453 ], [ 32.8699, 39.9453 ], [ 32.8698, 39.9453 ], [ 32.8695, 39.9453 ], [ 32.8692, 39.9454 ], [ 32.8692, 39.9456 ], [ 32.8692, 39.9456 ], [ 32.8692, 39.946 ], [ 32.8692, 39.946 ], [ 32.8693, 39.9461 ], [ 32.87, 39.9458 ], [ 32.8701, 39.9457 ], [ 32.8701, 39.9457 ], [ 32.8701, 39.9457 ], [ 32.8701, 39.9457 ], [ 32.8701, 39.9455 ], [ 32.8701, 39.9454 ], [ 32.8702, 39.9453 ] ] ] ] } },
{ "type": "Feature", "properties": { "id": "sehirAtlasi.245", "kentAtlasiDegeriKodu": "11220", "kentAtlasiDegeri": "Orta Yoğunluklu Süreksiz Kentsel Alan (30% - 50%)", "gecirimsizlikKatmani": 24, "tucbsNo": "CBSGM_1_7984434", "aciklama": null, "gecerlilikBaslangici": "2019-02-08T00:00:00Z", "gecerlilikSonu": null, "gozlemTarihi": null, "hilucsAraziKullanimi": null, "hilucsDurumu": null, "olcek": "1:10000", "surumBaslangicZamani": null, "surumBitisZamani": null, "total_population": 0.0, "estimated_water_supply": 1.327018628486917, "population_pressure": 0.0, "urban_water_stress_score": 0.0 }, "geometry": { "type": "MultiPolygon", "coordinates": [ [ [ [ 32.9466, 39.9562 ], [ 32.9464, 39.9558 ], [ 32.9462, 39.9557 ], [ 32.9462, 39.9557 ], [ 32.9454, 39.956 ], [ 32.9453, 39.9561 ], [ 32.9453, 39.9561 ], [ 32.9456, 39.9566 ], [ 32.9466, 39.9562 ] ] ] ] } },
{ "type": "Feature", "properties": { "id": "sehirAtlasi.246", "kentAtlasiDegeriKodu": "12120", "kentAtlasiDegeri": "Ticaret Alanları", "gecirimsizlikKatmani": 13, "tucbsNo": "CBSGM_1_338498", "aciklama": null, "gecerlilikBaslangici": "2019-02-19T00:00:00Z", "gecerlilikSonu": null, "gozlemTarihi": null, "hilucsAraziKullanimi": null, "hilucsDurumu": null, "olcek": "1:10000", "surumBaslangicZamani": null, "surumBitisZamani": null, "total_population": 0.0, "estimated_water_supply": 2.4357320370646272, "population_pressure": 0.0, "urban_water_stress_score": 0.0 }, "geometry": { "type": "MultiPolygon", "coordinates": [ [ [ [ 32.6919, 40.2293 ], [ 32.6923, 40.2293 ], [ 32.6925, 40.2293 ], [ 32.6928, 40.2292 ], [ 32.6928, 40.2291 ], [ 32.6928, 40.2291 ], [ 32.6928, 40.2291 ], [ 32.6928, 40.2291 ], [ 32.6928, 40.2291 ], [ 32.6928, 40.2291 ], [ 32.6926, 40.2286 ], [ 32.6919, 40.2286 ], [ 32.6919, 40.2293 ] ] ] ] } },
{ "type": "Feature", "properties": { "id": "sehirAtlasi.247", "kentAtlasiDegeriKodu": "12120", "kentAtlasiDegeri": "Ticaret Alanları", "gecirimsizlikKatmani": 2, "tucbsNo": "CBSGM_1_338499", "aciklama": null, "gecerlilikBaslangici": "2019-02-18T00:00:00Z", "gecerlilikSonu": null, "gozlemTarihi": null, "hilucsAraziKullanimi": null, "hilucsDurumu": null, "olcek": "1:10000", "surumBaslangicZamani": null, "surumBitisZamani": null, "total_population": 0.0, "estimated_water_supply": 2.4286108002220619, "population_pressure": 0.0, "urban_water_stress_score": 0.0 }, "geometry": { "type": "MultiPolygon", "coordinates": [ [ [ [ 32.6888, 40.2262 ], [ 32.689, 40.2274 ], [ 32.6892, 40.2285 ], [ 32.6894, 40.2288 ], [ 32.6895, 40.2272 ], [ 32.6895, 40.2264 ], [ 32.6895, 40.2264 ], [ 32.6895, 40.2264 ], [ 32.6895, 40.2264 ], [ 32.6894, 40.2264 ], [ 32.6894, 40.2264 ], [ 32.6893, 40.2264 ], [ 32.6893, 40.2264 ], [ 32.6892, 40.2264 ], [ 32.6892, 40.2264 ], [ 32.6892, 40.2264 ], [ 32.6891, 40.2264 ], [ 32.6891, 40.2264 ], [ 32.6891, 40.2264 ], [ 32.689, 40.2264 ], [ 32.689, 40.2264 ], [ 32.689, 40.2263 ], [ 32.689, 40.2263 ], [ 32.6889, 40.2263 ], [ 32.6889, 40.2262 ], [ 32.6888, 40.2262 ], [ 32.6888, 40.2262 ] ] ] ] } },
{ "type": "Feature", "properties": { "id": "sehirAtlasi.248", "kentAtlasiDegeriKodu": "14100", "kentAtlasiDegeri": "Kent İçindeki Yeşil Alanlar ( Pasif )", "gecirimsizlikKatmani": 0, "tucbsNo": "CBSGM_1_338500", "aciklama": null, "gecerlilikBaslangici": "2020-01-07T00:00:00Z", "gecerlilikSonu": null, "gozlemTarihi": null, "hilucsAraziKullanimi": null, "hilucsDurumu": null, "olcek": "1:10000", "surumBaslangicZamani": null, "surumBitisZamani": null, "total_population": 0.0, "estimated_water_supply": 2.4555631369774975, "population_pressure": 0.0, "urban_water_stress_score": 0.0 }, "geometry": { "type": "MultiPolygon", "coordinates": [ [ [ [ 32.6884, 40.2324 ], [ 32.6885, 40.233 ], [ 32.6887, 40.2335 ], [ 32.6888, 40.2336 ], [ 32.6888, 40.2337 ], [ 32.6889, 40.2337 ], [ 32.6889, 40.2337 ], [ 32.6892, 40.2323 ], [ 32.6884, 40.2324 ] ] ] ] } },
{ "type": "Feature", "properties": { "id": "sehirAtlasi.249", "kentAtlasiDegeriKodu": "11220", "kentAtlasiDegeri": "Orta Yoğunluklu Süreksiz Kentsel Alan (30% - 50%)", "gecirimsizlikKatmani": 23, "tucbsNo": "CBSGM_1_7984435", "aciklama": null, "gecerlilikBaslangici": "2019-02-12T00:00:00Z", "gecerlilikSonu": null, "gozlemTarihi": null, "hilucsAraziKullanimi": null, "hilucsDurumu": null, "olcek": "1:10000", "surumBaslangicZamani": null, "surumBitisZamani": null, "total_population": 0.0, "estimated_water_supply": 0.62335228541972088, "population_pressure": 0.0, "urban_water_stress_score": 0.0 }, "geometry": { "type": "MultiPolygon", "coordinates": [ [ [ [ 32.6583, 39.8225 ], [ 32.6584, 39.8234 ], [ 32.6588, 39.8234 ], [ 32.6588, 39.8234 ], [ 32.6588, 39.8234 ], [ 32.6589, 39.8234 ], [ 32.6589, 39.8234 ], [ 32.659, 39.8234 ], [ 32.659, 39.8234 ], [ 32.6597, 39.8232 ], [ 32.6596, 39.8225 ], [ 32.6595, 39.8224 ], [ 32.6595, 39.8224 ], [ 32.6595, 39.8224 ], [ 32.6595, 39.8222 ], [ 32.6588, 39.8224 ], [ 32.6587, 39.8224 ], [ 32.6586, 39.8224 ], [ 32.6583, 39.8225 ] ] ] ] } },
{ "type": "Feature", "properties": { "id": "sehirAtlasi.250", "kentAtlasiDegeriKodu": "11220", "kentAtlasiDegeri": "Orta Yoğunluklu Süreksiz Kentsel Alan (30% - 50%)", "gecirimsizlikKatmani": 22, "tucbsNo": "CBSGM_1_7984436", "aciklama": null, "gecerlilikBaslangici": "2019-02-04T00:00:00Z", "gecerlilikSonu": null, "gozlemTarihi": null, "hilucsAraziKullanimi": null, "hilucsDurumu": null, "olcek": "1:10000", "surumBaslangicZamani": null, "surumBitisZamani": null, "total_population": 0.0, "estimated_water_supply": 1.1216706092375182, "population_pressure": 0.0, "urban_water_stress_score": 0.0 }, "geometry": { "type": "MultiPolygon", "coordinates": [ [ [ [ 32.552, 39.9543 ], [ 32.5516, 39.9543 ], [ 32.5514, 39.9543 ], [ 32.5514, 39.9544 ], [ 32.5514, 39.9555 ], [ 32.552, 39.9555 ], [ 32.552, 39.9551 ], [ 32.552, 39.9548 ], [ 32.552, 39.9543 ] ] ] ] } },
{ "type": "Feature", "properties": { "id": "sehirAtlasi.251", "kentAtlasiDegeriKodu": "11240", "kentAtlasiDegeri": "Çok Düşük Yoğunluklu Süreksiz Kentsel Alan (< 10%)", "gecirimsizlikKatmani": 8, "tucbsNo": "CBSGM_1_338504", "aciklama": null, "gecerlilikBaslangici": "2019-02-18T00:00:00Z", "gecerlilikSonu": null, "gozlemTarihi": null, "hilucsAraziKullanimi": null, "hilucsDurumu": null, "olcek": "1:10000", "surumBaslangicZamani": null, "surumBitisZamani": null, "total_population": 0.0, "estimated_water_supply": 2.5193674020138546, "population_pressure": 0.0, "urban_water_stress_score": 0.0 }, "geometry": { "type": "MultiPolygon", "coordinates": [ [ [ [ 32.6893, 40.2367 ], [ 32.6897, 40.237 ], [ 32.6897, 40.237 ], [ 32.6897, 40.237 ], [ 32.6899, 40.2373 ], [ 32.69, 40.2375 ], [ 32.691, 40.2369 ], [ 32.6906, 40.2367 ], [ 32.6898, 40.2363 ], [ 32.6893, 40.236 ], [ 32.6893, 40.2359 ], [ 32.6893, 40.2367 ] ] ] ] } },
{ "type": "Feature", "properties": { "id": "sehirAtlasi.252", "kentAtlasiDegeriKodu": "21000", "kentAtlasiDegeri": "Ekilebilir Alanlar", "gecirimsizlikKatmani": 2, "tucbsNo": "CBSGM_1_338505", "aciklama": null, "gecerlilikBaslangici": "2020-01-09T00:00:00Z", "gecerlilikSonu": null, "gozlemTarihi": null, "hilucsAraziKullanimi": null, "hilucsDurumu": null, "olcek": "1:10000", "surumBaslangicZamani": null, "surumBitisZamani": null, "total_population": 0.0, "estimated_water_supply": 2.5621803238501775, "population_pressure": 0.0, "urban_water_stress_score": 0.0 }, "geometry": { "type": "MultiPolygon", "coordinates": [ [ [ [ 32.6891, 40.2392 ], [ 32.69, 40.2392 ], [ 32.69, 40.2399 ], [ 32.6894, 40.2399 ], [ 32.6894, 40.2401 ], [ 32.6894, 40.2402 ], [ 32.6895, 40.2402 ], [ 32.69, 40.2404 ], [ 32.69, 40.2404 ], [ 32.691, 40.2406 ], [ 32.6904, 40.2405 ], [ 32.6915, 40.2398 ], [ 32.6912, 40.2395 ], [ 32.6907, 40.2398 ], [ 32.6907, 40.2398 ], [ 32.6907, 40.2398 ], [ 32.6907, 40.2398 ], [ 32.6907, 40.2398 ], [ 32.6907, 40.2398 ], [ 32.6906, 40.2398 ], [ 32.6903, 40.2395 ], [ 32.6905, 40.2393 ], [ 32.6908, 40.2397 ], [ 32.6912, 40.2395 ], [ 32.691, 40.2392 ], [ 32.6909, 40.2391 ], [ 32.6909, 40.2391 ], [ 32.6909, 40.2391 ], [ 32.6906, 40.2388 ], [ 32.6902, 40.2381 ], [ 32.6901, 40.2381 ], [ 32.6901, 40.2381 ], [ 32.6901, 40.2381 ], [ 32.6898, 40.2381 ], [ 32.69, 40.2387 ], [ 32.6897, 40.2387 ], [ 32.6896, 40.2388 ], [ 32.6896, 40.2389 ], [ 32.6895, 40.2391 ], [ 32.6894, 40.2392 ], [ 32.6891, 40.2392 ] ], [ [ 32.6912, 40.2395 ], [ 32.6914, 40.2397 ], [ 32.6911, 40.2399 ], [ 32.6909, 40.2397 ], [ 32.6912, 40.2395 ] ] ] ] } },
{ "type": "Feature", "properties": { "id": "sehirAtlasi.253", "kentAtlasiDegeriKodu": "11220", "kentAtlasiDegeri": "Orta Yoğunluklu Süreksiz Kentsel Alan (30% - 50%)", "gecirimsizlikKatmani": 0, "tucbsNo": "CBSGM_1_7984437", "aciklama": null, "gecerlilikBaslangici": "2019-02-07T00:00:00Z", "gecerlilikSonu": null, "gozlemTarihi": null, "hilucsAraziKullanimi": null, "hilucsDurumu": null, "olcek": "1:10000", "surumBaslangicZamani": null, "surumBitisZamani": null, "total_population": 0.0, "estimated_water_supply": 1.212434422023001, "population_pressure": 0.0, "urban_water_stress_score": 0.0 }, "geometry": { "type": "MultiPolygon", "coordinates": [ [ [ [ 32.9211, 39.9738 ], [ 32.9212, 39.9738 ], [ 32.9212, 39.9738 ], [ 32.9214, 39.9737 ], [ 32.9214, 39.9737 ], [ 32.9216, 39.9736 ], [ 32.9216, 39.9736 ], [ 32.9216, 39.9736 ], [ 32.9217, 39.9736 ], [ 32.9221, 39.9736 ], [ 32.9221, 39.9734 ], [ 32.9221, 39.9733 ], [ 32.9221, 39.9729 ], [ 32.9221, 39.9729 ], [ 32.9221, 39.9727 ], [ 32.9221, 39.9727 ], [ 32.922, 39.9727 ], [ 32.922, 39.9727 ], [ 32.922, 39.9727 ], [ 32.9221, 39.9726 ], [ 32.9219, 39.9727 ], [ 32.9218, 39.9727 ], [ 32.9217, 39.9729 ], [ 32.9216, 39.9729 ], [ 32.9216, 39.9732 ], [ 32.9216, 39.9732 ], [ 32.9216, 39.9734 ], [ 32.9215, 39.9734 ], [ 32.9215, 39.9734 ], [ 32.9215, 39.9734 ], [ 32.9215, 39.9734 ], [ 32.9213, 39.9736 ], [ 32.9213, 39.9736 ], [ 32.9213, 39.9736 ], [ 32.9211, 39.9738 ] ] ] ] } },
{ "type": "Feature", "properties": { "id": "sehirAtlasi.254", "kentAtlasiDegeriKodu": "11220", "kentAtlasiDegeri": "Orta Yoğunluklu Süreksiz Kentsel Alan (30% - 50%)", "gecirimsizlikKatmani": 0, "tucbsNo": "CBSGM_1_7984438", "aciklama": null, "gecerlilikBaslangici": "2019-02-06T00:00:00Z", "gecerlilikSonu": null, "gozlemTarihi": null, "hilucsAraziKullanimi": null, "hilucsDurumu": null, "olcek": "1:10000", "surumBaslangicZamani": null, "surumBitisZamani": null, "total_population": 0.0, "estimated_water_supply": 0.98248083792962437, "population_pressure": 0.0, "urban_water_stress_score": 0.0 }, "geometry": { "type": "MultiPolygon", "coordinates": [ [ [ [ 32.8691, 39.9444 ], [ 32.8689, 39.9444 ], [ 32.8689, 39.9444 ], [ 32.8688, 39.9444 ], [ 32.8687, 39.9444 ], [ 32.8687, 39.9444 ], [ 32.8685, 39.9443 ], [ 32.8685, 39.9444 ], [ 32.8685, 39.9444 ], [ 32.8685, 39.9444 ], [ 32.8685, 39.9444 ], [ 32.8685, 39.9446 ], [ 32.8685, 39.9446 ], [ 32.8685, 39.9446 ], [ 32.8685, 39.9446 ], [ 32.8685, 39.9446 ], [ 32.8685, 39.9446 ], [ 32.8684, 39.9448 ], [ 32.8685, 39.9448 ], [ 32.8686, 39.9447 ], [ 32.8687, 39.9447 ], [ 32.8689, 39.9446 ], [ 32.869, 39.9445 ], [ 32.8691, 39.9444 ] ] ] ] } },
{ "type": "Feature", "properties": { "id": "sehirAtlasi.255", "kentAtlasiDegeriKodu": "11220", "kentAtlasiDegeri": "Orta Yoğunluklu Süreksiz Kentsel Alan (30% - 50%)", "gecirimsizlikKatmani": 40, "tucbsNo": "CBSGM_1_7984439", "aciklama": null, "gecerlilikBaslangici": "2019-02-08T00:00:00Z", "gecerlilikSonu": null, "gozlemTarihi": null, "hilucsAraziKullanimi": null, "hilucsDurumu": null, "olcek": "1:10000", "surumBaslangicZamani": null, "surumBitisZamani": null, "total_population": 0.0, "estimated_water_supply": 1.2676782487976368, "population_pressure": 0.0, "urban_water_stress_score": 0.0 }, "geometry": { "type": "MultiPolygon", "coordinates": [ [ [ [ 32.946, 39.9603 ], [ 32.9458, 39.9601 ], [ 32.9458, 39.9601 ], [ 32.9457, 39.96 ], [ 32.9456, 39.9599 ], [ 32.9443, 39.9603 ], [ 32.9447, 39.9608 ], [ 32.9453, 39.9606 ], [ 32.946, 39.9603 ] ] ] ] } },
{ "type": "Feature", "properties": { "id": "sehirAtlasi.256", "kentAtlasiDegeriKodu": "11220", "kentAtlasiDegeri": "Orta Yoğunluklu Süreksiz Kentsel Alan (30% - 50%)", "gecirimsizlikKatmani": 37, "tucbsNo": "CBSGM_1_7984440", "aciklama": null, "gecerlilikBaslangici": "2019-02-08T00:00:00Z", "gecerlilikSonu": null, "gozlemTarihi": null, "hilucsAraziKullanimi": null, "hilucsDurumu": null, "olcek": "1:10000", "surumBaslangicZamani": null, "surumBitisZamani": null, "total_population": 0.0, "estimated_water_supply": 1.3110231865645414, "population_pressure": 0.0, "urban_water_stress_score": 0.0 }, "geometry": { "type": "MultiPolygon", "coordinates": [ [ [ [ 32.9453, 39.9573 ], [ 32.9451, 39.9569 ], [ 32.9443, 39.9571 ], [ 32.9445, 39.9575 ], [ 32.9449, 39.9574 ], [ 32.9449, 39.9574 ], [ 32.9452, 39.9573 ], [ 32.9453, 39.9573 ] ] ] ] } },
{ "type": "Feature", "properties": { "id": "sehirAtlasi.257", "kentAtlasiDegeriKodu": "11220", "kentAtlasiDegeri": "Orta Yoğunluklu Süreksiz Kentsel Alan (30% - 50%)", "gecirimsizlikKatmani": 0, "tucbsNo": "CBSGM_1_7984441", "aciklama": null, "gecerlilikBaslangici": "2019-02-08T00:00:00Z", "gecerlilikSonu": null, "gozlemTarihi": null, "hilucsAraziKullanimi": null, "hilucsDurumu": null, "olcek": "1:10000", "surumBaslangicZamani": null, "surumBitisZamani": null, "total_population": 0.0, "estimated_water_supply": 1.0075653811001086, "population_pressure": 0.0, "urban_water_stress_score": 0.0 }, "geometry": { "type": "MultiPolygon", "coordinates": [ [ [ [ 32.8632, 39.9519 ], [ 32.8627, 39.9518 ], [ 32.8622, 39.9517 ], [ 32.8622, 39.9517 ], [ 32.8615, 39.9516 ], [ 32.8613, 39.9516 ], [ 32.8605, 39.9513 ], [ 32.8605, 39.9513 ], [ 32.8603, 39.9512 ], [ 32.8603, 39.9513 ], [ 32.8611, 39.9517 ], [ 32.8613, 39.9518 ], [ 32.8613, 39.9518 ], [ 32.8614, 39.9518 ], [ 32.8614, 39.9518 ], [ 32.8614, 39.9518 ], [ 32.8615, 39.9519 ], [ 32.8616, 39.9519 ], [ 32.8627, 39.952 ], [ 32.8631, 39.9521 ], [ 32.8631, 39.9521 ], [ 32.8632, 39.9521 ], [ 32.8632, 39.9519 ] ] ] ] } },
{ "type": "Feature", "properties": { "id": "sehirAtlasi.258", "kentAtlasiDegeriKodu": "11220", "kentAtlasiDegeri": "Orta Yoğunluklu Süreksiz Kentsel Alan (30% - 50%)", "gecirimsizlikKatmani": 17, "tucbsNo": "CBSGM_1_7984442", "aciklama": null, "gecerlilikBaslangici": "2019-05-27T00:00:00Z", "gecerlilikSonu": null, "gozlemTarihi": null, "hilucsAraziKullanimi": null, "hilucsDurumu": null, "olcek": "1:10000", "surumBaslangicZamani": null, "surumBitisZamani": null, "total_population": 0.0, "estimated_water_supply": 0.90460799813770754, "population_pressure": 0.0, "urban_water_stress_score": 0.0 }, "geometry": { "type": "MultiPolygon", "coordinates": [ [ [ [ 32.9327, 39.8992 ], [ 32.9327, 39.8991 ], [ 32.933, 39.8985 ], [ 32.9334, 39.8979 ], [ 32.934, 39.8969 ], [ 32.9339, 39.8969 ], [ 32.9339, 39.8969 ], [ 32.9337, 39.897 ], [ 32.9326, 39.8974 ], [ 32.9319, 39.8977 ], [ 32.9318, 39.8977 ], [ 32.9319, 39.8977 ], [ 32.9324, 39.8981 ], [ 32.9322, 39.8983 ], [ 32.9316, 39.8979 ], [ 32.9316, 39.8979 ], [ 32.9314, 39.8981 ], [ 32.9313, 39.8982 ], [ 32.9312, 39.8986 ], [ 32.9327, 39.8992 ], [ 32.9327, 39.8992 ] ] ] ] } },
{ "type": "Feature", "properties": { "id": "sehirAtlasi.259", "kentAtlasiDegeriKodu": "11300", "kentAtlasiDegeri": "İzole Yapılar", "gecirimsizlikKatmani": 11, "tucbsNo": "CBSGM_1_338506", "aciklama": null, "gecerlilikBaslangici": "2019-02-18T00:00:00Z", "gecerlilikSonu": null, "gozlemTarihi": null, "hilucsAraziKullanimi": null, "hilucsDurumu": null, "olcek": "1:10000", "surumBaslangicZamani": null, "surumBitisZamani": null, "total_population": 0.0, "estimated_water_supply": 2.6094797342330169, "population_pressure": 0.0, "urban_water_stress_score": 0.0 }, "geometry": { "type": "MultiPolygon", "coordinates": [ [ [ [ 32.6931, 40.2427 ], [ 32.6932, 40.2429 ], [ 32.6936, 40.2429 ], [ 32.6936, 40.2422 ], [ 32.6932, 40.2421 ], [ 32.6932, 40.2427 ], [ 32.6931, 40.2427 ] ] ] ] } },
{ "type": "Feature", "properties": { "id": "sehirAtlasi.260", "kentAtlasiDegeriKodu": "11220", "kentAtlasiDegeri": "Orta Yoğunluklu Süreksiz Kentsel Alan (30% - 50%)", "gecirimsizlikKatmani": 36, "tucbsNo": "CBSGM_1_7984443", "aciklama": null, "gecerlilikBaslangici": "2019-02-06T00:00:00Z", "gecerlilikSonu": null, "gozlemTarihi": null, "hilucsAraziKullanimi": null, "hilucsDurumu": null, "olcek": "1:10000", "surumBaslangicZamani": null, "surumBitisZamani": null, "total_population": 0.0, "estimated_water_supply": 1.0359133100681588, "population_pressure": 0.0, "urban_water_stress_score": 0.0 }, "geometry": { "type": "MultiPolygon", "coordinates": [ [ [ [ 32.6571, 39.9452 ], [ 32.6575, 39.9453 ], [ 32.6578, 39.9453 ], [ 32.6579, 39.9452 ], [ 32.6579, 39.945 ], [ 32.6579, 39.945 ], [ 32.6579, 39.9445 ], [ 32.6579, 39.9441 ], [ 32.6572, 39.9442 ], [ 32.6572, 39.9446 ], [ 32.6572, 39.9446 ], [ 32.6572, 39.9446 ], [ 32.6571, 39.9452 ] ] ] ] } },
{ "type": "Feature", "properties": { "id": "sehirAtlasi.261", "kentAtlasiDegeriKodu": "32000", "kentAtlasiDegeri": "Maki veya Otsu Bitkiler", "gecirimsizlikKatmani": 0, "tucbsNo": "CBSGM_1_338508", "aciklama": null, "gecerlilikBaslangici": "2019-05-24T00:00:00Z", "gecerlilikSonu": null, "gozlemTarihi": null, "hilucsAraziKullanimi": null, "hilucsDurumu": null, "olcek": "1:10000", "surumBaslangicZamani": null, "surumBitisZamani": null, "total_population": 0.0, "estimated_water_supply": 2.7919023324441423, "population_pressure": 0.0, "urban_water_stress_score": 0.0 }, "geometry": { "type": "MultiPolygon", "coordinates": [ [ [ [ 32.6937, 40.25 ], [ 32.6937, 40.2539 ], [ 32.6939, 40.2539 ], [ 32.6941, 40.2538 ], [ 32.6943, 40.2537 ], [ 32.6944, 40.2535 ], [ 32.6945, 40.253 ], [ 32.6945, 40.2529 ], [ 32.6945, 40.2528 ], [ 32.6945, 40.2524 ], [ 32.6944, 40.2523 ], [ 32.6944, 40.2522 ], [ 32.6944, 40.2522 ], [ 32.6944, 40.252 ], [ 32.6944, 40.2513 ], [ 32.6944, 40.2513 ], [ 32.6944, 40.2513 ], [ 32.6944, 40.2506 ], [ 32.6944, 40.2505 ], [ 32.6944, 40.2505 ], [ 32.6944, 40.2503 ], [ 32.6944, 40.2503 ], [ 32.6945, 40.2501 ], [ 32.6946, 40.2499 ], [ 32.6948, 40.2495 ], [ 32.6948, 40.2494 ], [ 32.6948, 40.2493 ], [ 32.6948, 40.2492 ], [ 32.6948, 40.2491 ], [ 32.6948, 40.249 ], [ 32.6946, 40.2489 ], [ 32.6944, 40.2491 ], [ 32.6944, 40.2493 ], [ 32.6943, 40.2495 ], [ 32.6942, 40.2496 ], [ 32.6941, 40.2497 ], [ 32.6937, 40.25 ] ] ] ] } },
{ "type": "Feature", "properties": { "id": "sehirAtlasi.262", "kentAtlasiDegeriKodu": "11220", "kentAtlasiDegeri": "Orta Yoğunluklu Süreksiz Kentsel Alan (30% - 50%)", "gecirimsizlikKatmani": 19, "tucbsNo": "CBSGM_1_7984444", "aciklama": null, "gecerlilikBaslangici": "2019-02-13T00:00:00Z", "gecerlilikSonu": null, "gozlemTarihi": null, "hilucsAraziKullanimi": null, "hilucsDurumu": null, "olcek": "1:10000", "surumBaslangicZamani": null, "surumBitisZamani": null, "total_population": 0.0, "estimated_water_supply": 1.2306499304019309, "population_pressure": 0.0, "urban_water_stress_score": 0.0 }, "geometry": { "type": "MultiPolygon", "coordinates": [ [ [ [ 32.9701, 40.0671 ], [ 32.9698, 40.0664 ], [ 32.9685, 40.0667 ], [ 32.9686, 40.0671 ], [ 32.9686, 40.0672 ], [ 32.9687, 40.0675 ], [ 32.9701, 40.0671 ] ] ] ] } },
{ "type": "Feature", "properties": { "id": "sehirAtlasi.263", "kentAtlasiDegeriKodu": "11300", "kentAtlasiDegeri": "İzole Yapılar", "gecirimsizlikKatmani": 1, "tucbsNo": "CBSGM_1_338507", "aciklama": null, "gecerlilikBaslangici": "2019-02-18T00:00:00Z", "gecerlilikSonu": null, "gozlemTarihi": null, "hilucsAraziKullanimi": null, "hilucsDurumu": null, "olcek": "1:10000", "surumBaslangicZamani": null, "surumBitisZamani": null, "total_population": 0.0, "estimated_water_supply": 2.5985682619862303, "population_pressure": 0.0, "urban_water_stress_score": 0.0 }, "geometry": { "type": "MultiPolygon", "coordinates": [ [ [ [ 32.6921, 40.2426 ], [ 32.6923, 40.2419 ], [ 32.691, 40.2413 ], [ 32.691, 40.2418 ], [ 32.691, 40.2418 ], [ 32.6921, 40.2426 ], [ 32.6921, 40.2426 ] ] ] ] } },
{ "type": "Feature", "properties": { "id": "sehirAtlasi.264", "kentAtlasiDegeriKodu": "11220", "kentAtlasiDegeri": "Orta Yoğunluklu Süreksiz Kentsel Alan (30% - 50%)", "gecirimsizlikKatmani": 39, "tucbsNo": "CBSGM_1_7984445", "aciklama": null, "gecerlilikBaslangici": "2019-02-11T00:00:00Z", "gecerlilikSonu": null, "gozlemTarihi": null, "hilucsAraziKullanimi": null, "hilucsDurumu": null, "olcek": "1:10000", "surumBaslangicZamani": null, "surumBitisZamani": null, "total_population": 0.0, "estimated_water_supply": 0.56004657884729414, "population_pressure": 0.0, "urban_water_stress_score": 0.0 }, "geometry": { "type": "MultiPolygon", "coordinates": [ [ [ [ 32.8123, 39.7974 ], [ 32.8119, 39.797 ], [ 32.8118, 39.797 ], [ 32.8116, 39.7968 ], [ 32.8112, 39.7971 ], [ 32.8117, 39.7976 ], [ 32.8123, 39.7974 ] ] ] ] } },
{ "type": "Feature", "properties": { "id": "sehirAtlasi.265", "kentAtlasiDegeriKodu": "11220", "kentAtlasiDegeri": "Orta Yoğunluklu Süreksiz Kentsel Alan (30% - 50%)", "gecirimsizlikKatmani": 15, "tucbsNo": "CBSGM_1_7984446", "aciklama": null, "gecerlilikBaslangici": "2019-02-04T00:00:00Z", "gecerlilikSonu": null, "gozlemTarihi": null, "hilucsAraziKullanimi": null, "hilucsDurumu": null, "olcek": "1:10000", "surumBaslangicZamani": null, "surumBitisZamani": null, "total_population": 0.0, "estimated_water_supply": 1.132027811780957, "population_pressure": 0.0, "urban_water_stress_score": 0.0 }, "geometry": { "type": "MultiPolygon", "coordinates": [ [ [ [ 32.5546, 39.9579 ], [ 32.5543, 39.9567 ], [ 32.5542, 39.9568 ], [ 32.5542, 39.9569 ], [ 32.5542, 39.957 ], [ 32.5541, 39.9576 ], [ 32.5541, 39.9579 ], [ 32.5546, 39.9579 ], [ 32.5546, 39.9579 ] ] ] ] } },
{ "type": "Feature", "properties": { "id": "sehirAtlasi.266", "kentAtlasiDegeriKodu": "11220", "kentAtlasiDegeri": "Orta Yoğunluklu Süreksiz Kentsel Alan (30% - 50%)", "gecirimsizlikKatmani": 32, "tucbsNo": "CBSGM_1_7984447", "aciklama": null, "gecerlilikBaslangici": "2019-02-11T00:00:00Z", "gecerlilikSonu": null, "gozlemTarihi": null, "hilucsAraziKullanimi": null, "hilucsDurumu": null, "olcek": "1:10000", "surumBaslangicZamani": null, "surumBitisZamani": null, "total_population": 0.0, "estimated_water_supply": 0.63173416698365537, "population_pressure": 0.0, "urban_water_stress_score": 0.0 }, "geometry": { "type": "MultiPolygon", "coordinates": [ [ [ [ 32.6595, 39.8357 ], [ 32.6593, 39.8356 ], [ 32.6591, 39.8356 ], [ 32.6588, 39.8356 ], [ 32.6586, 39.8356 ], [ 32.6584, 39.8357 ], [ 32.6588, 39.8361 ], [ 32.6588, 39.8362 ], [ 32.6589, 39.8362 ], [ 32.659, 39.8363 ], [ 32.6595, 39.8357 ] ] ] ] } },
{ "type": "Feature", "properties": { "id": "sehirAtlasi.267", "kentAtlasiDegeriKodu": "11220", "kentAtlasiDegeri": "Orta Yoğunluklu Süreksiz Kentsel Alan (30% - 50%)", "gecirimsizlikKatmani": 23, "tucbsNo": "CBSGM_1_7984448", "aciklama": null, "gecerlilikBaslangici": "2019-02-11T00:00:00Z", "gecerlilikSonu": null, "gozlemTarihi": null, "hilucsAraziKullanimi": null, "hilucsDurumu": null, "olcek": "1:10000", "surumBaslangicZamani": null, "surumBitisZamani": null, "total_population": 0.0, "estimated_water_supply": 0.72211161039621685, "population_pressure": 0.0, "urban_water_stress_score": 0.0 }, "geometry": { "type": "MultiPolygon", "coordinates": [ [ [ [ 32.8199, 39.8868 ], [ 32.8199, 39.8868 ], [ 32.8199, 39.8878 ], [ 32.8199, 39.8882 ], [ 32.8199, 39.8884 ], [ 32.8211, 39.8884 ], [ 32.8211, 39.8884 ], [ 32.8215, 39.8884 ], [ 32.8215, 39.8884 ], [ 32.8216, 39.8884 ], [ 32.8216, 39.8883 ], [ 32.8216, 39.888 ], [ 32.8216, 39.8876 ], [ 32.8212, 39.8876 ], [ 32.8212, 39.8876 ], [ 32.8211, 39.8876 ], [ 32.8211, 39.8876 ], [ 32.8211, 39.8876 ], [ 32.8211, 39.8875 ], [ 32.8211, 39.8875 ], [ 32.8212, 39.8875 ], [ 32.8216, 39.8875 ], [ 32.8216, 39.8875 ], [ 32.8217, 39.8875 ], [ 32.8217, 39.8874 ], [ 32.8217, 39.8872 ], [ 32.8217, 39.8872 ], [ 32.8217, 39.887 ], [ 32.8217, 39.887 ], [ 32.8217, 39.887 ], [ 32.8217, 39.887 ], [ 32.8217, 39.887 ], [ 32.8218, 39.887 ], [ 32.8218, 39.887 ], [ 32.8218, 39.887 ], [ 32.8218, 39.8872 ], [ 32.8218, 39.8874 ], [ 32.8218, 39.8874 ], [ 32.8218, 39.8875 ], [ 32.8232, 39.8875 ], [ 32.8232, 39.8875 ], [ 32.8233, 39.8875 ], [ 32.8233, 39.8876 ], [ 32.8233, 39.8876 ], [ 32.8233, 39.8876 ], [ 32.8233, 39.8876 ], [ 32.8233, 39.8884 ], [ 32.8242, 39.8884 ], [ 32.8242, 39.8884 ], [ 32.8242, 39.8882 ], [ 32.8242, 39.8882 ], [ 32.8241, 39.8874 ], [ 32.8239, 39.8869 ], [ 32.8239, 39.8867 ], [ 32.8239, 39.8866 ], [ 32.8239, 39.8866 ], [ 32.8232, 39.8867 ], [ 32.8232, 39.8867 ], [ 32.8213, 39.8867 ], [ 32.8213, 39.8867 ], [ 32.8211, 39.8868 ], [ 32.8211, 39.8868 ], [ 32.8199, 39.8868 ] ] ] ] } },
{ "type": "Feature", "properties": { "id": "sehirAtlasi.268", "kentAtlasiDegeriKodu": "11220", "kentAtlasiDegeri": "Orta Yoğunluklu Süreksiz Kentsel Alan (30% - 50%)", "gecirimsizlikKatmani": 0, "tucbsNo": "CBSGM_1_7984449", "aciklama": null, "gecerlilikBaslangici": "2019-02-08T00:00:00Z", "gecerlilikSonu": null, "gozlemTarihi": null, "hilucsAraziKullanimi": null, "hilucsDurumu": null, "olcek": "1:10000", "surumBaslangicZamani": null, "surumBitisZamani": null, "total_population": 0.0, "estimated_water_supply": 1.2644039274505909, "population_pressure": 0.0, "urban_water_stress_score": 0.0 }, "geometry": { "type": "MultiPolygon", "coordinates": [ [ [ [ 32.9328, 39.9617 ], [ 32.9328, 39.9621 ], [ 32.9329, 39.9622 ], [ 32.9332, 39.9622 ], [ 32.9332, 39.9618 ], [ 32.9329, 39.9617 ], [ 32.9329, 39.9617 ], [ 32.9328, 39.9617 ] ] ] ] } },
{ "type": "Feature", "properties": { "id": "sehirAtlasi.269", "kentAtlasiDegeriKodu": "11220", "kentAtlasiDegeri": "Orta Yoğunluklu Süreksiz Kentsel Alan (30% - 50%)", "gecirimsizlikKatmani": 33, "tucbsNo": "CBSGM_1_7984450", "aciklama": null, "gecerlilikBaslangici": "2019-02-06T00:00:00Z", "gecerlilikSonu": null, "gozlemTarihi": null, "hilucsAraziKullanimi": null, "hilucsDurumu": null, "olcek": "1:10000", "surumBaslangicZamani": null, "surumBitisZamani": null, "total_population": 0.0, "estimated_water_supply": 1.1407260780393607, "population_pressure": 0.0, "urban_water_stress_score": 0.0 }, "geometry": { "type": "MultiPolygon", "coordinates": [ [ [ [ 32.8779, 39.973 ], [ 32.878, 39.973 ], [ 32.8782, 39.9731 ], [ 32.8782, 39.9731 ], [ 32.8782, 39.9731 ], [ 32.8782, 39.9731 ], [ 32.8783, 39.9731 ], [ 32.8783, 39.9731 ], [ 32.8785, 39.9732 ], [ 32.8788, 39.9735 ], [ 32.8791, 39.9738 ], [ 32.8791, 39.9738 ], [ 32.8792, 39.9738 ], [ 32.8792, 39.9738 ], [ 32.8792, 39.9738 ], [ 32.8795, 39.9741 ], [ 32.8795, 39.9741 ], [ 32.8797, 39.9743 ], [ 32.8796, 39.9743 ], [ 32.8798, 39.9741 ], [ 32.88, 39.974 ], [ 32.8795, 39.9737 ], [ 32.8795, 39.9737 ], [ 32.8791, 39.9734 ], [ 32.8791, 39.9734 ], [ 32.8791, 39.9734 ], [ 32.8791, 39.9734 ], [ 32.8791, 39.9734 ], [ 32.8791, 39.9734 ], [ 32.8791, 39.9733 ], [ 32.8793, 39.9732 ], [ 32.8793, 39.9731 ], [ 32.8793, 39.9731 ], [ 32.8793, 39.9731 ], [ 32.8793, 39.9731 ], [ 32.8789, 39.9727 ], [ 32.8786, 39.9729 ], [ 32.8786, 39.9729 ], [ 32.8786, 39.9729 ], [ 32.8783, 39.9729 ], [ 32.878, 39.973 ], [ 32.8779, 39.973 ], [ 32.8779, 39.973 ] ] ] ] } },
{ "type": "Feature", "properties": { "id": "sehirAtlasi.270", "kentAtlasiDegeriKodu": "11220", "kentAtlasiDegeri": "Orta Yoğunluklu Süreksiz Kentsel Alan (30% - 50%)", "gecirimsizlikKatmani": 0, "tucbsNo": "CBSGM_1_7984451", "aciklama": null, "gecerlilikBaslangici": "2019-02-06T00:00:00Z", "gecerlilikSonu": null, "gozlemTarihi": null, "hilucsAraziKullanimi": null, "hilucsDurumu": null, "olcek": "1:10000", "surumBaslangicZamani": null, "surumBitisZamani": null, "total_population": 0.0, "estimated_water_supply": 1.2222758314748159, "population_pressure": 0.0, "urban_water_stress_score": 0.0 }, "geometry": { "type": "MultiPolygon", "coordinates": [ [ [ [ 32.9256, 39.9729 ], [ 32.9255, 39.9724 ], [ 32.9255, 39.9724 ], [ 32.9255, 39.9724 ], [ 32.9255, 39.9723 ], [ 32.9245, 39.9723 ], [ 32.9239, 39.9726 ], [ 32.9245, 39.9735 ], [ 32.925, 39.9732 ], [ 32.9249, 39.973 ], [ 32.9249, 39.973 ], [ 32.9249, 39.973 ], [ 32.9249, 39.973 ], [ 32.9249, 39.9729 ], [ 32.9249, 39.9729 ], [ 32.925, 39.9729 ], [ 32.9256, 39.9729 ] ] ] ] } },
{ "type": "Feature", "properties": { "id": "sehirAtlasi.271", "kentAtlasiDegeriKodu": "11220", "kentAtlasiDegeri": "Orta Yoğunluklu Süreksiz Kentsel Alan (30% - 50%)", "gecirimsizlikKatmani": 21, "tucbsNo": "CBSGM_1_7984452", "aciklama": null, "gecerlilikBaslangici": "2019-02-05T00:00:00Z", "gecerlilikSonu": null, "gozlemTarihi": null, "hilucsAraziKullanimi": null, "hilucsDurumu": null, "olcek": "1:10000", "surumBaslangicZamani": null, "surumBitisZamani": null, "total_population": 0.0, "estimated_water_supply": 1.0237269930896955, "population_pressure": 0.0, "urban_water_stress_score": 0.0 }, "geometry": { "type": "MultiPolygon", "coordinates": [ [ [ [ 32.7381, 39.9561 ], [ 32.7379, 39.9563 ], [ 32.7378, 39.9563 ], [ 32.7379, 39.9572 ], [ 32.7382, 39.9565 ], [ 32.7381, 39.9562 ], [ 32.7381, 39.9561 ], [ 32.7381, 39.9561 ] ] ] ] } },
{ "type": "Feature", "properties": { "id": "sehirAtlasi.272", "kentAtlasiDegeriKodu": "11220", "kentAtlasiDegeri": "Orta Yoğunluklu Süreksiz Kentsel Alan (30% - 50%)", "gecirimsizlikKatmani": 16, "tucbsNo": "CBSGM_1_7984453", "aciklama": null, "gecerlilikBaslangici": "2019-02-13T00:00:00Z", "gecerlilikSonu": null, "gozlemTarihi": null, "hilucsAraziKullanimi": null, "hilucsDurumu": null, "olcek": "1:10000", "surumBaslangicZamani": null, "surumBitisZamani": null, "total_population": 0.0, "estimated_water_supply": 0.68732989199161132, "population_pressure": 0.0, "urban_water_stress_score": 0.0 }, "geometry": { "type": "MultiPolygon", "coordinates": [ [ [ [ 32.8125, 39.8705 ], [ 32.8125, 39.8705 ], [ 32.8124, 39.8704 ], [ 32.8124, 39.8704 ], [ 32.8124, 39.8704 ], [ 32.8122, 39.8702 ], [ 32.8122, 39.8702 ], [ 32.8121, 39.87 ], [ 32.8121, 39.87 ], [ 32.812, 39.8698 ], [ 32.8116, 39.8698 ], [ 32.8116, 39.8698 ], [ 32.8116, 39.8698 ], [ 32.8115, 39.8698 ], [ 32.8115, 39.8698 ], [ 32.8115, 39.8697 ], [ 32.8116, 39.8697 ], [ 32.8116, 39.8697 ], [ 32.812, 39.8697 ], [ 32.812, 39.8687 ], [ 32.8115, 39.8687 ], [ 32.8115, 39.8687 ], [ 32.8115, 39.8687 ], [ 32.8115, 39.8687 ], [ 32.8115, 39.8686 ], [ 32.8115, 39.8686 ], [ 32.8115, 39.8686 ], [ 32.8115, 39.8686 ], [ 32.812, 39.8686 ], [ 32.812, 39.8679 ], [ 32.8114, 39.868 ], [ 32.8114, 39.868 ], [ 32.8109, 39.868 ], [ 32.8109, 39.8682 ], [ 32.8112, 39.8696 ], [ 32.8112, 39.8696 ], [ 32.8113, 39.8705 ], [ 32.8114, 39.871 ], [ 32.8114, 39.871 ], [ 32.8114, 39.871 ], [ 32.8114, 39.871 ], [ 32.8114, 39.871 ], [ 32.8114, 39.871 ], [ 32.8114, 39.8709 ], [ 32.8122, 39.8707 ], [ 32.8125, 39.8705 ] ] ] ] } },
{ "type": "Feature", "properties": { "id": "sehirAtlasi.273", "kentAtlasiDegeriKodu": "11240", "kentAtlasiDegeri": "Çok Düşük Yoğunluklu Süreksiz Kentsel Alan (< 10%)", "gecirimsizlikKatmani": 4, "tucbsNo": "CBSGM_1_338509", "aciklama": null, "gecerlilikBaslangici": "2019-02-18T00:00:00Z", "gecerlilikSonu": null, "gozlemTarihi": null, "hilucsAraziKullanimi": null, "hilucsDurumu": null, "olcek": "1:10000", "surumBaslangicZamani": null, "surumBitisZamani": null, "total_population": 0.0, "estimated_water_supply": 2.5552553772106479, "population_pressure": 0.0, "urban_water_stress_score": 0.0 }, "geometry": { "type": "MultiPolygon", "coordinates": [ [ [ [ 32.6878, 40.2391 ], [ 32.6878, 40.239 ], [ 32.6878, 40.2389 ], [ 32.6878, 40.2389 ], [ 32.6877, 40.2388 ], [ 32.6873, 40.2388 ], [ 32.6873, 40.2391 ], [ 32.6878, 40.2391 ] ] ] ] } },
{ "type": "Feature", "properties": { "id": "sehirAtlasi.274", "kentAtlasiDegeriKodu": "11240", "kentAtlasiDegeri": "Çok Düşük Yoğunluklu Süreksiz Kentsel Alan (< 10%)", "gecirimsizlikKatmani": 6, "tucbsNo": "CBSGM_1_338510", "aciklama": null, "gecerlilikBaslangici": "2019-02-18T00:00:00Z", "gecerlilikSonu": null, "gozlemTarihi": null, "hilucsAraziKullanimi": null, "hilucsDurumu": null, "olcek": "1:10000", "surumBaslangicZamani": null, "surumBitisZamani": null, "total_population": 0.0, "estimated_water_supply": 2.569635294328235, "population_pressure": 0.0, "urban_water_stress_score": 0.0 }, "geometry": { "type": "MultiPolygon", "coordinates": [ [ [ [ 32.6877, 40.2404 ], [ 32.6877, 40.2398 ], [ 32.6874, 40.2397 ], [ 32.6872, 40.2402 ], [ 32.6877, 40.2404 ] ] ] ] } },
{ "type": "Feature", "properties": { "id": "sehirAtlasi.275", "kentAtlasiDegeriKodu": "11240", "kentAtlasiDegeri": "Çok Düşük Yoğunluklu Süreksiz Kentsel Alan (< 10%)", "gecirimsizlikKatmani": 6, "tucbsNo": "CBSGM_1_338511", "aciklama": null, "gecerlilikBaslangici": "2019-02-18T00:00:00Z", "gecerlilikSonu": null, "gozlemTarihi": null, "hilucsAraziKullanimi": null, "hilucsDurumu": null, "olcek": "1:10000", "surumBaslangicZamani": null, "surumBitisZamani": null, "total_population": 0.0, "estimated_water_supply": 2.5507562549470659, "population_pressure": 0.0, "urban_water_stress_score": 0.0 }, "geometry": { "type": "MultiPolygon", "coordinates": [ [ [ [ 32.6852, 40.2386 ], [ 32.6855, 40.2389 ], [ 32.6858, 40.2388 ], [ 32.686, 40.2391 ], [ 32.6861, 40.2391 ], [ 32.6869, 40.2386 ], [ 32.6866, 40.2381 ], [ 32.6852, 40.2386 ] ] ] ] } },
{ "type": "Feature", "properties": { "id": "sehirAtlasi.276", "kentAtlasiDegeriKodu": "12220", "kentAtlasiDegeri": "Diğer Yollar ve İlgili Alanlar", "gecirimsizlikKatmani": 0, "tucbsNo": "CBSGM_1_7984454", "aciklama": null, "gecerlilikBaslangici": "2019-02-07T00:00:00Z", "gecerlilikSonu": null, "gozlemTarihi": null, "hilucsAraziKullanimi": null, "hilucsDurumu": null, "olcek": "1:10000", "surumBaslangicZamani": null, "surumBitisZamani": null, "total_population": 0.0, "estimated_water_supply": 1.1451795733589438, "population_pressure": 0.0, "urban_water_stress_score": 0.0 }, "geometry": { "type": "MultiPolygon", "coordinates": [ [ [ [ 32.904, 39.9567 ], [ 32.9044, 39.9576 ], [ 32.9044, 39.9576 ], [ 32.9049, 39.9584 ], [ 32.9049, 39.9583 ], [ 32.9049, 39.9583 ], [ 32.9049, 39.9583 ], [ 32.9045, 39.9576 ], [ 32.9064, 39.957 ], [ 32.9066, 39.9573 ], [ 32.9068, 39.9577 ], [ 32.9068, 39.9577 ], [ 32.9068, 39.9577 ], [ 32.9067, 39.9573 ], [ 32.9085, 39.9567 ], [ 32.9085, 39.9567 ], [ 32.9085, 39.9567 ], [ 32.9066, 39.9572 ], [ 32.9064, 39.9569 ], [ 32.9083, 39.9563 ], [ 32.9083, 39.9563 ], [ 32.9083, 39.9563 ], [ 32.9083, 39.9563 ], [ 32.9064, 39.9569 ], [ 32.9062, 39.9565 ], [ 32.9062, 39.9565 ], [ 32.906, 39.9561 ], [ 32.9059, 39.9561 ], [ 32.9059, 39.9561 ], [ 32.9061, 39.9565 ], [ 32.9061, 39.9565 ], [ 32.9063, 39.9569 ], [ 32.9045, 39.9575 ], [ 32.9041, 39.9567 ], [ 32.904, 39.9567 ], [ 32.904, 39.9567 ], [ 32.904, 39.9567 ] ] ] ] } },
{ "type": "Feature", "properties": { "id": "sehirAtlasi.277", "kentAtlasiDegeriKodu": "12220", "kentAtlasiDegeri": "Diğer Yollar ve İlgili Alanlar", "gecirimsizlikKatmani": 0, "tucbsNo": "CBSGM_1_7984455", "aciklama": null, "gecerlilikBaslangici": "2019-02-06T00:00:00Z", "gecerlilikSonu": null, "gozlemTarihi": null, "hilucsAraziKullanimi": null, "hilucsDurumu": null, "olcek": "1:10000", "surumBaslangicZamani": null, "surumBitisZamani": null, "total_population": 0.0, "estimated_water_supply": 1.1252508475094873, "population_pressure": 0.0, "urban_water_stress_score": 0.0 }, "geometry": { "type": "MultiPolygon", "coordinates": [ [ [ [ 32.8987, 39.9571 ], [ 32.8987, 39.9571 ], [ 32.8987, 39.9571 ], [ 32.9006, 39.9565 ], [ 32.9006, 39.9564 ], [ 32.8987, 39.9571 ] ] ] ] } },
{ "type": "Feature", "properties": { "id": "sehirAtlasi.278", "kentAtlasiDegeriKodu": "13400", "kentAtlasiDegeri": "Mevcut Kullanımı Olmayan Alanlar", "gecirimsizlikKatmani": 0, "tucbsNo": "CBSGM_1_338512", "aciklama": null, "gecerlilikBaslangici": "2019-02-18T00:00:00Z", "gecerlilikSonu": null, "gozlemTarihi": null, "hilucsAraziKullanimi": null, "hilucsDurumu": null, "olcek": "1:10000", "surumBaslangicZamani": null, "surumBitisZamani": null, "total_population": 0.0, "estimated_water_supply": 2.5387242046302072, "population_pressure": 0.0, "urban_water_stress_score": 0.0 }, "geometry": { "type": "MultiPolygon", "coordinates": [ [ [ [ 32.6863, 40.2375 ], [ 32.6866, 40.238 ], [ 32.6871, 40.2377 ], [ 32.6868, 40.2373 ], [ 32.6863, 40.2375 ] ] ] ] } },
{ "type": "Feature", "properties": { "id": "sehirAtlasi.279", "kentAtlasiDegeriKodu": "13300", "kentAtlasiDegeri": "İnşaat Alanları", "gecirimsizlikKatmani": 1, "tucbsNo": "CBSGM_1_365393", "aciklama": null, "gecerlilikBaslangici": "2019-02-15T00:00:00Z", "gecerlilikSonu": null, "gozlemTarihi": null, "hilucsAraziKullanimi": null, "hilucsDurumu": null, "olcek": "1:10000", "surumBaslangicZamani": null, "surumBitisZamani": null, "total_population": 0.0, "estimated_water_supply": 2.0216759190795215, "population_pressure": 0.0, "urban_water_stress_score": 0.0 }, "geometry": { "type": "MultiPolygon", "coordinates": [ [ [ [ 32.2312, 40.2098 ], [ 32.2312, 40.2101 ], [ 32.2312, 40.2101 ], [ 32.2315, 40.2111 ], [ 32.232, 40.211 ], [ 32.2319, 40.2104 ], [ 32.2317, 40.2098 ], [ 32.2313, 40.2098 ], [ 32.2312, 40.2098 ] ] ] ] } },
{ "type": "Feature", "properties": { "id": "sehirAtlasi.280", "kentAtlasiDegeriKodu": "12220", "kentAtlasiDegeri": "Diğer Yollar ve İlgili Alanlar", "gecirimsizlikKatmani": 0, "tucbsNo": "CBSGM_1_7984456", "aciklama": null, "gecerlilikBaslangici": "2019-02-18T00:00:00Z", "gecerlilikSonu": null, "gozlemTarihi": null, "hilucsAraziKullanimi": null, "hilucsDurumu": null, "olcek": "1:10000", "surumBaslangicZamani": null, "surumBitisZamani": null, "total_population": 0.0, "estimated_water_supply": 1.2457397801650303, "population_pressure": 0.0, "urban_water_stress_score": 0.0 }, "geometry": { "type": "MultiPolygon", "coordinates": [ [ [ [ 32.9399, 39.9657 ], [ 32.9399, 39.9657 ], [ 32.9399, 39.9657 ], [ 32.9412, 39.9656 ], [ 32.9416, 39.9656 ], [ 32.9416, 39.9655 ], [ 32.9416, 39.9655 ], [ 32.9399, 39.9657 ] ] ] ] } },
{ "type": "Feature", "properties": { "id": "sehirAtlasi.281", "kentAtlasiDegeriKodu": "12220", "kentAtlasiDegeri": "Diğer Yollar ve İlgili Alanlar", "gecirimsizlikKatmani": 0, "tucbsNo": "CBSGM_1_7984457", "aciklama": null, "gecerlilikBaslangici": "2019-02-06T00:00:00Z", "gecerlilikSonu": null, "gozlemTarihi": null, "hilucsAraziKullanimi": null, "hilucsDurumu": null, "olcek": "1:10000", "surumBaslangicZamani": null, "surumBitisZamani": null, "total_population": 0.0, "estimated_water_supply": 1.2522586330581591, "population_pressure": 0.0, "urban_water_stress_score": 0.0 }, "geometry": { "type": "MultiPolygon", "coordinates": [ [ [ [ 32.9279, 39.9615 ], [ 32.9279, 39.9615 ], [ 32.928, 39.9615 ], [ 32.9281, 39.9607 ], [ 32.928, 39.9606 ], [ 32.928, 39.9606 ], [ 32.928, 39.9606 ], [ 32.9279, 39.9615 ] ] ] ] } },
{ "type": "Feature", "properties": { "id": "sehirAtlasi.282", "kentAtlasiDegeriKodu": "12220", "kentAtlasiDegeri": "Diğer Yollar ve İlgili Alanlar", "gecirimsizlikKatmani": 0, "tucbsNo": "CBSGM_1_7984458", "aciklama": null, "gecerlilikBaslangici": "2019-02-06T00:00:00Z", "gecerlilikSonu": null, "gozlemTarihi": null, "hilucsAraziKullanimi": null, "hilucsDurumu": null, "olcek": "1:10000", "surumBaslangicZamani": null, "surumBitisZamani": null, "total_population": 0.0, "estimated_water_supply": 1.2179828846484155, "population_pressure": 0.0, "urban_water_stress_score": 0.0 }, "geometry": { "type": "MultiPolygon", "coordinates": [ [ [ [ 32.5516, 39.9726 ], [ 32.5516, 39.9726 ], [ 32.5516, 39.9726 ], [ 32.5516, 39.9726 ], [ 32.5516, 39.9727 ], [ 32.5516, 39.9727 ], [ 32.5516, 39.9727 ], [ 32.5516, 39.9727 ], [ 32.5516, 39.9727 ], [ 32.5516, 39.9727 ], [ 32.5517, 39.9726 ], [ 32.5518, 39.9726 ], [ 32.5519, 39.9726 ], [ 32.5551, 39.9727 ], [ 32.5551, 39.9727 ], [ 32.5551, 39.9727 ], [ 32.5558, 39.9727 ], [ 32.5558, 39.9727 ], [ 32.5565, 39.9726 ], [ 32.5573, 39.9725 ], [ 32.5573, 39.9725 ], [ 32.5573, 39.9724 ], [ 32.5574, 39.9724 ], [ 32.5573, 39.9724 ], [ 32.5573, 39.9724 ], [ 32.5573, 39.9724 ], [ 32.5573, 39.9724 ], [ 32.5565, 39.9725 ], [ 32.5558, 39.9726 ], [ 32.5551, 39.9726 ], [ 32.5519, 39.9725 ], [ 32.5517, 39.9725 ], [ 32.5517, 39.9725 ], [ 32.5516, 39.9725 ], [ 32.5516, 39.9725 ], [ 32.5516, 39.9725 ], [ 32.5516, 39.9726 ], [ 32.5516, 39.9726 ], [ 32.5516, 39.9726 ], [ 32.5516, 39.9726 ], [ 32.5516, 39.9726 ] ] ] ] } },
{ "type": "Feature", "properties": { "id": "sehirAtlasi.283", "kentAtlasiDegeriKodu": "11210", "kentAtlasiDegeri": "Yüksek Yoğunluklu Süreksiz Kentsel Alan (50% - 80%)", "gecirimsizlikKatmani": 41, "tucbsNo": "CBSGM_1_7984459", "aciklama": null, "gecerlilikBaslangici": "2019-02-04T00:00:00Z", "gecerlilikSonu": null, "gozlemTarihi": null, "hilucsAraziKullanimi": null, "hilucsDurumu": null, "olcek": "1:10000", "surumBaslangicZamani": null, "surumBitisZamani": null, "total_population": 0.0, "estimated_water_supply": 1.2881123887051773, "population_pressure": 0.0, "urban_water_stress_score": 0.0 }, "geometry": { "type": "MultiPolygon", "coordinates": [ [ [ [ 32.5912, 39.9891 ], [ 32.5907, 39.9892 ], [ 32.5909, 39.9896 ], [ 32.5914, 39.9895 ], [ 32.5912, 39.9891 ] ] ] ] } },
{ "type": "Feature", "properties": { "id": "sehirAtlasi.284", "kentAtlasiDegeriKodu": "11100", "kentAtlasiDegeri": "Sürekli Kentsel Alan (> 80%)", "gecirimsizlikKatmani": 36, "tucbsNo": "CBSGM_1_7984460", "aciklama": null, "gecerlilikBaslangici": "2019-02-04T00:00:00Z", "gecerlilikSonu": null, "gozlemTarihi": null, "hilucsAraziKullanimi": null, "hilucsDurumu": null, "olcek": "1:10000", "surumBaslangicZamani": null, "surumBitisZamani": null, "total_population": 0.0, "estimated_water_supply": 1.0877988267247385, "population_pressure": 0.0, "urban_water_stress_score": 0.0 }, "geometry": { "type": "MultiPolygon", "coordinates": [ [ [ [ 32.5909, 39.9515 ], [ 32.5918, 39.9514 ], [ 32.5918, 39.9508 ], [ 32.5918, 39.9506 ], [ 32.5918, 39.9505 ], [ 32.5918, 39.9499 ], [ 32.5914, 39.9499 ], [ 32.5914, 39.9499 ], [ 32.5912, 39.95 ], [ 32.5912, 39.9501 ], [ 32.5911, 39.9501 ], [ 32.5909, 39.9503 ], [ 32.5909, 39.9506 ], [ 32.5909, 39.9508 ], [ 32.5909, 39.9515 ] ] ] ] } },
{ "type": "Feature", "properties": { "id": "sehirAtlasi.285", "kentAtlasiDegeriKodu": "11230", "kentAtlasiDegeri": "Düşük Yoğunluklu Süreksiz Kentsel Alan (10% - 30%)", "gecirimsizlikKatmani": 16, "tucbsNo": "CBSGM_1_7984461", "aciklama": null, "gecerlilikBaslangici": "2019-02-04T00:00:00Z", "gecerlilikSonu": null, "gozlemTarihi": null, "hilucsAraziKullanimi": null, "hilucsDurumu": null, "olcek": "1:10000", "surumBaslangicZamani": null, "surumBitisZamani": null, "total_population": 0.0, "estimated_water_supply": 1.2779104732417998, "population_pressure": 0.0, "urban_water_stress_score": 0.0 }, "geometry": { "type": "MultiPolygon", "coordinates": [ [ [ [ 32.5912, 39.989 ], [ 32.5922, 39.9887 ], [ 32.5921, 39.9887 ], [ 32.5919, 39.9881 ], [ 32.591, 39.9884 ], [ 32.5911, 39.9886 ], [ 32.5911, 39.9886 ], [ 32.5911, 39.9886 ], [ 32.5913, 39.989 ], [ 32.5912, 39.989 ] ] ] ] } },
{ "type": "Feature", "properties": { "id": "sehirAtlasi.286", "kentAtlasiDegeriKodu": "12220", "kentAtlasiDegeri": "Diğer Yollar ve İlgili Alanlar", "gecirimsizlikKatmani": 0, "tucbsNo": "CBSGM_1_7984462", "aciklama": null, "gecerlilikBaslangici": "2019-02-06T00:00:00Z", "gecerlilikSonu": null, "gozlemTarihi": null, "hilucsAraziKullanimi": null, "hilucsDurumu": null, "olcek": "1:10000", "surumBaslangicZamani": null, "surumBitisZamani": null, "total_population": 0.0, "estimated_water_supply": 0.74749381790076241, "population_pressure": 0.0, "urban_water_stress_score": 0.0 }, "geometry": { "type": "MultiPolygon", "coordinates": [ [ [ [ 32.6983, 39.8867 ], [ 32.6984, 39.8867 ], [ 32.6984, 39.8867 ], [ 32.6984, 39.8867 ], [ 32.6984, 39.8864 ], [ 32.6984, 39.8864 ], [ 32.6984, 39.8864 ], [ 32.6984, 39.8864 ], [ 32.6984, 39.8864 ], [ 32.6983, 39.8864 ], [ 32.6983, 39.8864 ], [ 32.6983, 39.8865 ], [ 32.6983, 39.8867 ] ] ] ] } },
{ "type": "Feature", "properties": { "id": "sehirAtlasi.287", "kentAtlasiDegeriKodu": "12220", "kentAtlasiDegeri": "Diğer Yollar ve İlgili Alanlar", "gecirimsizlikKatmani": 0, "tucbsNo": "CBSGM_1_7984463", "aciklama": null, "gecerlilikBaslangici": "2019-02-13T00:00:00Z", "gecerlilikSonu": null, "gozlemTarihi": null, "hilucsAraziKullanimi": null, "hilucsDurumu": null, "olcek": "1:10000", "surumBaslangicZamani": null, "surumBitisZamani": null, "total_population": 0.0, "estimated_water_supply": 0.78886805984187847, "population_pressure": 0.0, "urban_water_stress_score": 0.0 }, "geometry": { "type": "MultiPolygon", "coordinates": [ [ [ [ 32.7092, 39.896 ], [ 32.7092, 39.896 ], [ 32.7092, 39.896 ], [ 32.7092, 39.8959 ], [ 32.7093, 39.8959 ], [ 32.7093, 39.8959 ], [ 32.7093, 39.8959 ], [ 32.7093, 39.8958 ], [ 32.7093, 39.8958 ], [ 32.7092, 39.8958 ], [ 32.7092, 39.8958 ], [ 32.7092, 39.8958 ], [ 32.7092, 39.8958 ], [ 32.7092, 39.8958 ], [ 32.7092, 39.8958 ], [ 32.7091, 39.8958 ], [ 32.7092, 39.8958 ], [ 32.7092, 39.8958 ], [ 32.7092, 39.8959 ], [ 32.7092, 39.8959 ], [ 32.7092, 39.8959 ], [ 32.7092, 39.896 ] ] ] ] } },
{ "type": "Feature", "properties": { "id": "sehirAtlasi.288", "kentAtlasiDegeriKodu": "12220", "kentAtlasiDegeri": "Diğer Yollar ve İlgili Alanlar", "gecirimsizlikKatmani": 0, "tucbsNo": "CBSGM_1_7984464", "aciklama": null, "gecerlilikBaslangici": "2019-02-04T00:00:00Z", "gecerlilikSonu": null, "gozlemTarihi": null, "hilucsAraziKullanimi": null, "hilucsDurumu": null, "olcek": "1:10000", "surumBaslangicZamani": null, "surumBitisZamani": null, "total_population": 0.0, "estimated_water_supply": 1.2690588437895416, "population_pressure": 0.0, "urban_water_stress_score": 0.0 }, "geometry": { "type": "MultiPolygon", "coordinates": [ [ [ [ 32.6469, 39.9745 ], [ 32.6469, 39.9745 ], [ 32.6469, 39.9744 ], [ 32.6466, 39.9744 ], [ 32.6466, 39.9744 ], [ 32.6466, 39.9744 ], [ 32.6465, 39.9744 ], [ 32.6465, 39.9744 ], [ 32.6465, 39.9744 ], [ 32.6466, 39.9745 ], [ 32.6466, 39.9745 ], [ 32.6469, 39.9745 ] ] ] ] } },
{ "type": "Feature", "properties": { "id": "sehirAtlasi.289", "kentAtlasiDegeriKodu": "12220", "kentAtlasiDegeri": "Diğer Yollar ve İlgili Alanlar", "gecirimsizlikKatmani": 0, "tucbsNo": "CBSGM_1_7984465", "aciklama": null, "gecerlilikBaslangici": "2019-02-11T00:00:00Z", "gecerlilikSonu": null, "gozlemTarihi": null, "hilucsAraziKullanimi": null, "hilucsDurumu": null, "olcek": "1:10000", "surumBaslangicZamani": null, "surumBitisZamani": null, "total_population": 0.0, "estimated_water_supply": 1.6236400003917439, "population_pressure": 0.0, "urban_water_stress_score": 0.0 }, "geometry": { "type": "MultiPolygon", "coordinates": [ [ [ [ 32.9952, 40.2596 ], [ 32.9953, 40.2598 ], [ 32.9953, 40.2598 ], [ 32.9953, 40.2599 ], [ 32.9954, 40.2599 ], [ 32.9954, 40.2599 ], [ 32.9954, 40.2599 ], [ 32.9955, 40.2599 ], [ 32.9955, 40.2599 ], [ 32.9955, 40.2599 ], [ 32.9956, 40.2599 ], [ 32.9956, 40.2599 ], [ 32.9956, 40.2599 ], [ 32.9958, 40.2598 ], [ 32.9958, 40.2598 ], [ 32.9958, 40.2598 ], [ 32.9958, 40.2598 ], [ 32.9958, 40.2598 ], [ 32.9957, 40.2598 ], [ 32.9957, 40.2598 ], [ 32.9957, 40.2598 ], [ 32.9956, 40.2599 ], [ 32.9955, 40.2599 ], [ 32.9955, 40.2599 ], [ 32.9954, 40.2598 ], [ 32.9952, 40.2596 ], [ 32.9952, 40.2596 ], [ 32.9952, 40.2596 ], [ 32.9952, 40.2596 ] ] ] ] } },
{ "type": "Feature", "properties": { "id": "sehirAtlasi.290", "kentAtlasiDegeriKodu": "12110", "kentAtlasiDegeri": "Sanayi ve Üretim Alanları", "gecirimsizlikKatmani": 61, "tucbsNo": "CBSGM_1_7984466", "aciklama": null, "gecerlilikBaslangici": "2019-05-23T00:00:00Z", "gecerlilikSonu": null, "gozlemTarihi": null, "hilucsAraziKullanimi": null, "hilucsDurumu": null, "olcek": "1:10000", "surumBaslangicZamani": null, "surumBitisZamani": null, "total_population": 0.0, "estimated_water_supply": 1.1638847484833206, "population_pressure": 0.0, "urban_water_stress_score": 0.0 }, "geometry": { "type": "MultiPolygon", "coordinates": [ [ [ [ 32.5693, 39.9646 ], [ 32.5687, 39.9643 ], [ 32.5686, 39.9645 ], [ 32.5692, 39.9648 ], [ 32.5693, 39.9646 ] ] ] ] } },
{ "type": "Feature", "properties": { "id": "sehirAtlasi.291", "kentAtlasiDegeriKodu": "13400", "kentAtlasiDegeri": "Mevcut Kullanımı Olmayan Alanlar", "gecirimsizlikKatmani": 0, "tucbsNo": "CBSGM_1_7984467", "aciklama": null, "gecerlilikBaslangici": "2019-02-04T00:00:00Z", "gecerlilikSonu": null, "gozlemTarihi": null, "hilucsAraziKullanimi": null, "hilucsDurumu": null, "olcek": "1:10000", "surumBaslangicZamani": null, "surumBitisZamani": null, "total_population": 0.0, "estimated_water_supply": 1.20985715824416, "population_pressure": 0.0, "urban_water_stress_score": 0.0 }, "geometry": { "type": "MultiPolygon", "coordinates": [ [ [ [ 32.5694, 39.9708 ], [ 32.5688, 39.9708 ], [ 32.5687, 39.9711 ], [ 32.5687, 39.9721 ], [ 32.5691, 39.9721 ], [ 32.5693, 39.9713 ], [ 32.5693, 39.9713 ], [ 32.5694, 39.9708 ] ] ] ] } },
{ "type": "Feature", "properties": { "id": "sehirAtlasi.292", "kentAtlasiDegeriKodu": "12110", "kentAtlasiDegeri": "Sanayi ve Üretim Alanları", "gecirimsizlikKatmani": 78, "tucbsNo": "CBSGM_1_7984468", "aciklama": null, "gecerlilikBaslangici": "2019-05-23T00:00:00Z", "gecerlilikSonu": null, "gozlemTarihi": null, "hilucsAraziKullanimi": null, "hilucsDurumu": null, "olcek": "1:10000", "surumBaslangicZamani": null, "surumBitisZamani": null, "total_population": 0.0, "estimated_water_supply": 1.1654407752441311, "population_pressure": 0.0, "urban_water_stress_score": 0.0 }, "geometry": { "type": "MultiPolygon", "coordinates": [ [ [ [ 32.5697, 39.9652 ], [ 32.5692, 39.9649 ], [ 32.5688, 39.9653 ], [ 32.5694, 39.9656 ], [ 32.5697, 39.9652 ] ] ] ] } },
{ "type": "Feature", "properties": { "id": "sehirAtlasi.293", "kentAtlasiDegeriKodu": "11240", "kentAtlasiDegeri": "Çok Düşük Yoğunluklu Süreksiz Kentsel Alan (< 10%)", "gecirimsizlikKatmani": 3, "tucbsNo": "CBSGM_1_338494", "aciklama": null, "gecerlilikBaslangici": "2019-02-18T00:00:00Z", "gecerlilikSonu": null, "gozlemTarihi": null, "hilucsAraziKullanimi": null, "hilucsDurumu": null, "olcek": "1:10000", "surumBaslangicZamani": null, "surumBitisZamani": null, "total_population": 0.0, "estimated_water_supply": 2.4363690455010474, "population_pressure": 0.0, "urban_water_stress_score": 0.0 }, "geometry": { "type": "MultiPolygon", "coordinates": [ [ [ [ 32.6917, 40.2285 ], [ 32.6915, 40.228 ], [ 32.6919, 40.2277 ], [ 32.6917, 40.2271 ], [ 32.6912, 40.2274 ], [ 32.6912, 40.2274 ], [ 32.691, 40.2275 ], [ 32.691, 40.2275 ], [ 32.6899, 40.2283 ], [ 32.6899, 40.2283 ], [ 32.6899, 40.2283 ], [ 32.6899, 40.2283 ], [ 32.6899, 40.2287 ], [ 32.6899, 40.2287 ], [ 32.6901, 40.2286 ], [ 32.6901, 40.2286 ], [ 32.6901, 40.2286 ], [ 32.6903, 40.2285 ], [ 32.6903, 40.2285 ], [ 32.6917, 40.2285 ] ] ] ] } },
{ "type": "Feature", "properties": { "id": "sehirAtlasi.294", "kentAtlasiDegeriKodu": "14120", "kentAtlasiDegeri": "Kent İçindeki Yeşil Alanlar ( Aktif )", "gecirimsizlikKatmani": 0, "tucbsNo": "CBSGM_1_7984469", "aciklama": null, "gecerlilikBaslangici": "2019-02-04T00:00:00Z", "gecerlilikSonu": null, "gozlemTarihi": null, "hilucsAraziKullanimi": null, "hilucsDurumu": null, "olcek": "1:10000", "surumBaslangicZamani": null, "surumBitisZamani": null, "total_population": 0.0, "estimated_water_supply": 1.2598059881223023, "population_pressure": 0.0, "urban_water_stress_score": 0.0 }, "geometry": { "type": "MultiPolygon", "coordinates": [ [ [ [ 32.5697, 39.9851 ], [ 32.5696, 39.9848 ], [ 32.5696, 39.9848 ], [ 32.5695, 39.9845 ], [ 32.5695, 39.9843 ], [ 32.5693, 39.9844 ], [ 32.5693, 39.9844 ], [ 32.5693, 39.9844 ], [ 32.5692, 39.9844 ], [ 32.5692, 39.9844 ], [ 32.5691, 39.9844 ], [ 32.5693, 39.9851 ], [ 32.5695, 39.9851 ], [ 32.5695, 39.9851 ], [ 32.5695, 39.9851 ], [ 32.5697, 39.9851 ] ] ] ] } },
{ "type": "Feature", "properties": { "id": "sehirAtlasi.295", "kentAtlasiDegeriKodu": "12110", "kentAtlasiDegeri": "Sanayi ve Üretim Alanları", "gecirimsizlikKatmani": 66, "tucbsNo": "CBSGM_1_7984470", "aciklama": null, "gecerlilikBaslangici": "2019-05-23T00:00:00Z", "gecerlilikSonu": null, "gozlemTarihi": null, "hilucsAraziKullanimi": null, "hilucsDurumu": null, "olcek": "1:10000", "surumBaslangicZamani": null, "surumBitisZamani": null, "total_population": 0.0, "estimated_water_supply": 1.1686254776018095, "population_pressure": 0.0, "urban_water_stress_score": 0.0 }, "geometry": { "type": "MultiPolygon", "coordinates": [ [ [ [ 32.5693, 39.9668 ], [ 32.5699, 39.9669 ], [ 32.5699, 39.9669 ], [ 32.5701, 39.9664 ], [ 32.5695, 39.9663 ], [ 32.5693, 39.9668 ], [ 32.5693, 39.9668 ] ] ] ] } },
{ "type": "Feature", "properties": { "id": "sehirAtlasi.296", "kentAtlasiDegeriKodu": "12120", "kentAtlasiDegeri": "Ticaret Alanları", "gecirimsizlikKatmani": 30, "tucbsNo": "CBSGM_1_338495", "aciklama": null, "gecerlilikBaslangici": "2020-01-07T00:00:00Z", "gecerlilikSonu": null, "gozlemTarihi": null, "hilucsAraziKullanimi": null, "hilucsDurumu": null, "olcek": "1:10000", "surumBaslangicZamani": null, "surumBitisZamani": null, "total_population": 0.0, "estimated_water_supply": 2.4143917187144242, "population_pressure": 0.0, "urban_water_stress_score": 0.0 }, "geometry": { "type": "MultiPolygon", "coordinates": [ [ [ [ 32.6923, 40.2234 ], [ 32.6921, 40.223 ], [ 32.6921, 40.223 ], [ 32.6921, 40.2229 ], [ 32.6919, 40.2231 ], [ 32.6909, 40.2231 ], [ 32.6909, 40.2226 ], [ 32.6904, 40.2226 ], [ 32.6904, 40.2226 ], [ 32.6904, 40.2226 ], [ 32.6904, 40.2226 ], [ 32.6903, 40.2226 ], [ 32.6902, 40.2231 ], [ 32.6908, 40.2231 ], [ 32.6908, 40.2234 ], [ 32.692, 40.2234 ], [ 32.6921, 40.2235 ], [ 32.6923, 40.2234 ] ] ] ] } },
{ "type": "Feature", "properties": { "id": "sehirAtlasi.297", "kentAtlasiDegeriKodu": "14100", "kentAtlasiDegeri": "Kent İçindeki Yeşil Alanlar ( Pasif )", "gecirimsizlikKatmani": 0, "tucbsNo": "CBSGM_1_7984471", "aciklama": null, "gecerlilikBaslangici": "2019-02-05T00:00:00Z", "gecerlilikSonu": null, "gozlemTarihi": null, "hilucsAraziKullanimi": null, "hilucsDurumu": null, "olcek": "1:10000", "surumBaslangicZamani": null, "surumBitisZamani": null, "total_population": 0.0, "estimated_water_supply": 1.0618459710534691, "population_pressure": 0.0, "urban_water_stress_score": 0.0 }, "geometry": { "type": "MultiPolygon", "coordinates": [ [ [ [ 32.6033, 39.9488 ], [ 32.6035, 39.9487 ], [ 32.6039, 39.9487 ], [ 32.6038, 39.9487 ], [ 32.6037, 39.9486 ], [ 32.6037, 39.9486 ], [ 32.6037, 39.9486 ], [ 32.6037, 39.9485 ], [ 32.6037, 39.9485 ], [ 32.6037, 39.9484 ], [ 32.6035, 39.9486 ], [ 32.6035, 39.9486 ], [ 32.6035, 39.9486 ], [ 32.6034, 39.9487 ], [ 32.6034, 39.9487 ], [ 32.6033, 39.9488 ] ] ] ] } },
{ "type": "Feature", "properties": { "id": "sehirAtlasi.298", "kentAtlasiDegeriKodu": "12130", "kentAtlasiDegeri": "Kamu Alanları", "gecirimsizlikKatmani": 21, "tucbsNo": "CBSGM_1_7984472", "aciklama": null, "gecerlilikBaslangici": "2019-05-28T00:00:00Z", "gecerlilikSonu": null, "gozlemTarihi": null, "hilucsAraziKullanimi": null, "hilucsDurumu": null, "olcek": "1:10000", "surumBaslangicZamani": null, "surumBitisZamani": null, "total_population": 0.0, "estimated_water_supply": 0.76865197836638721, "population_pressure": 0.0, "urban_water_stress_score": 0.0 }, "geometry": { "type": "MultiPolygon", "coordinates": [ [ [ [ 32.7437, 39.9065 ], [ 32.7436, 39.9056 ], [ 32.7427, 39.9056 ], [ 32.7427, 39.9065 ], [ 32.7437, 39.9065 ] ] ] ] } },
{ "type": "Feature", "properties": { "id": "sehirAtlasi.299", "kentAtlasiDegeriKodu": "12220", "kentAtlasiDegeri": "Diğer Yollar ve İlgili Alanlar", "gecirimsizlikKatmani": 0, "tucbsNo": "CBSGM_1_7984296", "aciklama": null, "gecerlilikBaslangici": "2019-02-04T00:00:00Z", "gecerlilikSonu": null, "gozlemTarihi": null, "hilucsAraziKullanimi": null, "hilucsDurumu": null, "olcek": "1:10000", "surumBaslangicZamani": null, "surumBitisZamani": null, "total_population": 0.0, "estimated_water_supply": 1.0883089166710329, "population_pressure": 0.0, "urban_water_stress_score": 0.0 }, "geometry": { "type": "MultiPolygon", "coordinates": [ [ [ [ 32.7217, 39.967 ], [ 32.7223, 39.9671 ], [ 32.7223, 39.9672 ], [ 32.722, 39.9674 ], [ 32.722, 39.9674 ], [ 32.722, 39.9674 ], [ 32.722, 39.9675 ], [ 32.722, 39.9675 ], [ 32.7221, 39.9675 ], [ 32.7221, 39.9675 ], [ 32.7221, 39.9675 ], [ 32.7224, 39.9673 ], [ 32.7224, 39.9673 ], [ 32.7224, 39.9672 ], [ 32.7224, 39.9671 ], [ 32.7226, 39.9671 ], [ 32.7225, 39.9673 ], [ 32.7223, 39.9675 ], [ 32.7223, 39.9675 ], [ 32.7222, 39.9676 ], [ 32.7217, 39.9677 ], [ 32.7218, 39.9678 ], [ 32.7218, 39.9678 ], [ 32.7223, 39.9676 ], [ 32.7223, 39.9676 ], [ 32.7223, 39.9676 ], [ 32.7224, 39.9676 ], [ 32.7224, 39.9676 ], [ 32.7225, 39.9674 ], [ 32.7226, 39.9674 ], [ 32.7226, 39.9674 ], [ 32.7227, 39.9671 ], [ 32.723, 39.9672 ], [ 32.723, 39.9671 ], [ 32.723, 39.9671 ], [ 32.723, 39.9671 ], [ 32.7226, 39.967 ], [ 32.7226, 39.967 ], [ 32.7224, 39.967 ], [ 32.7217, 39.967 ], [ 32.7217, 39.967 ], [ 32.7217, 39.967 ] ] ] ] } },
{ "type": "Feature", "properties": { "id": "sehirAtlasi.300", "kentAtlasiDegeriKodu": "12220", "kentAtlasiDegeri": "Diğer Yollar ve İlgili Alanlar", "gecirimsizlikKatmani": 0, "tucbsNo": "CBSGM_1_7984297", "aciklama": null, "gecerlilikBaslangici": "2019-02-19T00:00:00Z", "gecerlilikSonu": null, "gozlemTarihi": null, "hilucsAraziKullanimi": null, "hilucsDurumu": null, "olcek": "1:10000", "surumBaslangicZamani": null, "surumBitisZamani": null, "total_population": 0.0, "estimated_water_supply": 1.2333509404920755, "population_pressure": 0.0, "urban_water_stress_score": 0.0 }, "geometry": { "type": "MultiPolygon", "coordinates": [ [ [ [ 32.851, 40.0026 ], [ 32.8511, 40.0026 ], [ 32.8511, 40.0026 ], [ 32.8511, 40.0026 ], [ 32.8511, 40.0027 ], [ 32.8522, 40.0026 ], [ 32.8522, 40.0026 ], [ 32.8522, 40.0026 ], [ 32.851, 40.0026 ] ] ] ] } },
{ "type": "Feature", "properties": { "id": "sehirAtlasi.301", "kentAtlasiDegeriKodu": "12220", "kentAtlasiDegeri": "Diğer Yollar ve İlgili Alanlar", "gecirimsizlikKatmani": 0, "tucbsNo": "CBSGM_1_7984298", "aciklama": null, "gecerlilikBaslangici": "2019-02-19T00:00:00Z", "gecerlilikSonu": null, "gozlemTarihi": null, "hilucsAraziKullanimi": null, "hilucsDurumu": null, "olcek": "1:10000", "surumBaslangicZamani": null, "surumBitisZamani": null, "total_population": 0.0, "estimated_water_supply": 1.2384735660264283, "population_pressure": 0.0, "urban_water_stress_score": 0.0 }, "geometry": { "type": "MultiPolygon", "coordinates": [ [ [ [ 32.8513, 40.0037 ], [ 32.8513, 40.0038 ], [ 32.8513, 40.0038 ], [ 32.8513, 40.0038 ], [ 32.8522, 40.0038 ], [ 32.8522, 40.0037 ], [ 32.8513, 40.0037 ] ] ] ] } },
{ "type": "Feature", "properties": { "id": "sehirAtlasi.302", "kentAtlasiDegeriKodu": "12120", "kentAtlasiDegeri": "Ticaret Alanları", "gecirimsizlikKatmani": 19, "tucbsNo": "CBSGM_1_7984299", "aciklama": null, "gecerlilikBaslangici": "2019-05-28T00:00:00Z", "gecerlilikSonu": null, "gozlemTarihi": null, "hilucsAraziKullanimi": null, "hilucsDurumu": null, "olcek": "1:10000", "surumBaslangicZamani": null, "surumBitisZamani": null, "total_population": 0.0, "estimated_water_supply": 1.2367253866429211, "population_pressure": 0.0, "urban_water_stress_score": 0.0 }, "geometry": { "type": "MultiPolygon", "coordinates": [ [ [ [ 32.9253, 39.9222 ], [ 32.9257, 39.9226 ], [ 32.9259, 39.9225 ], [ 32.9259, 39.9225 ], [ 32.9261, 39.9223 ], [ 32.9257, 39.9219 ], [ 32.9253, 39.9222 ] ] ] ] } },
{ "type": "Feature", "properties": { "id": "sehirAtlasi.303", "kentAtlasiDegeriKodu": "13400", "kentAtlasiDegeri": "Mevcut Kullanımı Olmayan Alanlar", "gecirimsizlikKatmani": 0, "tucbsNo": "CBSGM_1_7984300", "aciklama": null, "gecerlilikBaslangici": "2019-11-08T00:00:00Z", "gecerlilikSonu": null, "gozlemTarihi": null, "hilucsAraziKullanimi": null, "hilucsDurumu": null, "olcek": "1:10000", "surumBaslangicZamani": null, "surumBitisZamani": null, "total_population": 0.0, "estimated_water_supply": 1.0689518416412156, "population_pressure": 0.0, "urban_water_stress_score": 0.0 }, "geometry": { "type": "MultiPolygon", "coordinates": [ [ [ [ 32.5594, 39.9462 ], [ 32.5593, 39.9462 ], [ 32.5593, 39.9462 ], [ 32.5584, 39.9461 ], [ 32.5584, 39.9468 ], [ 32.5584, 39.9468 ], [ 32.5583, 39.9469 ], [ 32.5591, 39.9472 ], [ 32.5593, 39.947 ], [ 32.5593, 39.9466 ], [ 32.5593, 39.9466 ], [ 32.5593, 39.9466 ], [ 32.5593, 39.9465 ], [ 32.5593, 39.9465 ], [ 32.5593, 39.9465 ], [ 32.5594, 39.9462 ] ] ] ] } },
{ "type": "Feature", "properties": { "id": "sehirAtlasi.304", "kentAtlasiDegeriKodu": "11240", "kentAtlasiDegeri": "Çok Düşük Yoğunluklu Süreksiz Kentsel Alan (< 10%)", "gecirimsizlikKatmani": 0, "tucbsNo": "CBSGM_1_338288", "aciklama": null, "gecerlilikBaslangici": "2019-02-15T00:00:00Z", "gecerlilikSonu": null, "gozlemTarihi": null, "hilucsAraziKullanimi": null, "hilucsDurumu": null, "olcek": "1:10000", "surumBaslangicZamani": null, "surumBitisZamani": null, "total_population": 0.0, "estimated_water_supply": 0.38027672586508626, "population_pressure": 0.0, "urban_water_stress_score": 0.0 }, "geometry": { "type": "MultiPolygon", "coordinates": [ [ [ [ 33.5496, 38.9207 ], [ 33.5499, 38.9206 ], [ 33.5499, 38.9206 ], [ 33.5499, 38.9206 ], [ 33.55, 38.9206 ], [ 33.5501, 38.9206 ], [ 33.5502, 38.9206 ], [ 33.5502, 38.9206 ], [ 33.5502, 38.9206 ], [ 33.5505, 38.9206 ], [ 33.5509, 38.9199 ], [ 33.5506, 38.9199 ], [ 33.5505, 38.9198 ], [ 33.5503, 38.9194 ], [ 33.5503, 38.9194 ], [ 33.5499, 38.9195 ], [ 33.5501, 38.9203 ], [ 33.5495, 38.9205 ], [ 33.5496, 38.9207 ] ] ] ] } },
{ "type": "Feature", "properties": { "id": "sehirAtlasi.305", "kentAtlasiDegeriKodu": "11240", "kentAtlasiDegeri": "Çok Düşük Yoğunluklu Süreksiz Kentsel Alan (< 10%)", "gecirimsizlikKatmani": 0, "tucbsNo": "CBSGM_1_338289", "aciklama": null, "gecerlilikBaslangici": "2019-02-15T00:00:00Z", "gecerlilikSonu": null, "gozlemTarihi": null, "hilucsAraziKullanimi": null, "hilucsDurumu": null, "olcek": "1:10000", "surumBaslangicZamani": null, "surumBitisZamani": null, "total_population": 0.0, "estimated_water_supply": 0.37760572875171278, "population_pressure": 0.0, "urban_water_stress_score": 0.0 }, "geometry": { "type": "MultiPolygon", "coordinates": [ [ [ [ 33.5481, 38.921 ], [ 33.5482, 38.9213 ], [ 33.5482, 38.9213 ], [ 33.5488, 38.9211 ], [ 33.5486, 38.9208 ], [ 33.5481, 38.921 ] ] ] ] } },
{ "type": "Feature", "properties": { "id": "sehirAtlasi.306", "kentAtlasiDegeriKodu": "11230", "kentAtlasiDegeri": "Düşük Yoğunluklu Süreksiz Kentsel Alan (10% - 30%)", "gecirimsizlikKatmani": 0, "tucbsNo": "CBSGM_1_7984301", "aciklama": null, "gecerlilikBaslangici": "2019-02-11T00:00:00Z", "gecerlilikSonu": null, "gozlemTarihi": null, "hilucsAraziKullanimi": null, "hilucsDurumu": null, "olcek": "1:10000", "surumBaslangicZamani": null, "surumBitisZamani": null, "total_population": 0.0, "estimated_water_supply": 1.3885878620782561, "population_pressure": 0.0, "urban_water_stress_score": 0.0 }, "geometry": { "type": "MultiPolygon", "coordinates": [ [ [ [ 33.0459, 40.2439 ], [ 33.046, 40.2442 ], [ 33.0465, 40.244 ], [ 33.0464, 40.2438 ], [ 33.0459, 40.2439 ], [ 33.0459, 40.2439 ], [ 33.0459, 40.2439 ], [ 33.0459, 40.2439 ] ] ] ] } },
{ "type": "Feature", "properties": { "id": "sehirAtlasi.307", "kentAtlasiDegeriKodu": "11210", "kentAtlasiDegeri": "Yüksek Yoğunluklu Süreksiz Kentsel Alan (50% - 80%)", "gecirimsizlikKatmani": 22, "tucbsNo": "CBSGM_1_7984302", "aciklama": null, "gecerlilikBaslangici": "2019-02-11T00:00:00Z", "gecerlilikSonu": null, "gozlemTarihi": null, "hilucsAraziKullanimi": null, "hilucsDurumu": null, "olcek": "1:10000", "surumBaslangicZamani": null, "surumBitisZamani": null, "total_population": 0.0, "estimated_water_supply": 1.4376938835046869, "population_pressure": 0.0, "urban_water_stress_score": 0.0 }, "geometry": { "type": "MultiPolygon", "coordinates": [ [ [ [ 33.0335, 40.2456 ], [ 33.0332, 40.2448 ], [ 33.0322, 40.2449 ], [ 33.0322, 40.2451 ], [ 33.0322, 40.2451 ], [ 33.0322, 40.2451 ], [ 33.0322, 40.2452 ], [ 33.0325, 40.2453 ], [ 33.0326, 40.2454 ], [ 33.0327, 40.2454 ], [ 33.0327, 40.2454 ], [ 33.0327, 40.2454 ], [ 33.0334, 40.2456 ], [ 33.0335, 40.2456 ] ] ] ] } },
{ "type": "Feature", "properties": { "id": "sehirAtlasi.308", "kentAtlasiDegeriKodu": "14120", "kentAtlasiDegeri": "Kent İçindeki Yeşil Alanlar ( Aktif )", "gecirimsizlikKatmani": 0, "tucbsNo": "CBSGM_1_7984303", "aciklama": null, "gecerlilikBaslangici": "2019-02-11T00:00:00Z", "gecerlilikSonu": null, "gozlemTarihi": null, "hilucsAraziKullanimi": null, "hilucsDurumu": null, "olcek": "1:10000", "surumBaslangicZamani": null, "surumBitisZamani": null, "total_population": 0.0, "estimated_water_supply": 1.3646824267820024, "population_pressure": 0.0, "urban_water_stress_score": 0.0 }, "geometry": { "type": "MultiPolygon", "coordinates": [ [ [ [ 33.0327, 40.2314 ], [ 33.0327, 40.2313 ], [ 33.0326, 40.2311 ], [ 33.0325, 40.2311 ], [ 33.0324, 40.231 ], [ 33.0323, 40.2312 ], [ 33.0323, 40.2312 ], [ 33.0322, 40.2313 ], [ 33.0324, 40.2313 ], [ 33.0327, 40.2314 ] ] ] ] } },
{ "type": "Feature", "properties": { "id": "sehirAtlasi.309", "kentAtlasiDegeriKodu": "12150", "kentAtlasiDegeri": "Eğitim Alanları", "gecirimsizlikKatmani": 0, "tucbsNo": "CBSGM_1_7984304", "aciklama": null, "gecerlilikBaslangici": "2019-05-29T00:00:00Z", "gecerlilikSonu": null, "gozlemTarihi": null, "hilucsAraziKullanimi": null, "hilucsDurumu": null, "olcek": "1:10000", "surumBaslangicZamani": null, "surumBitisZamani": null, "total_population": 0.0, "estimated_water_supply": 1.2410075887035052, "population_pressure": 0.0, "urban_water_stress_score": 0.0 }, "geometry": { "type": "MultiPolygon", "coordinates": [ [ [ [ 32.7032, 39.9876 ], [ 32.7033, 39.9883 ], [ 32.7039, 39.9883 ], [ 32.7045, 39.9882 ], [ 32.7044, 39.9874 ], [ 32.7032, 39.9876 ] ] ] ] } },
{ "type": "Feature", "properties": { "id": "sehirAtlasi.310", "kentAtlasiDegeriKodu": "11240", "kentAtlasiDegeri": "Çok Düşük Yoğunluklu Süreksiz Kentsel Alan (< 10%)", "gecirimsizlikKatmani": 0, "tucbsNo": "CBSGM_1_7984305", "aciklama": null, "gecerlilikBaslangici": "2019-02-08T00:00:00Z", "gecerlilikSonu": null, "gozlemTarihi": null, "hilucsAraziKullanimi": null, "hilucsDurumu": null, "olcek": "1:10000", "surumBaslangicZamani": null, "surumBitisZamani": null, "total_population": 0.0, "estimated_water_supply": 1.2787861748372813, "population_pressure": 0.0, "urban_water_stress_score": 0.0 }, "geometry": { "type": "MultiPolygon", "coordinates": [ [ [ [ 33.0373, 40.1903 ], [ 33.0376, 40.1904 ], [ 33.038, 40.1904 ], [ 33.0383, 40.1903 ], [ 33.0384, 40.1902 ], [ 33.0384, 40.1902 ], [ 33.0384, 40.1902 ], [ 33.0384, 40.1902 ], [ 33.0384, 40.1902 ], [ 33.0384, 40.1902 ], [ 33.0384, 40.1902 ], [ 33.0384, 40.1902 ], [ 33.0388, 40.19 ], [ 33.0383, 40.1896 ], [ 33.0378, 40.1895 ], [ 33.0373, 40.1895 ], [ 33.0374, 40.1902 ], [ 33.0374, 40.1902 ], [ 33.0374, 40.1902 ], [ 33.0373, 40.1903 ], [ 33.0373, 40.1903 ], [ 33.0373, 40.1903 ] ] ] ] } },
{ "type": "Feature", "properties": { "id": "sehirAtlasi.311", "kentAtlasiDegeriKodu": "11210", "kentAtlasiDegeri": "Yüksek Yoğunluklu Süreksiz Kentsel Alan (50% - 80%)", "gecirimsizlikKatmani": 45, "tucbsNo": "CBSGM_1_7984306", "aciklama": null, "gecerlilikBaslangici": "2019-02-07T00:00:00Z", "gecerlilikSonu": null, "gozlemTarihi": null, "hilucsAraziKullanimi": null, "hilucsDurumu": null, "olcek": "1:10000", "surumBaslangicZamani": null, "surumBitisZamani": null, "total_population": 0.0, "estimated_water_supply": 0.97853408898050676, "population_pressure": 0.0, "urban_water_stress_score": 0.0 }, "geometry": { "type": "MultiPolygon", "coordinates": [ [ [ [ 32.9008, 39.916 ], [ 32.9013, 39.9164 ], [ 32.9012, 39.9164 ], [ 32.9018, 39.9161 ], [ 32.9018, 39.9161 ], [ 32.9026, 39.9155 ], [ 32.9025, 39.9156 ], [ 32.902, 39.9152 ], [ 32.9014, 39.9156 ], [ 32.9014, 39.9156 ], [ 32.9014, 39.9156 ], [ 32.9008, 39.916 ] ] ] ] } },
{ "type": "Feature", "properties": { "id": "sehirAtlasi.312", "kentAtlasiDegeriKodu": "11100", "kentAtlasiDegeri": "Sürekli Kentsel Alan (> 80%)", "gecirimsizlikKatmani": 45, "tucbsNo": "CBSGM_1_7984307", "aciklama": null, "gecerlilikBaslangici": "2019-02-20T00:00:00Z", "gecerlilikSonu": null, "gozlemTarihi": null, "hilucsAraziKullanimi": null, "hilucsDurumu": null, "olcek": "1:10000", "surumBaslangicZamani": null, "surumBitisZamani": null, "total_population": 0.0, "estimated_water_supply": 1.2458231984816153, "population_pressure": 0.0, "urban_water_stress_score": 0.0 }, "geometry": { "type": "MultiPolygon", "coordinates": [ [ [ [ 32.8371, 40.0043 ], [ 32.837, 40.0046 ], [ 32.837, 40.0049 ], [ 32.8378, 40.0049 ], [ 32.8378, 40.0049 ], [ 32.8379, 40.0049 ], [ 32.8379, 40.0048 ], [ 32.8379, 40.0046 ], [ 32.8379, 40.0046 ], [ 32.8379, 40.0043 ], [ 32.8371, 40.0043 ] ] ] ] } },
{ "type": "Feature", "properties": { "id": "sehirAtlasi.313", "kentAtlasiDegeriKodu": "12150", "kentAtlasiDegeri": "Eğitim Alanları", "gecirimsizlikKatmani": 30, "tucbsNo": "CBSGM_1_7984308", "aciklama": null, "gecerlilikBaslangici": "2019-05-29T00:00:00Z", "gecerlilikSonu": null, "gozlemTarihi": null, "hilucsAraziKullanimi": null, "hilucsDurumu": null, "olcek": "1:10000", "surumBaslangicZamani": null, "surumBitisZamani": null, "total_population": 0.0, "estimated_water_supply": 1.0911617829076892, "population_pressure": 0.0, "urban_water_stress_score": 0.0 }, "geometry": { "type": "MultiPolygon", "coordinates": [ [ [ [ 32.837, 39.9779 ], [ 32.8371, 39.9781 ], [ 32.8375, 39.9785 ], [ 32.8375, 39.9785 ], [ 32.8377, 39.9786 ], [ 32.8376, 39.9786 ], [ 32.8378, 39.9786 ], [ 32.8383, 39.9785 ], [ 32.8384, 39.9785 ], [ 32.8377, 39.9777 ], [ 32.837, 39.978 ], [ 32.837, 39.9779 ] ] ] ] } },
{ "type": "Feature", "properties": { "id": "sehirAtlasi.314", "kentAtlasiDegeriKodu": "11100", "kentAtlasiDegeri": "Sürekli Kentsel Alan (> 80%)", "gecirimsizlikKatmani": 56, "tucbsNo": "CBSGM_1_7984309", "aciklama": null, "gecerlilikBaslangici": "2019-02-20T00:00:00Z", "gecerlilikSonu": null, "gozlemTarihi": null, "hilucsAraziKullanimi": null, "hilucsDurumu": null, "olcek": "1:10000", "surumBaslangicZamani": null, "surumBitisZamani": null, "total_population": 0.0, "estimated_water_supply": 1.0635347407235785, "population_pressure": 0.0, "urban_water_stress_score": 0.0 }, "geometry": { "type": "MultiPolygon", "coordinates": [ [ [ [ 32.8396, 39.9734 ], [ 32.8385, 39.9728 ], [ 32.8374, 39.9723 ], [ 32.837, 39.9729 ], [ 32.8382, 39.9735 ], [ 32.8387, 39.9737 ], [ 32.839, 39.9739 ], [ 32.8396, 39.9734 ] ] ] ] } },
{ "type": "Feature", "properties": { "id": "sehirAtlasi.315", "kentAtlasiDegeriKodu": "11100", "kentAtlasiDegeri": "Sürekli Kentsel Alan (> 80%)", "gecirimsizlikKatmani": 33, "tucbsNo": "CBSGM_1_7984310", "aciklama": null, "gecerlilikBaslangici": "2019-02-20T00:00:00Z", "gecerlilikSonu": null, "gozlemTarihi": null, "hilucsAraziKullanimi": null, "hilucsDurumu": null, "olcek": "1:10000", "surumBaslangicZamani": null, "surumBitisZamani": null, "total_population": 0.0, "estimated_water_supply": 1.0528896973492625, "population_pressure": 0.0, "urban_water_stress_score": 0.0 }, "geometry": { "type": "MultiPolygon", "coordinates": [ [ [ [ 32.8215, 39.974 ], [ 32.8217, 39.9743 ], [ 32.8218, 39.9745 ], [ 32.8218, 39.9746 ], [ 32.8218, 39.9746 ], [ 32.8218, 39.9747 ], [ 32.8218, 39.9747 ], [ 32.8224, 39.9748 ], [ 32.8227, 39.9743 ], [ 32.8227, 39.9743 ], [ 32.8228, 39.9741 ], [ 32.8226, 39.9738 ], [ 32.8224, 39.9736 ], [ 32.8222, 39.9736 ], [ 32.8221, 39.9737 ], [ 32.8215, 39.974 ], [ 32.8215, 39.974 ] ] ] ] } },
{ "type": "Feature", "properties": { "id": "sehirAtlasi.316", "kentAtlasiDegeriKodu": "11100", "kentAtlasiDegeri": "Sürekli Kentsel Alan (> 80%)", "gecirimsizlikKatmani": 53, "tucbsNo": "CBSGM_1_7984311", "aciklama": null, "gecerlilikBaslangici": "2019-02-04T00:00:00Z", "gecerlilikSonu": null, "gozlemTarihi": null, "hilucsAraziKullanimi": null, "hilucsDurumu": null, "olcek": "1:10000", "surumBaslangicZamani": null, "surumBitisZamani": null, "total_population": 0.0, "estimated_water_supply": 0.77793090145988153, "population_pressure": 0.0, "urban_water_stress_score": 0.0 }, "geometry": { "type": "MultiPolygon", "coordinates": [ [ [ [ 32.8845, 39.889 ], [ 32.8847, 39.8894 ], [ 32.8846, 39.8893 ], [ 32.8852, 39.889 ], [ 32.8849, 39.8888 ], [ 32.8845, 39.889 ] ] ] ] } },
{ "type": "Feature", "properties": { "id": "sehirAtlasi.317", "kentAtlasiDegeriKodu": "12220", "kentAtlasiDegeri": "Diğer Yollar ve İlgili Alanlar", "gecirimsizlikKatmani": 0, "tucbsNo": "CBSGM_1_7984312", "aciklama": null, "gecerlilikBaslangici": "2019-02-05T00:00:00Z", "gecerlilikSonu": null, "gozlemTarihi": null, "hilucsAraziKullanimi": null, "hilucsDurumu": null, "olcek": "1:10000", "surumBaslangicZamani": null, "surumBitisZamani": null, "total_population": 0.0, "estimated_water_supply": 1.4163844133177268, "population_pressure": 0.0, "urban_water_stress_score": 0.0 }, "geometry": { "type": "MultiPolygon", "coordinates": [ [ [ [ 32.5238, 40.0011 ], [ 32.5237, 40.0011 ], [ 32.5237, 40.0011 ], [ 32.5236, 40.0017 ], [ 32.5236, 40.0018 ], [ 32.5235, 40.0019 ], [ 32.5235, 40.0019 ], [ 32.5235, 40.0019 ], [ 32.5235, 40.0019 ], [ 32.5235, 40.0019 ], [ 32.5235, 40.0023 ], [ 32.5235, 40.0023 ], [ 32.5235, 40.0023 ], [ 32.5236, 40.0023 ], [ 32.5236, 40.0023 ], [ 32.5236, 40.0023 ], [ 32.5236, 40.0023 ], [ 32.5236, 40.0023 ], [ 32.5236, 40.0023 ], [ 32.5238, 40.0023 ], [ 32.5238, 40.0023 ], [ 32.5238, 40.0023 ], [ 32.5238, 40.0023 ], [ 32.5239, 40.0023 ], [ 32.5239, 40.0023 ], [ 32.524, 40.0018 ], [ 32.524, 40.0017 ], [ 32.524, 40.0017 ], [ 32.524, 40.0017 ], [ 32.524, 40.0017 ], [ 32.524, 40.0017 ], [ 32.524, 40.0017 ], [ 32.5237, 40.0017 ], [ 32.5238, 40.0011 ] ], [ [ 32.5239, 40.0018 ], [ 32.5238, 40.0022 ], [ 32.5236, 40.0023 ], [ 32.5236, 40.0022 ], [ 32.5236, 40.0022 ], [ 32.5236, 40.0019 ], [ 32.5236, 40.0019 ], [ 32.5237, 40.0018 ], [ 32.5237, 40.0018 ], [ 32.5237, 40.0017 ], [ 32.5239, 40.0018 ] ] ] ] } },
{ "type": "Feature", "properties": { "id": "sehirAtlasi.318", "kentAtlasiDegeriKodu": "11100", "kentAtlasiDegeri": "Sürekli Kentsel Alan (> 80%)", "gecirimsizlikKatmani": 61, "tucbsNo": "CBSGM_1_7984313", "aciklama": null, "gecerlilikBaslangici": "2019-02-20T00:00:00Z", "gecerlilikSonu": null, "gozlemTarihi": null, "hilucsAraziKullanimi": null, "hilucsDurumu": null, "olcek": "1:10000", "surumBaslangicZamani": null, "surumBitisZamani": null, "total_population": 0.0, "estimated_water_supply": 1.2377334695287923, "population_pressure": 0.0, "urban_water_stress_score": 0.0 }, "geometry": { "type": "MultiPolygon", "coordinates": [ [ [ [ 32.8787, 40.0029 ], [ 32.8785, 40.0027 ], [ 32.8785, 40.0027 ], [ 32.8785, 40.0025 ], [ 32.8785, 40.0025 ], [ 32.8784, 40.0023 ], [ 32.8784, 40.0023 ], [ 32.8784, 40.0023 ], [ 32.8784, 40.0021 ], [ 32.8779, 40.0022 ], [ 32.8779, 40.0022 ], [ 32.8777, 40.0023 ], [ 32.878, 40.0031 ], [ 32.8785, 40.003 ], [ 32.8787, 40.0029 ] ] ] ] } },
{ "type": "Feature", "properties": { "id": "sehirAtlasi.319", "kentAtlasiDegeriKodu": "12220", "kentAtlasiDegeri": "Diğer Yollar ve İlgili Alanlar", "gecirimsizlikKatmani": 0, "tucbsNo": "CBSGM_1_7984314", "aciklama": null, "gecerlilikBaslangici": "2019-02-07T00:00:00Z", "gecerlilikSonu": null, "gozlemTarihi": null, "hilucsAraziKullanimi": null, "hilucsDurumu": null, "olcek": "1:10000", "surumBaslangicZamani": null, "surumBitisZamani": null, "total_population": 0.0, "estimated_water_supply": 1.1807809918589336, "population_pressure": 0.0, "urban_water_stress_score": 0.0 }, "geometry": { "type": "MultiPolygon", "coordinates": [ [ [ [ 32.9018, 39.9665 ], [ 32.9022, 39.9671 ], [ 32.9025, 39.9675 ], [ 32.903, 39.9682 ], [ 32.9033, 39.9687 ], [ 32.9034, 39.9686 ], [ 32.9034, 39.9686 ], [ 32.9034, 39.9686 ], [ 32.903, 39.9681 ], [ 32.9026, 39.9675 ], [ 32.9023, 39.9671 ], [ 32.9018, 39.9665 ], [ 32.9018, 39.9665 ], [ 32.9018, 39.9665 ] ] ] ] } },
{ "type": "Feature", "properties": { "id": "sehirAtlasi.320", "kentAtlasiDegeriKodu": "11230", "kentAtlasiDegeri": "Düşük Yoğunluklu Süreksiz Kentsel Alan (10% - 30%)", "gecirimsizlikKatmani": 8, "tucbsNo": "CBSGM_1_1398969", "aciklama": null, "gecerlilikBaslangici": "2019-02-25T00:00:00Z", "gecerlilikSonu": null, "gozlemTarihi": null, "hilucsAraziKullanimi": null, "hilucsDurumu": null, "olcek": "1:10000", "surumBaslangicZamani": null, "surumBitisZamani": null, "total_population": 0.0, "estimated_water_supply": 1.4526815802828543, "population_pressure": 0.0, "urban_water_stress_score": 0.0 }, "geometry": { "type": "MultiPolygon", "coordinates": [ [ [ [ 31.7366, 37.6832 ], [ 31.7365, 37.6827 ], [ 31.7359, 37.6828 ], [ 31.7354, 37.6828 ], [ 31.7355, 37.6833 ], [ 31.7361, 37.6833 ], [ 31.7361, 37.6833 ], [ 31.7361, 37.6833 ], [ 31.7362, 37.6833 ], [ 31.7362, 37.6833 ], [ 31.7362, 37.6833 ], [ 31.7362, 37.6833 ], [ 31.7362, 37.6833 ], [ 31.7362, 37.6833 ], [ 31.7366, 37.6832 ] ] ] ] } },
{ "type": "Feature", "properties": { "id": "sehirAtlasi.321", "kentAtlasiDegeriKodu": "11100", "kentAtlasiDegeri": "Sürekli Kentsel Alan (> 80%)", "gecirimsizlikKatmani": 59, "tucbsNo": "CBSGM_1_7984315", "aciklama": null, "gecerlilikBaslangici": "2019-02-20T00:00:00Z", "gecerlilikSonu": null, "gozlemTarihi": null, "hilucsAraziKullanimi": null, "hilucsDurumu": null, "olcek": "1:10000", "surumBaslangicZamani": null, "surumBitisZamani": null, "total_population": 0.0, "estimated_water_supply": 1.2287996552357128, "population_pressure": 0.0, "urban_water_stress_score": 0.0 }, "geometry": { "type": "MultiPolygon", "coordinates": [ [ [ [ 32.8795, 39.9983 ], [ 32.8795, 39.9983 ], [ 32.8794, 39.9983 ], [ 32.8778, 39.9986 ], [ 32.8778, 39.999 ], [ 32.8778, 39.999 ], [ 32.8785, 39.9989 ], [ 32.8792, 39.9988 ], [ 32.8795, 39.9988 ], [ 32.8795, 39.9983 ] ] ] ] } },
{ "type": "Feature", "properties": { "id": "sehirAtlasi.322", "kentAtlasiDegeriKodu": "50000", "kentAtlasiDegeri": "Su Alanları", "gecirimsizlikKatmani": 0, "tucbsNo": "CBSGM_1_1398970", "aciklama": null, "gecerlilikBaslangici": "2019-02-26T00:00:00Z", "gecerlilikSonu": null, "gozlemTarihi": null, "hilucsAraziKullanimi": null, "hilucsDurumu": null, "olcek": "1:10000", "surumBaslangicZamani": null, "surumBitisZamani": null, "total_population": 0.0, "estimated_water_supply": 0.026892205674132454, "population_pressure": 0.0, "urban_water_stress_score": 0.0 }, "geometry": { "type": "MultiPolygon", "coordinates": [ [ [ [ 31.7307, 38.8179 ], [ 31.7307, 38.8179 ], [ 31.7306, 38.8179 ], [ 31.7305, 38.8179 ], [ 31.7304, 38.818 ], [ 31.7302, 38.8181 ], [ 31.73, 38.8182 ], [ 31.7299, 38.8183 ], [ 31.7298, 38.8184 ], [ 31.7298, 38.8184 ], [ 31.7298, 38.8184 ], [ 31.7303, 38.8181 ], [ 31.7305, 38.818 ], [ 31.7305, 38.818 ], [ 31.7307, 38.8179 ], [ 31.7307, 38.8179 ] ] ] ] } },
{ "type": "Feature", "properties": { "id": "sehirAtlasi.323", "kentAtlasiDegeriKodu": "12220", "kentAtlasiDegeri": "Diğer Yollar ve İlgili Alanlar", "gecirimsizlikKatmani": 0, "tucbsNo": "CBSGM_1_7984316", "aciklama": null, "gecerlilikBaslangici": "2019-02-07T00:00:00Z", "gecerlilikSonu": null, "gozlemTarihi": null, "hilucsAraziKullanimi": null, "hilucsDurumu": null, "olcek": "1:10000", "surumBaslangicZamani": null, "surumBitisZamani": null, "total_population": 0.0, "estimated_water_supply": 1.1840028864664214, "population_pressure": 0.0, "urban_water_stress_score": 0.0 }, "geometry": { "type": "MultiPolygon", "coordinates": [ [ [ [ 32.9034, 39.9687 ], [ 32.9039, 39.9693 ], [ 32.9043, 39.9698 ], [ 32.9043, 39.9698 ], [ 32.9043, 39.9697 ], [ 32.904, 39.9693 ], [ 32.9046, 39.9691 ], [ 32.9045, 39.969 ], [ 32.9045, 39.969 ], [ 32.904, 39.9693 ], [ 32.9035, 39.9687 ], [ 32.9034, 39.9687 ], [ 32.9034, 39.9687 ], [ 32.9034, 39.9687 ] ] ] ] } },
{ "type": "Feature", "properties": { "id": "sehirAtlasi.324", "kentAtlasiDegeriKodu": "11230", "kentAtlasiDegeri": "Düşük Yoğunluklu Süreksiz Kentsel Alan (10% - 30%)", "gecirimsizlikKatmani": 20, "tucbsNo": "CBSGM_1_1398971", "aciklama": null, "gecerlilikBaslangici": "2019-07-12T00:00:00Z", "gecerlilikSonu": null, "gozlemTarihi": null, "hilucsAraziKullanimi": null, "hilucsDurumu": null, "olcek": "1:10000", "surumBaslangicZamani": null, "surumBitisZamani": null, "total_population": 0.0, "estimated_water_supply": 1.4245254789106521, "population_pressure": 0.0, "urban_water_stress_score": 0.0 }, "geometry": { "type": "MultiPolygon", "coordinates": [ [ [ [ 31.7298, 37.6703 ], [ 31.73, 37.6705 ], [ 31.7306, 37.67 ], [ 31.7306, 37.67 ], [ 31.7303, 37.6699 ], [ 31.7302, 37.67 ], [ 31.7302, 37.67 ], [ 31.7298, 37.6703 ] ] ] ] } },
{ "type": "Feature", "properties": { "id": "sehirAtlasi.325", "kentAtlasiDegeriKodu": "11230", "kentAtlasiDegeri": "Düşük Yoğunluklu Süreksiz Kentsel Alan (10% - 30%)", "gecirimsizlikKatmani": 10, "tucbsNo": "CBSGM_1_7984317", "aciklama": null, "gecerlilikBaslangici": "2019-02-04T00:00:00Z", "gecerlilikSonu": null, "gozlemTarihi": null, "hilucsAraziKullanimi": null, "hilucsDurumu": null, "olcek": "1:10000", "surumBaslangicZamani": null, "surumBitisZamani": null, "total_population": 0.0, "estimated_water_supply": 1.2171203030422475, "population_pressure": 0.0, "urban_water_stress_score": 0.0 }, "geometry": { "type": "MultiPolygon", "coordinates": [ [ [ [ 32.9922, 40.0694 ], [ 32.9924, 40.0695 ], [ 32.9926, 40.0696 ], [ 32.9929, 40.0697 ], [ 32.9934, 40.0694 ], [ 32.9933, 40.0694 ], [ 32.993, 40.069 ], [ 32.9929, 40.069 ], [ 32.9929, 40.069 ], [ 32.9929, 40.0691 ], [ 32.9929, 40.0691 ], [ 32.9929, 40.0691 ], [ 32.9922, 40.0694 ] ] ] ] } },
{ "type": "Feature", "properties": { "id": "sehirAtlasi.326", "kentAtlasiDegeriKodu": "13400", "kentAtlasiDegeri": "Mevcut Kullanımı Olmayan Alanlar", "gecirimsizlikKatmani": 0, "tucbsNo": "CBSGM_1_7984318", "aciklama": null, "gecerlilikBaslangici": "2019-02-07T00:00:00Z", "gecerlilikSonu": null, "gozlemTarihi": null, "hilucsAraziKullanimi": null, "hilucsDurumu": null, "olcek": "1:10000", "surumBaslangicZamani": null, "surumBitisZamani": null, "total_population": 0.0, "estimated_water_supply": 1.2181047603623893, "population_pressure": 0.0, "urban_water_stress_score": 0.0 }, "geometry": { "type": "MultiPolygon", "coordinates": [ [ [ [ 32.9483, 39.9811 ], [ 32.9483, 39.9808 ], [ 32.9481, 39.9803 ], [ 32.9475, 39.9803 ], [ 32.9463, 39.9808 ], [ 32.9469, 39.9812 ], [ 32.9471, 39.9813 ], [ 32.9473, 39.9813 ], [ 32.9479, 39.9814 ], [ 32.948, 39.9813 ], [ 32.948, 39.9813 ], [ 32.948, 39.9813 ], [ 32.9483, 39.9811 ] ] ] ] } },
{ "type": "Feature", "properties": { "id": "sehirAtlasi.327", "kentAtlasiDegeriKodu": "12220", "kentAtlasiDegeri": "Diğer Yollar ve İlgili Alanlar", "gecirimsizlikKatmani": 0, "tucbsNo": "CBSGM_1_7984319", "aciklama": null, "gecerlilikBaslangici": "2019-02-06T00:00:00Z", "gecerlilikSonu": null, "gozlemTarihi": null, "hilucsAraziKullanimi": null, "hilucsDurumu": null, "olcek": "1:10000", "surumBaslangicZamani": null, "surumBitisZamani": null, "total_population": 0.0, "estimated_water_supply": 0.81808560421941945, "population_pressure": 0.0, "urban_water_stress_score": 0.0 }, "geometry": { "type": "MultiPolygon", "coordinates": [ [ [ [ 32.713, 39.9141 ], [ 32.7119, 39.9151 ], [ 32.7118, 39.9151 ], [ 32.7118, 39.9152 ], [ 32.7117, 39.9151 ], [ 32.7117, 39.9151 ], [ 32.7113, 39.9149 ], [ 32.7111, 39.9148 ], [ 32.711, 39.9147 ], [ 32.7109, 39.9146 ], [ 32.7109, 39.9147 ], [ 32.7109, 39.9148 ], [ 32.7109, 39.9149 ], [ 32.7109, 39.9149 ], [ 32.7109, 39.9149 ], [ 32.7109, 39.915 ], [ 32.7109, 39.915 ], [ 32.7109, 39.915 ], [ 32.7109, 39.915 ], [ 32.7109, 39.915 ], [ 32.7109, 39.9151 ], [ 32.7109, 39.9153 ], [ 32.7109, 39.9152 ], [ 32.711, 39.9152 ], [ 32.7112, 39.9151 ], [ 32.7115, 39.9153 ], [ 32.7115, 39.9153 ], [ 32.7115, 39.9153 ], [ 32.7117, 39.9153 ], [ 32.7117, 39.9153 ], [ 32.7117, 39.9153 ], [ 32.7118, 39.9152 ], [ 32.7118, 39.9152 ], [ 32.7119, 39.9152 ], [ 32.7119, 39.9152 ], [ 32.712, 39.9152 ], [ 32.712, 39.9152 ], [ 32.713, 39.9142 ], [ 32.713, 39.9142 ], [ 32.7131, 39.9142 ], [ 32.713, 39.9142 ], [ 32.713, 39.9141 ], [ 32.713, 39.9141 ], [ 32.713, 39.9141 ], [ 32.713, 39.9141 ] ] ] ] } },
{ "type": "Feature", "properties": { "id": "sehirAtlasi.328", "kentAtlasiDegeriKodu": "11210", "kentAtlasiDegeri": "Yüksek Yoğunluklu Süreksiz Kentsel Alan (50% - 80%)", "gecirimsizlikKatmani": 0, "tucbsNo": "CBSGM_1_7984320", "aciklama": null, "gecerlilikBaslangici": "2019-02-07T00:00:00Z", "gecerlilikSonu": null, "gozlemTarihi": null, "hilucsAraziKullanimi": null, "hilucsDurumu": null, "olcek": "1:10000", "surumBaslangicZamani": null, "surumBitisZamani": null, "total_population": 0.0, "estimated_water_supply": 1.2116688745801527, "population_pressure": 0.0, "urban_water_stress_score": 0.0 }, "geometry": { "type": "MultiPolygon", "coordinates": [ [ [ [ 32.9468, 39.979 ], [ 32.9467, 39.979 ], [ 32.9467, 39.9789 ], [ 32.9465, 39.979 ], [ 32.9465, 39.9791 ], [ 32.9468, 39.979 ] ] ] ] } },
{ "type": "Feature", "properties": { "id": "sehirAtlasi.329", "kentAtlasiDegeriKodu": "11220", "kentAtlasiDegeri": "Orta Yoğunluklu Süreksiz Kentsel Alan (30% - 50%)", "gecirimsizlikKatmani": 34, "tucbsNo": "CBSGM_1_7984321", "aciklama": null, "gecerlilikBaslangici": "2019-02-07T00:00:00Z", "gecerlilikSonu": null, "gozlemTarihi": null, "hilucsAraziKullanimi": null, "hilucsDurumu": null, "olcek": "1:10000", "surumBaslangicZamani": null, "surumBitisZamani": null, "total_population": 0.0, "estimated_water_supply": 1.1803673720701158, "population_pressure": 0.0, "urban_water_stress_score": 0.0 }, "geometry": { "type": "MultiPolygon", "coordinates": [ [ [ [ 32.9628, 39.9601 ], [ 32.9629, 39.9591 ], [ 32.9629, 39.9591 ], [ 32.9621, 39.9591 ], [ 32.962, 39.9601 ], [ 32.9628, 39.9601 ] ] ] ] } },
{ "type": "Feature", "properties": { "id": "sehirAtlasi.330", "kentAtlasiDegeriKodu": "11220", "kentAtlasiDegeri": "Orta Yoğunluklu Süreksiz Kentsel Alan (30% - 50%)", "gecirimsizlikKatmani": 16, "tucbsNo": "CBSGM_1_7984322", "aciklama": null, "gecerlilikBaslangici": "2019-02-04T00:00:00Z", "gecerlilikSonu": null, "gozlemTarihi": null, "hilucsAraziKullanimi": null, "hilucsDurumu": null, "olcek": "1:10000", "surumBaslangicZamani": null, "surumBitisZamani": null, "total_population": 0.0, "estimated_water_supply": 1.084218102228232, "population_pressure": 0.0, "urban_water_stress_score": 0.0 }, "geometry": { "type": "MultiPolygon", "coordinates": [ [ [ [ 32.5557, 39.9519 ], [ 32.556, 39.9518 ], [ 32.5563, 39.9517 ], [ 32.5558, 39.9509 ], [ 32.5554, 39.9512 ], [ 32.5554, 39.9514 ], [ 32.5555, 39.9515 ], [ 32.5557, 39.9519 ] ] ] ] } },
{ "type": "Feature", "properties": { "id": "sehirAtlasi.331", "kentAtlasiDegeriKodu": "11220", "kentAtlasiDegeri": "Orta Yoğunluklu Süreksiz Kentsel Alan (30% - 50%)", "gecirimsizlikKatmani": 36, "tucbsNo": "CBSGM_1_7984323", "aciklama": null, "gecerlilikBaslangici": "2019-02-08T00:00:00Z", "gecerlilikSonu": null, "gozlemTarihi": null, "hilucsAraziKullanimi": null, "hilucsDurumu": null, "olcek": "1:10000", "surumBaslangicZamani": null, "surumBitisZamani": null, "total_population": 0.0, "estimated_water_supply": 0.88064078969155557, "population_pressure": 0.0, "urban_water_stress_score": 0.0 }, "geometry": { "type": "MultiPolygon", "coordinates": [ [ [ [ 32.921, 39.8971 ], [ 32.9212, 39.8968 ], [ 32.9213, 39.8967 ], [ 32.9213, 39.8967 ], [ 32.9213, 39.8967 ], [ 32.9216, 39.8964 ], [ 32.9217, 39.8962 ], [ 32.9218, 39.8962 ], [ 32.9212, 39.8959 ], [ 32.9203, 39.8968 ], [ 32.921, 39.8971 ] ] ] ] } },
{ "type": "Feature", "properties": { "id": "sehirAtlasi.332", "kentAtlasiDegeriKodu": "11220", "kentAtlasiDegeri": "Orta Yoğunluklu Süreksiz Kentsel Alan (30% - 50%)", "gecirimsizlikKatmani": 14, "tucbsNo": "CBSGM_1_7984324", "aciklama": null, "gecerlilikBaslangici": "2019-02-08T00:00:00Z", "gecerlilikSonu": null, "gozlemTarihi": null, "hilucsAraziKullanimi": null, "hilucsDurumu": null, "olcek": "1:10000", "surumBaslangicZamani": null, "surumBitisZamani": null, "total_population": 0.0, "estimated_water_supply": 1.256700358307093, "population_pressure": 0.0, "urban_water_stress_score": 0.0 }, "geometry": { "type": "MultiPolygon", "coordinates": [ [ [ [ 32.9475, 39.9595 ], [ 32.9477, 39.9598 ], [ 32.9479, 39.9603 ], [ 32.9478, 39.9602 ], [ 32.9486, 39.9597 ], [ 32.9486, 39.9593 ], [ 32.9485, 39.9592 ], [ 32.9483, 39.959 ], [ 32.9475, 39.9595 ], [ 32.9475, 39.9595 ] ] ] ] } },
{ "type": "Feature", "properties": { "id": "sehirAtlasi.333", "kentAtlasiDegeriKodu": "11220", "kentAtlasiDegeri": "Orta Yoğunluklu Süreksiz Kentsel Alan (30% - 50%)", "gecirimsizlikKatmani": 0, "tucbsNo": "CBSGM_1_7984325", "aciklama": null, "gecerlilikBaslangici": "2019-02-05T00:00:00Z", "gecerlilikSonu": null, "gozlemTarihi": null, "hilucsAraziKullanimi": null, "hilucsDurumu": null, "olcek": "1:10000", "surumBaslangicZamani": null, "surumBitisZamani": null, "total_population": 0.0, "estimated_water_supply": 0.98838656853956075, "population_pressure": 0.0, "urban_water_stress_score": 0.0 }, "geometry": { "type": "MultiPolygon", "coordinates": [ [ [ [ 32.871, 39.9436 ], [ 32.8705, 39.9438 ], [ 32.8705, 39.9438 ], [ 32.8705, 39.9438 ], [ 32.8704, 39.9439 ], [ 32.8704, 39.9439 ], [ 32.8703, 39.9439 ], [ 32.8703, 39.9439 ], [ 32.8703, 39.9439 ], [ 32.8703, 39.9439 ], [ 32.8699, 39.944 ], [ 32.8699, 39.944 ], [ 32.8699, 39.944 ], [ 32.8699, 39.9442 ], [ 32.8699, 39.9442 ], [ 32.8699, 39.9442 ], [ 32.8702, 39.9442 ], [ 32.8702, 39.9443 ], [ 32.8702, 39.9443 ], [ 32.8702, 39.9443 ], [ 32.8702, 39.9443 ], [ 32.8704, 39.9449 ], [ 32.8706, 39.9448 ], [ 32.8706, 39.9445 ], [ 32.8706, 39.9445 ], [ 32.8707, 39.9445 ], [ 32.8707, 39.9445 ], [ 32.8708, 39.9442 ], [ 32.8708, 39.9442 ], [ 32.8708, 39.9442 ], [ 32.8708, 39.9442 ], [ 32.8709, 39.9441 ], [ 32.8709, 39.9441 ], [ 32.871, 39.9437 ], [ 32.871, 39.9436 ] ] ] ] } },
{ "type": "Feature", "properties": { "id": "sehirAtlasi.334", "kentAtlasiDegeriKodu": "50000", "kentAtlasiDegeri": "Su Alanları", "gecirimsizlikKatmani": 0, "tucbsNo": "CBSGM_1_269549", "aciklama": null, "gecerlilikBaslangici": "2019-02-14T00:00:00Z", "gecerlilikSonu": null, "gozlemTarihi": null, "hilucsAraziKullanimi": null, "hilucsDurumu": null, "olcek": "1:10000", "surumBaslangicZamani": null, "surumBitisZamani": null, "total_population": 0.0, "estimated_water_supply": 2.2029385053643207, "population_pressure": 0.0, "urban_water_stress_score": 0.0 }, "geometry": { "type": "MultiPolygon", "coordinates": [ [ [ [ 32.3252, 40.0145 ], [ 32.3255, 40.0146 ], [ 32.3256, 40.0146 ], [ 32.3257, 40.0146 ], [ 32.3259, 40.0146 ], [ 32.326, 40.0145 ], [ 32.3262, 40.0144 ], [ 32.3264, 40.0143 ], [ 32.3265, 40.0142 ], [ 32.3266, 40.0142 ], [ 32.3268, 40.0142 ], [ 32.3272, 40.0143 ], [ 32.3279, 40.0145 ], [ 32.3282, 40.0146 ], [ 32.3284, 40.0146 ], [ 32.3286, 40.0146 ], [ 32.3287, 40.0146 ], [ 32.3287, 40.0145 ], [ 32.3288, 40.0144 ], [ 32.3288, 40.0143 ], [ 32.3289, 40.0143 ], [ 32.329, 40.0144 ], [ 32.3291, 40.0144 ], [ 32.3293, 40.0146 ], [ 32.3295, 40.0147 ], [ 32.3296, 40.0148 ], [ 32.3297, 40.0148 ], [ 32.3298, 40.0149 ], [ 32.33, 40.0149 ], [ 32.3301, 40.0149 ], [ 32.3303, 40.0148 ], [ 32.3303, 40.0148 ], [ 32.3306, 40.0146 ], [ 32.3306, 40.0146 ], [ 32.3306, 40.0146 ], [ 32.3307, 40.0145 ], [ 32.3307, 40.0145 ], [ 32.3307, 40.0145 ], [ 32.3308, 40.0145 ], [ 32.331, 40.0144 ], [ 32.3311, 40.0144 ], [ 32.3313, 40.0144 ], [ 32.3313, 40.0143 ], [ 32.3313, 40.0143 ], [ 32.3312, 40.0143 ], [ 32.3309, 40.0144 ], [ 32.3307, 40.0144 ], [ 32.3306, 40.0145 ], [ 32.3304, 40.0146 ], [ 32.3302, 40.0147 ], [ 32.3301, 40.0148 ], [ 32.33, 40.0148 ], [ 32.3298, 40.0148 ], [ 32.3296, 40.0147 ], [ 32.3295, 40.0147 ], [ 32.3293, 40.0144 ], [ 32.3289, 40.0142 ], [ 32.3288, 40.0142 ], [ 32.3287, 40.0143 ], [ 32.3287, 40.0144 ], [ 32.3286, 40.0145 ], [ 32.3286, 40.0145 ], [ 32.3285, 40.0145 ], [ 32.3283, 40.0145 ], [ 32.3281, 40.0145 ], [ 32.3275, 40.0143 ], [ 32.3273, 40.0142 ], [ 32.3269, 40.0142 ], [ 32.3267, 40.0141 ], [ 32.3265, 40.0141 ], [ 32.3264, 40.0141 ], [ 32.3262, 40.0142 ], [ 32.3261, 40.0143 ], [ 32.326, 40.0144 ], [ 32.3258, 40.0145 ], [ 32.3255, 40.0145 ], [ 32.3253, 40.0145 ], [ 32.3253, 40.0145 ], [ 32.3252, 40.0145 ] ] ] ] } },
{ "type": "Feature", "properties": { "id": "sehirAtlasi.335", "kentAtlasiDegeriKodu": "11220", "kentAtlasiDegeri": "Orta Yoğunluklu Süreksiz Kentsel Alan (30% - 50%)", "gecirimsizlikKatmani": 41, "tucbsNo": "CBSGM_1_7984326", "aciklama": null, "gecerlilikBaslangici": "2019-02-07T00:00:00Z", "gecerlilikSonu": null, "gozlemTarihi": null, "hilucsAraziKullanimi": null, "hilucsDurumu": null, "olcek": "1:10000", "surumBaslangicZamani": null, "surumBitisZamani": null, "total_population": 0.0, "estimated_water_supply": 1.1725804738746797, "population_pressure": 0.0, "urban_water_stress_score": 0.0 }, "geometry": { "type": "MultiPolygon", "coordinates": [ [ [ [ 32.9483, 39.9194 ], [ 32.9486, 39.9194 ], [ 32.949, 39.9194 ], [ 32.9492, 39.9194 ], [ 32.9496, 39.9192 ], [ 32.9495, 39.9191 ], [ 32.9495, 39.9191 ], [ 32.9495, 39.9191 ], [ 32.9495, 39.919 ], [ 32.9495, 39.919 ], [ 32.9496, 39.9189 ], [ 32.9496, 39.9188 ], [ 32.9496, 39.9187 ], [ 32.9496, 39.9187 ], [ 32.9497, 39.9186 ], [ 32.9497, 39.9186 ], [ 32.9497, 39.9186 ], [ 32.9498, 39.9186 ], [ 32.9498, 39.9185 ], [ 32.9498, 39.9185 ], [ 32.9498, 39.9184 ], [ 32.9497, 39.9184 ], [ 32.9497, 39.9184 ], [ 32.9495, 39.9185 ], [ 32.9494, 39.9185 ], [ 32.9493, 39.9186 ], [ 32.9491, 39.9188 ], [ 32.949, 39.9189 ], [ 32.949, 39.9189 ], [ 32.9489, 39.9189 ], [ 32.9489, 39.919 ], [ 32.9489, 39.919 ], [ 32.9488, 39.919 ], [ 32.9485, 39.919 ], [ 32.9485, 39.919 ], [ 32.9484, 39.919 ], [ 32.9484, 39.919 ], [ 32.9481, 39.9188 ], [ 32.9478, 39.9188 ], [ 32.9477, 39.9187 ], [ 32.9473, 39.9188 ], [ 32.9476, 39.919 ], [ 32.9478, 39.9191 ], [ 32.9483, 39.9194 ] ] ] ] } },
{ "type": "Feature", "properties": { "id": "sehirAtlasi.336", "kentAtlasiDegeriKodu": "11220", "kentAtlasiDegeri": "Orta Yoğunluklu Süreksiz Kentsel Alan (30% - 50%)", "gecirimsizlikKatmani": 36, "tucbsNo": "CBSGM_1_7984327", "aciklama": null, "gecerlilikBaslangici": "2019-02-12T00:00:00Z", "gecerlilikSonu": null, "gozlemTarihi": null, "hilucsAraziKullanimi": null, "hilucsDurumu": null, "olcek": "1:10000", "surumBaslangicZamani": null, "surumBitisZamani": null, "total_population": 0.0, "estimated_water_supply": 0.56602063101118305, "population_pressure": 0.0, "urban_water_stress_score": 0.0 }, "geometry": { "type": "MultiPolygon", "coordinates": [ [ [ [ 32.8144, 39.7873 ], [ 32.8141, 39.7869 ], [ 32.8139, 39.7867 ], [ 32.8127, 39.7864 ], [ 32.8123, 39.7863 ], [ 32.8124, 39.7863 ], [ 32.8123, 39.7865 ], [ 32.8121, 39.7869 ], [ 32.8132, 39.7871 ], [ 32.8133, 39.7871 ], [ 32.8133, 39.7871 ], [ 32.8134, 39.7872 ], [ 32.8134, 39.7872 ], [ 32.8137, 39.7874 ], [ 32.8144, 39.7873 ], [ 32.8144, 39.7873 ] ] ] ] } },
{ "type": "Feature", "properties": { "id": "sehirAtlasi.337", "kentAtlasiDegeriKodu": "11220", "kentAtlasiDegeri": "Orta Yoğunluklu Süreksiz Kentsel Alan (30% - 50%)", "gecirimsizlikKatmani": 17, "tucbsNo": "CBSGM_1_7984328", "aciklama": null, "gecerlilikBaslangici": "2019-02-13T00:00:00Z", "gecerlilikSonu": null, "gozlemTarihi": null, "hilucsAraziKullanimi": null, "hilucsDurumu": null, "olcek": "1:10000", "surumBaslangicZamani": null, "surumBitisZamani": null, "total_population": 0.0, "estimated_water_supply": 0.69763707004412412, "population_pressure": 0.0, "urban_water_stress_score": 0.0 }, "geometry": { "type": "MultiPolygon", "coordinates": [ [ [ [ 32.813, 39.8663 ], [ 32.813, 39.8661 ], [ 32.8129, 39.8659 ], [ 32.8127, 39.8653 ], [ 32.8126, 39.8654 ], [ 32.8124, 39.8656 ], [ 32.8122, 39.8662 ], [ 32.8121, 39.8664 ], [ 32.813, 39.8665 ], [ 32.813, 39.8663 ] ] ] ] } },
{ "type": "Feature", "properties": { "id": "sehirAtlasi.338", "kentAtlasiDegeriKodu": "11220", "kentAtlasiDegeri": "Orta Yoğunluklu Süreksiz Kentsel Alan (30% - 50%)", "gecirimsizlikKatmani": 16, "tucbsNo": "CBSGM_1_7984329", "aciklama": null, "gecerlilikBaslangici": "2019-02-04T00:00:00Z", "gecerlilikSonu": null, "gozlemTarihi": null, "hilucsAraziKullanimi": null, "hilucsDurumu": null, "olcek": "1:10000", "surumBaslangicZamani": null, "surumBitisZamani": null, "total_population": 0.0, "estimated_water_supply": 1.1320268696103892, "population_pressure": 0.0, "urban_water_stress_score": 0.0 }, "geometry": { "type": "MultiPolygon", "coordinates": [ [ [ [ 32.5524, 39.9556 ], [ 32.5522, 39.9556 ], [ 32.552, 39.9556 ], [ 32.5514, 39.9556 ], [ 32.5513, 39.9556 ], [ 32.551, 39.9557 ], [ 32.551, 39.9563 ], [ 32.5511, 39.9563 ], [ 32.5511, 39.9563 ], [ 32.5514, 39.9563 ], [ 32.5517, 39.9563 ], [ 32.5517, 39.9563 ], [ 32.5521, 39.9563 ], [ 32.5524, 39.9563 ], [ 32.5524, 39.9556 ] ] ] ] } },
{ "type": "Feature", "properties": { "id": "sehirAtlasi.339", "kentAtlasiDegeriKodu": "11220", "kentAtlasiDegeri": "Orta Yoğunluklu Süreksiz Kentsel Alan (30% - 50%)", "gecirimsizlikKatmani": 13, "tucbsNo": "CBSGM_1_7984330", "aciklama": null, "gecerlilikBaslangici": "2019-02-05T00:00:00Z", "gecerlilikSonu": null, "gozlemTarihi": null, "hilucsAraziKullanimi": null, "hilucsDurumu": null, "olcek": "1:10000", "surumBaslangicZamani": null, "surumBitisZamani": null, "total_population": 0.0, "estimated_water_supply": 0.73558229151458687, "population_pressure": 0.0, "urban_water_stress_score": 0.0 }, "geometry": { "type": "MultiPolygon", "coordinates": [ [ [ [ 32.855, 39.883 ], [ 32.8544, 39.8829 ], [ 32.8533, 39.8829 ], [ 32.8533, 39.8834 ], [ 32.8541, 39.8835 ], [ 32.8545, 39.8835 ], [ 32.8548, 39.8836 ], [ 32.855, 39.883 ] ] ] ] } },
{ "type": "Feature", "properties": { "id": "sehirAtlasi.340", "kentAtlasiDegeriKodu": "11220", "kentAtlasiDegeri": "Orta Yoğunluklu Süreksiz Kentsel Alan (30% - 50%)", "gecirimsizlikKatmani": 0, "tucbsNo": "CBSGM_1_7984331", "aciklama": null, "gecerlilikBaslangici": "2019-02-08T00:00:00Z", "gecerlilikSonu": null, "gozlemTarihi": null, "hilucsAraziKullanimi": null, "hilucsDurumu": null, "olcek": "1:10000", "surumBaslangicZamani": null, "surumBitisZamani": null, "total_population": 0.0, "estimated_water_supply": 1.2604280513036519, "population_pressure": 0.0, "urban_water_stress_score": 0.0 }, "geometry": { "type": "MultiPolygon", "coordinates": [ [ [ [ 32.9199, 39.9863 ], [ 32.9196, 39.9862 ], [ 32.9195, 39.9865 ], [ 32.9195, 39.9868 ], [ 32.9198, 39.9868 ], [ 32.9198, 39.9868 ], [ 32.9199, 39.9863 ], [ 32.9199, 39.9863 ], [ 32.9199, 39.9863 ], [ 32.9199, 39.9863 ] ] ] ] } },
{ "type": "Feature", "properties": { "id": "sehirAtlasi.341", "kentAtlasiDegeriKodu": "11220", "kentAtlasiDegeri": "Orta Yoğunluklu Süreksiz Kentsel Alan (30% - 50%)", "gecirimsizlikKatmani": 25, "tucbsNo": "CBSGM_1_7984332", "aciklama": null, "gecerlilikBaslangici": "2019-02-12T00:00:00Z", "gecerlilikSonu": null, "gozlemTarihi": null, "hilucsAraziKullanimi": null, "hilucsDurumu": null, "olcek": "1:10000", "surumBaslangicZamani": null, "surumBitisZamani": null, "total_population": 0.0, "estimated_water_supply": 0.75272722056787356, "population_pressure": 0.0, "urban_water_stress_score": 0.0 }, "geometry": { "type": "MultiPolygon", "coordinates": [ [ [ [ 32.882, 39.8847 ], [ 32.8817, 39.8842 ], [ 32.8804, 39.8847 ], [ 32.8807, 39.8852 ], [ 32.882, 39.8847 ] ] ] ] } },
{ "type": "Feature", "properties": { "id": "sehirAtlasi.342", "kentAtlasiDegeriKodu": "11220", "kentAtlasiDegeri": "Orta Yoğunluklu Süreksiz Kentsel Alan (30% - 50%)", "gecirimsizlikKatmani": 0, "tucbsNo": "CBSGM_1_7984333", "aciklama": null, "gecerlilikBaslangici": "2019-02-08T00:00:00Z", "gecerlilikSonu": null, "gozlemTarihi": null, "hilucsAraziKullanimi": null, "hilucsDurumu": null, "olcek": "1:10000", "surumBaslangicZamani": null, "surumBitisZamani": null, "total_population": 0.0, "estimated_water_supply": 1.2574337672577305, "population_pressure": 0.0, "urban_water_stress_score": 0.0 }, "geometry": { "type": "MultiPolygon", "coordinates": [ [ [ [ 32.9202, 39.9853 ], [ 32.9202, 39.9853 ], [ 32.9201, 39.9853 ], [ 32.9198, 39.9851 ], [ 32.9198, 39.9851 ], [ 32.9198, 39.9851 ], [ 32.9198, 39.9851 ], [ 32.9198, 39.985 ], [ 32.9197, 39.985 ], [ 32.9194, 39.9854 ], [ 32.9197, 39.9856 ], [ 32.9202, 39.9857 ], [ 32.9202, 39.9856 ], [ 32.9202, 39.9856 ], [ 32.9202, 39.9856 ], [ 32.9201, 39.9856 ], [ 32.9201, 39.9856 ], [ 32.9201, 39.9856 ], [ 32.9202, 39.9853 ] ] ] ] } },
{ "type": "Feature", "properties": { "id": "sehirAtlasi.343", "kentAtlasiDegeriKodu": "11220", "kentAtlasiDegeri": "Orta Yoğunluklu Süreksiz Kentsel Alan (30% - 50%)", "gecirimsizlikKatmani": 0, "tucbsNo": "CBSGM_1_7984334", "aciklama": null, "gecerlilikBaslangici": "2019-02-08T00:00:00Z", "gecerlilikSonu": null, "gozlemTarihi": null, "hilucsAraziKullanimi": null, "hilucsDurumu": null, "olcek": "1:10000", "surumBaslangicZamani": null, "surumBitisZamani": null, "total_population": 0.0, "estimated_water_supply": 1.0223686311889706, "population_pressure": 0.0, "urban_water_stress_score": 0.0 }, "geometry": { "type": "MultiPolygon", "coordinates": [ [ [ [ 32.87, 39.9563 ], [ 32.8698, 39.9556 ], [ 32.8695, 39.9556 ], [ 32.8694, 39.9556 ], [ 32.8694, 39.9558 ], [ 32.8694, 39.9558 ], [ 32.8694, 39.9561 ], [ 32.8694, 39.9562 ], [ 32.87, 39.9563 ] ] ] ] } },
{ "type": "Feature", "properties": { "id": "sehirAtlasi.344", "kentAtlasiDegeriKodu": "21000", "kentAtlasiDegeri": "Ekilebilir Alanlar", "gecirimsizlikKatmani": 0, "tucbsNo": "CBSGM_1_337111", "aciklama": null, "gecerlilikBaslangici": "2019-02-15T00:00:00Z", "gecerlilikSonu": null, "gozlemTarihi": null, "hilucsAraziKullanimi": null, "hilucsDurumu": null, "olcek": "1:10000", "surumBaslangicZamani": null, "surumBitisZamani": null, "total_population": 0.0, "estimated_water_supply": 1.3038259686107541, "population_pressure": 0.0, "urban_water_stress_score": 0.0 }, "geometry": { "type": "MultiPolygon", "coordinates": [ [ [ [ 31.9391, 40.1747 ], [ 31.9395, 40.1751 ], [ 31.94, 40.1746 ], [ 31.9396, 40.1743 ], [ 31.9391, 40.1747 ] ] ] ] } },
{ "type": "Feature", "properties": { "id": "sehirAtlasi.345", "kentAtlasiDegeriKodu": "11220", "kentAtlasiDegeri": "Orta Yoğunluklu Süreksiz Kentsel Alan (30% - 50%)", "gecirimsizlikKatmani": 46, "tucbsNo": "CBSGM_1_7984335", "aciklama": null, "gecerlilikBaslangici": "2019-02-11T00:00:00Z", "gecerlilikSonu": null, "gozlemTarihi": null, "hilucsAraziKullanimi": null, "hilucsDurumu": null, "olcek": "1:10000", "surumBaslangicZamani": null, "surumBitisZamani": null, "total_population": 0.0, "estimated_water_supply": 0.69341203272263763, "population_pressure": 0.0, "urban_water_stress_score": 0.0 }, "geometry": { "type": "MultiPolygon", "coordinates": [ [ [ [ 32.8182, 39.8775 ], [ 32.818, 39.879 ], [ 32.818, 39.879 ], [ 32.8185, 39.879 ], [ 32.8187, 39.8775 ], [ 32.8182, 39.8775 ], [ 32.8182, 39.8775 ] ] ] ] } },
{ "type": "Feature", "properties": { "id": "sehirAtlasi.346", "kentAtlasiDegeriKodu": "11220", "kentAtlasiDegeri": "Orta Yoğunluklu Süreksiz Kentsel Alan (30% - 50%)", "gecirimsizlikKatmani": 36, "tucbsNo": "CBSGM_1_7984336", "aciklama": null, "gecerlilikBaslangici": "2019-02-08T00:00:00Z", "gecerlilikSonu": null, "gozlemTarihi": null, "hilucsAraziKullanimi": null, "hilucsDurumu": null, "olcek": "1:10000", "surumBaslangicZamani": null, "surumBitisZamani": null, "total_population": 0.0, "estimated_water_supply": 1.2939590189298462, "population_pressure": 0.0, "urban_water_stress_score": 0.0 }, "geometry": { "type": "MultiPolygon", "coordinates": [ [ [ [ 32.9434, 39.9588 ], [ 32.943, 39.958 ], [ 32.9428, 39.958 ], [ 32.9428, 39.958 ], [ 32.9426, 39.9579 ], [ 32.9426, 39.9579 ], [ 32.9426, 39.9579 ], [ 32.9426, 39.9579 ], [ 32.9422, 39.9578 ], [ 32.942, 39.9578 ], [ 32.9419, 39.9578 ], [ 32.9422, 39.9584 ], [ 32.9422, 39.9584 ], [ 32.9424, 39.9587 ], [ 32.9426, 39.9591 ], [ 32.943, 39.959 ], [ 32.9426, 39.9583 ], [ 32.9426, 39.9583 ], [ 32.9426, 39.9583 ], [ 32.9426, 39.9583 ], [ 32.9426, 39.9582 ], [ 32.9427, 39.9583 ], [ 32.9427, 39.9583 ], [ 32.9427, 39.9583 ], [ 32.943, 39.9589 ], [ 32.9434, 39.9588 ] ] ] ] } },
{ "type": "Feature", "properties": { "id": "sehirAtlasi.347", "kentAtlasiDegeriKodu": "11220", "kentAtlasiDegeri": "Orta Yoğunluklu Süreksiz Kentsel Alan (30% - 50%)", "gecirimsizlikKatmani": 25, "tucbsNo": "CBSGM_1_7984337", "aciklama": null, "gecerlilikBaslangici": "2019-02-08T00:00:00Z", "gecerlilikSonu": null, "gozlemTarihi": null, "hilucsAraziKullanimi": null, "hilucsDurumu": null, "olcek": "1:10000", "surumBaslangicZamani": null, "surumBitisZamani": null, "total_population": 0.0, "estimated_water_supply": 1.2699401871210274, "population_pressure": 0.0, "urban_water_stress_score": 0.0 }, "geometry": { "type": "MultiPolygon", "coordinates": [ [ [ [ 32.9349, 39.9596 ], [ 32.9348, 39.9596 ], [ 32.9348, 39.9596 ], [ 32.9348, 39.9596 ], [ 32.9348, 39.9596 ], [ 32.9346, 39.9597 ], [ 32.9345, 39.9597 ], [ 32.9345, 39.9597 ], [ 32.9344, 39.9597 ], [ 32.9344, 39.9599 ], [ 32.9345, 39.9603 ], [ 32.9348, 39.9603 ], [ 32.9349, 39.9599 ], [ 32.9349, 39.9599 ], [ 32.9349, 39.9599 ], [ 32.9349, 39.9599 ], [ 32.9349, 39.9599 ], [ 32.935, 39.9599 ], [ 32.935, 39.9599 ], [ 32.935, 39.9599 ], [ 32.9349, 39.9603 ], [ 32.9353, 39.9604 ], [ 32.9354, 39.9601 ], [ 32.9355, 39.9599 ], [ 32.9355, 39.9599 ], [ 32.9355, 39.9599 ], [ 32.9352, 39.9597 ], [ 32.9349, 39.9596 ] ] ] ] } },
{ "type": "Feature", "properties": { "id": "sehirAtlasi.348", "kentAtlasiDegeriKodu": "11220", "kentAtlasiDegeri": "Orta Yoğunluklu Süreksiz Kentsel Alan (30% - 50%)", "gecirimsizlikKatmani": 40, "tucbsNo": "CBSGM_1_7984338", "aciklama": null, "gecerlilikBaslangici": "2019-02-07T00:00:00Z", "gecerlilikSonu": null, "gozlemTarihi": null, "hilucsAraziKullanimi": null, "hilucsDurumu": null, "olcek": "1:10000", "surumBaslangicZamani": null, "surumBitisZamani": null, "total_population": 0.0, "estimated_water_supply": 1.2662183224011523, "population_pressure": 0.0, "urban_water_stress_score": 0.0 }, "geometry": { "type": "MultiPolygon", "coordinates": [ [ [ [ 32.9342, 39.9621 ], [ 32.9346, 39.962 ], [ 32.935, 39.9619 ], [ 32.935, 39.9619 ], [ 32.9349, 39.9612 ], [ 32.9343, 39.9611 ], [ 32.9342, 39.9612 ], [ 32.9342, 39.9614 ], [ 32.9342, 39.9621 ] ] ] ] } },
{ "type": "Feature", "properties": { "id": "sehirAtlasi.349", "kentAtlasiDegeriKodu": "11220", "kentAtlasiDegeri": "Orta Yoğunluklu Süreksiz Kentsel Alan (30% - 50%)", "gecirimsizlikKatmani": 0, "tucbsNo": "CBSGM_1_7984339", "aciklama": null, "gecerlilikBaslangici": "2019-02-18T00:00:00Z", "gecerlilikSonu": null, "gozlemTarihi": null, "hilucsAraziKullanimi": null, "hilucsDurumu": null, "olcek": "1:10000", "surumBaslangicZamani": null, "surumBitisZamani": null, "total_population": 0.0, "estimated_water_supply": 1.2132479795051738, "population_pressure": 0.0, "urban_water_stress_score": 0.0 }, "geometry": { "type": "MultiPolygon", "coordinates": [ [ [ [ 32.92, 39.9573 ], [ 32.9201, 39.9575 ], [ 32.9207, 39.9576 ], [ 32.9206, 39.9576 ], [ 32.9208, 39.9574 ], [ 32.9208, 39.9574 ], [ 32.9204, 39.9573 ], [ 32.92, 39.9573 ] ] ] ] } },
{ "type": "Feature", "properties": { "id": "sehirAtlasi.350", "kentAtlasiDegeriKodu": "11220", "kentAtlasiDegeri": "Orta Yoğunluklu Süreksiz Kentsel Alan (30% - 50%)", "gecirimsizlikKatmani": 37, "tucbsNo": "CBSGM_1_7984340", "aciklama": null, "gecerlilikBaslangici": "2019-02-13T00:00:00Z", "gecerlilikSonu": null, "gozlemTarihi": null, "hilucsAraziKullanimi": null, "hilucsDurumu": null, "olcek": "1:10000", "surumBaslangicZamani": null, "surumBitisZamani": null, "total_population": 0.0, "estimated_water_supply": 1.219408733296214, "population_pressure": 0.0, "urban_water_stress_score": 0.0 }, "geometry": { "type": "MultiPolygon", "coordinates": [ [ [ [ 32.9669, 40.0691 ], [ 32.9668, 40.0688 ], [ 32.9661, 40.069 ], [ 32.9663, 40.0693 ], [ 32.9669, 40.0691 ] ] ] ] } },
{ "type": "Feature", "properties": { "id": "sehirAtlasi.351", "kentAtlasiDegeriKodu": "11220", "kentAtlasiDegeri": "Orta Yoğunluklu Süreksiz Kentsel Alan (30% - 50%)", "gecirimsizlikKatmani": 45, "tucbsNo": "CBSGM_1_7984341", "aciklama": null, "gecerlilikBaslangici": "2019-02-08T00:00:00Z", "gecerlilikSonu": null, "gozlemTarihi": null, "hilucsAraziKullanimi": null, "hilucsDurumu": null, "olcek": "1:10000", "surumBaslangicZamani": null, "surumBitisZamani": null, "total_population": 0.0, "estimated_water_supply": 1.0989221369439848, "population_pressure": 0.0, "urban_water_stress_score": 0.0 }, "geometry": { "type": "MultiPolygon", "coordinates": [ [ [ [ 32.9337, 39.9144 ], [ 32.9339, 39.9146 ], [ 32.9341, 39.9148 ], [ 32.9342, 39.9149 ], [ 32.9344, 39.915 ], [ 32.9344, 39.915 ], [ 32.9344, 39.915 ], [ 32.9344, 39.9149 ], [ 32.9346, 39.9147 ], [ 32.9346, 39.9147 ], [ 32.9346, 39.9147 ], [ 32.9348, 39.9144 ], [ 32.9348, 39.9144 ], [ 32.9351, 39.9142 ], [ 32.9351, 39.9141 ], [ 32.9351, 39.9141 ], [ 32.9348, 39.914 ], [ 32.9346, 39.9139 ], [ 32.9345, 39.9139 ], [ 32.9343, 39.9139 ], [ 32.9341, 39.9141 ], [ 32.934, 39.9142 ], [ 32.934, 39.9142 ], [ 32.934, 39.9142 ], [ 32.9337, 39.9144 ] ] ] ] } },
{ "type": "Feature", "properties": { "id": "sehirAtlasi.352", "kentAtlasiDegeriKodu": "11220", "kentAtlasiDegeri": "Orta Yoğunluklu Süreksiz Kentsel Alan (30% - 50%)", "gecirimsizlikKatmani": 49, "tucbsNo": "CBSGM_1_7984342", "aciklama": null, "gecerlilikBaslangici": "2019-02-13T00:00:00Z", "gecerlilikSonu": null, "gozlemTarihi": null, "hilucsAraziKullanimi": null, "hilucsDurumu": null, "olcek": "1:10000", "surumBaslangicZamani": null, "surumBitisZamani": null, "total_population": 0.0, "estimated_water_supply": 0.99698527428387251, "population_pressure": 0.0, "urban_water_stress_score": 0.0 }, "geometry": { "type": "MultiPolygon", "coordinates": [ [ [ [ 32.934, 39.9067 ], [ 32.9341, 39.9065 ], [ 32.9342, 39.9062 ], [ 32.9342, 39.9062 ], [ 32.9344, 39.9058 ], [ 32.9345, 39.9057 ], [ 32.9345, 39.9057 ], [ 32.9349, 39.9054 ], [ 32.9347, 39.9055 ], [ 32.9342, 39.9057 ], [ 32.9341, 39.9058 ], [ 32.9339, 39.906 ], [ 32.9338, 39.9063 ], [ 32.9336, 39.9066 ], [ 32.934, 39.9067 ] ] ] ] } },
{ "type": "Feature", "properties": { "id": "sehirAtlasi.353", "kentAtlasiDegeriKodu": "11220", "kentAtlasiDegeri": "Orta Yoğunluklu Süreksiz Kentsel Alan (30% - 50%)", "gecirimsizlikKatmani": 34, "tucbsNo": "CBSGM_1_7984343", "aciklama": null, "gecerlilikBaslangici": "2019-02-07T00:00:00Z", "gecerlilikSonu": null, "gozlemTarihi": null, "hilucsAraziKullanimi": null, "hilucsDurumu": null, "olcek": "1:10000", "surumBaslangicZamani": null, "surumBitisZamani": null, "total_population": 0.0, "estimated_water_supply": 1.2632599321747251, "population_pressure": 0.0, "urban_water_stress_score": 0.0 }, "geometry": { "type": "MultiPolygon", "coordinates": [ [ [ [ 32.9333, 39.9622 ], [ 32.9334, 39.9621 ], [ 32.9336, 39.9621 ], [ 32.934, 39.9621 ], [ 32.934, 39.9621 ], [ 32.934, 39.9621 ], [ 32.9341, 39.9621 ], [ 32.9341, 39.9614 ], [ 32.9341, 39.9614 ], [ 32.9341, 39.9612 ], [ 32.9341, 39.9612 ], [ 32.9342, 39.9611 ], [ 32.9336, 39.9611 ], [ 32.9334, 39.9611 ], [ 32.9333, 39.9613 ], [ 32.9333, 39.9617 ], [ 32.9333, 39.9622 ] ] ] ] } },
{ "type": "Feature", "properties": { "id": "sehirAtlasi.354", "kentAtlasiDegeriKodu": "11220", "kentAtlasiDegeri": "Orta Yoğunluklu Süreksiz Kentsel Alan (30% - 50%)", "gecirimsizlikKatmani": 38, "tucbsNo": "CBSGM_1_7984344", "aciklama": null, "gecerlilikBaslangici": "2019-02-07T00:00:00Z", "gecerlilikSonu": null, "gozlemTarihi": null, "hilucsAraziKullanimi": null, "hilucsDurumu": null, "olcek": "1:10000", "surumBaslangicZamani": null, "surumBitisZamani": null, "total_population": 0.0, "estimated_water_supply": 1.172771643686332, "population_pressure": 0.0, "urban_water_stress_score": 0.0 }, "geometry": { "type": "MultiPolygon", "coordinates": [ [ [ [ 32.9669, 39.9555 ], [ 32.9669, 39.9555 ], [ 32.9667, 39.9553 ], [ 32.9667, 39.9555 ], [ 32.9669, 39.9555 ] ] ] ] } },
{ "type": "Feature", "properties": { "id": "sehirAtlasi.355", "kentAtlasiDegeriKodu": "11220", "kentAtlasiDegeri": "Orta Yoğunluklu Süreksiz Kentsel Alan (30% - 50%)", "gecirimsizlikKatmani": 23, "tucbsNo": "CBSGM_1_7984345", "aciklama": null, "gecerlilikBaslangici": "2019-02-11T00:00:00Z", "gecerlilikSonu": null, "gozlemTarihi": null, "hilucsAraziKullanimi": null, "hilucsDurumu": null, "olcek": "1:10000", "surumBaslangicZamani": null, "surumBitisZamani": null, "total_population": 0.0, "estimated_water_supply": 0.74750697468461469, "population_pressure": 0.0, "urban_water_stress_score": 0.0 }, "geometry": { "type": "MultiPolygon", "coordinates": [ [ [ [ 32.8217, 39.8906 ], [ 32.8216, 39.8901 ], [ 32.8216, 39.8901 ], [ 32.8216, 39.8901 ], [ 32.8217, 39.8899 ], [ 32.8214, 39.8899 ], [ 32.821, 39.8899 ], [ 32.8201, 39.89 ], [ 32.8201, 39.8906 ], [ 32.8203, 39.8906 ], [ 32.8217, 39.8906 ] ] ] ] } },
{ "type": "Feature", "properties": { "id": "sehirAtlasi.356", "kentAtlasiDegeriKodu": "11220", "kentAtlasiDegeri": "Orta Yoğunluklu Süreksiz Kentsel Alan (30% - 50%)", "gecirimsizlikKatmani": 35, "tucbsNo": "CBSGM_1_7984346", "aciklama": null, "gecerlilikBaslangici": "2019-02-07T00:00:00Z", "gecerlilikSonu": null, "gozlemTarihi": null, "hilucsAraziKullanimi": null, "hilucsDurumu": null, "olcek": "1:10000", "surumBaslangicZamani": null, "surumBitisZamani": null, "total_population": 0.0, "estimated_water_supply": 1.1970726928703015, "population_pressure": 0.0, "urban_water_stress_score": 0.0 }, "geometry": { "type": "MultiPolygon", "coordinates": [ [ [ [ 32.9604, 39.9624 ], [ 32.9603, 39.9614 ], [ 32.9599, 39.9614 ], [ 32.9596, 39.9614 ], [ 32.9595, 39.9624 ], [ 32.9604, 39.9624 ] ] ] ] } },
{ "type": "Feature", "properties": { "id": "sehirAtlasi.357", "kentAtlasiDegeriKodu": "11240", "kentAtlasiDegeri": "Çok Düşük Yoğunluklu Süreksiz Kentsel Alan (< 10%)", "gecirimsizlikKatmani": 0, "tucbsNo": "CBSGM_1_364443", "aciklama": null, "gecerlilikBaslangici": "2019-02-18T00:00:00Z", "gecerlilikSonu": null, "gozlemTarihi": null, "hilucsAraziKullanimi": null, "hilucsDurumu": null, "olcek": "1:10000", "surumBaslangicZamani": null, "surumBitisZamani": null, "total_population": 0.0, "estimated_water_supply": 2.4148040272783922, "population_pressure": 0.0, "urban_water_stress_score": 0.0 }, "geometry": { "type": "MultiPolygon", "coordinates": [ [ [ [ 32.6843, 40.2153 ], [ 32.6848, 40.2159 ], [ 32.6853, 40.2156 ], [ 32.6848, 40.2151 ], [ 32.6848, 40.2151 ], [ 32.6843, 40.2153 ] ] ] ] } },
{ "type": "Feature", "properties": { "id": "sehirAtlasi.358", "kentAtlasiDegeriKodu": "11220", "kentAtlasiDegeri": "Orta Yoğunluklu Süreksiz Kentsel Alan (30% - 50%)", "gecirimsizlikKatmani": 25, "tucbsNo": "CBSGM_1_7984347", "aciklama": null, "gecerlilikBaslangici": "2019-02-11T00:00:00Z", "gecerlilikSonu": null, "gozlemTarihi": null, "hilucsAraziKullanimi": null, "hilucsDurumu": null, "olcek": "1:10000", "surumBaslangicZamani": null, "surumBitisZamani": null, "total_population": 0.0, "estimated_water_supply": 0.72009853652066202, "population_pressure": 0.0, "urban_water_stress_score": 0.0 }, "geometry": { "type": "MultiPolygon", "coordinates": [ [ [ [ 32.8829, 39.8765 ], [ 32.8833, 39.877 ], [ 32.884, 39.8779 ], [ 32.884, 39.8783 ], [ 32.8838, 39.8785 ], [ 32.8845, 39.8792 ], [ 32.8854, 39.8783 ], [ 32.8849, 39.8781 ], [ 32.8849, 39.8781 ], [ 32.8847, 39.878 ], [ 32.8847, 39.878 ], [ 32.8847, 39.878 ], [ 32.8847, 39.878 ], [ 32.8847, 39.878 ], [ 32.8846, 39.8779 ], [ 32.8846, 39.8777 ], [ 32.8846, 39.8776 ], [ 32.8838, 39.8768 ], [ 32.8838, 39.8767 ], [ 32.8834, 39.8763 ], [ 32.8829, 39.8765 ] ] ] ] } },
{ "type": "Feature", "properties": { "id": "sehirAtlasi.359", "kentAtlasiDegeriKodu": "11220", "kentAtlasiDegeri": "Orta Yoğunluklu Süreksiz Kentsel Alan (30% - 50%)", "gecirimsizlikKatmani": 0, "tucbsNo": "CBSGM_1_7984348", "aciklama": null, "gecerlilikBaslangici": "2019-02-07T00:00:00Z", "gecerlilikSonu": null, "gozlemTarihi": null, "hilucsAraziKullanimi": null, "hilucsDurumu": null, "olcek": "1:10000", "surumBaslangicZamani": null, "surumBitisZamani": null, "total_population": 0.0, "estimated_water_supply": 1.1481663564594391, "population_pressure": 0.0, "urban_water_stress_score": 0.0 }, "geometry": { "type": "MultiPolygon", "coordinates": [ [ [ [ 32.9701, 39.9788 ], [ 32.9696, 39.978 ], [ 32.9694, 39.9777 ], [ 32.9689, 39.9778 ], [ 32.9691, 39.9782 ], [ 32.9691, 39.9782 ], [ 32.9695, 39.979 ], [ 32.9701, 39.9788 ] ] ] ] } },
{ "type": "Feature", "properties": { "id": "sehirAtlasi.360", "kentAtlasiDegeriKodu": "11220", "kentAtlasiDegeri": "Orta Yoğunluklu Süreksiz Kentsel Alan (30% - 50%)", "gecirimsizlikKatmani": 0, "tucbsNo": "CBSGM_1_7984349", "aciklama": null, "gecerlilikBaslangici": "2019-02-08T00:00:00Z", "gecerlilikSonu": null, "gozlemTarihi": null, "hilucsAraziKullanimi": null, "hilucsDurumu": null, "olcek": "1:10000", "surumBaslangicZamani": null, "surumBitisZamani": null, "total_population": 0.0, "estimated_water_supply": 1.0274716685878165, "population_pressure": 0.0, "urban_water_stress_score": 0.0 }, "geometry": { "type": "MultiPolygon", "coordinates": [ [ [ [ 32.8708, 39.9564 ], [ 32.8717, 39.9563 ], [ 32.8717, 39.9563 ], [ 32.8717, 39.956 ], [ 32.8714, 39.956 ], [ 32.8711, 39.956 ], [ 32.8707, 39.9562 ], [ 32.8708, 39.9564 ] ] ] ] } },
{ "type": "Feature", "properties": { "id": "sehirAtlasi.361", "kentAtlasiDegeriKodu": "11220", "kentAtlasiDegeri": "Orta Yoğunluklu Süreksiz Kentsel Alan (30% - 50%)", "gecirimsizlikKatmani": 0, "tucbsNo": "CBSGM_1_7984350", "aciklama": null, "gecerlilikBaslangici": "2019-02-08T00:00:00Z", "gecerlilikSonu": null, "gozlemTarihi": null, "hilucsAraziKullanimi": null, "hilucsDurumu": null, "olcek": "1:10000", "surumBaslangicZamani": null, "surumBitisZamani": null, "total_population": 0.0, "estimated_water_supply": 0.98715233219429299, "population_pressure": 0.0, "urban_water_stress_score": 0.0 }, "geometry": { "type": "MultiPolygon", "coordinates": [ [ [ [ 32.8714, 39.95 ], [ 32.8711, 39.9499 ], [ 32.8709, 39.9499 ], [ 32.8707, 39.95 ], [ 32.8706, 39.95 ], [ 32.8707, 39.9502 ], [ 32.8708, 39.9502 ], [ 32.8708, 39.9502 ], [ 32.8711, 39.9501 ], [ 32.8711, 39.9501 ], [ 32.8711, 39.9501 ], [ 32.8714, 39.9502 ], [ 32.8714, 39.95 ] ] ] ] } },
{ "type": "Feature", "properties": { "id": "sehirAtlasi.362", "kentAtlasiDegeriKodu": "12120", "kentAtlasiDegeri": "Ticaret Alanları", "gecirimsizlikKatmani": 0, "tucbsNo": "CBSGM_1_364464", "aciklama": null, "gecerlilikBaslangici": "2019-02-18T00:00:00Z", "gecerlilikSonu": null, "gozlemTarihi": null, "hilucsAraziKullanimi": null, "hilucsDurumu": null, "olcek": "1:10000", "surumBaslangicZamani": null, "surumBitisZamani": null, "total_population": 0.0, "estimated_water_supply": 2.475020276497816, "population_pressure": 0.0, "urban_water_stress_score": 0.0 }, "geometry": { "type": "MultiPolygon", "coordinates": [ [ [ [ 32.6585, 40.2186 ], [ 32.6586, 40.2188 ], [ 32.6588, 40.2188 ], [ 32.6593, 40.2185 ], [ 32.6591, 40.2182 ], [ 32.6585, 40.2186 ] ] ] ] } },
{ "type": "Feature", "properties": { "id": "sehirAtlasi.363", "kentAtlasiDegeriKodu": "11220", "kentAtlasiDegeri": "Orta Yoğunluklu Süreksiz Kentsel Alan (30% - 50%)", "gecirimsizlikKatmani": 21, "tucbsNo": "CBSGM_1_7984351", "aciklama": null, "gecerlilikBaslangici": "2019-02-08T00:00:00Z", "gecerlilikSonu": null, "gozlemTarihi": null, "hilucsAraziKullanimi": null, "hilucsDurumu": null, "olcek": "1:10000", "surumBaslangicZamani": null, "surumBitisZamani": null, "total_population": 0.0, "estimated_water_supply": 0.94991392286588106, "population_pressure": 0.0, "urban_water_stress_score": 0.0 }, "geometry": { "type": "MultiPolygon", "coordinates": [ [ [ [ 32.9338, 39.9012 ], [ 32.9327, 39.9011 ], [ 32.9324, 39.9015 ], [ 32.9329, 39.9023 ], [ 32.9331, 39.9022 ], [ 32.9336, 39.902 ], [ 32.9338, 39.9012 ] ] ] ] } },
{ "type": "Feature", "properties": { "id": "sehirAtlasi.364", "kentAtlasiDegeriKodu": "11220", "kentAtlasiDegeri": "Orta Yoğunluklu Süreksiz Kentsel Alan (30% - 50%)", "gecirimsizlikKatmani": 40, "tucbsNo": "CBSGM_1_7984352", "aciklama": null, "gecerlilikBaslangici": "2019-02-07T00:00:00Z", "gecerlilikSonu": null, "gozlemTarihi": null, "hilucsAraziKullanimi": null, "hilucsDurumu": null, "olcek": "1:10000", "surumBaslangicZamani": null, "surumBitisZamani": null, "total_population": 0.0, "estimated_water_supply": 1.2621418515465757, "population_pressure": 0.0, "urban_water_stress_score": 0.0 }, "geometry": { "type": "MultiPolygon", "coordinates": [ [ [ [ 32.9344, 39.9604 ], [ 32.9339, 39.9604 ], [ 32.9339, 39.9604 ], [ 32.9337, 39.9604 ], [ 32.9337, 39.9604 ], [ 32.933, 39.9604 ], [ 32.9324, 39.9604 ], [ 32.9324, 39.9607 ], [ 32.9324, 39.9607 ], [ 32.9324, 39.9609 ], [ 32.9329, 39.961 ], [ 32.9333, 39.961 ], [ 32.9336, 39.961 ], [ 32.9336, 39.961 ], [ 32.9336, 39.961 ], [ 32.9342, 39.961 ], [ 32.9343, 39.9608 ], [ 32.9344, 39.9607 ], [ 32.9344, 39.9604 ] ] ] ] } },
{ "type": "Feature", "properties": { "id": "sehirAtlasi.365", "kentAtlasiDegeriKodu": "11220", "kentAtlasiDegeri": "Orta Yoğunluklu Süreksiz Kentsel Alan (30% - 50%)", "gecirimsizlikKatmani": 24, "tucbsNo": "CBSGM_1_7984353", "aciklama": null, "gecerlilikBaslangici": "2019-02-07T00:00:00Z", "gecerlilikSonu": null, "gozlemTarihi": null, "hilucsAraziKullanimi": null, "hilucsDurumu": null, "olcek": "1:10000", "surumBaslangicZamani": null, "surumBitisZamani": null, "total_population": 0.0, "estimated_water_supply": 1.2280704887726039, "population_pressure": 0.0, "urban_water_stress_score": 0.0 }, "geometry": { "type": "MultiPolygon", "coordinates": [ [ [ [ 32.9233, 39.9585 ], [ 32.9237, 39.9588 ], [ 32.9237, 39.9588 ], [ 32.9241, 39.9583 ], [ 32.9238, 39.9582 ], [ 32.9234, 39.9585 ], [ 32.9233, 39.9585 ] ] ] ] } },
{ "type": "Feature", "properties": { "id": "sehirAtlasi.366", "kentAtlasiDegeriKodu": "11220", "kentAtlasiDegeri": "Orta Yoğunluklu Süreksiz Kentsel Alan (30% - 50%)", "gecirimsizlikKatmani": 32, "tucbsNo": "CBSGM_1_7984354", "aciklama": null, "gecerlilikBaslangici": "2019-02-13T00:00:00Z", "gecerlilikSonu": null, "gozlemTarihi": null, "hilucsAraziKullanimi": null, "hilucsDurumu": null, "olcek": "1:10000", "surumBaslangicZamani": null, "surumBitisZamani": null, "total_population": 0.0, "estimated_water_supply": 0.66050804595145651, "population_pressure": 0.0, "urban_water_stress_score": 0.0 }, "geometry": { "type": "MultiPolygon", "coordinates": [ [ [ [ 32.8554, 39.8552 ], [ 32.8569, 39.8554 ], [ 32.8569, 39.8554 ], [ 32.8567, 39.8551 ], [ 32.8555, 39.8549 ], [ 32.8554, 39.8552 ] ] ] ] } },
{ "type": "Feature", "properties": { "id": "sehirAtlasi.367", "kentAtlasiDegeriKodu": "12220", "kentAtlasiDegeri": "Diğer Yollar ve İlgili Alanlar", "gecirimsizlikKatmani": 0, "tucbsNo": "CBSGM_1_7984355", "aciklama": null, "gecerlilikBaslangici": "2019-02-04T00:00:00Z", "gecerlilikSonu": null, "gozlemTarihi": null, "hilucsAraziKullanimi": null, "hilucsDurumu": null, "olcek": "1:10000", "surumBaslangicZamani": null, "surumBitisZamani": null, "total_population": 0.0, "estimated_water_supply": 1.1980080699536528, "population_pressure": 0.0, "urban_water_stress_score": 0.0 }, "geometry": { "type": "MultiPolygon", "coordinates": [ [ [ [ 32.9758, 40.1004 ], [ 32.9758, 40.1004 ], [ 32.9758, 40.1004 ], [ 32.9758, 40.1004 ], [ 32.9758, 40.1005 ], [ 32.9759, 40.1005 ], [ 32.978, 40.1013 ], [ 32.979, 40.1017 ], [ 32.979, 40.1017 ], [ 32.9805, 40.1022 ], [ 32.9811, 40.1024 ], [ 32.9811, 40.1024 ], [ 32.9811, 40.1024 ], [ 32.9824, 40.1027 ], [ 32.9825, 40.1027 ], [ 32.9825, 40.1027 ], [ 32.9825, 40.1027 ], [ 32.9825, 40.1027 ], [ 32.9825, 40.1027 ], [ 32.9825, 40.1027 ], [ 32.9825, 40.1027 ], [ 32.9825, 40.1026 ], [ 32.9825, 40.1026 ], [ 32.9811, 40.1023 ], [ 32.9811, 40.1023 ], [ 32.9805, 40.1021 ], [ 32.979, 40.1016 ], [ 32.9781, 40.1012 ], [ 32.9781, 40.1012 ], [ 32.976, 40.1004 ], [ 32.976, 40.1004 ], [ 32.976, 40.1004 ], [ 32.9758, 40.1004 ] ] ] ] } },
{ "type": "Feature", "properties": { "id": "sehirAtlasi.368", "kentAtlasiDegeriKodu": "11240", "kentAtlasiDegeri": "Çok Düşük Yoğunluklu Süreksiz Kentsel Alan (< 10%)", "gecirimsizlikKatmani": 4, "tucbsNo": "CBSGM_1_7984356", "aciklama": null, "gecerlilikBaslangici": "2019-02-06T00:00:00Z", "gecerlilikSonu": null, "gozlemTarihi": null, "hilucsAraziKullanimi": null, "hilucsDurumu": null, "olcek": "1:10000", "surumBaslangicZamani": null, "surumBitisZamani": null, "total_population": 0.0, "estimated_water_supply": 1.1601056790448752, "population_pressure": 0.0, "urban_water_stress_score": 0.0 }, "geometry": { "type": "MultiPolygon", "coordinates": [ [ [ [ 32.6091, 39.9666 ], [ 32.6093, 39.9672 ], [ 32.6096, 39.9671 ], [ 32.6096, 39.9671 ], [ 32.61, 39.9671 ], [ 32.6103, 39.9671 ], [ 32.6105, 39.967 ], [ 32.6105, 39.967 ], [ 32.6113, 39.967 ], [ 32.6118, 39.967 ], [ 32.6117, 39.9662 ], [ 32.6101, 39.9664 ], [ 32.6099, 39.9665 ], [ 32.6092, 39.9666 ], [ 32.6092, 39.9666 ], [ 32.6092, 39.9666 ], [ 32.6092, 39.9666 ], [ 32.6091, 39.9666 ] ] ] ] } },
{ "type": "Feature", "properties": { "id": "sehirAtlasi.369", "kentAtlasiDegeriKodu": "12220", "kentAtlasiDegeri": "Diğer Yollar ve İlgili Alanlar", "gecirimsizlikKatmani": 0, "tucbsNo": "CBSGM_1_7984357", "aciklama": null, "gecerlilikBaslangici": "2019-02-04T00:00:00Z", "gecerlilikSonu": null, "gozlemTarihi": null, "hilucsAraziKullanimi": null, "hilucsDurumu": null, "olcek": "1:10000", "surumBaslangicZamani": null, "surumBitisZamani": null, "total_population": 0.0, "estimated_water_supply": 0.73716654993844888, "population_pressure": 0.0, "urban_water_stress_score": 0.0 }, "geometry": { "type": "MultiPolygon", "coordinates": [ [ [ [ 32.6524, 39.8813 ], [ 32.6523, 39.8812 ], [ 32.6523, 39.8812 ], [ 32.6521, 39.8813 ], [ 32.6521, 39.8813 ], [ 32.652, 39.8813 ], [ 32.6519, 39.8813 ], [ 32.6518, 39.8812 ], [ 32.6512, 39.8806 ], [ 32.651, 39.8805 ], [ 32.6508, 39.8802 ], [ 32.6507, 39.8802 ], [ 32.6508, 39.8801 ], [ 32.6509, 39.88 ], [ 32.6512, 39.8799 ], [ 32.6512, 39.8799 ], [ 32.6512, 39.8798 ], [ 32.6508, 39.8799 ], [ 32.6508, 39.88 ], [ 32.6508, 39.88 ], [ 32.6507, 39.8801 ], [ 32.6507, 39.8801 ], [ 32.6507, 39.8801 ], [ 32.6506, 39.8801 ], [ 32.6506, 39.8802 ], [ 32.6507, 39.8802 ], [ 32.6507, 39.8803 ], [ 32.6507, 39.8803 ], [ 32.6509, 39.8805 ], [ 32.6509, 39.8805 ], [ 32.6511, 39.8807 ], [ 32.6517, 39.8812 ], [ 32.6519, 39.8814 ], [ 32.6519, 39.8814 ], [ 32.6519, 39.8814 ], [ 32.652, 39.8814 ], [ 32.652, 39.8814 ], [ 32.6521, 39.8814 ], [ 32.6521, 39.8814 ], [ 32.6521, 39.8814 ], [ 32.6522, 39.8814 ], [ 32.6522, 39.8814 ], [ 32.6522, 39.8814 ], [ 32.6524, 39.8813 ] ] ] ] } },
{ "type": "Feature", "properties": { "id": "sehirAtlasi.370", "kentAtlasiDegeriKodu": "12220", "kentAtlasiDegeri": "Diğer Yollar ve İlgili Alanlar", "gecirimsizlikKatmani": 0, "tucbsNo": "CBSGM_1_7984358", "aciklama": null, "gecerlilikBaslangici": "2019-02-07T00:00:00Z", "gecerlilikSonu": null, "gozlemTarihi": null, "hilucsAraziKullanimi": null, "hilucsDurumu": null, "olcek": "1:10000", "surumBaslangicZamani": null, "surumBitisZamani": null, "total_population": 0.0, "estimated_water_supply": 1.271270298526193, "population_pressure": 0.0, "urban_water_stress_score": 0.0 }, "geometry": { "type": "MultiPolygon", "coordinates": [ [ [ [ 32.569, 39.9805 ], [ 32.5694, 39.9805 ], [ 32.5694, 39.9808 ], [ 32.5694, 39.9809 ], [ 32.5694, 39.9809 ], [ 32.5694, 39.981 ], [ 32.5694, 39.981 ], [ 32.5694, 39.981 ], [ 32.5694, 39.981 ], [ 32.5695, 39.9811 ], [ 32.5695, 39.9811 ], [ 32.5695, 39.9811 ], [ 32.5698, 39.9811 ], [ 32.5697, 39.9814 ], [ 32.5697, 39.9814 ], [ 32.5697, 39.9814 ], [ 32.5698, 39.9814 ], [ 32.5699, 39.9811 ], [ 32.5699, 39.9811 ], [ 32.5699, 39.9811 ], [ 32.57, 39.9809 ], [ 32.5705, 39.9807 ], [ 32.5708, 39.9808 ], [ 32.5712, 39.981 ], [ 32.5713, 39.9809 ], [ 32.5709, 39.9807 ], [ 32.5709, 39.9807 ], [ 32.5709, 39.9807 ], [ 32.5705, 39.9806 ], [ 32.5705, 39.9806 ], [ 32.5704, 39.9806 ], [ 32.5704, 39.9806 ], [ 32.5699, 39.9809 ], [ 32.5696, 39.9809 ], [ 32.5695, 39.9809 ], [ 32.5695, 39.9808 ], [ 32.5695, 39.9805 ], [ 32.5695, 39.9805 ], [ 32.5695, 39.9805 ], [ 32.5694, 39.9803 ], [ 32.5694, 39.9803 ], [ 32.5694, 39.9803 ], [ 32.5694, 39.9803 ], [ 32.5693, 39.9803 ], [ 32.5694, 39.9804 ], [ 32.5692, 39.9804 ], [ 32.5692, 39.9804 ], [ 32.569, 39.9805 ], [ 32.569, 39.9805 ], [ 32.569, 39.9805 ], [ 32.569, 39.9805 ] ] ] ] } },
{ "type": "Feature", "properties": { "id": "sehirAtlasi.371", "kentAtlasiDegeriKodu": "12220", "kentAtlasiDegeri": "Diğer Yollar ve İlgili Alanlar", "gecirimsizlikKatmani": 0, "tucbsNo": "CBSGM_1_7984359", "aciklama": null, "gecerlilikBaslangici": "2019-02-11T00:00:00Z", "gecerlilikSonu": null, "gozlemTarihi": null, "hilucsAraziKullanimi": null, "hilucsDurumu": null, "olcek": "1:10000", "surumBaslangicZamani": null, "surumBitisZamani": null, "total_population": 0.0, "estimated_water_supply": 1.0436270707402118, "population_pressure": 0.0, "urban_water_stress_score": 0.0 }, "geometry": { "type": "MultiPolygon", "coordinates": [ [ [ [ 32.7978, 39.9698 ], [ 32.7978, 39.9698 ], [ 32.7978, 39.9698 ], [ 32.7978, 39.9698 ], [ 32.799, 39.9698 ], [ 32.799, 39.9698 ], [ 32.799, 39.9698 ], [ 32.799, 39.9697 ], [ 32.799, 39.9697 ], [ 32.7988, 39.9697 ], [ 32.7989, 39.9697 ], [ 32.7988, 39.9697 ], [ 32.7988, 39.9697 ], [ 32.798, 39.9698 ], [ 32.7979, 39.9698 ], [ 32.7979, 39.9698 ], [ 32.7978, 39.9698 ] ] ] ] } },
{ "type": "Feature", "properties": { "id": "sehirAtlasi.372", "kentAtlasiDegeriKodu": "13300", "kentAtlasiDegeri": "İnşaat Alanları", "gecirimsizlikKatmani": 7, "tucbsNo": "CBSGM_1_7984360", "aciklama": null, "gecerlilikBaslangici": "2019-02-11T00:00:00Z", "gecerlilikSonu": null, "gozlemTarihi": null, "hilucsAraziKullanimi": null, "hilucsDurumu": null, "olcek": "1:10000", "surumBaslangicZamani": null, "surumBitisZamani": null, "total_population": 0.0, "estimated_water_supply": 1.4608091249567643, "population_pressure": 0.0, "urban_water_stress_score": 0.0 }, "geometry": { "type": "MultiPolygon", "coordinates": [ [ [ [ 33.0336, 40.2503 ], [ 33.034, 40.2503 ], [ 33.0343, 40.2503 ], [ 33.0346, 40.2502 ], [ 33.0346, 40.2502 ], [ 33.0342, 40.2498 ], [ 33.0341, 40.2499 ], [ 33.0341, 40.2499 ], [ 33.0341, 40.2499 ], [ 33.0341, 40.2499 ], [ 33.0341, 40.2499 ], [ 33.0341, 40.2499 ], [ 33.0339, 40.25 ], [ 33.0339, 40.25 ], [ 33.0338, 40.2501 ], [ 33.0336, 40.2503 ] ] ] ] } },
{ "type": "Feature", "properties": { "id": "sehirAtlasi.373", "kentAtlasiDegeriKodu": "11100", "kentAtlasiDegeri": "Sürekli Kentsel Alan (> 80%)", "gecirimsizlikKatmani": 0, "tucbsNo": "CBSGM_1_7984361", "aciklama": null, "gecerlilikBaslangici": "2019-02-19T00:00:00Z", "gecerlilikSonu": null, "gozlemTarihi": null, "hilucsAraziKullanimi": null, "hilucsDurumu": null, "olcek": "1:10000", "surumBaslangicZamani": null, "surumBitisZamani": null, "total_population": 0.0, "estimated_water_supply": 1.1929194911556831, "population_pressure": 0.0, "urban_water_stress_score": 0.0 }, "geometry": { "type": "MultiPolygon", "coordinates": [ [ [ [ 32.9088, 39.9647 ], [ 32.9087, 39.9642 ], [ 32.9083, 39.9642 ], [ 32.9084, 39.9647 ], [ 32.9088, 39.9647 ] ] ] ] } },
{ "type": "Feature", "properties": { "id": "sehirAtlasi.374", "kentAtlasiDegeriKodu": "13400", "kentAtlasiDegeri": "Mevcut Kullanımı Olmayan Alanlar", "gecirimsizlikKatmani": 0, "tucbsNo": "CBSGM_1_7984362", "aciklama": null, "gecerlilikBaslangici": "2019-02-07T00:00:00Z", "gecerlilikSonu": null, "gozlemTarihi": null, "hilucsAraziKullanimi": null, "hilucsDurumu": null, "olcek": "1:10000", "surumBaslangicZamani": null, "surumBitisZamani": null, "total_population": 0.0, "estimated_water_supply": 1.1864722131327192, "population_pressure": 0.0, "urban_water_stress_score": 0.0 }, "geometry": { "type": "MultiPolygon", "coordinates": [ [ [ [ 32.9138, 39.9592 ], [ 32.9148, 39.9592 ], [ 32.9148, 39.9592 ], [ 32.9153, 39.9592 ], [ 32.9153, 39.9592 ], [ 32.9157, 39.9592 ], [ 32.916, 39.9593 ], [ 32.9164, 39.9593 ], [ 32.917, 39.9593 ], [ 32.9175, 39.9594 ], [ 32.9175, 39.9591 ], [ 32.9175, 39.9591 ], [ 32.9175, 39.9586 ], [ 32.917, 39.9585 ], [ 32.9165, 39.9585 ], [ 32.9162, 39.9586 ], [ 32.9161, 39.9586 ], [ 32.9158, 39.9587 ], [ 32.9158, 39.9587 ], [ 32.9158, 39.9587 ], [ 32.9158, 39.9587 ], [ 32.9156, 39.9588 ], [ 32.9156, 39.9588 ], [ 32.9156, 39.9588 ], [ 32.9153, 39.9587 ], [ 32.9149, 39.9587 ], [ 32.9145, 39.9588 ], [ 32.9145, 39.9588 ], [ 32.9143, 39.9588 ], [ 32.9143, 39.9588 ], [ 32.9143, 39.9588 ], [ 32.9142, 39.9588 ], [ 32.9138, 39.9587 ], [ 32.9138, 39.9592 ] ] ] ] } },
{ "type": "Feature", "properties": { "id": "sehirAtlasi.375", "kentAtlasiDegeriKodu": "12120", "kentAtlasiDegeri": "Ticaret Alanları", "gecirimsizlikKatmani": 0, "tucbsNo": "CBSGM_1_7984363", "aciklama": null, "gecerlilikBaslangici": "2019-06-12T00:00:00Z", "gecerlilikSonu": null, "gozlemTarihi": null, "hilucsAraziKullanimi": null, "hilucsDurumu": null, "olcek": "1:10000", "surumBaslangicZamani": null, "surumBitisZamani": null, "total_population": 0.0, "estimated_water_supply": 1.0318103056589014, "population_pressure": 0.0, "urban_water_stress_score": 0.0 }, "geometry": { "type": "MultiPolygon", "coordinates": [ [ [ [ 32.8477, 39.9614 ], [ 32.8477, 39.9614 ], [ 32.8474, 39.9614 ], [ 32.8474, 39.9614 ], [ 32.8474, 39.9614 ], [ 32.8472, 39.9614 ], [ 32.8472, 39.9614 ], [ 32.8471, 39.9614 ], [ 32.8471, 39.9614 ], [ 32.8472, 39.9614 ], [ 32.8472, 39.9615 ], [ 32.8472, 39.9615 ], [ 32.8472, 39.9615 ], [ 32.8472, 39.9615 ], [ 32.8473, 39.9616 ], [ 32.8473, 39.9616 ], [ 32.8473, 39.9616 ], [ 32.8473, 39.9617 ], [ 32.8474, 39.9618 ], [ 32.8475, 39.9618 ], [ 32.8477, 39.9614 ] ] ] ] } },
{ "type": "Feature", "properties": { "id": "sehirAtlasi.376", "kentAtlasiDegeriKodu": "11210", "kentAtlasiDegeri": "Yüksek Yoğunluklu Süreksiz Kentsel Alan (50% - 80%)", "gecirimsizlikKatmani": 0, "tucbsNo": "CBSGM_1_7984364", "aciklama": null, "gecerlilikBaslangici": "2019-02-07T00:00:00Z", "gecerlilikSonu": null, "gozlemTarihi": null, "hilucsAraziKullanimi": null, "hilucsDurumu": null, "olcek": "1:10000", "surumBaslangicZamani": null, "surumBitisZamani": null, "total_population": 0.0, "estimated_water_supply": 1.0753482881552967, "population_pressure": 0.0, "urban_water_stress_score": 0.0 }, "geometry": { "type": "MultiPolygon", "coordinates": [ [ [ [ 32.9833, 39.9621 ], [ 32.983, 39.9627 ], [ 32.983, 39.9627 ], [ 32.984, 39.963 ], [ 32.9845, 39.9631 ], [ 32.9851, 39.9624 ], [ 32.9844, 39.9623 ], [ 32.9833, 39.9621 ], [ 32.9833, 39.9621 ] ] ] ] } },
{ "type": "Feature", "properties": { "id": "sehirAtlasi.377", "kentAtlasiDegeriKodu": "11100", "kentAtlasiDegeri": "Sürekli Kentsel Alan (> 80%)", "gecirimsizlikKatmani": 52, "tucbsNo": "CBSGM_1_7984365", "aciklama": null, "gecerlilikBaslangici": "2019-02-20T00:00:00Z", "gecerlilikSonu": null, "gozlemTarihi": null, "hilucsAraziKullanimi": null, "hilucsDurumu": null, "olcek": "1:10000", "surumBaslangicZamani": null, "surumBitisZamani": null, "total_population": 0.0, "estimated_water_supply": 1.227601968144147, "population_pressure": 0.0, "urban_water_stress_score": 0.0 }, "geometry": { "type": "MultiPolygon", "coordinates": [ [ [ [ 32.8752, 40.0007 ], [ 32.8756, 40.0007 ], [ 32.876, 40.0007 ], [ 32.8761, 39.9997 ], [ 32.8752, 39.9996 ], [ 32.8752, 40.0001 ], [ 32.8752, 40.0007 ] ] ] ] } },
{ "type": "Feature", "properties": { "id": "sehirAtlasi.378", "kentAtlasiDegeriKodu": "11230", "kentAtlasiDegeri": "Düşük Yoğunluklu Süreksiz Kentsel Alan (10% - 30%)", "gecirimsizlikKatmani": 21, "tucbsNo": "CBSGM_1_7984366", "aciklama": null, "gecerlilikBaslangici": "2019-02-12T00:00:00Z", "gecerlilikSonu": null, "gozlemTarihi": null, "hilucsAraziKullanimi": null, "hilucsDurumu": null, "olcek": "1:10000", "surumBaslangicZamani": null, "surumBitisZamani": null, "total_population": 0.0, "estimated_water_supply": 1.3788144325248428, "population_pressure": 0.0, "urban_water_stress_score": 0.0 }, "geometry": { "type": "MultiPolygon", "coordinates": [ [ [ [ 32.7636, 40.0434 ], [ 32.7636, 40.0433 ], [ 32.7635, 40.0431 ], [ 32.7626, 40.0433 ], [ 32.7626, 40.0433 ], [ 32.7626, 40.0433 ], [ 32.7627, 40.0436 ], [ 32.7628, 40.0437 ], [ 32.7629, 40.0437 ], [ 32.763, 40.0437 ], [ 32.7636, 40.0436 ], [ 32.7636, 40.0434 ] ] ] ] } },
{ "type": "Feature", "properties": { "id": "sehirAtlasi.379", "kentAtlasiDegeriKodu": "14120", "kentAtlasiDegeri": "Kent İçindeki Yeşil Alanlar ( Aktif )", "gecirimsizlikKatmani": 0, "tucbsNo": "CBSGM_1_7984367", "aciklama": null, "gecerlilikBaslangici": "2019-02-06T00:00:00Z", "gecerlilikSonu": null, "gozlemTarihi": null, "hilucsAraziKullanimi": null, "hilucsDurumu": null, "olcek": "1:10000", "surumBaslangicZamani": null, "surumBitisZamani": null, "total_population": 0.0, "estimated_water_supply": 1.1586003110460674, "population_pressure": 0.0, "urban_water_stress_score": 0.0 }, "geometry": { "type": "MultiPolygon", "coordinates": [ [ [ [ 32.8869, 39.9729 ], [ 32.8869, 39.9728 ], [ 32.887, 39.9729 ], [ 32.887, 39.9729 ], [ 32.8871, 39.9731 ], [ 32.8889, 39.9726 ], [ 32.889, 39.9725 ], [ 32.8891, 39.9724 ], [ 32.889, 39.9724 ], [ 32.8888, 39.9723 ], [ 32.8886, 39.9722 ], [ 32.8883, 39.9721 ], [ 32.888, 39.9721 ], [ 32.8879, 39.9721 ], [ 32.8879, 39.9721 ], [ 32.8877, 39.9722 ], [ 32.8876, 39.9723 ], [ 32.8876, 39.9723 ], [ 32.8869, 39.9729 ] ] ] ] } },
{ "type": "Feature", "properties": { "id": "sehirAtlasi.380", "kentAtlasiDegeriKodu": "12110", "kentAtlasiDegeri": "Sanayi ve Üretim Alanları", "gecirimsizlikKatmani": 67, "tucbsNo": "CBSGM_1_7984368", "aciklama": null, "gecerlilikBaslangici": "2019-05-27T00:00:00Z", "gecerlilikSonu": null, "gozlemTarihi": null, "hilucsAraziKullanimi": null, "hilucsDurumu": null, "olcek": "1:10000", "surumBaslangicZamani": null, "surumBitisZamani": null, "total_population": 0.0, "estimated_water_supply": 1.014159562091193, "population_pressure": 0.0, "urban_water_stress_score": 0.0 }, "geometry": { "type": "MultiPolygon", "coordinates": [ [ [ [ 32.7725, 39.9493 ], [ 32.7721, 39.9492 ], [ 32.7719, 39.9499 ], [ 32.7723, 39.95 ], [ 32.7725, 39.9493 ] ] ] ] } },
{ "type": "Feature", "properties": { "id": "sehirAtlasi.381", "kentAtlasiDegeriKodu": "12170", "kentAtlasiDegeri": "İbadethane Alanları", "gecirimsizlikKatmani": 21, "tucbsNo": "CBSGM_1_7984369", "aciklama": null, "gecerlilikBaslangici": "2019-05-23T00:00:00Z", "gecerlilikSonu": null, "gozlemTarihi": null, "hilucsAraziKullanimi": null, "hilucsDurumu": null, "olcek": "1:10000", "surumBaslangicZamani": null, "surumBitisZamani": null, "total_population": 0.0, "estimated_water_supply": 1.0536893074705782, "population_pressure": 0.0, "urban_water_stress_score": 0.0 }, "geometry": { "type": "MultiPolygon", "coordinates": [ [ [ [ 32.772, 39.9635 ], [ 32.772, 39.9635 ], [ 32.772, 39.9636 ], [ 32.772, 39.9636 ], [ 32.772, 39.9638 ], [ 32.773, 39.9641 ], [ 32.773, 39.9636 ], [ 32.773, 39.9635 ], [ 32.772, 39.9633 ], [ 32.772, 39.9632 ], [ 32.772, 39.9635 ], [ 32.772, 39.9635 ] ] ] ] } },
{ "type": "Feature", "properties": { "id": "sehirAtlasi.382", "kentAtlasiDegeriKodu": "12110", "kentAtlasiDegeri": "Sanayi ve Üretim Alanları", "gecirimsizlikKatmani": 48, "tucbsNo": "CBSGM_1_7984370", "aciklama": null, "gecerlilikBaslangici": "2019-05-27T00:00:00Z", "gecerlilikSonu": null, "gozlemTarihi": null, "hilucsAraziKullanimi": null, "hilucsDurumu": null, "olcek": "1:10000", "surumBaslangicZamani": null, "surumBitisZamani": null, "total_population": 0.0, "estimated_water_supply": 1.024292254089004, "population_pressure": 0.0, "urban_water_stress_score": 0.0 }, "geometry": { "type": "MultiPolygon", "coordinates": [ [ [ [ 32.7739, 39.9502 ], [ 32.7734, 39.9502 ], [ 32.7732, 39.951 ], [ 32.7737, 39.9511 ], [ 32.7738, 39.951 ], [ 32.7739, 39.9502 ] ] ] ] } },
{ "type": "Feature", "properties": { "id": "sehirAtlasi.383", "kentAtlasiDegeriKodu": "13400", "kentAtlasiDegeri": "Mevcut Kullanımı Olmayan Alanlar", "gecirimsizlikKatmani": 0, "tucbsNo": "CBSGM_1_7984371", "aciklama": null, "gecerlilikBaslangici": "2019-02-11T00:00:00Z", "gecerlilikSonu": null, "gozlemTarihi": null, "hilucsAraziKullanimi": null, "hilucsDurumu": null, "olcek": "1:10000", "surumBaslangicZamani": null, "surumBitisZamani": null, "total_population": 0.0, "estimated_water_supply": 1.1366549219095885, "population_pressure": 0.0, "urban_water_stress_score": 0.0 }, "geometry": { "type": "MultiPolygon", "coordinates": [ [ [ [ 32.7753, 39.9771 ], [ 32.7733, 39.9765 ], [ 32.7733, 39.9765 ], [ 32.7733, 39.9766 ], [ 32.7733, 39.9768 ], [ 32.7753, 39.9774 ], [ 32.7753, 39.9771 ] ] ] ] } },
{ "type": "Feature", "properties": { "id": "sehirAtlasi.384", "kentAtlasiDegeriKodu": "11240", "kentAtlasiDegeri": "Çok Düşük Yoğunluklu Süreksiz Kentsel Alan (< 10%)", "gecirimsizlikKatmani": 8, "tucbsNo": "CBSGM_1_7984372", "aciklama": null, "gecerlilikBaslangici": "2019-02-12T00:00:00Z", "gecerlilikSonu": null, "gozlemTarihi": null, "hilucsAraziKullanimi": null, "hilucsDurumu": null, "olcek": "1:10000", "surumBaslangicZamani": null, "surumBitisZamani": null, "total_population": 0.0, "estimated_water_supply": 1.3421940295033725, "population_pressure": 0.0, "urban_water_stress_score": 0.0 }, "geometry": { "type": "MultiPolygon", "coordinates": [ [ [ [ 32.7747, 40.0407 ], [ 32.7745, 40.0395 ], [ 32.774, 40.0395 ], [ 32.7742, 40.0403 ], [ 32.7742, 40.0403 ], [ 32.7742, 40.0403 ], [ 32.7742, 40.0403 ], [ 32.7742, 40.0403 ], [ 32.7741, 40.0403 ], [ 32.7741, 40.0403 ], [ 32.7741, 40.0403 ], [ 32.7739, 40.0394 ], [ 32.7737, 40.0394 ], [ 32.7737, 40.0409 ], [ 32.7737, 40.0409 ], [ 32.7736, 40.0414 ], [ 32.7736, 40.0414 ], [ 32.7736, 40.0414 ], [ 32.7734, 40.0417 ], [ 32.7741, 40.0417 ], [ 32.7747, 40.0409 ], [ 32.7747, 40.0407 ] ] ] ] } },
{ "type": "Feature", "properties": { "id": "sehirAtlasi.385", "kentAtlasiDegeriKodu": "11230", "kentAtlasiDegeri": "Düşük Yoğunluklu Süreksiz Kentsel Alan (10% - 30%)", "gecirimsizlikKatmani": 16, "tucbsNo": "CBSGM_1_7984373", "aciklama": null, "gecerlilikBaslangici": "2019-02-12T00:00:00Z", "gecerlilikSonu": null, "gozlemTarihi": null, "hilucsAraziKullanimi": null, "hilucsDurumu": null, "olcek": "1:10000", "surumBaslangicZamani": null, "surumBitisZamani": null, "total_population": 0.0, "estimated_water_supply": 1.3302754645767823, "population_pressure": 0.0, "urban_water_stress_score": 0.0 }, "geometry": { "type": "MultiPolygon", "coordinates": [ [ [ [ 32.7747, 40.0385 ], [ 32.7744, 40.0386 ], [ 32.7741, 40.0387 ], [ 32.7736, 40.0391 ], [ 32.7737, 40.0394 ], [ 32.774, 40.0394 ], [ 32.7745, 40.0394 ], [ 32.7747, 40.0385 ] ] ] ] } },
{ "type": "Feature", "properties": { "id": "sehirAtlasi.386", "kentAtlasiDegeriKodu": "14100", "kentAtlasiDegeri": "Kent İçindeki Yeşil Alanlar ( Pasif )", "gecirimsizlikKatmani": 0, "tucbsNo": "CBSGM_1_7984374", "aciklama": null, "gecerlilikBaslangici": "2019-02-07T00:00:00Z", "gecerlilikSonu": null, "gozlemTarihi": null, "hilucsAraziKullanimi": null, "hilucsDurumu": null, "olcek": "1:10000", "surumBaslangicZamani": null, "surumBitisZamani": null, "total_population": 0.0, "estimated_water_supply": 1.1869682376293855, "population_pressure": 0.0, "urban_water_stress_score": 0.0 }, "geometry": { "type": "MultiPolygon", "coordinates": [ [ [ [ 32.7033, 39.9819 ], [ 32.7032, 39.9813 ], [ 32.7032, 39.9808 ], [ 32.7031, 39.9808 ], [ 32.7031, 39.9812 ], [ 32.7031, 39.9814 ], [ 32.7031, 39.9816 ], [ 32.7032, 39.9819 ], [ 32.7033, 39.9819 ] ] ] ] } },
{ "type": "Feature", "properties": { "id": "sehirAtlasi.387", "kentAtlasiDegeriKodu": "12220", "kentAtlasiDegeri": "Diğer Yollar ve İlgili Alanlar", "gecirimsizlikKatmani": 0, "tucbsNo": "CBSGM_1_7984541", "aciklama": null, "gecerlilikBaslangici": "2019-02-13T00:00:00Z", "gecerlilikSonu": null, "gozlemTarihi": null, "hilucsAraziKullanimi": null, "hilucsDurumu": null, "olcek": "1:10000", "surumBaslangicZamani": null, "surumBitisZamani": null, "total_population": 0.0, "estimated_water_supply": 0.82068893587789593, "population_pressure": 0.0, "urban_water_stress_score": 0.0 }, "geometry": { "type": "MultiPolygon", "coordinates": [ [ [ [ 32.7943, 39.9211 ], [ 32.7944, 39.9211 ], [ 32.7944, 39.9211 ], [ 32.7944, 39.9211 ], [ 32.7947, 39.9208 ], [ 32.7948, 39.9206 ], [ 32.7948, 39.9206 ], [ 32.795, 39.9204 ], [ 32.7953, 39.9198 ], [ 32.7953, 39.9198 ], [ 32.7958, 39.9199 ], [ 32.7958, 39.9199 ], [ 32.7962, 39.9199 ], [ 32.7966, 39.9199 ], [ 32.7966, 39.9199 ], [ 32.7966, 39.9199 ], [ 32.7966, 39.9199 ], [ 32.7966, 39.9199 ], [ 32.7966, 39.9198 ], [ 32.7966, 39.9198 ], [ 32.7966, 39.9198 ], [ 32.7962, 39.9198 ], [ 32.7962, 39.9198 ], [ 32.7958, 39.9198 ], [ 32.7953, 39.9197 ], [ 32.7953, 39.9197 ], [ 32.7952, 39.9197 ], [ 32.7952, 39.9197 ], [ 32.7952, 39.9197 ], [ 32.7952, 39.9197 ], [ 32.7952, 39.9197 ], [ 32.7949, 39.9204 ], [ 32.7948, 39.9206 ], [ 32.7946, 39.9207 ], [ 32.7943, 39.9211 ] ] ] ] } },
{ "type": "Feature", "properties": { "id": "sehirAtlasi.388", "kentAtlasiDegeriKodu": "12220", "kentAtlasiDegeri": "Diğer Yollar ve İlgili Alanlar", "gecirimsizlikKatmani": 0, "tucbsNo": "CBSGM_1_7984542", "aciklama": null, "gecerlilikBaslangici": "2019-02-04T00:00:00Z", "gecerlilikSonu": null, "gozlemTarihi": null, "hilucsAraziKullanimi": null, "hilucsDurumu": null, "olcek": "1:10000", "surumBaslangicZamani": null, "surumBitisZamani": null, "total_population": 0.0, "estimated_water_supply": 1.1497843995999324, "population_pressure": 0.0, "urban_water_stress_score": 0.0 }, "geometry": { "type": "MultiPolygon", "coordinates": [ [ [ [ 32.578, 39.9632 ], [ 32.578, 39.9632 ], [ 32.578, 39.9632 ], [ 32.5781, 39.9632 ], [ 32.5792, 39.9622 ], [ 32.5792, 39.9621 ], [ 32.5792, 39.9621 ], [ 32.5792, 39.9621 ], [ 32.5791, 39.9621 ], [ 32.578, 39.9632 ] ] ] ] } },
{ "type": "Feature", "properties": { "id": "sehirAtlasi.389", "kentAtlasiDegeriKodu": "12220", "kentAtlasiDegeri": "Diğer Yollar ve İlgili Alanlar", "gecirimsizlikKatmani": 0, "tucbsNo": "CBSGM_1_7984543", "aciklama": null, "gecerlilikBaslangici": "2019-02-04T00:00:00Z", "gecerlilikSonu": null, "gozlemTarihi": null, "hilucsAraziKullanimi": null, "hilucsDurumu": null, "olcek": "1:10000", "surumBaslangicZamani": null, "surumBitisZamani": null, "total_population": 0.0, "estimated_water_supply": 1.1532116280855926, "population_pressure": 0.0, "urban_water_stress_score": 0.0 }, "geometry": { "type": "MultiPolygon", "coordinates": [ [ [ [ 32.5774, 39.9642 ], [ 32.5775, 39.9642 ], [ 32.5775, 39.9642 ], [ 32.5775, 39.9643 ], [ 32.5775, 39.9643 ], [ 32.5775, 39.9643 ], [ 32.5775, 39.9642 ], [ 32.5775, 39.9642 ], [ 32.5775, 39.9642 ], [ 32.5776, 39.9639 ], [ 32.5776, 39.9639 ], [ 32.578, 39.9633 ], [ 32.578, 39.9632 ], [ 32.578, 39.9632 ], [ 32.5779, 39.9632 ], [ 32.5776, 39.9639 ], [ 32.5776, 39.9639 ], [ 32.5774, 39.9642 ], [ 32.5774, 39.9642 ] ] ] ] } },
{ "type": "Feature", "properties": { "id": "sehirAtlasi.390", "kentAtlasiDegeriKodu": "12110", "kentAtlasiDegeri": "Sanayi ve Üretim Alanları", "gecirimsizlikKatmani": 16, "tucbsNo": "CBSGM_1_7984544", "aciklama": null, "gecerlilikBaslangici": "2019-05-23T00:00:00Z", "gecerlilikSonu": null, "gozlemTarihi": null, "hilucsAraziKullanimi": null, "hilucsDurumu": null, "olcek": "1:10000", "surumBaslangicZamani": null, "surumBitisZamani": null, "total_population": 0.0, "estimated_water_supply": 1.1740661356009499, "population_pressure": 0.0, "urban_water_stress_score": 0.0 }, "geometry": { "type": "MultiPolygon", "coordinates": [ [ [ [ 32.5723, 39.9669 ], [ 32.5731, 39.9667 ], [ 32.573, 39.9668 ], [ 32.5729, 39.9667 ], [ 32.5725, 39.9665 ], [ 32.5723, 39.9669 ], [ 32.5723, 39.9669 ], [ 32.5723, 39.9669 ] ] ] ] } },
{ "type": "Feature", "properties": { "id": "sehirAtlasi.391", "kentAtlasiDegeriKodu": "11220", "kentAtlasiDegeri": "Orta Yoğunluklu Süreksiz Kentsel Alan (30% - 50%)", "gecirimsizlikKatmani": 24, "tucbsNo": "CBSGM_1_1398972", "aciklama": null, "gecerlilikBaslangici": "2019-02-25T00:00:00Z", "gecerlilikSonu": null, "gozlemTarihi": null, "hilucsAraziKullanimi": null, "hilucsDurumu": null, "olcek": "1:10000", "surumBaslangicZamani": null, "surumBitisZamani": null, "total_population": 0.0, "estimated_water_supply": 1.4716695830908386, "population_pressure": 0.0, "urban_water_stress_score": 0.0 }, "geometry": { "type": "MultiPolygon", "coordinates": [ [ [ [ 31.7298, 37.6839 ], [ 31.7301, 37.6841 ], [ 31.7312, 37.6836 ], [ 31.7309, 37.6833 ], [ 31.7308, 37.6834 ], [ 31.7298, 37.6839 ] ] ] ] } },
{ "type": "Feature", "properties": { "id": "sehirAtlasi.392", "kentAtlasiDegeriKodu": "11230", "kentAtlasiDegeri": "Düşük Yoğunluklu Süreksiz Kentsel Alan (10% - 30%)", "gecirimsizlikKatmani": 0, "tucbsNo": "CBSGM_1_7984545", "aciklama": null, "gecerlilikBaslangici": "2019-02-08T00:00:00Z", "gecerlilikSonu": null, "gozlemTarihi": null, "hilucsAraziKullanimi": null, "hilucsDurumu": null, "olcek": "1:10000", "surumBaslangicZamani": null, "surumBitisZamani": null, "total_population": 0.0, "estimated_water_supply": 1.2192006388254022, "population_pressure": 0.0, "urban_water_stress_score": 0.0 }, "geometry": { "type": "MultiPolygon", "coordinates": [ [ [ [ 32.9245, 39.9782 ], [ 32.9245, 39.9789 ], [ 32.9245, 39.9788 ], [ 32.9247, 39.9792 ], [ 32.925, 39.9797 ], [ 32.9254, 39.9801 ], [ 32.9255, 39.9801 ], [ 32.9255, 39.9801 ], [ 32.9256, 39.98 ], [ 32.9256, 39.98 ], [ 32.9256, 39.98 ], [ 32.9262, 39.9797 ], [ 32.9261, 39.9796 ], [ 32.9261, 39.9796 ], [ 32.9261, 39.9796 ], [ 32.926, 39.9796 ], [ 32.926, 39.9795 ], [ 32.926, 39.9795 ], [ 32.9259, 39.9793 ], [ 32.9258, 39.9792 ], [ 32.9258, 39.9792 ], [ 32.9257, 39.979 ], [ 32.9257, 39.9789 ], [ 32.9257, 39.9789 ], [ 32.9256, 39.9787 ], [ 32.9256, 39.9787 ], [ 32.9255, 39.9786 ], [ 32.9251, 39.9788 ], [ 32.9251, 39.9785 ], [ 32.9252, 39.9783 ], [ 32.9247, 39.9783 ], [ 32.9247, 39.9783 ], [ 32.9245, 39.9782 ], [ 32.9245, 39.9782 ] ] ] ] } },
{ "type": "Feature", "properties": { "id": "sehirAtlasi.393", "kentAtlasiDegeriKodu": "11100", "kentAtlasiDegeri": "Sürekli Kentsel Alan (> 80%)", "gecirimsizlikKatmani": 48, "tucbsNo": "CBSGM_1_7984546", "aciklama": null, "gecerlilikBaslangici": "2019-02-04T00:00:00Z", "gecerlilikSonu": null, "gozlemTarihi": null, "hilucsAraziKullanimi": null, "hilucsDurumu": null, "olcek": "1:10000", "surumBaslangicZamani": null, "surumBitisZamani": null, "total_population": 0.0, "estimated_water_supply": 1.1265499910249477, "population_pressure": 0.0, "urban_water_stress_score": 0.0 }, "geometry": { "type": "MultiPolygon", "coordinates": [ [ [ [ 32.5749, 39.9589 ], [ 32.5749, 39.9588 ], [ 32.5751, 39.9583 ], [ 32.5737, 39.9578 ], [ 32.5733, 39.9583 ], [ 32.5749, 39.9589 ] ] ] ] } },
{ "type": "Feature", "properties": { "id": "sehirAtlasi.394", "kentAtlasiDegeriKodu": "11100", "kentAtlasiDegeri": "Sürekli Kentsel Alan (> 80%)", "gecirimsizlikKatmani": 47, "tucbsNo": "CBSGM_1_7984547", "aciklama": null, "gecerlilikBaslangici": "2019-02-06T00:00:00Z", "gecerlilikSonu": null, "gozlemTarihi": null, "hilucsAraziKullanimi": null, "hilucsDurumu": null, "olcek": "1:10000", "surumBaslangicZamani": null, "surumBitisZamani": null, "total_population": 0.0, "estimated_water_supply": 1.1127927304878185, "population_pressure": 0.0, "urban_water_stress_score": 0.0 }, "geometry": { "type": "MultiPolygon", "coordinates": [ [ [ [ 32.591, 39.9553 ], [ 32.591, 39.9557 ], [ 32.5926, 39.9558 ], [ 32.5926, 39.9558 ], [ 32.593, 39.9558 ], [ 32.5929, 39.9558 ], [ 32.5931, 39.9554 ], [ 32.5915, 39.9553 ], [ 32.5913, 39.9553 ], [ 32.591, 39.9553 ] ] ] ] } },
{ "type": "Feature", "properties": { "id": "sehirAtlasi.395", "kentAtlasiDegeriKodu": "13300", "kentAtlasiDegeri": "İnşaat Alanları", "gecirimsizlikKatmani": 0, "tucbsNo": "CBSGM_1_7984548", "aciklama": null, "gecerlilikBaslangici": "2019-02-06T00:00:00Z", "gecerlilikSonu": null, "gozlemTarihi": null, "hilucsAraziKullanimi": null, "hilucsDurumu": null, "olcek": "1:10000", "surumBaslangicZamani": null, "surumBitisZamani": null, "total_population": 0.0, "estimated_water_supply": 1.1216009283847961, "population_pressure": 0.0, "urban_water_stress_score": 0.0 }, "geometry": { "type": "MultiPolygon", "coordinates": [ [ [ [ 32.5914, 39.958 ], [ 32.5914, 39.9585 ], [ 32.5915, 39.9592 ], [ 32.5924, 39.9592 ], [ 32.5924, 39.9592 ], [ 32.5924, 39.9585 ], [ 32.5925, 39.958 ], [ 32.5915, 39.958 ], [ 32.5914, 39.958 ] ] ] ] } },
{ "type": "Feature", "properties": { "id": "sehirAtlasi.396", "kentAtlasiDegeriKodu": "14120", "kentAtlasiDegeri": "Kent İçindeki Yeşil Alanlar ( Aktif )", "gecirimsizlikKatmani": 0, "tucbsNo": "CBSGM_1_7984549", "aciklama": null, "gecerlilikBaslangici": "2019-02-04T00:00:00Z", "gecerlilikSonu": null, "gozlemTarihi": null, "hilucsAraziKullanimi": null, "hilucsDurumu": null, "olcek": "1:10000", "surumBaslangicZamani": null, "surumBitisZamani": null, "total_population": 0.0, "estimated_water_supply": 1.1036165815318497, "population_pressure": 0.0, "urban_water_stress_score": 0.0 }, "geometry": { "type": "MultiPolygon", "coordinates": [ [ [ [ 32.5924, 39.9519 ], [ 32.592, 39.952 ], [ 32.5916, 39.952 ], [ 32.5916, 39.9523 ], [ 32.5916, 39.9529 ], [ 32.5917, 39.9528 ], [ 32.5919, 39.9526 ], [ 32.5922, 39.9522 ], [ 32.5924, 39.9519 ] ] ] ] } },
{ "type": "Feature", "properties": { "id": "sehirAtlasi.397", "kentAtlasiDegeriKodu": "11210", "kentAtlasiDegeri": "Yüksek Yoğunluklu Süreksiz Kentsel Alan (50% - 80%)", "gecirimsizlikKatmani": 39, "tucbsNo": "CBSGM_1_7984550", "aciklama": null, "gecerlilikBaslangici": "2019-02-04T00:00:00Z", "gecerlilikSonu": null, "gozlemTarihi": null, "hilucsAraziKullanimi": null, "hilucsDurumu": null, "olcek": "1:10000", "surumBaslangicZamani": null, "surumBitisZamani": null, "total_population": 0.0, "estimated_water_supply": 1.1072562028584949, "population_pressure": 0.0, "urban_water_stress_score": 0.0 }, "geometry": { "type": "MultiPolygon", "coordinates": [ [ [ [ 32.5927, 39.9541 ], [ 32.5931, 39.9538 ], [ 32.593, 39.9538 ], [ 32.5921, 39.9533 ], [ 32.5918, 39.9536 ], [ 32.5927, 39.9541 ], [ 32.5927, 39.9541 ] ] ] ] } },
{ "type": "Feature", "properties": { "id": "sehirAtlasi.398", "kentAtlasiDegeriKodu": "11100", "kentAtlasiDegeri": "Sürekli Kentsel Alan (> 80%)", "gecirimsizlikKatmani": 53, "tucbsNo": "CBSGM_1_7984551", "aciklama": null, "gecerlilikBaslangici": "2019-02-04T00:00:00Z", "gecerlilikSonu": null, "gozlemTarihi": null, "hilucsAraziKullanimi": null, "hilucsDurumu": null, "olcek": "1:10000", "surumBaslangicZamani": null, "surumBitisZamani": null, "total_population": 0.0, "estimated_water_supply": 1.0871702068290734, "population_pressure": 0.0, "urban_water_stress_score": 0.0 }, "geometry": { "type": "MultiPolygon", "coordinates": [ [ [ [ 32.5939, 39.9509 ], [ 32.5939, 39.9504 ], [ 32.5929, 39.9506 ], [ 32.5926, 39.9507 ], [ 32.5925, 39.9507 ], [ 32.5922, 39.9508 ], [ 32.5921, 39.9508 ], [ 32.5919, 39.9508 ], [ 32.5919, 39.9514 ], [ 32.5932, 39.9511 ], [ 32.5932, 39.9511 ], [ 32.5939, 39.9509 ] ] ] ] } },
{ "type": "Feature", "properties": { "id": "sehirAtlasi.399", "kentAtlasiDegeriKodu": "11100", "kentAtlasiDegeri": "Sürekli Kentsel Alan (> 80%)", "gecirimsizlikKatmani": 48, "tucbsNo": "CBSGM_1_7984552", "aciklama": null, "gecerlilikBaslangici": "2019-02-06T00:00:00Z", "gecerlilikSonu": null, "gozlemTarihi": null, "hilucsAraziKullanimi": null, "hilucsDurumu": null, "olcek": "1:10000", "surumBaslangicZamani": null, "surumBitisZamani": null, "total_population": 0.0, "estimated_water_supply": 1.1091214851955646, "population_pressure": 0.0, "urban_water_stress_score": 0.0 }, "geometry": { "type": "MultiPolygon", "coordinates": [ [ [ [ 32.5926, 39.9543 ], [ 32.5924, 39.9545 ], [ 32.5924, 39.9545 ], [ 32.5921, 39.9548 ], [ 32.5932, 39.9548 ], [ 32.5946, 39.9548 ], [ 32.5946, 39.9544 ], [ 32.5926, 39.9543 ], [ 32.5926, 39.9543 ] ] ] ] } },
{ "type": "Feature", "properties": { "id": "sehirAtlasi.400", "kentAtlasiDegeriKodu": "11230", "kentAtlasiDegeri": "Düşük Yoğunluklu Süreksiz Kentsel Alan (10% - 30%)", "gecirimsizlikKatmani": 11, "tucbsNo": "CBSGM_1_7984553", "aciklama": null, "gecerlilikBaslangici": "2019-02-13T00:00:00Z", "gecerlilikSonu": null, "gozlemTarihi": null, "hilucsAraziKullanimi": null, "hilucsDurumu": null, "olcek": "1:10000", "surumBaslangicZamani": null, "surumBitisZamani": null, "total_population": 0.0, "estimated_water_supply": 1.3787265390161969, "population_pressure": 0.0, "urban_water_stress_score": 0.0 }, "geometry": { "type": "MultiPolygon", "coordinates": [ [ [ [ 32.611, 40.0096 ], [ 32.6106, 40.0096 ], [ 32.6106, 40.0096 ], [ 32.6104, 40.0096 ], [ 32.61, 40.0095 ], [ 32.61, 40.0095 ], [ 32.6096, 40.0105 ], [ 32.6109, 40.0109 ], [ 32.611, 40.0102 ], [ 32.611, 40.0096 ] ] ] ] } },
{ "type": "Feature", "properties": { "id": "sehirAtlasi.401", "kentAtlasiDegeriKodu": "11230", "kentAtlasiDegeri": "Düşük Yoğunluklu Süreksiz Kentsel Alan (10% - 30%)", "gecirimsizlikKatmani": 10, "tucbsNo": "CBSGM_1_7984554", "aciklama": null, "gecerlilikBaslangici": "2019-02-12T00:00:00Z", "gecerlilikSonu": null, "gozlemTarihi": null, "hilucsAraziKullanimi": null, "hilucsDurumu": null, "olcek": "1:10000", "surumBaslangicZamani": null, "surumBitisZamani": null, "total_population": 0.0, "estimated_water_supply": 0.65071274480615693, "population_pressure": 0.0, "urban_water_stress_score": 0.0 }, "geometry": { "type": "MultiPolygon", "coordinates": [ [ [ [ 32.7501, 39.8564 ], [ 32.7501, 39.8559 ], [ 32.7492, 39.8559 ], [ 32.7483, 39.8559 ], [ 32.7483, 39.8564 ], [ 32.7501, 39.8563 ], [ 32.7501, 39.8564 ] ] ] ] } },
{ "type": "Feature", "properties": { "id": "sehirAtlasi.402", "kentAtlasiDegeriKodu": "11220", "kentAtlasiDegeri": "Orta Yoğunluklu Süreksiz Kentsel Alan (30% - 50%)", "gecirimsizlikKatmani": 41, "tucbsNo": "CBSGM_1_1398973", "aciklama": null, "gecerlilikBaslangici": "2019-02-26T00:00:00Z", "gecerlilikSonu": null, "gozlemTarihi": null, "hilucsAraziKullanimi": null, "hilucsDurumu": null, "olcek": "1:10000", "surumBaslangicZamani": null, "surumBitisZamani": null, "total_population": 0.0, "estimated_water_supply": 0.02701408888897517, "population_pressure": 0.0, "urban_water_stress_score": 0.0 }, "geometry": { "type": "MultiPolygon", "coordinates": [ [ [ [ 31.7297, 38.82 ], [ 31.73, 38.8202 ], [ 31.7302, 38.8204 ], [ 31.7305, 38.8203 ], [ 31.7301, 38.8198 ], [ 31.7301, 38.8198 ], [ 31.7301, 38.8197 ], [ 31.7297, 38.82 ] ] ] ] } },
{ "type": "Feature", "properties": { "id": "sehirAtlasi.403", "kentAtlasiDegeriKodu": "11230", "kentAtlasiDegeri": "Düşük Yoğunluklu Süreksiz Kentsel Alan (10% - 30%)", "gecirimsizlikKatmani": 20, "tucbsNo": "CBSGM_1_7984555", "aciklama": null, "gecerlilikBaslangici": "2019-02-12T00:00:00Z", "gecerlilikSonu": null, "gozlemTarihi": null, "hilucsAraziKullanimi": null, "hilucsDurumu": null, "olcek": "1:10000", "surumBaslangicZamani": null, "surumBitisZamani": null, "total_population": 0.0, "estimated_water_supply": 0.64311679116275888, "population_pressure": 0.0, "urban_water_stress_score": 0.0 }, "geometry": { "type": "MultiPolygon", "coordinates": [ [ [ [ 32.7501, 39.8569 ], [ 32.7501, 39.8564 ], [ 32.7483, 39.8564 ], [ 32.7484, 39.8569 ], [ 32.7501, 39.8568 ], [ 32.7501, 39.8569 ] ] ] ] } },
{ "type": "Feature", "properties": { "id": "sehirAtlasi.404", "kentAtlasiDegeriKodu": "14120", "kentAtlasiDegeri": "Kent İçindeki Yeşil Alanlar ( Aktif )", "gecirimsizlikKatmani": 0, "tucbsNo": "CBSGM_1_7984556", "aciklama": null, "gecerlilikBaslangici": "2019-02-06T00:00:00Z", "gecerlilikSonu": null, "gozlemTarihi": null, "hilucsAraziKullanimi": null, "hilucsDurumu": null, "olcek": "1:10000", "surumBaslangicZamani": null, "surumBitisZamani": null, "total_population": 0.0, "estimated_water_supply": 1.2266457620237503, "population_pressure": 0.0, "urban_water_stress_score": 0.0 }, "geometry": { "type": "MultiPolygon", "coordinates": [ [ [ [ 32.611, 39.9752 ], [ 32.6107, 39.975 ], [ 32.6104, 39.9749 ], [ 32.61, 39.9747 ], [ 32.61, 39.9747 ], [ 32.6099, 39.9746 ], [ 32.6099, 39.9749 ], [ 32.6099, 39.9751 ], [ 32.6099, 39.9752 ], [ 32.6101, 39.9752 ], [ 32.6101, 39.9752 ], [ 32.6104, 39.9752 ], [ 32.611, 39.9752 ] ] ] ] } },
{ "type": "Feature", "properties": { "id": "sehirAtlasi.405", "kentAtlasiDegeriKodu": "11100", "kentAtlasiDegeri": "Sürekli Kentsel Alan (> 80%)", "gecirimsizlikKatmani": 37, "tucbsNo": "CBSGM_1_7984557", "aciklama": null, "gecerlilikBaslangici": "2019-06-12T00:00:00Z", "gecerlilikSonu": null, "gozlemTarihi": null, "hilucsAraziKullanimi": null, "hilucsDurumu": null, "olcek": "1:10000", "surumBaslangicZamani": null, "surumBitisZamani": null, "total_population": 0.0, "estimated_water_supply": 0.72187853569012606, "population_pressure": 0.0, "urban_water_stress_score": 0.0 }, "geometry": { "type": "MultiPolygon", "coordinates": [ [ [ [ 32.8788, 39.8783 ], [ 32.8795, 39.8793 ], [ 32.8795, 39.8793 ], [ 32.8802, 39.8793 ], [ 32.8801, 39.8793 ], [ 32.8792, 39.8781 ], [ 32.8788, 39.8783 ] ] ] ] } },
{ "type": "Feature", "properties": { "id": "sehirAtlasi.406", "kentAtlasiDegeriKodu": "12220", "kentAtlasiDegeri": "Diğer Yollar ve İlgili Alanlar", "gecirimsizlikKatmani": 0, "tucbsNo": "CBSGM_1_7984558", "aciklama": null, "gecerlilikBaslangici": "2019-02-13T00:00:00Z", "gecerlilikSonu": null, "gozlemTarihi": null, "hilucsAraziKullanimi": null, "hilucsDurumu": null, "olcek": "1:10000", "surumBaslangicZamani": null, "surumBitisZamani": null, "total_population": 0.0, "estimated_water_supply": 0.66589620846098418, "population_pressure": 0.0, "urban_water_stress_score": 0.0 }, "geometry": { "type": "MultiPolygon", "coordinates": [ [ [ [ 32.6521, 39.852 ], [ 32.6522, 39.8521 ], [ 32.6524, 39.8525 ], [ 32.6525, 39.8529 ], [ 32.6525, 39.8531 ], [ 32.652, 39.853 ], [ 32.652, 39.853 ], [ 32.652, 39.8531 ], [ 32.652, 39.8531 ], [ 32.652, 39.8531 ], [ 32.652, 39.8531 ], [ 32.652, 39.8531 ], [ 32.652, 39.8531 ], [ 32.6525, 39.8532 ], [ 32.6526, 39.8543 ], [ 32.652, 39.8543 ], [ 32.652, 39.8543 ], [ 32.652, 39.8543 ], [ 32.652, 39.8543 ], [ 32.652, 39.8543 ], [ 32.652, 39.8543 ], [ 32.652, 39.8544 ], [ 32.6521, 39.8544 ], [ 32.6526, 39.8543 ], [ 32.6526, 39.8543 ], [ 32.6526, 39.8543 ], [ 32.6529, 39.8543 ], [ 32.6529, 39.8543 ], [ 32.6529, 39.8543 ], [ 32.6539, 39.8539 ], [ 32.6539, 39.8539 ], [ 32.6545, 39.8535 ], [ 32.6546, 39.8534 ], [ 32.6547, 39.8534 ], [ 32.6547, 39.8534 ], [ 32.6553, 39.8529 ], [ 32.6553, 39.8529 ], [ 32.6553, 39.8528 ], [ 32.6547, 39.8533 ], [ 32.6541, 39.8528 ], [ 32.6547, 39.8525 ], [ 32.6547, 39.8525 ], [ 32.6547, 39.8525 ], [ 32.6546, 39.8525 ], [ 32.654, 39.8528 ], [ 32.6535, 39.8529 ], [ 32.6529, 39.8519 ], [ 32.6536, 39.8518 ], [ 32.6536, 39.8518 ], [ 32.6536, 39.8518 ], [ 32.6535, 39.8518 ], [ 32.6528, 39.8519 ], [ 32.6521, 39.8519 ], [ 32.6521, 39.8519 ], [ 32.6514, 39.852 ], [ 32.6514, 39.852 ], [ 32.6514, 39.852 ], [ 32.6513, 39.8521 ], [ 32.6514, 39.8521 ], [ 32.6514, 39.8521 ], [ 32.6514, 39.8521 ], [ 32.6514, 39.8521 ], [ 32.6521, 39.852 ] ], [ [ 32.6546, 39.8533 ], [ 32.6545, 39.8534 ], [ 32.6545, 39.8534 ], [ 32.6539, 39.8538 ], [ 32.6536, 39.8532 ], [ 32.6535, 39.853 ], [ 32.654, 39.8528 ], [ 32.6546, 39.8533 ] ], [ [ 32.6534, 39.853 ], [ 32.6526, 39.8531 ], [ 32.6526, 39.8529 ], [ 32.6526, 39.8529 ], [ 32.6525, 39.8525 ], [ 32.6525, 39.8525 ], [ 32.6522, 39.852 ], [ 32.6528, 39.852 ], [ 32.6534, 39.853 ] ], [ [ 32.6538, 39.8538 ], [ 32.6529, 39.8542 ], [ 32.6527, 39.8542 ], [ 32.6526, 39.8532 ], [ 32.6534, 39.853 ], [ 32.6535, 39.8532 ], [ 32.6535, 39.8533 ], [ 32.6538, 39.8538 ] ] ] ] } },
{ "type": "Feature", "properties": { "id": "sehirAtlasi.407", "kentAtlasiDegeriKodu": "12220", "kentAtlasiDegeri": "Diğer Yollar ve İlgili Alanlar", "gecirimsizlikKatmani": 0, "tucbsNo": "CBSGM_1_7984559", "aciklama": null, "gecerlilikBaslangici": "2019-02-08T00:00:00Z", "gecerlilikSonu": null, "gozlemTarihi": null, "hilucsAraziKullanimi": null, "hilucsDurumu": null, "olcek": "1:10000", "surumBaslangicZamani": null, "surumBitisZamani": null, "total_population": 0.0, "estimated_water_supply": 1.2260889153414121, "population_pressure": 0.0, "urban_water_stress_score": 0.0 }, "geometry": { "type": "MultiPolygon", "coordinates": [ [ [ [ 32.9421, 39.9735 ], [ 32.9421, 39.9735 ], [ 32.9422, 39.9735 ], [ 32.9423, 39.9734 ], [ 32.9429, 39.9731 ], [ 32.9429, 39.9731 ], [ 32.9428, 39.9731 ], [ 32.9423, 39.9733 ], [ 32.9423, 39.9733 ], [ 32.9421, 39.9735 ] ] ] ] } },
{ "type": "Feature", "properties": { "id": "sehirAtlasi.408", "kentAtlasiDegeriKodu": "12220", "kentAtlasiDegeri": "Diğer Yollar ve İlgili Alanlar", "gecirimsizlikKatmani": 0, "tucbsNo": "CBSGM_1_7984560", "aciklama": null, "gecerlilikBaslangici": "2019-02-08T00:00:00Z", "gecerlilikSonu": null, "gozlemTarihi": null, "hilucsAraziKullanimi": null, "hilucsDurumu": null, "olcek": "1:10000", "surumBaslangicZamani": null, "surumBitisZamani": null, "total_population": 0.0, "estimated_water_supply": 1.2173925987919005, "population_pressure": 0.0, "urban_water_stress_score": 0.0 }, "geometry": { "type": "MultiPolygon", "coordinates": [ [ [ [ 32.9419, 39.9776 ], [ 32.9422, 39.9781 ], [ 32.9422, 39.9783 ], [ 32.942, 39.9783 ], [ 32.942, 39.9783 ], [ 32.9419, 39.9783 ], [ 32.9419, 39.9784 ], [ 32.9419, 39.9784 ], [ 32.942, 39.9784 ], [ 32.942, 39.9784 ], [ 32.942, 39.9784 ], [ 32.9422, 39.9783 ], [ 32.9423, 39.9785 ], [ 32.9423, 39.9789 ], [ 32.9423, 39.979 ], [ 32.9423, 39.979 ], [ 32.9423, 39.979 ], [ 32.9424, 39.979 ], [ 32.9424, 39.9789 ], [ 32.9424, 39.9789 ], [ 32.9424, 39.9789 ], [ 32.9424, 39.9786 ], [ 32.9432, 39.9785 ], [ 32.9432, 39.9785 ], [ 32.9433, 39.9787 ], [ 32.9434, 39.9792 ], [ 32.9434, 39.9793 ], [ 32.9434, 39.9793 ], [ 32.9434, 39.9787 ], [ 32.9433, 39.9785 ], [ 32.944, 39.9784 ], [ 32.944, 39.9784 ], [ 32.944, 39.9784 ], [ 32.944, 39.9784 ], [ 32.9433, 39.9785 ], [ 32.9433, 39.9784 ], [ 32.9433, 39.9784 ], [ 32.9431, 39.9781 ], [ 32.9428, 39.9774 ], [ 32.9428, 39.9774 ], [ 32.9425, 39.9769 ], [ 32.9425, 39.9769 ], [ 32.9425, 39.977 ], [ 32.9428, 39.9774 ], [ 32.9428, 39.9774 ], [ 32.9431, 39.9781 ], [ 32.9432, 39.9784 ], [ 32.9424, 39.9785 ], [ 32.9423, 39.9783 ], [ 32.9423, 39.9781 ], [ 32.9423, 39.9781 ], [ 32.9419, 39.9775 ], [ 32.9419, 39.9775 ], [ 32.9419, 39.9775 ], [ 32.9419, 39.9775 ], [ 32.9419, 39.9775 ], [ 32.9419, 39.9776 ] ] ] ] } },
{ "type": "Feature", "properties": { "id": "sehirAtlasi.409", "kentAtlasiDegeriKodu": "12220", "kentAtlasiDegeri": "Diğer Yollar ve İlgili Alanlar", "gecirimsizlikKatmani": 0, "tucbsNo": "CBSGM_1_7984561", "aciklama": null, "gecerlilikBaslangici": "2019-02-11T00:00:00Z", "gecerlilikSonu": null, "gozlemTarihi": null, "hilucsAraziKullanimi": null, "hilucsDurumu": null, "olcek": "1:10000", "surumBaslangicZamani": null, "surumBitisZamani": null, "total_population": 0.0, "estimated_water_supply": 0.56823600852152067, "population_pressure": 0.0, "urban_water_stress_score": 0.0 }, "geometry": { "type": "MultiPolygon", "coordinates": [ [ [ [ 32.8155, 39.7864 ], [ 32.8155, 39.7864 ], [ 32.8155, 39.7864 ], [ 32.8154, 39.7864 ], [ 32.8159, 39.7872 ], [ 32.8159, 39.7872 ], [ 32.8159, 39.7872 ], [ 32.816, 39.7872 ], [ 32.816, 39.7872 ], [ 32.816, 39.7872 ], [ 32.816, 39.7872 ], [ 32.816, 39.7872 ], [ 32.8155, 39.7864 ] ] ] ] } },
{ "type": "Feature", "properties": { "id": "sehirAtlasi.410", "kentAtlasiDegeriKodu": "12220", "kentAtlasiDegeri": "Diğer Yollar ve İlgili Alanlar", "gecirimsizlikKatmani": 0, "tucbsNo": "CBSGM_1_7984562", "aciklama": null, "gecerlilikBaslangici": "2019-02-11T00:00:00Z", "gecerlilikSonu": null, "gozlemTarihi": null, "hilucsAraziKullanimi": null, "hilucsDurumu": null, "olcek": "1:10000", "surumBaslangicZamani": null, "surumBitisZamani": null, "total_population": 0.0, "estimated_water_supply": 1.0745433559881188, "population_pressure": 0.0, "urban_water_stress_score": 0.0 }, "geometry": { "type": "MultiPolygon", "coordinates": [ [ [ [ 32.7853, 39.974 ], [ 32.7862, 39.9749 ], [ 32.7859, 39.9751 ], [ 32.7859, 39.9751 ], [ 32.7859, 39.9751 ], [ 32.786, 39.9751 ], [ 32.7863, 39.9749 ], [ 32.7863, 39.9749 ], [ 32.7865, 39.9748 ], [ 32.7869, 39.9751 ], [ 32.7869, 39.9751 ], [ 32.787, 39.9751 ], [ 32.787, 39.9751 ], [ 32.787, 39.9751 ], [ 32.787, 39.9751 ], [ 32.787, 39.9751 ], [ 32.787, 39.9751 ], [ 32.7866, 39.9747 ], [ 32.7868, 39.9746 ], [ 32.7869, 39.9745 ], [ 32.7876, 39.975 ], [ 32.7877, 39.975 ], [ 32.7877, 39.975 ], [ 32.7877, 39.975 ], [ 32.787, 39.9744 ], [ 32.7872, 39.9743 ], [ 32.7875, 39.974 ], [ 32.7875, 39.974 ], [ 32.7875, 39.974 ], [ 32.7875, 39.9739 ], [ 32.7872, 39.9742 ], [ 32.7862, 39.9733 ], [ 32.7861, 39.9733 ], [ 32.7861, 39.9733 ], [ 32.7861, 39.9734 ], [ 32.7871, 39.9742 ], [ 32.7869, 39.9744 ], [ 32.7867, 39.9745 ], [ 32.7858, 39.9737 ], [ 32.7857, 39.9737 ], [ 32.7857, 39.9737 ], [ 32.7857, 39.9737 ], [ 32.7857, 39.9737 ], [ 32.7867, 39.9745 ], [ 32.7865, 39.9747 ], [ 32.7863, 39.9748 ], [ 32.7854, 39.974 ], [ 32.7853, 39.974 ], [ 32.7853, 39.974 ], [ 32.7853, 39.974 ], [ 32.7853, 39.974 ] ] ] ] } },
{ "type": "Feature", "properties": { "id": "sehirAtlasi.411", "kentAtlasiDegeriKodu": "12220", "kentAtlasiDegeri": "Diğer Yollar ve İlgili Alanlar", "gecirimsizlikKatmani": 0, "tucbsNo": "CBSGM_1_7984563", "aciklama": null, "gecerlilikBaslangici": "2019-02-04T00:00:00Z", "gecerlilikSonu": null, "gozlemTarihi": null, "hilucsAraziKullanimi": null, "hilucsDurumu": null, "olcek": "1:10000", "surumBaslangicZamani": null, "surumBitisZamani": null, "total_population": 0.0, "estimated_water_supply": 1.0572489666179883, "population_pressure": 0.0, "urban_water_stress_score": 0.0 }, "geometry": { "type": "MultiPolygon", "coordinates": [ [ [ [ 32.7853, 39.9686 ], [ 32.7853, 39.9687 ], [ 32.7859, 39.9698 ], [ 32.786, 39.9698 ], [ 32.786, 39.9698 ], [ 32.7854, 39.9686 ], [ 32.7854, 39.9685 ], [ 32.7853, 39.9686 ], [ 32.7853, 39.9686 ], [ 32.7853, 39.9686 ] ] ] ] } },
{ "type": "Feature", "properties": { "id": "sehirAtlasi.412", "kentAtlasiDegeriKodu": "12220", "kentAtlasiDegeri": "Diğer Yollar ve İlgili Alanlar", "gecirimsizlikKatmani": 0, "tucbsNo": "CBSGM_1_7984564", "aciklama": null, "gecerlilikBaslangici": "2019-02-06T00:00:00Z", "gecerlilikSonu": null, "gozlemTarihi": null, "hilucsAraziKullanimi": null, "hilucsDurumu": null, "olcek": "1:10000", "surumBaslangicZamani": null, "surumBitisZamani": null, "total_population": 0.0, "estimated_water_supply": 0.73632271571220587, "population_pressure": 0.0, "urban_water_stress_score": 0.0 }, "geometry": { "type": "MultiPolygon", "coordinates": [ [ [ [ 32.6935, 39.8851 ], [ 32.6935, 39.8851 ], [ 32.6936, 39.8851 ], [ 32.6937, 39.885 ], [ 32.6938, 39.885 ], [ 32.6939, 39.8849 ], [ 32.6944, 39.8849 ], [ 32.6944, 39.8849 ], [ 32.6944, 39.8849 ], [ 32.695, 39.8849 ], [ 32.6952, 39.8849 ], [ 32.6952, 39.8849 ], [ 32.6952, 39.8849 ], [ 32.6952, 39.8848 ], [ 32.6953, 39.8848 ], [ 32.6953, 39.8848 ], [ 32.6953, 39.8848 ], [ 32.6953, 39.8848 ], [ 32.6958, 39.8833 ], [ 32.6958, 39.8835 ], [ 32.6959, 39.8838 ], [ 32.6959, 39.8838 ], [ 32.6959, 39.8839 ], [ 32.6959, 39.8839 ], [ 32.6961, 39.8842 ], [ 32.6964, 39.8846 ], [ 32.6965, 39.8849 ], [ 32.6965, 39.8849 ], [ 32.6966, 39.8849 ], [ 32.6965, 39.8845 ], [ 32.6965, 39.8845 ], [ 32.6962, 39.8841 ], [ 32.6962, 39.8841 ], [ 32.696, 39.8838 ], [ 32.696, 39.8838 ], [ 32.6959, 39.8835 ], [ 32.6959, 39.8835 ], [ 32.6958, 39.8831 ], [ 32.6958, 39.8822 ], [ 32.6958, 39.8822 ], [ 32.6958, 39.882 ], [ 32.6958, 39.882 ], [ 32.6957, 39.882 ], [ 32.6958, 39.8816 ], [ 32.6959, 39.8813 ], [ 32.696, 39.8811 ], [ 32.6963, 39.8808 ], [ 32.6966, 39.8807 ], [ 32.6971, 39.8807 ], [ 32.6973, 39.8807 ], [ 32.6973, 39.8807 ], [ 32.6973, 39.8807 ], [ 32.6977, 39.8805 ], [ 32.6977, 39.8805 ], [ 32.6979, 39.8804 ], [ 32.6979, 39.8804 ], [ 32.6979, 39.8804 ], [ 32.6979, 39.8803 ], [ 32.6979, 39.8803 ], [ 32.6978, 39.8803 ], [ 32.6978, 39.8803 ], [ 32.6978, 39.8803 ], [ 32.6976, 39.8805 ], [ 32.6973, 39.8807 ], [ 32.6966, 39.8807 ], [ 32.6966, 39.8807 ], [ 32.6966, 39.8807 ], [ 32.6963, 39.8808 ], [ 32.6963, 39.8808 ], [ 32.696, 39.881 ], [ 32.6959, 39.8811 ], [ 32.6959, 39.8811 ], [ 32.6959, 39.8811 ], [ 32.6958, 39.8813 ], [ 32.6957, 39.8816 ], [ 32.6957, 39.8816 ], [ 32.6957, 39.8817 ], [ 32.6957, 39.882 ], [ 32.6957, 39.882 ], [ 32.6957, 39.882 ], [ 32.6957, 39.882 ], [ 32.6957, 39.882 ], [ 32.6957, 39.8822 ], [ 32.6957, 39.8831 ], [ 32.6952, 39.8847 ], [ 32.6952, 39.8848 ], [ 32.6951, 39.8848 ], [ 32.695, 39.8848 ], [ 32.695, 39.8848 ], [ 32.6944, 39.8849 ], [ 32.6939, 39.8849 ], [ 32.6939, 39.8849 ], [ 32.6939, 39.8849 ], [ 32.6938, 39.8849 ], [ 32.6938, 39.8849 ], [ 32.6936, 39.885 ], [ 32.6936, 39.885 ], [ 32.6936, 39.885 ], [ 32.6935, 39.8851 ] ] ] ] } },
{ "type": "Feature", "properties": { "id": "sehirAtlasi.413", "kentAtlasiDegeriKodu": "12150", "kentAtlasiDegeri": "Eğitim Alanları", "gecirimsizlikKatmani": 6, "tucbsNo": "CBSGM_1_365394", "aciklama": null, "gecerlilikBaslangici": "2019-02-15T00:00:00Z", "gecerlilikSonu": null, "gozlemTarihi": null, "hilucsAraziKullanimi": null, "hilucsDurumu": null, "olcek": "1:10000", "surumBaslangicZamani": null, "surumBitisZamani": null, "total_population": 0.0, "estimated_water_supply": 2.0676610952371126, "population_pressure": 0.0, "urban_water_stress_score": 0.0 }, "geometry": { "type": "MultiPolygon", "coordinates": [ [ [ [ 32.2433, 40.2158 ], [ 32.2435, 40.2169 ], [ 32.2447, 40.2168 ], [ 32.2447, 40.2169 ], [ 32.245, 40.2169 ], [ 32.245, 40.2166 ], [ 32.2449, 40.2166 ], [ 32.2449, 40.2166 ], [ 32.2449, 40.2166 ], [ 32.2449, 40.2166 ], [ 32.2449, 40.2162 ], [ 32.2448, 40.2159 ], [ 32.2448, 40.2158 ], [ 32.2447, 40.2156 ], [ 32.2446, 40.2156 ], [ 32.2445, 40.2155 ], [ 32.2444, 40.2155 ], [ 32.2442, 40.2155 ], [ 32.2441, 40.2155 ], [ 32.2439, 40.2156 ], [ 32.2439, 40.2156 ], [ 32.2438, 40.2156 ], [ 32.2433, 40.2158 ] ] ] ] } },
{ "type": "Feature", "properties": { "id": "sehirAtlasi.414", "kentAtlasiDegeriKodu": "12220", "kentAtlasiDegeri": "Diğer Yollar ve İlgili Alanlar", "gecirimsizlikKatmani": 0, "tucbsNo": "CBSGM_1_7984565", "aciklama": null, "gecerlilikBaslangici": "2019-02-04T00:00:00Z", "gecerlilikSonu": null, "gozlemTarihi": null, "hilucsAraziKullanimi": null, "hilucsDurumu": null, "olcek": "1:10000", "surumBaslangicZamani": null, "surumBitisZamani": null, "total_population": 0.0, "estimated_water_supply": 0.81482531833469984, "population_pressure": 0.0, "urban_water_stress_score": 0.0 }, "geometry": { "type": "MultiPolygon", "coordinates": [ [ [ [ 32.8805, 39.8945 ], [ 32.8805, 39.8945 ], [ 32.8805, 39.8945 ], [ 32.8805, 39.8946 ], [ 32.8805, 39.8946 ], [ 32.8805, 39.8947 ], [ 32.8805, 39.8947 ], [ 32.8806, 39.8947 ], [ 32.8806, 39.8947 ], [ 32.8806, 39.8947 ], [ 32.8807, 39.8947 ], [ 32.8807, 39.8947 ], [ 32.8807, 39.8947 ], [ 32.8809, 39.8947 ], [ 32.8809, 39.8947 ], [ 32.8809, 39.8947 ], [ 32.881, 39.8947 ], [ 32.881, 39.8947 ], [ 32.881, 39.8947 ], [ 32.8809, 39.8947 ], [ 32.8809, 39.8947 ], [ 32.8807, 39.8946 ], [ 32.8807, 39.8946 ], [ 32.8806, 39.8946 ], [ 32.8806, 39.8946 ], [ 32.8805, 39.8945 ], [ 32.8805, 39.8945 ] ] ] ] } },
{ "type": "Feature", "properties": { "id": "sehirAtlasi.415", "kentAtlasiDegeriKodu": "12220", "kentAtlasiDegeri": "Diğer Yollar ve İlgili Alanlar", "gecirimsizlikKatmani": 0, "tucbsNo": "CBSGM_1_7984566", "aciklama": null, "gecerlilikBaslangici": "2019-02-11T00:00:00Z", "gecerlilikSonu": null, "gozlemTarihi": null, "hilucsAraziKullanimi": null, "hilucsDurumu": null, "olcek": "1:10000", "surumBaslangicZamani": null, "surumBitisZamani": null, "total_population": 0.0, "estimated_water_supply": 1.5932543602042446, "population_pressure": 0.0, "urban_water_stress_score": 0.0 }, "geometry": { "type": "MultiPolygon", "coordinates": [ [ [ [ 32.9993, 40.2548 ], [ 32.9993, 40.2548 ], [ 32.9993, 40.2548 ], [ 32.9993, 40.2548 ], [ 33.0, 40.2548 ], [ 33.0004, 40.2548 ], [ 33.0004, 40.2548 ], [ 33.0004, 40.2548 ], [ 32.9993, 40.2548 ], [ 32.9993, 40.2548 ], [ 32.9993, 40.2548 ], [ 32.9993, 40.2548 ] ] ] ] } },
{ "type": "Feature", "properties": { "id": "sehirAtlasi.416", "kentAtlasiDegeriKodu": "11230", "kentAtlasiDegeri": "Düşük Yoğunluklu Süreksiz Kentsel Alan (10% - 30%)", "gecirimsizlikKatmani": 0, "tucbsNo": "CBSGM_1_7984567", "aciklama": null, "gecerlilikBaslangici": "2019-02-19T00:00:00Z", "gecerlilikSonu": null, "gozlemTarihi": null, "hilucsAraziKullanimi": null, "hilucsDurumu": null, "olcek": "1:10000", "surumBaslangicZamani": null, "surumBitisZamani": null, "total_population": 0.0, "estimated_water_supply": 1.1713326542263305, "population_pressure": 0.0, "urban_water_stress_score": 0.0 }, "geometry": { "type": "MultiPolygon", "coordinates": [ [ [ [ 32.9705, 39.9513 ], [ 32.9705, 39.9514 ], [ 32.9709, 39.9515 ], [ 32.9711, 39.9511 ], [ 32.9706, 39.9509 ], [ 32.9705, 39.9513 ] ] ] ] } },
{ "type": "Feature", "properties": { "id": "sehirAtlasi.417", "kentAtlasiDegeriKodu": "12220", "kentAtlasiDegeri": "Diğer Yollar ve İlgili Alanlar", "gecirimsizlikKatmani": 0, "tucbsNo": "CBSGM_1_7984568", "aciklama": null, "gecerlilikBaslangici": "2019-02-04T00:00:00Z", "gecerlilikSonu": null, "gozlemTarihi": null, "hilucsAraziKullanimi": null, "hilucsDurumu": null, "olcek": "1:10000", "surumBaslangicZamani": null, "surumBitisZamani": null, "total_population": 0.0, "estimated_water_supply": 1.0477572678268512, "population_pressure": 0.0, "urban_water_stress_score": 0.0 }, "geometry": { "type": "MultiPolygon", "coordinates": [ [ [ [ 32.8692, 39.9615 ], [ 32.8708, 39.963 ], [ 32.8709, 39.963 ], [ 32.8709, 39.963 ], [ 32.8709, 39.963 ], [ 32.8693, 39.9615 ], [ 32.8692, 39.9615 ], [ 32.8692, 39.9615 ] ] ] ] } },
{ "type": "Feature", "properties": { "id": "sehirAtlasi.418", "kentAtlasiDegeriKodu": "50000", "kentAtlasiDegeri": "Su Alanları", "gecirimsizlikKatmani": 0, "tucbsNo": "CBSGM_1_365405", "aciklama": null, "gecerlilikBaslangici": "2019-02-14T00:00:00Z", "gecerlilikSonu": null, "gozlemTarihi": null, "hilucsAraziKullanimi": null, "hilucsDurumu": null, "olcek": "1:10000", "surumBaslangicZamani": null, "surumBitisZamani": null, "total_population": 0.0, "estimated_water_supply": 2.0720354754553059, "population_pressure": 0.0, "urban_water_stress_score": 0.0 }, "geometry": { "type": "MultiPolygon", "coordinates": [ [ [ [ 32.2415, 40.2102 ], [ 32.2415, 40.2102 ], [ 32.2416, 40.2102 ], [ 32.2417, 40.2102 ], [ 32.2419, 40.2102 ], [ 32.242, 40.2102 ], [ 32.242, 40.2102 ], [ 32.2421, 40.2102 ], [ 32.2421, 40.2102 ], [ 32.2421, 40.2102 ], [ 32.2422, 40.2102 ], [ 32.2422, 40.2102 ], [ 32.2423, 40.2101 ], [ 32.2423, 40.2101 ], [ 32.2422, 40.2101 ], [ 32.2422, 40.2101 ], [ 32.2421, 40.2102 ], [ 32.242, 40.2102 ], [ 32.2417, 40.2101 ], [ 32.2415, 40.2102 ] ] ] ] } },
{ "type": "Feature", "properties": { "id": "sehirAtlasi.419", "kentAtlasiDegeriKodu": "12220", "kentAtlasiDegeri": "Diğer Yollar ve İlgili Alanlar", "gecirimsizlikKatmani": 0, "tucbsNo": "CBSGM_1_7984569", "aciklama": null, "gecerlilikBaslangici": "2019-02-08T00:00:00Z", "gecerlilikSonu": null, "gozlemTarihi": null, "hilucsAraziKullanimi": null, "hilucsDurumu": null, "olcek": "1:10000", "surumBaslangicZamani": null, "surumBitisZamani": null, "total_population": 0.0, "estimated_water_supply": 1.1897129938243109, "population_pressure": 0.0, "urban_water_stress_score": 0.0 }, "geometry": { "type": "MultiPolygon", "coordinates": [ [ [ [ 32.6909, 39.9746 ], [ 32.6909, 39.9747 ], [ 32.6909, 39.9747 ], [ 32.6921, 39.9746 ], [ 32.6921, 39.9746 ], [ 32.6921, 39.9746 ], [ 32.6921, 39.9746 ], [ 32.6921, 39.9746 ], [ 32.6909, 39.9746 ] ] ] ] } },
{ "type": "Feature", "properties": { "id": "sehirAtlasi.420", "kentAtlasiDegeriKodu": "50000", "kentAtlasiDegeri": "Su Alanları", "gecirimsizlikKatmani": 0, "tucbsNo": "CBSGM_1_365406", "aciklama": null, "gecerlilikBaslangici": "2019-02-15T00:00:00Z", "gecerlilikSonu": null, "gozlemTarihi": null, "hilucsAraziKullanimi": null, "hilucsDurumu": null, "olcek": "1:10000", "surumBaslangicZamani": null, "surumBitisZamani": null, "total_population": 0.0, "estimated_water_supply": 2.0734297537977269, "population_pressure": 0.0, "urban_water_stress_score": 0.0 }, "geometry": { "type": "MultiPolygon", "coordinates": [ [ [ [ 32.2422, 40.21 ], [ 32.2423, 40.21 ], [ 32.2424, 40.2098 ], [ 32.2424, 40.2098 ], [ 32.2424, 40.2098 ], [ 32.2425, 40.2097 ], [ 32.2425, 40.2097 ], [ 32.2426, 40.2097 ], [ 32.2428, 40.2097 ], [ 32.2428, 40.2097 ], [ 32.2428, 40.2096 ], [ 32.2428, 40.2096 ], [ 32.2427, 40.2096 ], [ 32.2425, 40.2096 ], [ 32.2424, 40.2097 ], [ 32.2423, 40.2097 ], [ 32.2422, 40.21 ] ] ] ] } },
{ "type": "Feature", "properties": { "id": "sehirAtlasi.421", "kentAtlasiDegeriKodu": "12220", "kentAtlasiDegeri": "Diğer Yollar ve İlgili Alanlar", "gecirimsizlikKatmani": 0, "tucbsNo": "CBSGM_1_7984570", "aciklama": null, "gecerlilikBaslangici": "2019-11-13T00:00:00Z", "gecerlilikSonu": null, "gozlemTarihi": null, "hilucsAraziKullanimi": null, "hilucsDurumu": null, "olcek": "1:10000", "surumBaslangicZamani": null, "surumBitisZamani": null, "total_population": 0.0, "estimated_water_supply": 1.2715616392570226, "population_pressure": 0.0, "urban_water_stress_score": 0.0 }, "geometry": { "type": "MultiPolygon", "coordinates": [ [ [ [ 32.8889, 40.0068 ], [ 32.889, 40.0068 ], [ 32.889, 40.0069 ], [ 32.889, 40.0069 ], [ 32.8892, 40.0068 ], [ 32.8894, 40.0068 ], [ 32.8896, 40.007 ], [ 32.8896, 40.007 ], [ 32.8896, 40.007 ], [ 32.8898, 40.0071 ], [ 32.8898, 40.0071 ], [ 32.8898, 40.0071 ], [ 32.8898, 40.0071 ], [ 32.89, 40.007 ], [ 32.89, 40.007 ], [ 32.89, 40.007 ], [ 32.8903, 40.0069 ], [ 32.8907, 40.0066 ], [ 32.8917, 40.0061 ], [ 32.8919, 40.006 ], [ 32.8922, 40.006 ], [ 32.8922, 40.0059 ], [ 32.8919, 40.0059 ], [ 32.8914, 40.0058 ], [ 32.8914, 40.0058 ], [ 32.8914, 40.0058 ], [ 32.8912, 40.0058 ], [ 32.8912, 40.0058 ], [ 32.8911, 40.0058 ], [ 32.8909, 40.0059 ], [ 32.8909, 40.0059 ], [ 32.8909, 40.0059 ], [ 32.8905, 40.0061 ], [ 32.8903, 40.0058 ], [ 32.8902, 40.0058 ], [ 32.8902, 40.0058 ], [ 32.8902, 40.0059 ], [ 32.8904, 40.0061 ], [ 32.8897, 40.0066 ], [ 32.8895, 40.0066 ], [ 32.8894, 40.0067 ], [ 32.8894, 40.0067 ], [ 32.8894, 40.0067 ], [ 32.8892, 40.0067 ], [ 32.8889, 40.0068 ] ], [ [ 32.8918, 40.0059 ], [ 32.8917, 40.006 ], [ 32.8906, 40.0066 ], [ 32.8903, 40.0068 ], [ 32.89, 40.007 ], [ 32.8898, 40.007 ], [ 32.8897, 40.0069 ], [ 32.8895, 40.0067 ], [ 32.8896, 40.0067 ], [ 32.8896, 40.0067 ], [ 32.8897, 40.0066 ], [ 32.8905, 40.0061 ], [ 32.891, 40.0059 ], [ 32.8912, 40.0059 ], [ 32.8914, 40.0059 ], [ 32.8918, 40.0059 ] ] ] ] } },
{ "type": "Feature", "properties": { "id": "sehirAtlasi.422", "kentAtlasiDegeriKodu": "12220", "kentAtlasiDegeri": "Diğer Yollar ve İlgili Alanlar", "gecirimsizlikKatmani": 0, "tucbsNo": "CBSGM_1_7984571", "aciklama": null, "gecerlilikBaslangici": "2019-02-07T00:00:00Z", "gecerlilikSonu": null, "gozlemTarihi": null, "hilucsAraziKullanimi": null, "hilucsDurumu": null, "olcek": "1:10000", "surumBaslangicZamani": null, "surumBitisZamani": null, "total_population": 0.0, "estimated_water_supply": 1.091677810385296, "population_pressure": 0.0, "urban_water_stress_score": 0.0 }, "geometry": { "type": "MultiPolygon", "coordinates": [ [ [ [ 32.6884, 39.959 ], [ 32.6885, 39.9591 ], [ 32.6885, 39.9591 ], [ 32.6885, 39.9591 ], [ 32.6886, 39.9591 ], [ 32.6886, 39.9591 ], [ 32.6886, 39.9591 ], [ 32.6891, 39.9587 ], [ 32.689, 39.9587 ], [ 32.689, 39.9587 ], [ 32.6885, 39.959 ], [ 32.6885, 39.959 ], [ 32.6883, 39.9589 ], [ 32.6882, 39.959 ], [ 32.6882, 39.959 ], [ 32.6882, 39.959 ], [ 32.6884, 39.959 ] ] ] ] } },
{ "type": "Feature", "properties": { "id": "sehirAtlasi.423", "kentAtlasiDegeriKodu": "11210", "kentAtlasiDegeri": "Yüksek Yoğunluklu Süreksiz Kentsel Alan (50% - 80%)", "gecirimsizlikKatmani": 46, "tucbsNo": "CBSGM_1_7984572", "aciklama": null, "gecerlilikBaslangici": "2019-02-04T00:00:00Z", "gecerlilikSonu": null, "gozlemTarihi": null, "hilucsAraziKullanimi": null, "hilucsDurumu": null, "olcek": "1:10000", "surumBaslangicZamani": null, "surumBitisZamani": null, "total_population": 0.0, "estimated_water_supply": 1.0449406752433184, "population_pressure": 0.0, "urban_water_stress_score": 0.0 }, "geometry": { "type": "MultiPolygon", "coordinates": [ [ [ [ 32.746, 39.9619 ], [ 32.746, 39.9619 ], [ 32.7458, 39.9619 ], [ 32.7458, 39.9618 ], [ 32.7457, 39.9619 ], [ 32.7457, 39.9619 ], [ 32.7457, 39.9619 ], [ 32.7457, 39.962 ], [ 32.7456, 39.962 ], [ 32.7456, 39.962 ], [ 32.7456, 39.962 ], [ 32.7454, 39.9621 ], [ 32.7453, 39.9621 ], [ 32.7452, 39.9624 ], [ 32.7452, 39.9624 ], [ 32.745, 39.9625 ], [ 32.745, 39.9626 ], [ 32.745, 39.9627 ], [ 32.745, 39.9627 ], [ 32.7451, 39.9628 ], [ 32.7452, 39.963 ], [ 32.7458, 39.9621 ], [ 32.7458, 39.9621 ], [ 32.7459, 39.9621 ], [ 32.746, 39.9619 ] ] ] ] } },
{ "type": "Feature", "properties": { "id": "sehirAtlasi.424", "kentAtlasiDegeriKodu": "12220", "kentAtlasiDegeri": "Diğer Yollar ve İlgili Alanlar", "gecirimsizlikKatmani": 0, "tucbsNo": "CBSGM_1_7984573", "aciklama": null, "gecerlilikBaslangici": "2019-02-20T00:00:00Z", "gecerlilikSonu": null, "gozlemTarihi": null, "hilucsAraziKullanimi": null, "hilucsDurumu": null, "olcek": "1:10000", "surumBaslangicZamani": null, "surumBitisZamani": null, "total_population": 0.0, "estimated_water_supply": 1.2281416718632852, "population_pressure": 0.0, "urban_water_stress_score": 0.0 }, "geometry": { "type": "MultiPolygon", "coordinates": [ [ [ [ 32.85, 40.0011 ], [ 32.85, 40.0011 ], [ 32.85, 40.0011 ], [ 32.8501, 40.0011 ], [ 32.8512, 40.0011 ], [ 32.8515, 40.0011 ], [ 32.8516, 40.0015 ], [ 32.8511, 40.0015 ], [ 32.8511, 40.0015 ], [ 32.8511, 40.0015 ], [ 32.8511, 40.0015 ], [ 32.8511, 40.0015 ], [ 32.8511, 40.0015 ], [ 32.8511, 40.0015 ], [ 32.8516, 40.0015 ], [ 32.8516, 40.0016 ], [ 32.8511, 40.0016 ], [ 32.8511, 40.0016 ], [ 32.8511, 40.0016 ], [ 32.8511, 40.0016 ], [ 32.851, 40.0016 ], [ 32.851, 40.0016 ], [ 32.851, 40.0017 ], [ 32.851, 40.0017 ], [ 32.851, 40.0017 ], [ 32.851, 40.0018 ], [ 32.851, 40.0018 ], [ 32.851, 40.0018 ], [ 32.851, 40.0018 ], [ 32.8511, 40.0018 ], [ 32.8511, 40.0018 ], [ 32.8511, 40.0018 ], [ 32.8511, 40.0018 ], [ 32.8511, 40.0018 ], [ 32.8513, 40.0018 ], [ 32.8513, 40.0022 ], [ 32.8513, 40.0022 ], [ 32.8513, 40.0022 ], [ 32.8513, 40.0022 ], [ 32.8513, 40.0023 ], [ 32.8513, 40.0023 ], [ 32.8514, 40.0023 ], [ 32.8514, 40.0023 ], [ 32.8515, 40.0023 ], [ 32.8523, 40.0023 ], [ 32.8523, 40.0022 ], [ 32.8515, 40.0022 ], [ 32.8515, 40.0019 ], [ 32.8515, 40.0019 ], [ 32.8515, 40.0019 ], [ 32.8515, 40.0019 ], [ 32.8515, 40.0019 ], [ 32.8514, 40.0019 ], [ 32.8514, 40.0019 ], [ 32.8514, 40.0022 ], [ 32.8514, 40.0022 ], [ 32.8514, 40.0018 ], [ 32.8516, 40.0018 ], [ 32.8517, 40.0018 ], [ 32.8517, 40.0018 ], [ 32.8517, 40.0018 ], [ 32.8517, 40.0018 ], [ 32.8517, 40.0018 ], [ 32.8517, 40.0016 ], [ 32.8517, 40.0016 ], [ 32.8517, 40.0016 ], [ 32.8517, 40.0015 ], [ 32.8521, 40.0013 ], [ 32.8524, 40.0011 ], [ 32.8528, 40.0007 ], [ 32.853, 40.0006 ], [ 32.8531, 40.0006 ], [ 32.8533, 40.0005 ], [ 32.8534, 40.0005 ], [ 32.8535, 40.0004 ], [ 32.8533, 40.0005 ], [ 32.8533, 40.0005 ], [ 32.8531, 40.0005 ], [ 32.8529, 40.0006 ], [ 32.8529, 40.0006 ], [ 32.8529, 40.0006 ], [ 32.8528, 40.0007 ], [ 32.8523, 40.001 ], [ 32.852, 40.0012 ], [ 32.8517, 40.0014 ], [ 32.8516, 40.001 ], [ 32.8521, 40.0007 ], [ 32.8523, 40.0005 ], [ 32.8526, 40.0003 ], [ 32.8527, 40.0002 ], [ 32.8527, 40.0002 ], [ 32.8527, 40.0002 ], [ 32.8527, 40.0002 ], [ 32.8527, 39.9997 ], [ 32.8527, 39.9998 ], [ 32.8527, 39.9998 ], [ 32.8526, 39.9998 ], [ 32.8526, 40.0001 ], [ 32.8525, 40.0003 ], [ 32.8522, 40.0005 ], [ 32.852, 40.0006 ], [ 32.8515, 40.001 ], [ 32.8512, 40.001 ], [ 32.8512, 39.9999 ], [ 32.8512, 39.9999 ], [ 32.8511, 40.0 ], [ 32.8511, 40.001 ], [ 32.8501, 40.001 ], [ 32.8501, 40.001 ], [ 32.8501, 40.001 ], [ 32.85, 40.0011 ] ] ] ] } },
{ "type": "Feature", "properties": { "id": "sehirAtlasi.425", "kentAtlasiDegeriKodu": "11240", "kentAtlasiDegeri": "Çok Düşük Yoğunluklu Süreksiz Kentsel Alan (< 10%)", "gecirimsizlikKatmani": 9, "tucbsNo": "CBSGM_1_7984574", "aciklama": null, "gecerlilikBaslangici": "2019-02-13T00:00:00Z", "gecerlilikSonu": null, "gozlemTarihi": null, "hilucsAraziKullanimi": null, "hilucsDurumu": null, "olcek": "1:10000", "surumBaslangicZamani": null, "surumBitisZamani": null, "total_population": 0.0, "estimated_water_supply": 0.54529691153951243, "population_pressure": 0.0, "urban_water_stress_score": 0.0 }, "geometry": { "type": "MultiPolygon", "coordinates": [ [ [ [ 32.7465, 39.7485 ], [ 32.7465, 39.748 ], [ 32.7461, 39.7481 ], [ 32.7455, 39.7482 ], [ 32.7455, 39.7482 ], [ 32.745, 39.7483 ], [ 32.7452, 39.7486 ], [ 32.7454, 39.7485 ], [ 32.7457, 39.7485 ], [ 32.7457, 39.7485 ], [ 32.7465, 39.7485 ] ] ] ] } },
{ "type": "Feature", "properties": { "id": "sehirAtlasi.426", "kentAtlasiDegeriKodu": "11230", "kentAtlasiDegeri": "Düşük Yoğunluklu Süreksiz Kentsel Alan (10% - 30%)", "gecirimsizlikKatmani": 23, "tucbsNo": "CBSGM_1_7984575", "aciklama": null, "gecerlilikBaslangici": "2019-02-13T00:00:00Z", "gecerlilikSonu": null, "gozlemTarihi": null, "hilucsAraziKullanimi": null, "hilucsDurumu": null, "olcek": "1:10000", "surumBaslangicZamani": null, "surumBitisZamani": null, "total_population": 0.0, "estimated_water_supply": 0.57367156737562275, "population_pressure": 0.0, "urban_water_stress_score": 0.0 }, "geometry": { "type": "MultiPolygon", "coordinates": [ [ [ [ 32.7479, 39.7749 ], [ 32.7474, 39.7748 ], [ 32.7469, 39.7747 ], [ 32.7469, 39.7747 ], [ 32.7466, 39.7747 ], [ 32.7463, 39.7746 ], [ 32.7463, 39.7746 ], [ 32.7456, 39.7743 ], [ 32.7456, 39.7743 ], [ 32.7455, 39.7743 ], [ 32.7454, 39.7742 ], [ 32.745, 39.7743 ], [ 32.7453, 39.7754 ], [ 32.7465, 39.7756 ], [ 32.7465, 39.7756 ], [ 32.7475, 39.7758 ], [ 32.7479, 39.7749 ] ] ] ] } },
{ "type": "Feature", "properties": { "id": "sehirAtlasi.427", "kentAtlasiDegeriKodu": "12110", "kentAtlasiDegeri": "Sanayi ve Üretim Alanları", "gecirimsizlikKatmani": 2, "tucbsNo": "CBSGM_1_7984576", "aciklama": null, "gecerlilikBaslangici": "2019-05-27T00:00:00Z", "gecerlilikSonu": null, "gozlemTarihi": null, "hilucsAraziKullanimi": null, "hilucsDurumu": null, "olcek": "1:10000", "surumBaslangicZamani": null, "surumBitisZamani": null, "total_population": 0.0, "estimated_water_supply": 1.6069999302079365, "population_pressure": 0.0, "urban_water_stress_score": 0.0 }, "geometry": { "type": "MultiPolygon", "coordinates": [ [ [ [ 32.5143, 40.0212 ], [ 32.5154, 40.0215 ], [ 32.5159, 40.0206 ], [ 32.5159, 40.0205 ], [ 32.5159, 40.0205 ], [ 32.5147, 40.0204 ], [ 32.5143, 40.0212 ] ] ] ] } },
{ "type": "Feature", "properties": { "id": "sehirAtlasi.428", "kentAtlasiDegeriKodu": "11210", "kentAtlasiDegeri": "Yüksek Yoğunluklu Süreksiz Kentsel Alan (50% - 80%)", "gecirimsizlikKatmani": 47, "tucbsNo": "CBSGM_1_7984577", "aciklama": null, "gecerlilikBaslangici": "2019-02-04T00:00:00Z", "gecerlilikSonu": null, "gozlemTarihi": null, "hilucsAraziKullanimi": null, "hilucsDurumu": null, "olcek": "1:10000", "surumBaslangicZamani": null, "surumBitisZamani": null, "total_population": 0.0, "estimated_water_supply": 1.0286398064321873, "population_pressure": 0.0, "urban_water_stress_score": 0.0 }, "geometry": { "type": "MultiPolygon", "coordinates": [ [ [ [ 32.7461, 39.954 ], [ 32.7456, 39.9531 ], [ 32.7453, 39.9532 ], [ 32.7457, 39.954 ], [ 32.7461, 39.954 ] ] ] ] } },
{ "type": "Feature", "properties": { "id": "sehirAtlasi.429", "kentAtlasiDegeriKodu": "12130", "kentAtlasiDegeri": "Kamu Alanları", "gecirimsizlikKatmani": 17, "tucbsNo": "CBSGM_1_7984578", "aciklama": null, "gecerlilikBaslangici": "2019-05-28T00:00:00Z", "gecerlilikSonu": null, "gozlemTarihi": null, "hilucsAraziKullanimi": null, "hilucsDurumu": null, "olcek": "1:10000", "surumBaslangicZamani": null, "surumBitisZamani": null, "total_population": 0.0, "estimated_water_supply": 0.756776141018495, "population_pressure": 0.0, "urban_water_stress_score": 0.0 }, "geometry": { "type": "MultiPolygon", "coordinates": [ [ [ [ 32.7454, 39.9065 ], [ 32.7453, 39.9068 ], [ 32.7487, 39.907 ], [ 32.7488, 39.907 ], [ 32.749, 39.9042 ], [ 32.749, 39.9041 ], [ 32.749, 39.9036 ], [ 32.749, 39.9023 ], [ 32.7472, 39.9023 ], [ 32.7472, 39.9023 ], [ 32.7471, 39.9024 ], [ 32.7471, 39.9025 ], [ 32.747, 39.9039 ], [ 32.7469, 39.9051 ], [ 32.7469, 39.9051 ], [ 32.7469, 39.9052 ], [ 32.7469, 39.9052 ], [ 32.7469, 39.9052 ], [ 32.7468, 39.9052 ], [ 32.7468, 39.9052 ], [ 32.7468, 39.9052 ], [ 32.7468, 39.9052 ], [ 32.7455, 39.9052 ], [ 32.7454, 39.9057 ], [ 32.7454, 39.9061 ], [ 32.7454, 39.9063 ], [ 32.7454, 39.9063 ], [ 32.7454, 39.9063 ], [ 32.7454, 39.9065 ], [ 32.7454, 39.9065 ], [ 32.7455, 39.906 ], [ 32.7455, 39.906 ], [ 32.7455, 39.906 ], [ 32.7455, 39.9059 ], [ 32.7455, 39.9059 ], [ 32.7455, 39.9059 ], [ 32.7456, 39.9059 ], [ 32.7457, 39.9059 ], [ 32.7462, 39.906 ], [ 32.7462, 39.906 ], [ 32.7462, 39.906 ], [ 32.7463, 39.906 ], [ 32.7462, 39.906 ], [ 32.7462, 39.906 ], [ 32.7462, 39.9061 ], [ 32.7462, 39.9061 ], [ 32.7457, 39.906 ], [ 32.7456, 39.9065 ], [ 32.7463, 39.9065 ], [ 32.7464, 39.9065 ], [ 32.7464, 39.9065 ], [ 32.7464, 39.9066 ], [ 32.7464, 39.9066 ], [ 32.7464, 39.9066 ], [ 32.7463, 39.9066 ], [ 32.7463, 39.9066 ], [ 32.7456, 39.9066 ], [ 32.7456, 39.9066 ], [ 32.7454, 39.9065 ], [ 32.7454, 39.9065 ] ] ] ] } },
{ "type": "Feature", "properties": { "id": "sehirAtlasi.430", "kentAtlasiDegeriKodu": "11100", "kentAtlasiDegeri": "Sürekli Kentsel Alan (> 80%)", "gecirimsizlikKatmani": 44, "tucbsNo": "CBSGM_1_7984579", "aciklama": null, "gecerlilikBaslangici": "2019-02-04T00:00:00Z", "gecerlilikSonu": null, "gozlemTarihi": null, "hilucsAraziKullanimi": null, "hilucsDurumu": null, "olcek": "1:10000", "surumBaslangicZamani": null, "surumBitisZamani": null, "total_population": 0.0, "estimated_water_supply": 0.71985896058291665, "population_pressure": 0.0, "urban_water_stress_score": 0.0 }, "geometry": { "type": "MultiPolygon", "coordinates": [ [ [ [ 32.8288, 39.886 ], [ 32.8288, 39.8857 ], [ 32.8288, 39.8855 ], [ 32.8288, 39.8855 ], [ 32.8276, 39.8856 ], [ 32.8277, 39.8861 ], [ 32.8288, 39.886 ] ] ] ] } },
{ "type": "Feature", "properties": { "id": "sehirAtlasi.431", "kentAtlasiDegeriKodu": "13400", "kentAtlasiDegeri": "Mevcut Kullanımı Olmayan Alanlar", "gecirimsizlikKatmani": 8, "tucbsNo": "CBSGM_1_7984580", "aciklama": null, "gecerlilikBaslangici": "2019-02-11T00:00:00Z", "gecerlilikSonu": null, "gozlemTarihi": null, "hilucsAraziKullanimi": null, "hilucsDurumu": null, "olcek": "1:10000", "surumBaslangicZamani": null, "surumBitisZamani": null, "total_population": 0.0, "estimated_water_supply": 1.1549786679272143, "population_pressure": 0.0, "urban_water_stress_score": 0.0 }, "geometry": { "type": "MultiPolygon", "coordinates": [ [ [ [ 32.7844, 39.9808 ], [ 32.7844, 39.9806 ], [ 32.7844, 39.9806 ], [ 32.7844, 39.9805 ], [ 32.7835, 39.9799 ], [ 32.7828, 39.9806 ], [ 32.7834, 39.981 ], [ 32.7839, 39.9813 ], [ 32.7843, 39.981 ], [ 32.7844, 39.9809 ], [ 32.7844, 39.9809 ], [ 32.7844, 39.9808 ] ] ] ] } },
{ "type": "Feature", "properties": { "id": "sehirAtlasi.432", "kentAtlasiDegeriKodu": "11100", "kentAtlasiDegeri": "Sürekli Kentsel Alan (> 80%)", "gecirimsizlikKatmani": 0, "tucbsNo": "CBSGM_1_7984581", "aciklama": null, "gecerlilikBaslangici": "2019-02-18T00:00:00Z", "gecerlilikSonu": null, "gozlemTarihi": null, "hilucsAraziKullanimi": null, "hilucsDurumu": null, "olcek": "1:10000", "surumBaslangicZamani": null, "surumBitisZamani": null, "total_population": 0.0, "estimated_water_supply": 1.1793491797993199, "population_pressure": 0.0, "urban_water_stress_score": 0.0 }, "geometry": { "type": "MultiPolygon", "coordinates": [ [ [ [ 32.8925, 39.9771 ], [ 32.8923, 39.9767 ], [ 32.8908, 39.9769 ], [ 32.8909, 39.9771 ], [ 32.8909, 39.9771 ], [ 32.8909, 39.9773 ], [ 32.8909, 39.9773 ], [ 32.8909, 39.9773 ], [ 32.8909, 39.9774 ], [ 32.8925, 39.9771 ] ] ] ] } },
{ "type": "Feature", "properties": { "id": "sehirAtlasi.433", "kentAtlasiDegeriKodu": "11100", "kentAtlasiDegeri": "Sürekli Kentsel Alan (> 80%)", "gecirimsizlikKatmani": 48, "tucbsNo": "CBSGM_1_7984582", "aciklama": null, "gecerlilikBaslangici": "2019-02-04T00:00:00Z", "gecerlilikSonu": null, "gozlemTarihi": null, "hilucsAraziKullanimi": null, "hilucsDurumu": null, "olcek": "1:10000", "surumBaslangicZamani": null, "surumBitisZamani": null, "total_population": 0.0, "estimated_water_supply": 0.76101948976364853, "population_pressure": 0.0, "urban_water_stress_score": 0.0 }, "geometry": { "type": "MultiPolygon", "coordinates": [ [ [ [ 32.8286, 39.892 ], [ 32.8284, 39.8901 ], [ 32.8276, 39.8902 ], [ 32.8277, 39.8912 ], [ 32.8278, 39.892 ], [ 32.8286, 39.892 ] ] ] ] } },
{ "type": "Feature", "properties": { "id": "sehirAtlasi.434", "kentAtlasiDegeriKodu": "12110", "kentAtlasiDegeri": "Sanayi ve Üretim Alanları", "gecirimsizlikKatmani": 47, "tucbsNo": "CBSGM_1_7984583", "aciklama": null, "gecerlilikBaslangici": "2019-05-23T00:00:00Z", "gecerlilikSonu": null, "gozlemTarihi": null, "hilucsAraziKullanimi": null, "hilucsDurumu": null, "olcek": "1:10000", "surumBaslangicZamani": null, "surumBitisZamani": null, "total_population": 0.0, "estimated_water_supply": 1.1664459400065279, "population_pressure": 0.0, "urban_water_stress_score": 0.0 }, "geometry": { "type": "MultiPolygon", "coordinates": [ [ [ [ 32.5713, 39.966 ], [ 32.5709, 39.9658 ], [ 32.5702, 39.9664 ], [ 32.5708, 39.9665 ], [ 32.5711, 39.9662 ], [ 32.5711, 39.9662 ], [ 32.5711, 39.9662 ], [ 32.5713, 39.966 ] ] ] ] } },
{ "type": "Feature", "properties": { "id": "sehirAtlasi.435", "kentAtlasiDegeriKodu": "11230", "kentAtlasiDegeri": "Düşük Yoğunluklu Süreksiz Kentsel Alan (10% - 30%)", "gecirimsizlikKatmani": 24, "tucbsNo": "CBSGM_1_7984584", "aciklama": null, "gecerlilikBaslangici": "2019-02-04T00:00:00Z", "gecerlilikSonu": null, "gozlemTarihi": null, "hilucsAraziKullanimi": null, "hilucsDurumu": null, "olcek": "1:10000", "surumBaslangicZamani": null, "surumBitisZamani": null, "total_population": 0.0, "estimated_water_supply": 1.2806904987076231, "population_pressure": 0.0, "urban_water_stress_score": 0.0 }, "geometry": { "type": "MultiPolygon", "coordinates": [ [ [ [ 32.5717, 39.9892 ], [ 32.5706, 39.9891 ], [ 32.5705, 39.9901 ], [ 32.5717, 39.9901 ], [ 32.5717, 39.9892 ] ] ] ] } },
{ "type": "Feature", "properties": { "id": "sehirAtlasi.436", "kentAtlasiDegeriKodu": "11230", "kentAtlasiDegeri": "Düşük Yoğunluklu Süreksiz Kentsel Alan (10% - 30%)", "gecirimsizlikKatmani": 23, "tucbsNo": "CBSGM_1_7984585", "aciklama": null, "gecerlilikBaslangici": "2019-02-04T00:00:00Z", "gecerlilikSonu": null, "gozlemTarihi": null, "hilucsAraziKullanimi": null, "hilucsDurumu": null, "olcek": "1:10000", "surumBaslangicZamani": null, "surumBitisZamani": null, "total_population": 0.0, "estimated_water_supply": 1.2774645998795244, "population_pressure": 0.0, "urban_water_stress_score": 0.0 }, "geometry": { "type": "MultiPolygon", "coordinates": [ [ [ [ 32.5719, 39.9881 ], [ 32.5716, 39.9881 ], [ 32.5713, 39.9881 ], [ 32.5713, 39.9881 ], [ 32.5706, 39.9881 ], [ 32.5706, 39.9891 ], [ 32.5717, 39.9891 ], [ 32.5719, 39.9881 ] ] ] ] } },
{ "type": "Feature", "properties": { "id": "sehirAtlasi.437", "kentAtlasiDegeriKodu": "11100", "kentAtlasiDegeri": "Sürekli Kentsel Alan (> 80%)", "gecirimsizlikKatmani": 33, "tucbsNo": "CBSGM_1_7984586", "aciklama": null, "gecerlilikBaslangici": "2019-02-04T00:00:00Z", "gecerlilikSonu": null, "gozlemTarihi": null, "hilucsAraziKullanimi": null, "hilucsDurumu": null, "olcek": "1:10000", "surumBaslangicZamani": null, "surumBitisZamani": null, "total_population": 0.0, "estimated_water_supply": 1.1962657438474609, "population_pressure": 0.0, "urban_water_stress_score": 0.0 }, "geometry": { "type": "MultiPolygon", "coordinates": [ [ [ [ 32.5802, 39.9703 ], [ 32.5802, 39.9702 ], [ 32.5809, 39.9703 ], [ 32.5821, 39.9703 ], [ 32.5821, 39.9699 ], [ 32.5821, 39.9699 ], [ 32.5815, 39.9698 ], [ 32.5814, 39.9698 ], [ 32.5803, 39.9697 ], [ 32.5803, 39.9697 ], [ 32.5802, 39.9698 ], [ 32.5802, 39.9703 ] ] ] ] } },
{ "type": "Feature", "properties": { "id": "sehirAtlasi.438", "kentAtlasiDegeriKodu": "14100", "kentAtlasiDegeri": "Kent İçindeki Yeşil Alanlar ( Pasif )", "gecirimsizlikKatmani": 0, "tucbsNo": "CBSGM_1_7984587", "aciklama": null, "gecerlilikBaslangici": "2019-02-07T00:00:00Z", "gecerlilikSonu": null, "gozlemTarihi": null, "hilucsAraziKullanimi": null, "hilucsDurumu": null, "olcek": "1:10000", "surumBaslangicZamani": null, "surumBitisZamani": null, "total_population": 0.0, "estimated_water_supply": 1.2486530110232068, "population_pressure": 0.0, "urban_water_stress_score": 0.0 }, "geometry": { "type": "MultiPolygon", "coordinates": [ [ [ [ 32.5817, 39.9785 ], [ 32.5814, 39.9781 ], [ 32.5809, 39.9782 ], [ 32.5809, 39.9782 ], [ 32.5809, 39.9783 ], [ 32.5808, 39.9783 ], [ 32.5807, 39.9784 ], [ 32.5806, 39.9785 ], [ 32.5806, 39.9787 ], [ 32.5806, 39.9788 ], [ 32.5807, 39.9789 ], [ 32.5807, 39.979 ], [ 32.5809, 39.9791 ], [ 32.581, 39.9791 ], [ 32.5812, 39.9791 ], [ 32.5813, 39.9791 ], [ 32.5815, 39.979 ], [ 32.5816, 39.979 ], [ 32.5817, 39.9789 ], [ 32.5817, 39.9788 ], [ 32.5817, 39.9785 ] ] ] ] } },
{ "type": "Feature", "properties": { "id": "sehirAtlasi.439", "kentAtlasiDegeriKodu": "11100", "kentAtlasiDegeri": "Sürekli Kentsel Alan (> 80%)", "gecirimsizlikKatmani": 62, "tucbsNo": "CBSGM_1_7984588", "aciklama": null, "gecerlilikBaslangici": "2019-02-04T00:00:00Z", "gecerlilikSonu": null, "gozlemTarihi": null, "hilucsAraziKullanimi": null, "hilucsDurumu": null, "olcek": "1:10000", "surumBaslangicZamani": null, "surumBitisZamani": null, "total_population": 0.0, "estimated_water_supply": 1.1793444395947354, "population_pressure": 0.0, "urban_water_stress_score": 0.0 }, "geometry": { "type": "MultiPolygon", "coordinates": [ [ [ [ 32.5811, 39.9678 ], [ 32.5808, 39.9678 ], [ 32.5808, 39.9686 ], [ 32.581, 39.9686 ], [ 32.5811, 39.9678 ] ] ] ] } },
{ "type": "Feature", "properties": { "id": "sehirAtlasi.440", "kentAtlasiDegeriKodu": "11100", "kentAtlasiDegeri": "Sürekli Kentsel Alan (> 80%)", "gecirimsizlikKatmani": 35, "tucbsNo": "CBSGM_1_7984589", "aciklama": null, "gecerlilikBaslangici": "2019-02-04T00:00:00Z", "gecerlilikSonu": null, "gozlemTarihi": null, "hilucsAraziKullanimi": null, "hilucsDurumu": null, "olcek": "1:10000", "surumBaslangicZamani": null, "surumBitisZamani": null, "total_population": 0.0, "estimated_water_supply": 1.2130498362166056, "population_pressure": 0.0, "urban_water_stress_score": 0.0 }, "geometry": { "type": "MultiPolygon", "coordinates": [ [ [ [ 32.5821, 39.9716 ], [ 32.5816, 39.9716 ], [ 32.5811, 39.9716 ], [ 32.5811, 39.9716 ], [ 32.5809, 39.9716 ], [ 32.5808, 39.9721 ], [ 32.5821, 39.9721 ], [ 32.5821, 39.9716 ] ] ] ] } },
{ "type": "Feature", "properties": { "id": "sehirAtlasi.441", "kentAtlasiDegeriKodu": "14120", "kentAtlasiDegeri": "Kent İçindeki Yeşil Alanlar ( Aktif )", "gecirimsizlikKatmani": 0, "tucbsNo": "CBSGM_1_7984590", "aciklama": null, "gecerlilikBaslangici": "2019-02-04T00:00:00Z", "gecerlilikSonu": null, "gozlemTarihi": null, "hilucsAraziKullanimi": null, "hilucsDurumu": null, "olcek": "1:10000", "surumBaslangicZamani": null, "surumBitisZamani": null, "total_population": 0.0, "estimated_water_supply": 1.3184109201625027, "population_pressure": 0.0, "urban_water_stress_score": 0.0 }, "geometry": { "type": "MultiPolygon", "coordinates": [ [ [ [ 32.5817, 39.997 ], [ 32.5814, 39.9969 ], [ 32.5812, 39.9968 ], [ 32.5808, 39.9971 ], [ 32.5808, 39.9972 ], [ 32.5808, 39.9972 ], [ 32.5809, 39.9972 ], [ 32.5809, 39.9972 ], [ 32.5815, 39.9973 ], [ 32.5815, 39.9973 ], [ 32.5817, 39.9973 ], [ 32.5817, 39.9971 ], [ 32.5817, 39.997 ] ] ] ] } },
{ "type": "Feature", "properties": { "id": "sehirAtlasi.442", "kentAtlasiDegeriKodu": "11100", "kentAtlasiDegeri": "Sürekli Kentsel Alan (> 80%)", "gecirimsizlikKatmani": 45, "tucbsNo": "CBSGM_1_7984591", "aciklama": null, "gecerlilikBaslangici": "2019-02-04T00:00:00Z", "gecerlilikSonu": null, "gozlemTarihi": null, "hilucsAraziKullanimi": null, "hilucsDurumu": null, "olcek": "1:10000", "surumBaslangicZamani": null, "surumBitisZamani": null, "total_population": 0.0, "estimated_water_supply": 1.1992427189484656, "population_pressure": 0.0, "urban_water_stress_score": 0.0 }, "geometry": { "type": "MultiPolygon", "coordinates": [ [ [ [ 32.5821, 39.9714 ], [ 32.5821, 39.9709 ], [ 32.5809, 39.9709 ], [ 32.5809, 39.9714 ], [ 32.5811, 39.9714 ], [ 32.5816, 39.9714 ], [ 32.5821, 39.9714 ] ] ] ] } },
{ "type": "Feature", "properties": { "id": "sehirAtlasi.443", "kentAtlasiDegeriKodu": "11100", "kentAtlasiDegeri": "Sürekli Kentsel Alan (> 80%)", "gecirimsizlikKatmani": 49, "tucbsNo": "CBSGM_1_7984592", "aciklama": null, "gecerlilikBaslangici": "2019-02-20T00:00:00Z", "gecerlilikSonu": null, "gozlemTarihi": null, "hilucsAraziKullanimi": null, "hilucsDurumu": null, "olcek": "1:10000", "surumBaslangicZamani": null, "surumBitisZamani": null, "total_population": 0.0, "estimated_water_supply": 1.1258215313731676, "population_pressure": 0.0, "urban_water_stress_score": 0.0 }, "geometry": { "type": "MultiPolygon", "coordinates": [ [ [ [ 32.8405, 39.9865 ], [ 32.8406, 39.9866 ], [ 32.8406, 39.9866 ], [ 32.8407, 39.9867 ], [ 32.8407, 39.9868 ], [ 32.8407, 39.9868 ], [ 32.8408, 39.987 ], [ 32.8408, 39.987 ], [ 32.8408, 39.9872 ], [ 32.8408, 39.9872 ], [ 32.8408, 39.9872 ], [ 32.8408, 39.9873 ], [ 32.8412, 39.9873 ], [ 32.8416, 39.9873 ], [ 32.8417, 39.9872 ], [ 32.8418, 39.9871 ], [ 32.8418, 39.9868 ], [ 32.8418, 39.9868 ], [ 32.8418, 39.9868 ], [ 32.8418, 39.9867 ], [ 32.8418, 39.9863 ], [ 32.8418, 39.9863 ], [ 32.8417, 39.9861 ], [ 32.8417, 39.9861 ], [ 32.8417, 39.9861 ], [ 32.8411, 39.9862 ], [ 32.8408, 39.9863 ], [ 32.8406, 39.9864 ], [ 32.8405, 39.9866 ], [ 32.8405, 39.9865 ] ] ] ] } },
{ "type": "Feature", "properties": { "id": "sehirAtlasi.444", "kentAtlasiDegeriKodu": "11210", "kentAtlasiDegeri": "Yüksek Yoğunluklu Süreksiz Kentsel Alan (50% - 80%)", "gecirimsizlikKatmani": 0, "tucbsNo": "CBSGM_1_7984593", "aciklama": null, "gecerlilikBaslangici": "2019-02-08T00:00:00Z", "gecerlilikSonu": null, "gozlemTarihi": null, "hilucsAraziKullanimi": null, "hilucsDurumu": null, "olcek": "1:10000", "surumBaslangicZamani": null, "surumBitisZamani": null, "total_population": 0.0, "estimated_water_supply": 1.2297451176291232, "population_pressure": 0.0, "urban_water_stress_score": 0.0 }, "geometry": { "type": "MultiPolygon", "coordinates": [ [ [ [ 32.9048, 39.9865 ], [ 32.9048, 39.9865 ], [ 32.9048, 39.9865 ], [ 32.9048, 39.9865 ], [ 32.9049, 39.9866 ], [ 32.9051, 39.9865 ], [ 32.9052, 39.9864 ], [ 32.9055, 39.9862 ], [ 32.9044, 39.9858 ], [ 32.9044, 39.9861 ], [ 32.9045, 39.9861 ], [ 32.9045, 39.9861 ], [ 32.9047, 39.9862 ], [ 32.9048, 39.9863 ], [ 32.9048, 39.9863 ], [ 32.9048, 39.9863 ], [ 32.9048, 39.9864 ], [ 32.9048, 39.9864 ], [ 32.9048, 39.9864 ], [ 32.9048, 39.9865 ] ] ] ] } },
{ "type": "Feature", "properties": { "id": "sehirAtlasi.445", "kentAtlasiDegeriKodu": "11230", "kentAtlasiDegeri": "Düşük Yoğunluklu Süreksiz Kentsel Alan (10% - 30%)", "gecirimsizlikKatmani": 23, "tucbsNo": "CBSGM_1_1398974", "aciklama": null, "gecerlilikBaslangici": "2019-07-12T00:00:00Z", "gecerlilikSonu": null, "gozlemTarihi": null, "hilucsAraziKullanimi": null, "hilucsDurumu": null, "olcek": "1:10000", "surumBaslangicZamani": null, "surumBitisZamani": null, "total_population": 0.0, "estimated_water_supply": 1.386783074147063, "population_pressure": 0.0, "urban_water_stress_score": 0.0 }, "geometry": { "type": "MultiPolygon", "coordinates": [ [ [ [ 31.7302, 37.6658 ], [ 31.7297, 37.6659 ], [ 31.7296, 37.6666 ], [ 31.7302, 37.6666 ], [ 31.7302, 37.6658 ] ] ] ] } },
{ "type": "Feature", "properties": { "id": "sehirAtlasi.446", "kentAtlasiDegeriKodu": "11230", "kentAtlasiDegeri": "Düşük Yoğunluklu Süreksiz Kentsel Alan (10% - 30%)", "gecirimsizlikKatmani": 14, "tucbsNo": "CBSGM_1_7984594", "aciklama": null, "gecerlilikBaslangici": "2019-02-12T00:00:00Z", "gecerlilikSonu": null, "gozlemTarihi": null, "hilucsAraziKullanimi": null, "hilucsDurumu": null, "olcek": "1:10000", "surumBaslangicZamani": null, "surumBitisZamani": null, "total_population": 0.0, "estimated_water_supply": 0.57750135833322402, "population_pressure": 0.0, "urban_water_stress_score": 0.0 }, "geometry": { "type": "MultiPolygon", "coordinates": [ [ [ [ 32.8415, 39.7932 ], [ 32.841, 39.7929 ], [ 32.8405, 39.7933 ], [ 32.841, 39.7936 ], [ 32.8415, 39.7932 ] ] ] ] } },
{ "type": "Feature", "properties": { "id": "sehirAtlasi.447", "kentAtlasiDegeriKodu": "11100", "kentAtlasiDegeri": "Sürekli Kentsel Alan (> 80%)", "gecirimsizlikKatmani": 27, "tucbsNo": "CBSGM_1_1398975", "aciklama": null, "gecerlilikBaslangici": "2019-02-25T00:00:00Z", "gecerlilikSonu": null, "gozlemTarihi": null, "hilucsAraziKullanimi": null, "hilucsDurumu": null, "olcek": "1:10000", "surumBaslangicZamani": null, "surumBitisZamani": null, "total_population": 0.0, "estimated_water_supply": 1.4785281257737704, "population_pressure": 0.0, "urban_water_stress_score": 0.0 }, "geometry": { "type": "MultiPolygon", "coordinates": [ [ [ [ 31.7295, 37.6795 ], [ 31.7295, 37.6799 ], [ 31.7296, 37.6799 ], [ 31.7296, 37.6799 ], [ 31.7299, 37.68 ], [ 31.7306, 37.6801 ], [ 31.7306, 37.6795 ], [ 31.7299, 37.6795 ], [ 31.7299, 37.6795 ], [ 31.7295, 37.6795 ] ] ] ] } },
{ "type": "Feature", "properties": { "id": "sehirAtlasi.448", "kentAtlasiDegeriKodu": "21000", "kentAtlasiDegeri": "Ekilebilir Alanlar", "gecirimsizlikKatmani": 6, "tucbsNo": "CBSGM_1_1398976", "aciklama": null, "gecerlilikBaslangici": "2019-12-02T00:00:00Z", "gecerlilikSonu": null, "gozlemTarihi": null, "hilucsAraziKullanimi": null, "hilucsDurumu": null, "olcek": "1:10000", "surumBaslangicZamani": null, "surumBitisZamani": null, "total_population": 0.0, "estimated_water_supply": 1.397851371461059, "population_pressure": 0.0, "urban_water_stress_score": 0.0 }, "geometry": { "type": "MultiPolygon", "coordinates": [ [ [ [ 31.7246, 37.6652 ], [ 31.7248, 37.6653 ], [ 31.725, 37.6649 ], [ 31.7251, 37.6649 ], [ 31.725, 37.6649 ], [ 31.725, 37.6649 ], [ 31.725, 37.6649 ], [ 31.7249, 37.6648 ], [ 31.7248, 37.6648 ], [ 31.7246, 37.6652 ] ] ] ] } },
{ "type": "Feature", "properties": { "id": "sehirAtlasi.449", "kentAtlasiDegeriKodu": "14100", "kentAtlasiDegeri": "Kent İçindeki Yeşil Alanlar ( Pasif )", "gecirimsizlikKatmani": 0, "tucbsNo": "CBSGM_1_1398977", "aciklama": null, "gecerlilikBaslangici": "2019-02-25T00:00:00Z", "gecerlilikSonu": null, "gozlemTarihi": null, "hilucsAraziKullanimi": null, "hilucsDurumu": null, "olcek": "1:10000", "surumBaslangicZamani": null, "surumBitisZamani": null, "total_population": 0.0, "estimated_water_supply": 1.4630547197833952, "population_pressure": 0.0, "urban_water_stress_score": 0.0 }, "geometry": { "type": "MultiPolygon", "coordinates": [ [ [ [ 31.7243, 37.688 ], [ 31.7242, 37.6876 ], [ 31.7242, 37.6876 ], [ 31.7242, 37.6877 ], [ 31.7243, 37.688 ], [ 31.7243, 37.688 ] ] ] ] } },
{ "type": "Feature", "properties": { "id": "sehirAtlasi.450", "kentAtlasiDegeriKodu": "14120", "kentAtlasiDegeri": "Kent İçindeki Yeşil Alanlar ( Aktif )", "gecirimsizlikKatmani": 0, "tucbsNo": "CBSGM_1_7984595", "aciklama": null, "gecerlilikBaslangici": "2019-02-04T00:00:00Z", "gecerlilikSonu": null, "gozlemTarihi": null, "hilucsAraziKullanimi": null, "hilucsDurumu": null, "olcek": "1:10000", "surumBaslangicZamani": null, "surumBitisZamani": null, "total_population": 0.0, "estimated_water_supply": 1.1450895479072354, "population_pressure": 0.0, "urban_water_stress_score": 0.0 }, "geometry": { "type": "MultiPolygon", "coordinates": [ [ [ [ 32.9053, 39.9433 ], [ 32.9052, 39.9431 ], [ 32.9044, 39.9432 ], [ 32.9048, 39.9433 ], [ 32.9048, 39.9433 ], [ 32.9048, 39.9433 ], [ 32.9048, 39.9433 ], [ 32.9051, 39.9435 ], [ 32.9051, 39.9435 ], [ 32.9052, 39.9435 ], [ 32.9052, 39.9435 ], [ 32.9053, 39.9433 ] ] ] ] } },
{ "type": "Feature", "properties": { "id": "sehirAtlasi.451", "kentAtlasiDegeriKodu": "11100", "kentAtlasiDegeri": "Sürekli Kentsel Alan (> 80%)", "gecirimsizlikKatmani": 52, "tucbsNo": "CBSGM_1_7984596", "aciklama": null, "gecerlilikBaslangici": "2019-02-04T00:00:00Z", "gecerlilikSonu": null, "gozlemTarihi": null, "hilucsAraziKullanimi": null, "hilucsDurumu": null, "olcek": "1:10000", "surumBaslangicZamani": null, "surumBitisZamani": null, "total_population": 0.0, "estimated_water_supply": 1.1393640295903811, "population_pressure": 0.0, "urban_water_stress_score": 0.0 }, "geometry": { "type": "MultiPolygon", "coordinates": [ [ [ [ 32.5962, 39.9634 ], [ 32.5937, 39.9634 ], [ 32.5937, 39.9639 ], [ 32.5959, 39.9641 ], [ 32.5962, 39.9634 ] ] ] ] } },
{ "type": "Feature", "properties": { "id": "sehirAtlasi.452", "kentAtlasiDegeriKodu": "11100", "kentAtlasiDegeri": "Sürekli Kentsel Alan (> 80%)", "gecirimsizlikKatmani": 51, "tucbsNo": "CBSGM_1_7984597", "aciklama": null, "gecerlilikBaslangici": "2019-02-04T00:00:00Z", "gecerlilikSonu": null, "gozlemTarihi": null, "hilucsAraziKullanimi": null, "hilucsDurumu": null, "olcek": "1:10000", "surumBaslangicZamani": null, "surumBitisZamani": null, "total_population": 0.0, "estimated_water_supply": 1.1434989380941012, "population_pressure": 0.0, "urban_water_stress_score": 0.0 }, "geometry": { "type": "MultiPolygon", "coordinates": [ [ [ [ 32.5963, 39.9649 ], [ 32.5937, 39.9646 ], [ 32.5937, 39.9652 ], [ 32.596, 39.9655 ], [ 32.5963, 39.9649 ], [ 32.5963, 39.9649 ] ] ] ] } },
{ "type": "Feature", "properties": { "id": "sehirAtlasi.453", "kentAtlasiDegeriKodu": "11210", "kentAtlasiDegeri": "Yüksek Yoğunluklu Süreksiz Kentsel Alan (50% - 80%)", "gecirimsizlikKatmani": 56, "tucbsNo": "CBSGM_1_7984598", "aciklama": null, "gecerlilikBaslangici": "2019-02-04T00:00:00Z", "gecerlilikSonu": null, "gozlemTarihi": null, "hilucsAraziKullanimi": null, "hilucsDurumu": null, "olcek": "1:10000", "surumBaslangicZamani": null, "surumBitisZamani": null, "total_population": 0.0, "estimated_water_supply": 1.3344780522209572, "population_pressure": 0.0, "urban_water_stress_score": 0.0 }, "geometry": { "type": "MultiPolygon", "coordinates": [ [ [ [ 32.5946, 39.9963 ], [ 32.5943, 39.9956 ], [ 32.594, 39.9957 ], [ 32.5939, 39.9957 ], [ 32.594, 39.9961 ], [ 32.594, 39.9961 ], [ 32.594, 39.9961 ], [ 32.5941, 39.9963 ], [ 32.5941, 39.9964 ], [ 32.5942, 39.9964 ], [ 32.5942, 39.9964 ], [ 32.5943, 39.9964 ], [ 32.5946, 39.9963 ] ] ] ] } },
{ "type": "Feature", "properties": { "id": "sehirAtlasi.454", "kentAtlasiDegeriKodu": "11100", "kentAtlasiDegeri": "Sürekli Kentsel Alan (> 80%)", "gecirimsizlikKatmani": 53, "tucbsNo": "CBSGM_1_7984599", "aciklama": null, "gecerlilikBaslangici": "2019-02-04T00:00:00Z", "gecerlilikSonu": null, "gozlemTarihi": null, "hilucsAraziKullanimi": null, "hilucsDurumu": null, "olcek": "1:10000", "surumBaslangicZamani": null, "surumBitisZamani": null, "total_population": 0.0, "estimated_water_supply": 1.1489931941958678, "population_pressure": 0.0, "urban_water_stress_score": 0.0 }, "geometry": { "type": "MultiPolygon", "coordinates": [ [ [ [ 32.5736, 39.9609 ], [ 32.5743, 39.9612 ], [ 32.5751, 39.9615 ], [ 32.575, 39.9615 ], [ 32.5754, 39.9611 ], [ 32.5739, 39.9604 ], [ 32.5736, 39.9609 ] ] ] ] } },
{ "type": "Feature", "properties": { "id": "sehirAtlasi.455", "kentAtlasiDegeriKodu": "50000", "kentAtlasiDegeri": "Su Alanları", "gecirimsizlikKatmani": 0, "tucbsNo": "CBSGM_1_365407", "aciklama": null, "gecerlilikBaslangici": "2019-02-15T00:00:00Z", "gecerlilikSonu": null, "gozlemTarihi": null, "hilucsAraziKullanimi": null, "hilucsDurumu": null, "olcek": "1:10000", "surumBaslangicZamani": null, "surumBitisZamani": null, "total_population": 0.0, "estimated_water_supply": 2.0657828553063533, "population_pressure": 0.0, "urban_water_stress_score": 0.0 }, "geometry": { "type": "MultiPolygon", "coordinates": [ [ [ [ 32.2429, 40.2096 ], [ 32.2429, 40.2096 ], [ 32.243, 40.2096 ], [ 32.243, 40.2095 ], [ 32.243, 40.2093 ], [ 32.2431, 40.2093 ], [ 32.2432, 40.2092 ], [ 32.2432, 40.2092 ], [ 32.2433, 40.2092 ], [ 32.2435, 40.2092 ], [ 32.2437, 40.2092 ], [ 32.2437, 40.2092 ], [ 32.2438, 40.2092 ], [ 32.244, 40.2092 ], [ 32.2442, 40.2092 ], [ 32.2444, 40.2092 ], [ 32.2444, 40.2092 ], [ 32.2445, 40.2091 ], [ 32.2446, 40.209 ], [ 32.2447, 40.209 ], [ 32.2447, 40.209 ], [ 32.2447, 40.209 ], [ 32.2448, 40.2089 ], [ 32.2449, 40.2088 ], [ 32.2449, 40.2088 ], [ 32.2451, 40.2086 ], [ 32.2453, 40.2085 ], [ 32.2452, 40.2085 ], [ 32.245, 40.2087 ], [ 32.2448, 40.2089 ], [ 32.2447, 40.209 ], [ 32.2447, 40.209 ], [ 32.2446, 40.209 ], [ 32.2446, 40.209 ], [ 32.2445, 40.2091 ], [ 32.2443, 40.2091 ], [ 32.2443, 40.2091 ], [ 32.2441, 40.2091 ], [ 32.2438, 40.2091 ], [ 32.2435, 40.2092 ], [ 32.2433, 40.2092 ], [ 32.2431, 40.2092 ], [ 32.2431, 40.2092 ], [ 32.243, 40.2093 ], [ 32.243, 40.2093 ], [ 32.243, 40.2094 ], [ 32.243, 40.2094 ], [ 32.2429, 40.2095 ], [ 32.2429, 40.2095 ], [ 32.2429, 40.2096 ] ] ] ] } },
{ "type": "Feature", "properties": { "id": "sehirAtlasi.456", "kentAtlasiDegeriKodu": "11100", "kentAtlasiDegeri": "Sürekli Kentsel Alan (> 80%)", "gecirimsizlikKatmani": 0, "tucbsNo": "CBSGM_1_7984600", "aciklama": null, "gecerlilikBaslangici": "2019-02-05T00:00:00Z", "gecerlilikSonu": null, "gozlemTarihi": null, "hilucsAraziKullanimi": null, "hilucsDurumu": null, "olcek": "1:10000", "surumBaslangicZamani": null, "surumBitisZamani": null, "total_population": 0.0, "estimated_water_supply": 1.2221874716429681, "population_pressure": 0.0, "urban_water_stress_score": 0.0 }, "geometry": { "type": "MultiPolygon", "coordinates": [ [ [ [ 32.5748, 39.9733 ], [ 32.5745, 39.9733 ], [ 32.5745, 39.9734 ], [ 32.5746, 39.9734 ], [ 32.5746, 39.9734 ], [ 32.5748, 39.9733 ] ] ] ] } },
{ "type": "Feature", "properties": { "id": "sehirAtlasi.457", "kentAtlasiDegeriKodu": "11100", "kentAtlasiDegeri": "Sürekli Kentsel Alan (> 80%)", "gecirimsizlikKatmani": 34, "tucbsNo": "CBSGM_1_7984601", "aciklama": null, "gecerlilikBaslangici": "2019-02-06T00:00:00Z", "gecerlilikSonu": null, "gozlemTarihi": null, "hilucsAraziKullanimi": null, "hilucsDurumu": null, "olcek": "1:10000", "surumBaslangicZamani": null, "surumBitisZamani": null, "total_population": 0.0, "estimated_water_supply": 1.1693200298946591, "population_pressure": 0.0, "urban_water_stress_score": 0.0 }, "geometry": { "type": "MultiPolygon", "coordinates": [ [ [ [ 32.5754, 39.9655 ], [ 32.5748, 39.9654 ], [ 32.5746, 39.966 ], [ 32.575, 39.9661 ], [ 32.5752, 39.9661 ], [ 32.5754, 39.9655 ] ] ] ] } },
{ "type": "Feature", "properties": { "id": "sehirAtlasi.458", "kentAtlasiDegeriKodu": "50000", "kentAtlasiDegeri": "Su Alanları", "gecirimsizlikKatmani": 0, "tucbsNo": "CBSGM_1_365409", "aciklama": null, "gecerlilikBaslangici": "2019-02-15T00:00:00Z", "gecerlilikSonu": null, "gozlemTarihi": null, "hilucsAraziKullanimi": null, "hilucsDurumu": null, "olcek": "1:10000", "surumBaslangicZamani": null, "surumBitisZamani": null, "total_population": 0.0, "estimated_water_supply": 2.0696664134186218, "population_pressure": 0.0, "urban_water_stress_score": 0.0 }, "geometry": { "type": "MultiPolygon", "coordinates": [ [ [ [ 32.2453, 40.2084 ], [ 32.2454, 40.2084 ], [ 32.2454, 40.2081 ], [ 32.2454, 40.208 ], [ 32.2454, 40.208 ], [ 32.2454, 40.2082 ], [ 32.2453, 40.2084 ] ] ] ] } },
{ "type": "Feature", "properties": { "id": "sehirAtlasi.459", "kentAtlasiDegeriKodu": "11100", "kentAtlasiDegeri": "Sürekli Kentsel Alan (> 80%)", "gecirimsizlikKatmani": 46, "tucbsNo": "CBSGM_1_7984602", "aciklama": null, "gecerlilikBaslangici": "2019-02-04T00:00:00Z", "gecerlilikSonu": null, "gozlemTarihi": null, "hilucsAraziKullanimi": null, "hilucsDurumu": null, "olcek": "1:10000", "surumBaslangicZamani": null, "surumBitisZamani": null, "total_population": 0.0, "estimated_water_supply": 1.1361655110270414, "population_pressure": 0.0, "urban_water_stress_score": 0.0 }, "geometry": { "type": "MultiPolygon", "coordinates": [ [ [ [ 32.5768, 39.9596 ], [ 32.5749, 39.9589 ], [ 32.5746, 39.9594 ], [ 32.5763, 39.9601 ], [ 32.5767, 39.9595 ], [ 32.5768, 39.9596 ] ] ] ] } },
{ "type": "Feature", "properties": { "id": "sehirAtlasi.460", "kentAtlasiDegeriKodu": "14120", "kentAtlasiDegeri": "Kent İçindeki Yeşil Alanlar ( Aktif )", "gecirimsizlikKatmani": 0, "tucbsNo": "CBSGM_1_7984603", "aciklama": null, "gecerlilikBaslangici": "2019-02-04T00:00:00Z", "gecerlilikSonu": null, "gozlemTarihi": null, "hilucsAraziKullanimi": null, "hilucsDurumu": null, "olcek": "1:10000", "surumBaslangicZamani": null, "surumBitisZamani": null, "total_population": 0.0, "estimated_water_supply": 1.2216533301103705, "population_pressure": 0.0, "urban_water_stress_score": 0.0 }, "geometry": { "type": "MultiPolygon", "coordinates": [ [ [ [ 32.5768, 39.9736 ], [ 32.5763, 39.9735 ], [ 32.5758, 39.9734 ], [ 32.5759, 39.9736 ], [ 32.576, 39.9738 ], [ 32.576, 39.9738 ], [ 32.576, 39.9738 ], [ 32.576, 39.9738 ], [ 32.576, 39.9738 ], [ 32.5761, 39.9737 ], [ 32.5761, 39.9737 ], [ 32.5768, 39.9736 ] ] ] ] } },
{ "type": "Feature", "properties": { "id": "sehirAtlasi.461", "kentAtlasiDegeriKodu": "11100", "kentAtlasiDegeri": "Sürekli Kentsel Alan (> 80%)", "gecirimsizlikKatmani": 44, "tucbsNo": "CBSGM_1_7984604", "aciklama": null, "gecerlilikBaslangici": "2019-02-04T00:00:00Z", "gecerlilikSonu": null, "gozlemTarihi": null, "hilucsAraziKullanimi": null, "hilucsDurumu": null, "olcek": "1:10000", "surumBaslangicZamani": null, "surumBitisZamani": null, "total_population": 0.0, "estimated_water_supply": 0.72147108620086597, "population_pressure": 0.0, "urban_water_stress_score": 0.0 }, "geometry": { "type": "MultiPolygon", "coordinates": [ [ [ [ 32.8329, 39.88 ], [ 32.8336, 39.8807 ], [ 32.8336, 39.8807 ], [ 32.8345, 39.8819 ], [ 32.8352, 39.8817 ], [ 32.8355, 39.8816 ], [ 32.8355, 39.8816 ], [ 32.8349, 39.8806 ], [ 32.8345, 39.88 ], [ 32.8339, 39.8795 ], [ 32.8329, 39.88 ] ] ] ] } },
{ "type": "Feature", "properties": { "id": "sehirAtlasi.462", "kentAtlasiDegeriKodu": "11100", "kentAtlasiDegeri": "Sürekli Kentsel Alan (> 80%)", "gecirimsizlikKatmani": 43, "tucbsNo": "CBSGM_1_7984605", "aciklama": null, "gecerlilikBaslangici": "2019-02-13T00:00:00Z", "gecerlilikSonu": null, "gozlemTarihi": null, "hilucsAraziKullanimi": null, "hilucsDurumu": null, "olcek": "1:10000", "surumBaslangicZamani": null, "surumBitisZamani": null, "total_population": 0.0, "estimated_water_supply": 0.7011853182769745, "population_pressure": 0.0, "urban_water_stress_score": 0.0 }, "geometry": { "type": "MultiPolygon", "coordinates": [ [ [ [ 32.8331, 39.8639 ], [ 32.8331, 39.864 ], [ 32.8331, 39.864 ], [ 32.8335, 39.8649 ], [ 32.8335, 39.8649 ], [ 32.8335, 39.865 ], [ 32.8343, 39.8648 ], [ 32.8343, 39.8647 ], [ 32.8341, 39.8643 ], [ 32.834, 39.8639 ], [ 32.8338, 39.8637 ], [ 32.8331, 39.8639 ], [ 32.8331, 39.8639 ] ] ] ] } },
{ "type": "Feature", "properties": { "id": "sehirAtlasi.463", "kentAtlasiDegeriKodu": "12170", "kentAtlasiDegeri": "İbadethane Alanları", "gecirimsizlikKatmani": 0, "tucbsNo": "CBSGM_1_7984606", "aciklama": null, "gecerlilikBaslangici": "2019-05-22T00:00:00Z", "gecerlilikSonu": null, "gozlemTarihi": null, "hilucsAraziKullanimi": null, "hilucsDurumu": null, "olcek": "1:10000", "surumBaslangicZamani": null, "surumBitisZamani": null, "total_population": 0.0, "estimated_water_supply": 1.2275130631381237, "population_pressure": 0.0, "urban_water_stress_score": 0.0 }, "geometry": { "type": "MultiPolygon", "coordinates": [ [ [ [ 32.9055, 39.9838 ], [ 32.9054, 39.9838 ], [ 32.9052, 39.9837 ], [ 32.9052, 39.9837 ], [ 32.9051, 39.9836 ], [ 32.905, 39.9835 ], [ 32.9048, 39.9839 ], [ 32.9048, 39.9839 ], [ 32.9048, 39.9839 ], [ 32.9052, 39.984 ], [ 32.9054, 39.9841 ], [ 32.9055, 39.9839 ], [ 32.9055, 39.9838 ] ] ] ] } },
{ "type": "Feature", "properties": { "id": "sehirAtlasi.464", "kentAtlasiDegeriKodu": "11210", "kentAtlasiDegeri": "Yüksek Yoğunluklu Süreksiz Kentsel Alan (50% - 80%)", "gecirimsizlikKatmani": 53, "tucbsNo": "CBSGM_1_7984607", "aciklama": null, "gecerlilikBaslangici": "2019-02-05T00:00:00Z", "gecerlilikSonu": null, "gozlemTarihi": null, "hilucsAraziKullanimi": null, "hilucsDurumu": null, "olcek": "1:10000", "surumBaslangicZamani": null, "surumBitisZamani": null, "total_population": 0.0, "estimated_water_supply": 0.96428697735042279, "population_pressure": 0.0, "urban_water_stress_score": 0.0 }, "geometry": { "type": "MultiPolygon", "coordinates": [ [ [ [ 32.9048, 39.9125 ], [ 32.9054, 39.9124 ], [ 32.9054, 39.9124 ], [ 32.9054, 39.9124 ], [ 32.9058, 39.9125 ], [ 32.9058, 39.9125 ], [ 32.9062, 39.9125 ], [ 32.9062, 39.9125 ], [ 32.9063, 39.9122 ], [ 32.9063, 39.9122 ], [ 32.9064, 39.9121 ], [ 32.9064, 39.912 ], [ 32.9056, 39.912 ], [ 32.9048, 39.912 ], [ 32.9048, 39.9125 ] ] ] ] } },
{ "type": "Feature", "properties": { "id": "sehirAtlasi.465", "kentAtlasiDegeriKodu": "11100", "kentAtlasiDegeri": "Sürekli Kentsel Alan (> 80%)", "gecirimsizlikKatmani": 52, "tucbsNo": "CBSGM_1_7984608", "aciklama": null, "gecerlilikBaslangici": "2019-02-13T00:00:00Z", "gecerlilikSonu": null, "gozlemTarihi": null, "hilucsAraziKullanimi": null, "hilucsDurumu": null, "olcek": "1:10000", "surumBaslangicZamani": null, "surumBitisZamani": null, "total_population": 0.0, "estimated_water_supply": 0.70083548399952011, "population_pressure": 0.0, "urban_water_stress_score": 0.0 }, "geometry": { "type": "MultiPolygon", "coordinates": [ [ [ [ 32.8425, 39.8716 ], [ 32.842, 39.871 ], [ 32.842, 39.871 ], [ 32.8407, 39.8716 ], [ 32.8411, 39.8722 ], [ 32.8425, 39.8716 ] ] ] ] } },
{ "type": "Feature", "properties": { "id": "sehirAtlasi.466", "kentAtlasiDegeriKodu": "11210", "kentAtlasiDegeri": "Yüksek Yoğunluklu Süreksiz Kentsel Alan (50% - 80%)", "gecirimsizlikKatmani": 57, "tucbsNo": "CBSGM_1_7984609", "aciklama": null, "gecerlilikBaslangici": "2019-02-08T00:00:00Z", "gecerlilikSonu": null, "gozlemTarihi": null, "hilucsAraziKullanimi": null, "hilucsDurumu": null, "olcek": "1:10000", "surumBaslangicZamani": null, "surumBitisZamani": null, "total_population": 0.0, "estimated_water_supply": 0.94204886478303829, "population_pressure": 0.0, "urban_water_stress_score": 0.0 }, "geometry": { "type": "MultiPolygon", "coordinates": [ [ [ [ 32.9063, 39.9092 ], [ 32.9063, 39.9086 ], [ 32.9051, 39.9086 ], [ 32.9051, 39.9086 ], [ 32.9049, 39.9086 ], [ 32.9048, 39.9089 ], [ 32.9048, 39.9091 ], [ 32.9048, 39.9091 ], [ 32.9049, 39.9092 ], [ 32.9063, 39.9092 ] ] ] ] } },
{ "type": "Feature", "properties": { "id": "sehirAtlasi.467", "kentAtlasiDegeriKodu": "11100", "kentAtlasiDegeri": "Sürekli Kentsel Alan (> 80%)", "gecirimsizlikKatmani": 31, "tucbsNo": "CBSGM_1_7984610", "aciklama": null, "gecerlilikBaslangici": "2019-02-04T00:00:00Z", "gecerlilikSonu": null, "gozlemTarihi": null, "hilucsAraziKullanimi": null, "hilucsDurumu": null, "olcek": "1:10000", "surumBaslangicZamani": null, "surumBitisZamani": null, "total_population": 0.0, "estimated_water_supply": 1.180379748987185, "population_pressure": 0.0, "urban_water_stress_score": 0.0 }, "geometry": { "type": "MultiPolygon", "coordinates": [ [ [ [ 32.5835, 39.9688 ], [ 32.5825, 39.9687 ], [ 32.5822, 39.9687 ], [ 32.5822, 39.9692 ], [ 32.5832, 39.9692 ], [ 32.5834, 39.969 ], [ 32.5834, 39.969 ], [ 32.5835, 39.9688 ] ] ] ] } },
{ "type": "Feature", "properties": { "id": "sehirAtlasi.468", "kentAtlasiDegeriKodu": "14120", "kentAtlasiDegeri": "Kent İçindeki Yeşil Alanlar ( Aktif )", "gecirimsizlikKatmani": 0, "tucbsNo": "CBSGM_1_7984611", "aciklama": null, "gecerlilikBaslangici": "2019-02-06T00:00:00Z", "gecerlilikSonu": null, "gozlemTarihi": null, "hilucsAraziKullanimi": null, "hilucsDurumu": null, "olcek": "1:10000", "surumBaslangicZamani": null, "surumBitisZamani": null, "total_population": 0.0, "estimated_water_supply": 1.1642543042973146, "population_pressure": 0.0, "urban_water_stress_score": 0.0 }, "geometry": { "type": "MultiPolygon", "coordinates": [ [ [ [ 32.8786, 39.9817 ], [ 32.8786, 39.9817 ], [ 32.8788, 39.9817 ], [ 32.8788, 39.9817 ], [ 32.8788, 39.9817 ], [ 32.8788, 39.9816 ], [ 32.879, 39.9814 ], [ 32.8791, 39.9812 ], [ 32.8789, 39.9811 ], [ 32.8788, 39.9814 ], [ 32.8787, 39.9815 ], [ 32.8787, 39.9815 ], [ 32.8786, 39.9817 ] ] ] ] } },
{ "type": "Feature", "properties": { "id": "sehirAtlasi.469", "kentAtlasiDegeriKodu": "11100", "kentAtlasiDegeri": "Sürekli Kentsel Alan (> 80%)", "gecirimsizlikKatmani": 0, "tucbsNo": "CBSGM_1_7984612", "aciklama": null, "gecerlilikBaslangici": "2019-02-18T00:00:00Z", "gecerlilikSonu": null, "gozlemTarihi": null, "hilucsAraziKullanimi": null, "hilucsDurumu": null, "olcek": "1:10000", "surumBaslangicZamani": null, "surumBitisZamani": null, "total_population": 0.0, "estimated_water_supply": 1.0888676995074662, "population_pressure": 0.0, "urban_water_stress_score": 0.0 }, "geometry": { "type": "MultiPolygon", "coordinates": [ [ [ [ 32.8804, 39.9626 ], [ 32.8801, 39.9624 ], [ 32.88, 39.9624 ], [ 32.88, 39.9624 ], [ 32.8792, 39.9628 ], [ 32.8786, 39.9631 ], [ 32.8788, 39.9633 ], [ 32.8804, 39.9626 ] ] ] ] } },
{ "type": "Feature", "properties": { "id": "sehirAtlasi.470", "kentAtlasiDegeriKodu": "11240", "kentAtlasiDegeri": "Çok Düşük Yoğunluklu Süreksiz Kentsel Alan (< 10%)", "gecirimsizlikKatmani": 4, "tucbsNo": "CBSGM_1_7984613", "aciklama": null, "gecerlilikBaslangici": "2019-02-07T00:00:00Z", "gecerlilikSonu": null, "gozlemTarihi": null, "hilucsAraziKullanimi": null, "hilucsDurumu": null, "olcek": "1:10000", "surumBaslangicZamani": null, "surumBitisZamani": null, "total_population": 0.0, "estimated_water_supply": 1.1557529635123289, "population_pressure": 0.0, "urban_water_stress_score": 0.0 }, "geometry": { "type": "MultiPolygon", "coordinates": [ [ [ [ 32.9663, 39.9593 ], [ 32.9661, 39.959 ], [ 32.9659, 39.9591 ], [ 32.9654, 39.9594 ], [ 32.9644, 39.96 ], [ 32.9644, 39.9601 ], [ 32.9644, 39.9602 ], [ 32.9647, 39.9606 ], [ 32.9663, 39.9593 ] ] ] ] } },
{ "type": "Feature", "properties": { "id": "sehirAtlasi.471", "kentAtlasiDegeriKodu": "11240", "kentAtlasiDegeri": "Çok Düşük Yoğunluklu Süreksiz Kentsel Alan (< 10%)", "gecirimsizlikKatmani": 6, "tucbsNo": "CBSGM_1_7984614", "aciklama": null, "gecerlilikBaslangici": "2019-02-12T00:00:00Z", "gecerlilikSonu": null, "gozlemTarihi": null, "hilucsAraziKullanimi": null, "hilucsDurumu": null, "olcek": "1:10000", "surumBaslangicZamani": null, "surumBitisZamani": null, "total_population": 0.0, "estimated_water_supply": 0.62043489881686975, "population_pressure": 0.0, "urban_water_stress_score": 0.0 }, "geometry": { "type": "MultiPolygon", "coordinates": [ [ [ [ 32.7568, 39.8259 ], [ 32.7568, 39.8248 ], [ 32.7557, 39.8249 ], [ 32.7557, 39.8249 ], [ 32.7557, 39.8249 ], [ 32.7557, 39.825 ], [ 32.7556, 39.825 ], [ 32.7556, 39.825 ], [ 32.7554, 39.8262 ], [ 32.756, 39.826 ], [ 32.756, 39.826 ], [ 32.756, 39.826 ], [ 32.7563, 39.8259 ], [ 32.7563, 39.8259 ], [ 32.7568, 39.8259 ] ] ] ] } },
{ "type": "Feature", "properties": { "id": "sehirAtlasi.472", "kentAtlasiDegeriKodu": "11230", "kentAtlasiDegeri": "Düşük Yoğunluklu Süreksiz Kentsel Alan (10% - 30%)", "gecirimsizlikKatmani": 16, "tucbsNo": "CBSGM_1_7984615", "aciklama": null, "gecerlilikBaslangici": "2019-02-12T00:00:00Z", "gecerlilikSonu": null, "gozlemTarihi": null, "hilucsAraziKullanimi": null, "hilucsDurumu": null, "olcek": "1:10000", "surumBaslangicZamani": null, "surumBitisZamani": null, "total_population": 0.0, "estimated_water_supply": 0.64569336966475666, "population_pressure": 0.0, "urban_water_stress_score": 0.0 }, "geometry": { "type": "MultiPolygon", "coordinates": [ [ [ [ 32.7565, 39.8332 ], [ 32.756, 39.8328 ], [ 32.7555, 39.8334 ], [ 32.7562, 39.8337 ], [ 32.7565, 39.8332 ] ] ] ] } },
{ "type": "Feature", "properties": { "id": "sehirAtlasi.473", "kentAtlasiDegeriKodu": "14100", "kentAtlasiDegeri": "Kent İçindeki Yeşil Alanlar ( Pasif )", "gecirimsizlikKatmani": 0, "tucbsNo": "CBSGM_1_7984616", "aciklama": null, "gecerlilikBaslangici": "2019-02-04T00:00:00Z", "gecerlilikSonu": null, "gozlemTarihi": null, "hilucsAraziKullanimi": null, "hilucsDurumu": null, "olcek": "1:10000", "surumBaslangicZamani": null, "surumBitisZamani": null, "total_population": 0.0, "estimated_water_supply": 1.0675425973194086, "population_pressure": 0.0, "urban_water_stress_score": 0.0 }, "geometry": { "type": "MultiPolygon", "coordinates": [ [ [ [ 32.7559, 39.9623 ], [ 32.7558, 39.9622 ], [ 32.7558, 39.9621 ], [ 32.7556, 39.9621 ], [ 32.7557, 39.9623 ], [ 32.7559, 39.9623 ] ] ] ] } },
{ "type": "Feature", "properties": { "id": "sehirAtlasi.474", "kentAtlasiDegeriKodu": "12110", "kentAtlasiDegeri": "Sanayi ve Üretim Alanları", "gecirimsizlikKatmani": 0, "tucbsNo": "CBSGM_1_7984617", "aciklama": null, "gecerlilikBaslangici": "2019-05-24T00:00:00Z", "gecerlilikSonu": null, "gozlemTarihi": null, "hilucsAraziKullanimi": null, "hilucsDurumu": null, "olcek": "1:10000", "surumBaslangicZamani": null, "surumBitisZamani": null, "total_population": 0.0, "estimated_water_supply": 1.0646873147810276, "population_pressure": 0.0, "urban_water_stress_score": 0.0 }, "geometry": { "type": "MultiPolygon", "coordinates": [ [ [ [ 32.7557, 39.9604 ], [ 32.7558, 39.9609 ], [ 32.7557, 39.9609 ], [ 32.7568, 39.9608 ], [ 32.7568, 39.9605 ], [ 32.7568, 39.9604 ], [ 32.7568, 39.9604 ], [ 32.7568, 39.9603 ], [ 32.7564, 39.9603 ], [ 32.7557, 39.9605 ], [ 32.7557, 39.9604 ] ] ] ] } },
{ "type": "Feature", "properties": { "id": "sehirAtlasi.475", "kentAtlasiDegeriKodu": "12110", "kentAtlasiDegeri": "Sanayi ve Üretim Alanları", "gecirimsizlikKatmani": 48, "tucbsNo": "CBSGM_1_7984618", "aciklama": null, "gecerlilikBaslangici": "2019-05-24T00:00:00Z", "gecerlilikSonu": null, "gozlemTarihi": null, "hilucsAraziKullanimi": null, "hilucsDurumu": null, "olcek": "1:10000", "surumBaslangicZamani": null, "surumBitisZamani": null, "total_population": 0.0, "estimated_water_supply": 1.2207930621113634, "population_pressure": 0.0, "urban_water_stress_score": 0.0 }, "geometry": { "type": "MultiPolygon", "coordinates": [ [ [ [ 32.7564, 39.9955 ], [ 32.7558, 39.9955 ], [ 32.7558, 39.9967 ], [ 32.7564, 39.9967 ], [ 32.7564, 39.9955 ] ] ] ] } },
{ "type": "Feature", "properties": { "id": "sehirAtlasi.476", "kentAtlasiDegeriKodu": "12110", "kentAtlasiDegeri": "Sanayi ve Üretim Alanları", "gecirimsizlikKatmani": 0, "tucbsNo": "CBSGM_1_7984619", "aciklama": null, "gecerlilikBaslangici": "2019-05-24T00:00:00Z", "gecerlilikSonu": null, "gozlemTarihi": null, "hilucsAraziKullanimi": null, "hilucsDurumu": null, "olcek": "1:10000", "surumBaslangicZamani": null, "surumBitisZamani": null, "total_population": 0.0, "estimated_water_supply": 1.0679001504824404, "population_pressure": 0.0, "urban_water_stress_score": 0.0 }, "geometry": { "type": "MultiPolygon", "coordinates": [ [ [ [ 32.7559, 39.9622 ], [ 32.756, 39.9623 ], [ 32.7561, 39.9628 ], [ 32.7561, 39.9628 ], [ 32.7562, 39.9628 ], [ 32.7569, 39.9622 ], [ 32.7569, 39.9621 ], [ 32.7559, 39.9622 ] ] ] ] } },
{ "type": "Feature", "properties": { "id": "sehirAtlasi.477", "kentAtlasiDegeriKodu": "12220", "kentAtlasiDegeri": "Diğer Yollar ve İlgili Alanlar", "gecirimsizlikKatmani": 0, "tucbsNo": "CBSGM_1_7984620", "aciklama": null, "gecerlilikBaslangici": "2019-02-12T00:00:00Z", "gecerlilikSonu": null, "gozlemTarihi": null, "hilucsAraziKullanimi": null, "hilucsDurumu": null, "olcek": "1:10000", "surumBaslangicZamani": null, "surumBitisZamani": null, "total_population": 0.0, "estimated_water_supply": 1.3923534845901364, "population_pressure": 0.0, "urban_water_stress_score": 0.0 }, "geometry": { "type": "MultiPolygon", "coordinates": [ [ [ [ 32.654, 40.0202 ], [ 32.6541, 40.0202 ], [ 32.6541, 40.0202 ], [ 32.6541, 40.0202 ], [ 32.6541, 40.0202 ], [ 32.6543, 40.02 ], [ 32.6543, 40.02 ], [ 32.6545, 40.02 ], [ 32.6545, 40.02 ], [ 32.6546, 40.02 ], [ 32.6546, 40.02 ], [ 32.6546, 40.02 ], [ 32.6548, 40.0198 ], [ 32.6549, 40.0198 ], [ 32.6549, 40.02 ], [ 32.6549, 40.02 ], [ 32.655, 40.0205 ], [ 32.655, 40.0205 ], [ 32.655, 40.0205 ], [ 32.655, 40.0205 ], [ 32.6551, 40.0205 ], [ 32.6551, 40.0204 ], [ 32.655, 40.02 ], [ 32.655, 40.0197 ], [ 32.6552, 40.0195 ], [ 32.6553, 40.0196 ], [ 32.6553, 40.0196 ], [ 32.6554, 40.0197 ], [ 32.6556, 40.0198 ], [ 32.6556, 40.02 ], [ 32.6556, 40.0201 ], [ 32.6557, 40.0203 ], [ 32.6557, 40.0203 ], [ 32.6557, 40.0203 ], [ 32.6557, 40.0203 ], [ 32.6556, 40.02 ], [ 32.6556, 40.0197 ], [ 32.6556, 40.0197 ], [ 32.6556, 40.0197 ], [ 32.6554, 40.0196 ], [ 32.6554, 40.0196 ], [ 32.6552, 40.0195 ], [ 32.6553, 40.0194 ], [ 32.6558, 40.0189 ], [ 32.6558, 40.0189 ], [ 32.6558, 40.0189 ], [ 32.6558, 40.0189 ], [ 32.6557, 40.0189 ], [ 32.6553, 40.0193 ], [ 32.6551, 40.0192 ], [ 32.6551, 40.0192 ], [ 32.6551, 40.0192 ], [ 32.6549, 40.0192 ], [ 32.6543, 40.0191 ], [ 32.6539, 40.019 ], [ 32.6539, 40.0191 ], [ 32.6538, 40.0191 ], [ 32.6538, 40.0191 ], [ 32.6538, 40.0191 ], [ 32.6538, 40.0191 ], [ 32.6538, 40.0191 ], [ 32.6543, 40.0192 ], [ 32.6544, 40.0194 ], [ 32.6545, 40.0196 ], [ 32.6545, 40.0197 ], [ 32.6544, 40.0199 ], [ 32.6543, 40.0199 ], [ 32.6543, 40.0199 ], [ 32.6543, 40.0199 ], [ 32.6542, 40.0199 ], [ 32.6542, 40.02 ], [ 32.6542, 40.02 ], [ 32.654, 40.0202 ] ], [ [ 32.6552, 40.0193 ], [ 32.6552, 40.0194 ], [ 32.6549, 40.0197 ], [ 32.6548, 40.0198 ], [ 32.6546, 40.0199 ], [ 32.6545, 40.0199 ], [ 32.6546, 40.0197 ], [ 32.6546, 40.0197 ], [ 32.6546, 40.0196 ], [ 32.6546, 40.0196 ], [ 32.6546, 40.0196 ], [ 32.6545, 40.0194 ], [ 32.6545, 40.0194 ], [ 32.6544, 40.0192 ], [ 32.6549, 40.0192 ], [ 32.655, 40.0193 ], [ 32.6552, 40.0193 ] ] ] ] } },
{ "type": "Feature", "properties": { "id": "sehirAtlasi.478", "kentAtlasiDegeriKodu": "12220", "kentAtlasiDegeri": "Diğer Yollar ve İlgili Alanlar", "gecirimsizlikKatmani": 0, "tucbsNo": "CBSGM_1_7984621", "aciklama": null, "gecerlilikBaslangici": "2019-02-05T00:00:00Z", "gecerlilikSonu": null, "gozlemTarihi": null, "hilucsAraziKullanimi": null, "hilucsDurumu": null, "olcek": "1:10000", "surumBaslangicZamani": null, "surumBitisZamani": null, "total_population": 0.0, "estimated_water_supply": 1.3120218224181746, "population_pressure": 0.0, "urban_water_stress_score": 0.0 }, "geometry": { "type": "MultiPolygon", "coordinates": [ [ [ [ 32.869, 40.0116 ], [ 32.8698, 40.0119 ], [ 32.8698, 40.0118 ], [ 32.8698, 40.0118 ], [ 32.869, 40.0115 ], [ 32.869, 40.0115 ], [ 32.869, 40.0116 ], [ 32.869, 40.0116 ] ] ] ] } },
{ "type": "Feature", "properties": { "id": "sehirAtlasi.479", "kentAtlasiDegeriKodu": "12220", "kentAtlasiDegeri": "Diğer Yollar ve İlgili Alanlar", "gecirimsizlikKatmani": 0, "tucbsNo": "CBSGM_1_7984622", "aciklama": null, "gecerlilikBaslangici": "2019-02-05T00:00:00Z", "gecerlilikSonu": null, "gozlemTarihi": null, "hilucsAraziKullanimi": null, "hilucsDurumu": null, "olcek": "1:10000", "surumBaslangicZamani": null, "surumBitisZamani": null, "total_population": 0.0, "estimated_water_supply": 1.2354687070058288, "population_pressure": 0.0, "urban_water_stress_score": 0.0 }, "geometry": { "type": "MultiPolygon", "coordinates": [ [ [ [ 32.866, 40.0037 ], [ 32.866, 40.0037 ], [ 32.866, 40.0037 ], [ 32.866, 40.0037 ], [ 32.866, 40.0038 ], [ 32.8672, 40.004 ], [ 32.8672, 40.004 ], [ 32.8672, 40.004 ], [ 32.8678, 40.0041 ], [ 32.8678, 40.0041 ], [ 32.8678, 40.0041 ], [ 32.8672, 40.004 ], [ 32.866, 40.0037 ] ] ] ] } },
{ "type": "Feature", "properties": { "id": "sehirAtlasi.480", "kentAtlasiDegeriKodu": "12220", "kentAtlasiDegeri": "Diğer Yollar ve İlgili Alanlar", "gecirimsizlikKatmani": 0, "tucbsNo": "CBSGM_1_7984623", "aciklama": null, "gecerlilikBaslangici": "2019-02-05T00:00:00Z", "gecerlilikSonu": null, "gozlemTarihi": null, "hilucsAraziKullanimi": null, "hilucsDurumu": null, "olcek": "1:10000", "surumBaslangicZamani": null, "surumBitisZamani": null, "total_population": 0.0, "estimated_water_supply": 1.2403098988901915, "population_pressure": 0.0, "urban_water_stress_score": 0.0 }, "geometry": { "type": "MultiPolygon", "coordinates": [ [ [ [ 32.8679, 40.0042 ], [ 32.8683, 40.0045 ], [ 32.8683, 40.0045 ], [ 32.8688, 40.0048 ], [ 32.8688, 40.0048 ], [ 32.8688, 40.0047 ], [ 32.8684, 40.0045 ], [ 32.8684, 40.0045 ], [ 32.8679, 40.0041 ], [ 32.8679, 40.0041 ], [ 32.8679, 40.0041 ], [ 32.8679, 40.0041 ], [ 32.8679, 40.0042 ], [ 32.8679, 40.0042 ] ] ] ] } },
{ "type": "Feature", "properties": { "id": "sehirAtlasi.481", "kentAtlasiDegeriKodu": "12220", "kentAtlasiDegeri": "Diğer Yollar ve İlgili Alanlar", "gecirimsizlikKatmani": 0, "tucbsNo": "CBSGM_1_7984624", "aciklama": null, "gecerlilikBaslangici": "2019-02-08T00:00:00Z", "gecerlilikSonu": null, "gozlemTarihi": null, "hilucsAraziKullanimi": null, "hilucsDurumu": null, "olcek": "1:10000", "surumBaslangicZamani": null, "surumBitisZamani": null, "total_population": 0.0, "estimated_water_supply": 1.2701473649245716, "population_pressure": 0.0, "urban_water_stress_score": 0.0 }, "geometry": { "type": "MultiPolygon", "coordinates": [ [ [ [ 32.8989, 40.0084 ], [ 32.8989, 40.0084 ], [ 32.899, 40.0087 ], [ 32.899, 40.0087 ], [ 32.8991, 40.0088 ], [ 32.8991, 40.0088 ], [ 32.8993, 40.009 ], [ 32.8994, 40.0091 ], [ 32.8997, 40.0092 ], [ 32.8997, 40.0093 ], [ 32.8998, 40.0094 ], [ 32.8998, 40.0094 ], [ 32.8998, 40.0095 ], [ 32.8998, 40.0095 ], [ 32.8998, 40.0095 ], [ 32.8998, 40.0096 ], [ 32.8998, 40.0096 ], [ 32.8998, 40.0096 ], [ 32.8998, 40.0096 ], [ 32.8998, 40.0096 ], [ 32.8998, 40.0096 ], [ 32.8998, 40.0095 ], [ 32.8998, 40.0095 ], [ 32.8998, 40.0094 ], [ 32.8998, 40.0094 ], [ 32.8998, 40.0093 ], [ 32.8998, 40.0093 ], [ 32.8997, 40.0092 ], [ 32.8997, 40.0092 ], [ 32.8995, 40.009 ], [ 32.8994, 40.009 ], [ 32.8992, 40.0088 ], [ 32.899, 40.0087 ], [ 32.8989, 40.0084 ], [ 32.8989, 40.0084 ], [ 32.8989, 40.0084 ], [ 32.8989, 40.0084 ], [ 32.8989, 40.0084 ], [ 32.8989, 40.0084 ], [ 32.8989, 40.0084 ] ] ] ] } },
{ "type": "Feature", "properties": { "id": "sehirAtlasi.482", "kentAtlasiDegeriKodu": "12220", "kentAtlasiDegeri": "Diğer Yollar ve İlgili Alanlar", "gecirimsizlikKatmani": 0, "tucbsNo": "CBSGM_1_7984625", "aciklama": null, "gecerlilikBaslangici": "2019-02-06T00:00:00Z", "gecerlilikSonu": null, "gozlemTarihi": null, "hilucsAraziKullanimi": null, "hilucsDurumu": null, "olcek": "1:10000", "surumBaslangicZamani": null, "surumBitisZamani": null, "total_population": 0.0, "estimated_water_supply": 1.4070915825153349, "population_pressure": 0.0, "urban_water_stress_score": 0.0 }, "geometry": { "type": "MultiPolygon", "coordinates": [ [ [ [ 32.8628, 40.0198 ], [ 32.8628, 40.0198 ], [ 32.8628, 40.0198 ], [ 32.8628, 40.0198 ], [ 32.8629, 40.0198 ], [ 32.8631, 40.0196 ], [ 32.8631, 40.0195 ], [ 32.8631, 40.0195 ], [ 32.8631, 40.0195 ], [ 32.863, 40.0195 ], [ 32.863, 40.0195 ], [ 32.863, 40.0195 ], [ 32.863, 40.0195 ], [ 32.8628, 40.0198 ] ] ] ] } },
{ "type": "Feature", "properties": { "id": "sehirAtlasi.483", "kentAtlasiDegeriKodu": "12220", "kentAtlasiDegeri": "Diğer Yollar ve İlgili Alanlar", "gecirimsizlikKatmani": 0, "tucbsNo": "CBSGM_1_7984626", "aciklama": null, "gecerlilikBaslangici": "2019-02-05T00:00:00Z", "gecerlilikSonu": null, "gozlemTarihi": null, "hilucsAraziKullanimi": null, "hilucsDurumu": null, "olcek": "1:10000", "surumBaslangicZamani": null, "surumBitisZamani": null, "total_population": 0.0, "estimated_water_supply": 1.3213935567081725, "population_pressure": 0.0, "urban_water_stress_score": 0.0 }, "geometry": { "type": "MultiPolygon", "coordinates": [ [ [ [ 32.8686, 40.013 ], [ 32.8685, 40.013 ], [ 32.8687, 40.0132 ], [ 32.8687, 40.0132 ], [ 32.8687, 40.0133 ], [ 32.8687, 40.0133 ], [ 32.8688, 40.0133 ], [ 32.8688, 40.0132 ], [ 32.8688, 40.0132 ], [ 32.8688, 40.0132 ], [ 32.8686, 40.0129 ], [ 32.8686, 40.013 ] ] ] ] } },
{ "type": "Feature", "properties": { "id": "sehirAtlasi.484", "kentAtlasiDegeriKodu": "13300", "kentAtlasiDegeri": "İnşaat Alanları", "gecirimsizlikKatmani": 0, "tucbsNo": "CBSGM_1_7984627", "aciklama": null, "gecerlilikBaslangici": "2019-02-20T00:00:00Z", "gecerlilikSonu": null, "gozlemTarihi": null, "hilucsAraziKullanimi": null, "hilucsDurumu": null, "olcek": "1:10000", "surumBaslangicZamani": null, "surumBitisZamani": null, "total_population": 0.0, "estimated_water_supply": 0.6031910655180952, "population_pressure": 0.0, "urban_water_stress_score": 0.0 }, "geometry": { "type": "MultiPolygon", "coordinates": [ [ [ [ 32.7095, 39.8238 ], [ 32.7094, 39.8238 ], [ 32.7095, 39.8237 ], [ 32.7083, 39.8232 ], [ 32.7083, 39.8233 ], [ 32.7088, 39.8235 ], [ 32.7093, 39.8237 ], [ 32.7095, 39.8238 ] ] ] ] } },
{ "type": "Feature", "properties": { "id": "sehirAtlasi.485", "kentAtlasiDegeriKodu": "11100", "kentAtlasiDegeri": "Sürekli Kentsel Alan (> 80%)", "gecirimsizlikKatmani": 32, "tucbsNo": "CBSGM_1_7984628", "aciklama": null, "gecerlilikBaslangici": "2019-02-20T00:00:00Z", "gecerlilikSonu": null, "gozlemTarihi": null, "hilucsAraziKullanimi": null, "hilucsDurumu": null, "olcek": "1:10000", "surumBaslangicZamani": null, "surumBitisZamani": null, "total_population": 0.0, "estimated_water_supply": 1.3123349445811052, "population_pressure": 0.0, "urban_water_stress_score": 0.0 }, "geometry": { "type": "MultiPolygon", "coordinates": [ [ [ [ 32.8654, 40.013 ], [ 32.8654, 40.0129 ], [ 32.8656, 40.013 ], [ 32.8656, 40.013 ], [ 32.8658, 40.013 ], [ 32.8658, 40.013 ], [ 32.866, 40.0131 ], [ 32.8666, 40.0135 ], [ 32.8669, 40.0133 ], [ 32.8662, 40.0128 ], [ 32.8662, 40.0128 ], [ 32.8662, 40.0128 ], [ 32.8661, 40.0127 ], [ 32.8661, 40.0127 ], [ 32.8661, 40.0124 ], [ 32.8662, 40.0123 ], [ 32.8652, 40.0124 ], [ 32.8653, 40.0127 ], [ 32.8654, 40.013 ] ] ] ] } },
{ "type": "Feature", "properties": { "id": "sehirAtlasi.486", "kentAtlasiDegeriKodu": "14100", "kentAtlasiDegeri": "Kent İçindeki Yeşil Alanlar ( Pasif )", "gecirimsizlikKatmani": 2, "tucbsNo": "CBSGM_1_7984629", "aciklama": null, "gecerlilikBaslangici": "2019-02-05T00:00:00Z", "gecerlilikSonu": null, "gozlemTarihi": null, "hilucsAraziKullanimi": null, "hilucsDurumu": null, "olcek": "1:10000", "surumBaslangicZamani": null, "surumBitisZamani": null, "total_population": 0.0, "estimated_water_supply": 1.1631190537400291, "population_pressure": 0.0, "urban_water_stress_score": 0.0 }, "geometry": { "type": "MultiPolygon", "coordinates": [ [ [ [ 32.9094, 39.9309 ], [ 32.9097, 39.9307 ], [ 32.9099, 39.9305 ], [ 32.9095, 39.9305 ], [ 32.9092, 39.9305 ], [ 32.9092, 39.9306 ], [ 32.9093, 39.9309 ], [ 32.9094, 39.9309 ], [ 32.9094, 39.9309 ] ] ] ] } },
{ "type": "Feature", "properties": { "id": "sehirAtlasi.487", "kentAtlasiDegeriKodu": "11100", "kentAtlasiDegeri": "Sürekli Kentsel Alan (> 80%)", "gecirimsizlikKatmani": 47, "tucbsNo": "CBSGM_1_7984630", "aciklama": null, "gecerlilikBaslangici": "2019-02-20T00:00:00Z", "gecerlilikSonu": null, "gozlemTarihi": null, "hilucsAraziKullanimi": null, "hilucsDurumu": null, "olcek": "1:10000", "surumBaslangicZamani": null, "surumBitisZamani": null, "total_population": 0.0, "estimated_water_supply": 1.260121280837244, "population_pressure": 0.0, "urban_water_stress_score": 0.0 }, "geometry": { "type": "MultiPolygon", "coordinates": [ [ [ [ 32.8708, 40.0053 ], [ 32.8708, 40.0057 ], [ 32.8708, 40.0059 ], [ 32.8713, 40.006 ], [ 32.8713, 40.006 ], [ 32.8713, 40.006 ], [ 32.8716, 40.0061 ], [ 32.8716, 40.0061 ], [ 32.8719, 40.0059 ], [ 32.8721, 40.0058 ], [ 32.8717, 40.0057 ], [ 32.8713, 40.0055 ], [ 32.8708, 40.0053 ] ] ] ] } },
{ "type": "Feature", "properties": { "id": "sehirAtlasi.488", "kentAtlasiDegeriKodu": "13400", "kentAtlasiDegeri": "Mevcut Kullanımı Olmayan Alanlar", "gecirimsizlikKatmani": 7, "tucbsNo": "CBSGM_1_7984631", "aciklama": null, "gecerlilikBaslangici": "2019-02-04T00:00:00Z", "gecerlilikSonu": null, "gozlemTarihi": null, "hilucsAraziKullanimi": null, "hilucsDurumu": null, "olcek": "1:10000", "surumBaslangicZamani": null, "surumBitisZamani": null, "total_population": 0.0, "estimated_water_supply": 1.0612936361219956, "population_pressure": 0.0, "urban_water_stress_score": 0.0 }, "geometry": { "type": "MultiPolygon", "coordinates": [ [ [ [ 32.7573, 39.958 ], [ 32.7569, 39.9581 ], [ 32.7569, 39.9581 ], [ 32.756, 39.9584 ], [ 32.7564, 39.959 ], [ 32.7564, 39.959 ], [ 32.7562, 39.9587 ], [ 32.7562, 39.9587 ], [ 32.7562, 39.9586 ], [ 32.7563, 39.9586 ], [ 32.7563, 39.9586 ], [ 32.7563, 39.9586 ], [ 32.7563, 39.9586 ], [ 32.7563, 39.9586 ], [ 32.7565, 39.959 ], [ 32.7565, 39.9589 ], [ 32.7565, 39.9589 ], [ 32.7566, 39.9588 ], [ 32.7566, 39.9588 ], [ 32.7567, 39.9585 ], [ 32.7567, 39.9585 ], [ 32.7568, 39.9583 ], [ 32.7568, 39.9583 ], [ 32.7568, 39.9583 ], [ 32.7568, 39.9583 ], [ 32.7569, 39.9583 ], [ 32.7569, 39.9583 ], [ 32.757, 39.9583 ], [ 32.757, 39.9583 ], [ 32.7571, 39.9583 ], [ 32.7571, 39.9583 ], [ 32.7572, 39.9583 ], [ 32.7572, 39.9583 ], [ 32.7572, 39.9583 ], [ 32.7573, 39.9583 ], [ 32.7573, 39.9584 ], [ 32.7574, 39.9584 ], [ 32.7574, 39.9584 ], [ 32.7574, 39.9585 ], [ 32.7574, 39.9585 ], [ 32.7574, 39.9586 ], [ 32.7574, 39.9586 ], [ 32.7574, 39.9586 ], [ 32.7574, 39.9586 ], [ 32.7574, 39.9586 ], [ 32.7574, 39.9587 ], [ 32.7574, 39.9587 ], [ 32.7574, 39.9588 ], [ 32.7574, 39.9588 ], [ 32.7574, 39.9588 ], [ 32.7573, 39.9588 ], [ 32.7572, 39.9589 ], [ 32.7572, 39.9589 ], [ 32.7571, 39.959 ], [ 32.7571, 39.959 ], [ 32.7571, 39.9591 ], [ 32.757, 39.9592 ], [ 32.757, 39.9592 ], [ 32.7571, 39.9593 ], [ 32.7572, 39.9594 ], [ 32.7572, 39.9594 ], [ 32.7574, 39.9596 ], [ 32.7574, 39.9595 ], [ 32.7575, 39.9594 ], [ 32.7576, 39.9592 ], [ 32.7576, 39.9588 ], [ 32.7576, 39.9587 ], [ 32.7576, 39.9587 ], [ 32.7576, 39.9586 ], [ 32.7573, 39.958 ], [ 32.7573, 39.958 ] ] ] ] } },
{ "type": "Feature", "properties": { "id": "sehirAtlasi.489", "kentAtlasiDegeriKodu": "11210", "kentAtlasiDegeri": "Yüksek Yoğunluklu Süreksiz Kentsel Alan (50% - 80%)", "gecirimsizlikKatmani": 57, "tucbsNo": "CBSGM_1_7984632", "aciklama": null, "gecerlilikBaslangici": "2019-02-13T00:00:00Z", "gecerlilikSonu": null, "gozlemTarihi": null, "hilucsAraziKullanimi": null, "hilucsDurumu": null, "olcek": "1:10000", "surumBaslangicZamani": null, "surumBitisZamani": null, "total_population": 0.0, "estimated_water_supply": 0.84507877398048348, "population_pressure": 0.0, "urban_water_stress_score": 0.0 }, "geometry": { "type": "MultiPolygon", "coordinates": [ [ [ [ 32.8277, 39.9249 ], [ 32.8283, 39.925 ], [ 32.8283, 39.925 ], [ 32.8292, 39.9252 ], [ 32.8292, 39.9252 ], [ 32.8292, 39.9252 ], [ 32.8301, 39.9254 ], [ 32.8303, 39.9249 ], [ 32.8303, 39.9248 ], [ 32.8303, 39.9247 ], [ 32.8303, 39.9247 ], [ 32.8294, 39.9245 ], [ 32.8286, 39.9244 ], [ 32.8286, 39.9244 ], [ 32.828, 39.9243 ], [ 32.8277, 39.9249 ], [ 32.8277, 39.9249 ] ] ] ] } },
{ "type": "Feature", "properties": { "id": "sehirAtlasi.490", "kentAtlasiDegeriKodu": "11100", "kentAtlasiDegeri": "Sürekli Kentsel Alan (> 80%)", "gecirimsizlikKatmani": 0, "tucbsNo": "CBSGM_1_7984633", "aciklama": null, "gecerlilikBaslangici": "2019-02-18T00:00:00Z", "gecerlilikSonu": null, "gozlemTarihi": null, "hilucsAraziKullanimi": null, "hilucsDurumu": null, "olcek": "1:10000", "surumBaslangicZamani": null, "surumBitisZamani": null, "total_population": 0.0, "estimated_water_supply": 1.1811933525987963, "population_pressure": 0.0, "urban_water_stress_score": 0.0 }, "geometry": { "type": "MultiPolygon", "coordinates": [ [ [ [ 32.8932, 39.9784 ], [ 32.8928, 39.9777 ], [ 32.8924, 39.9778 ], [ 32.8924, 39.9778 ], [ 32.8923, 39.9778 ], [ 32.8923, 39.9778 ], [ 32.8911, 39.9779 ], [ 32.8909, 39.9786 ], [ 32.8927, 39.9785 ], [ 32.8928, 39.9785 ], [ 32.8932, 39.9784 ] ] ] ] } },
{ "type": "Feature", "properties": { "id": "sehirAtlasi.491", "kentAtlasiDegeriKodu": "11210", "kentAtlasiDegeri": "Yüksek Yoğunluklu Süreksiz Kentsel Alan (50% - 80%)", "gecirimsizlikKatmani": 34, "tucbsNo": "CBSGM_1_7984634", "aciklama": null, "gecerlilikBaslangici": "2019-02-11T00:00:00Z", "gecerlilikSonu": null, "gozlemTarihi": null, "hilucsAraziKullanimi": null, "hilucsDurumu": null, "olcek": "1:10000", "surumBaslangicZamani": null, "surumBitisZamani": null, "total_population": 0.0, "estimated_water_supply": 1.1656938810645296, "population_pressure": 0.0, "urban_water_stress_score": 0.0 }, "geometry": { "type": "MultiPolygon", "coordinates": [ [ [ [ 32.7842, 39.9867 ], [ 32.7842, 39.9863 ], [ 32.7842, 39.9862 ], [ 32.7841, 39.9862 ], [ 32.7841, 39.9861 ], [ 32.7841, 39.9859 ], [ 32.7841, 39.9859 ], [ 32.7841, 39.9859 ], [ 32.7842, 39.9859 ], [ 32.7841, 39.9858 ], [ 32.7838, 39.9857 ], [ 32.7836, 39.9856 ], [ 32.7834, 39.9857 ], [ 32.783, 39.986 ], [ 32.7832, 39.9862 ], [ 32.7832, 39.9862 ], [ 32.7836, 39.9866 ], [ 32.7836, 39.9866 ], [ 32.7836, 39.9867 ], [ 32.7842, 39.9867 ] ] ] ] } },
{ "type": "Feature", "properties": { "id": "sehirAtlasi.492", "kentAtlasiDegeriKodu": "11100", "kentAtlasiDegeri": "Sürekli Kentsel Alan (> 80%)", "gecirimsizlikKatmani": 52, "tucbsNo": "CBSGM_1_7984636", "aciklama": null, "gecerlilikBaslangici": "2019-02-04T00:00:00Z", "gecerlilikSonu": null, "gozlemTarihi": null, "hilucsAraziKullanimi": null, "hilucsDurumu": null, "olcek": "1:10000", "surumBaslangicZamani": null, "surumBitisZamani": null, "total_population": 0.0, "estimated_water_supply": 1.0580612576217843, "population_pressure": 0.0, "urban_water_stress_score": 0.0 }, "geometry": { "type": "MultiPolygon", "coordinates": [ [ [ [ 32.7834, 39.9708 ], [ 32.7845, 39.9702 ], [ 32.7845, 39.9702 ], [ 32.7851, 39.97 ], [ 32.7849, 39.9695 ], [ 32.7831, 39.9702 ], [ 32.7834, 39.9708 ] ] ] ] } },
{ "type": "Feature", "properties": { "id": "sehirAtlasi.493", "kentAtlasiDegeriKodu": "11100", "kentAtlasiDegeri": "Sürekli Kentsel Alan (> 80%)", "gecirimsizlikKatmani": 35, "tucbsNo": "CBSGM_1_7984637", "aciklama": null, "gecerlilikBaslangici": "2019-02-13T00:00:00Z", "gecerlilikSonu": null, "gozlemTarihi": null, "hilucsAraziKullanimi": null, "hilucsDurumu": null, "olcek": "1:10000", "surumBaslangicZamani": null, "surumBitisZamani": null, "total_population": 0.0, "estimated_water_supply": 0.70442674438817465, "population_pressure": 0.0, "urban_water_stress_score": 0.0 }, "geometry": { "type": "MultiPolygon", "coordinates": [ [ [ [ 32.8278, 39.8701 ], [ 32.8286, 39.8705 ], [ 32.829, 39.8702 ], [ 32.8282, 39.8698 ], [ 32.8278, 39.8701 ] ] ] ] } },
{ "type": "Feature", "properties": { "id": "sehirAtlasi.494", "kentAtlasiDegeriKodu": "12220", "kentAtlasiDegeri": "Diğer Yollar ve İlgili Alanlar", "gecirimsizlikKatmani": 0, "tucbsNo": "CBSGM_1_7984638", "aciklama": null, "gecerlilikBaslangici": "2019-02-13T00:00:00Z", "gecerlilikSonu": null, "gozlemTarihi": null, "hilucsAraziKullanimi": null, "hilucsDurumu": null, "olcek": "1:10000", "surumBaslangicZamani": null, "surumBitisZamani": null, "total_population": 0.0, "estimated_water_supply": 0.76840067783249344, "population_pressure": 0.0, "urban_water_stress_score": 0.0 }, "geometry": { "type": "MultiPolygon", "coordinates": [ [ [ [ 32.7049, 39.8982 ], [ 32.705, 39.8982 ], [ 32.705, 39.8982 ], [ 32.705, 39.8982 ], [ 32.7053, 39.8981 ], [ 32.7053, 39.8981 ], [ 32.7052, 39.8981 ], [ 32.705, 39.8981 ], [ 32.705, 39.8981 ], [ 32.7049, 39.8982 ], [ 32.7049, 39.8982 ], [ 32.7049, 39.8982 ] ] ] ] } },
{ "type": "Feature", "properties": { "id": "sehirAtlasi.495", "kentAtlasiDegeriKodu": "13400", "kentAtlasiDegeri": "Mevcut Kullanımı Olmayan Alanlar", "gecirimsizlikKatmani": 0, "tucbsNo": "CBSGM_1_7984639", "aciklama": null, "gecerlilikBaslangici": "2019-02-04T00:00:00Z", "gecerlilikSonu": null, "gozlemTarihi": null, "hilucsAraziKullanimi": null, "hilucsDurumu": null, "olcek": "1:10000", "surumBaslangicZamani": null, "surumBitisZamani": null, "total_population": 0.0, "estimated_water_supply": 1.3205095850297284, "population_pressure": 0.0, "urban_water_stress_score": 0.0 }, "geometry": { "type": "MultiPolygon", "coordinates": [ [ [ [ 32.5596, 39.9952 ], [ 32.5589, 39.995 ], [ 32.559, 39.9951 ], [ 32.5588, 39.9957 ], [ 32.5594, 39.9959 ], [ 32.5595, 39.9954 ], [ 32.5596, 39.9952 ], [ 32.5596, 39.9952 ] ] ] ] } },
{ "type": "Feature", "properties": { "id": "sehirAtlasi.496", "kentAtlasiDegeriKodu": "12130", "kentAtlasiDegeri": "Kamu Alanları", "gecirimsizlikKatmani": 20, "tucbsNo": "CBSGM_1_7984640", "aciklama": null, "gecerlilikBaslangici": "2019-05-24T00:00:00Z", "gecerlilikSonu": null, "gozlemTarihi": null, "hilucsAraziKullanimi": null, "hilucsDurumu": null, "olcek": "1:10000", "surumBaslangicZamani": null, "surumBitisZamani": null, "total_population": 0.0, "estimated_water_supply": 1.5043794287122245, "population_pressure": 0.0, "urban_water_stress_score": 0.0 }, "geometry": { "type": "MultiPolygon", "coordinates": [ [ [ [ 32.5621, 40.0232 ], [ 32.5601, 40.0207 ], [ 32.559, 40.0212 ], [ 32.5611, 40.0237 ], [ 32.5621, 40.0232 ] ] ] ] } },
{ "type": "Feature", "properties": { "id": "sehirAtlasi.497", "kentAtlasiDegeriKodu": "11210", "kentAtlasiDegeri": "Yüksek Yoğunluklu Süreksiz Kentsel Alan (50% - 80%)", "gecirimsizlikKatmani": 39, "tucbsNo": "CBSGM_1_7984641", "aciklama": null, "gecerlilikBaslangici": "2019-02-05T00:00:00Z", "gecerlilikSonu": null, "gozlemTarihi": null, "hilucsAraziKullanimi": null, "hilucsDurumu": null, "olcek": "1:10000", "surumBaslangicZamani": null, "surumBitisZamani": null, "total_population": 0.0, "estimated_water_supply": 1.2881029433161721, "population_pressure": 0.0, "urban_water_stress_score": 0.0 }, "geometry": { "type": "MultiPolygon", "coordinates": [ [ [ [ 32.5606, 39.9878 ], [ 32.559, 39.988 ], [ 32.559, 39.988 ], [ 32.559, 39.988 ], [ 32.559, 39.988 ], [ 32.5596, 39.9882 ], [ 32.5602, 39.9885 ], [ 32.5608, 39.9887 ], [ 32.5609, 39.9885 ], [ 32.5611, 39.9882 ], [ 32.5613, 39.988 ], [ 32.5612, 39.988 ], [ 32.561, 39.9879 ], [ 32.5606, 39.9878 ] ] ] ] } },
{ "type": "Feature", "properties": { "id": "sehirAtlasi.498", "kentAtlasiDegeriKodu": "11100", "kentAtlasiDegeri": "Sürekli Kentsel Alan (> 80%)", "gecirimsizlikKatmani": 37, "tucbsNo": "CBSGM_1_7984642", "aciklama": null, "gecerlilikBaslangici": "2019-02-04T00:00:00Z", "gecerlilikSonu": null, "gozlemTarihi": null, "hilucsAraziKullanimi": null, "hilucsDurumu": null, "olcek": "1:10000", "surumBaslangicZamani": null, "surumBitisZamani": null, "total_population": 0.0, "estimated_water_supply": 1.0752748272983932, "population_pressure": 0.0, "urban_water_stress_score": 0.0 }, "geometry": { "type": "MultiPolygon", "coordinates": [ [ [ [ 32.5595, 39.9494 ], [ 32.559, 39.95 ], [ 32.5591, 39.95 ], [ 32.5592, 39.95 ], [ 32.5594, 39.9501 ], [ 32.5595, 39.9501 ], [ 32.5596, 39.9502 ], [ 32.5601, 39.9497 ], [ 32.5595, 39.9494 ], [ 32.5595, 39.9494 ] ] ] ] } },
{ "type": "Feature", "properties": { "id": "sehirAtlasi.499", "kentAtlasiDegeriKodu": "14120", "kentAtlasiDegeri": "Kent İçindeki Yeşil Alanlar ( Aktif )", "gecirimsizlikKatmani": 0, "tucbsNo": "CBSGM_1_7984643", "aciklama": null, "gecerlilikBaslangici": "2019-02-04T00:00:00Z", "gecerlilikSonu": null, "gozlemTarihi": null, "hilucsAraziKullanimi": null, "hilucsDurumu": null, "olcek": "1:10000", "surumBaslangicZamani": null, "surumBitisZamani": null, "total_population": 0.0, "estimated_water_supply": 1.1060818206654073, "population_pressure": 0.0, "urban_water_stress_score": 0.0 }, "geometry": { "type": "MultiPolygon", "coordinates": [ [ [ [ 32.5945, 39.9539 ], [ 32.5945, 39.9536 ], [ 32.5945, 39.9536 ], [ 32.5945, 39.9534 ], [ 32.5942, 39.9537 ], [ 32.594, 39.9538 ], [ 32.5942, 39.9539 ], [ 32.5943, 39.9539 ], [ 32.5945, 39.9539 ] ] ] ] } },
{ "type": "Feature", "properties": { "id": "sehirAtlasi.500", "kentAtlasiDegeriKodu": "12160", "kentAtlasiDegeri": "Sağlık Alanları", "gecirimsizlikKatmani": 26, "tucbsNo": "CBSGM_1_7984644", "aciklama": null, "gecerlilikBaslangici": "2019-05-27T00:00:00Z", "gecerlilikSonu": null, "gozlemTarihi": null, "hilucsAraziKullanimi": null, "hilucsDurumu": null, "olcek": "1:10000", "surumBaslangicZamani": null, "surumBitisZamani": null, "total_population": 0.0, "estimated_water_supply": 1.3308839434951865, "population_pressure": 0.0, "urban_water_stress_score": 0.0 }, "geometry": { "type": "MultiPolygon", "coordinates": [ [ [ [ 32.5952, 39.9915 ], [ 32.595, 39.9915 ], [ 32.5942, 39.9917 ], [ 32.5948, 39.9926 ], [ 32.5951, 39.9926 ], [ 32.5951, 39.9925 ], [ 32.5952, 39.9922 ], [ 32.5952, 39.992 ], [ 32.5952, 39.9915 ] ] ] ] } },
{ "type": "Feature", "properties": { "id": "sehirAtlasi.501", "kentAtlasiDegeriKodu": "12110", "kentAtlasiDegeri": "Sanayi ve Üretim Alanları", "gecirimsizlikKatmani": 47, "tucbsNo": "CBSGM_1_7984645", "aciklama": null, "gecerlilikBaslangici": "2019-05-24T00:00:00Z", "gecerlilikSonu": null, "gozlemTarihi": null, "hilucsAraziKullanimi": null, "hilucsDurumu": null, "olcek": "1:10000", "surumBaslangicZamani": null, "surumBitisZamani": null, "total_population": 0.0, "estimated_water_supply": 1.1810508865684035, "population_pressure": 0.0, "urban_water_stress_score": 0.0 }, "geometry": { "type": "MultiPolygon", "coordinates": [ [ [ [ 32.7502, 39.9899 ], [ 32.75, 39.9895 ], [ 32.7488, 39.9898 ], [ 32.749, 39.9902 ], [ 32.7502, 39.9899 ] ] ] ] } },
{ "type": "Feature", "properties": { "id": "sehirAtlasi.502", "kentAtlasiDegeriKodu": "11100", "kentAtlasiDegeri": "Sürekli Kentsel Alan (> 80%)", "gecirimsizlikKatmani": 35, "tucbsNo": "CBSGM_1_7984646", "aciklama": null, "gecerlilikBaslangici": "2019-02-06T00:00:00Z", "gecerlilikSonu": null, "gozlemTarihi": null, "hilucsAraziKullanimi": null, "hilucsDurumu": null, "olcek": "1:10000", "surumBaslangicZamani": null, "surumBitisZamani": null, "total_population": 0.0, "estimated_water_supply": 1.2582591189483823, "population_pressure": 0.0, "urban_water_stress_score": 0.0 }, "geometry": { "type": "MultiPolygon", "coordinates": [ [ [ [ 32.6108, 39.981 ], [ 32.6107, 39.981 ], [ 32.6107, 39.981 ], [ 32.6106, 39.9812 ], [ 32.6106, 39.9812 ], [ 32.6109, 39.9813 ], [ 32.6109, 39.9813 ], [ 32.6117, 39.9813 ], [ 32.6119, 39.9813 ], [ 32.6121, 39.9812 ], [ 32.6121, 39.9811 ], [ 32.6121, 39.9808 ], [ 32.6121, 39.9807 ], [ 32.6121, 39.9806 ], [ 32.612, 39.9806 ], [ 32.6116, 39.9806 ], [ 32.6109, 39.981 ], [ 32.6109, 39.981 ], [ 32.6109, 39.981 ], [ 32.6108, 39.981 ] ] ] ] } },
{ "type": "Feature", "properties": { "id": "sehirAtlasi.503", "kentAtlasiDegeriKodu": "11240", "kentAtlasiDegeri": "Çok Düşük Yoğunluklu Süreksiz Kentsel Alan (< 10%)", "gecirimsizlikKatmani": 10, "tucbsNo": "CBSGM_1_7984647", "aciklama": null, "gecerlilikBaslangici": "2019-02-12T00:00:00Z", "gecerlilikSonu": null, "gozlemTarihi": null, "hilucsAraziKullanimi": null, "hilucsDurumu": null, "olcek": "1:10000", "surumBaslangicZamani": null, "surumBitisZamani": null, "total_population": 0.0, "estimated_water_supply": 0.62170651160176149, "population_pressure": 0.0, "urban_water_stress_score": 0.0 }, "geometry": { "type": "MultiPolygon", "coordinates": [ [ [ [ 32.7505, 39.8295 ], [ 32.7506, 39.8291 ], [ 32.749, 39.8286 ], [ 32.7488, 39.8291 ], [ 32.7502, 39.8294 ], [ 32.7505, 39.8295 ] ] ] ] } },
{ "type": "Feature", "properties": { "id": "sehirAtlasi.504", "kentAtlasiDegeriKodu": "12220", "kentAtlasiDegeri": "Diğer Yollar ve İlgili Alanlar", "gecirimsizlikKatmani": 0, "tucbsNo": "CBSGM_1_7984648", "aciklama": null, "gecerlilikBaslangici": "2019-02-08T00:00:00Z", "gecerlilikSonu": null, "gozlemTarihi": null, "hilucsAraziKullanimi": null, "hilucsDurumu": null, "olcek": "1:10000", "surumBaslangicZamani": null, "surumBitisZamani": null, "total_population": 0.0, "estimated_water_supply": 1.0676207124162072, "population_pressure": 0.0, "urban_water_stress_score": 0.0 }, "geometry": { "type": "MultiPolygon", "coordinates": [ [ [ [ 32.8905, 39.9441 ], [ 32.8904, 39.944 ], [ 32.8904, 39.944 ], [ 32.8904, 39.944 ], [ 32.8903, 39.9442 ], [ 32.8903, 39.9442 ], [ 32.8903, 39.9442 ], [ 32.8903, 39.9442 ], [ 32.8903, 39.9442 ], [ 32.8904, 39.9442 ], [ 32.8904, 39.9442 ], [ 32.8904, 39.9442 ], [ 32.8905, 39.9441 ] ] ] ] } },
{ "type": "Feature", "properties": { "id": "sehirAtlasi.505", "kentAtlasiDegeriKodu": "12220", "kentAtlasiDegeri": "Diğer Yollar ve İlgili Alanlar", "gecirimsizlikKatmani": 0, "tucbsNo": "CBSGM_1_7984649", "aciklama": null, "gecerlilikBaslangici": "2019-02-04T00:00:00Z", "gecerlilikSonu": null, "gozlemTarihi": null, "hilucsAraziKullanimi": null, "hilucsDurumu": null, "olcek": "1:10000", "surumBaslangicZamani": null, "surumBitisZamani": null, "total_population": 0.0, "estimated_water_supply": 0.86014186198278009, "population_pressure": 0.0, "urban_water_stress_score": 0.0 }, "geometry": { "type": "MultiPolygon", "coordinates": [ [ [ [ 32.6538, 39.9083 ], [ 32.6538, 39.9083 ], [ 32.6544, 39.9083 ], [ 32.6545, 39.9083 ], [ 32.6545, 39.9083 ], [ 32.6545, 39.9082 ], [ 32.6545, 39.9082 ], [ 32.6545, 39.9082 ], [ 32.6544, 39.9082 ], [ 32.6538, 39.9082 ], [ 32.6538, 39.9083 ] ] ] ] } },
{ "type": "Feature", "properties": { "id": "sehirAtlasi.506", "kentAtlasiDegeriKodu": "12220", "kentAtlasiDegeri": "Diğer Yollar ve İlgili Alanlar", "gecirimsizlikKatmani": 0, "tucbsNo": "CBSGM_1_7984650", "aciklama": null, "gecerlilikBaslangici": "2019-02-04T00:00:00Z", "gecerlilikSonu": null, "gozlemTarihi": null, "hilucsAraziKullanimi": null, "hilucsDurumu": null, "olcek": "1:10000", "surumBaslangicZamani": null, "surumBitisZamani": null, "total_population": 0.0, "estimated_water_supply": 1.0817090170138426, "population_pressure": 0.0, "urban_water_stress_score": 0.0 }, "geometry": { "type": "MultiPolygon", "coordinates": [ [ [ [ 32.7047, 39.9614 ], [ 32.7046, 39.9614 ], [ 32.7046, 39.9614 ], [ 32.7046, 39.9614 ], [ 32.7046, 39.9614 ], [ 32.7046, 39.9614 ], [ 32.7045, 39.9615 ], [ 32.7044, 39.9615 ], [ 32.7045, 39.9616 ], [ 32.7045, 39.9616 ], [ 32.7045, 39.9616 ], [ 32.7045, 39.9616 ], [ 32.7045, 39.9616 ], [ 32.7045, 39.9616 ], [ 32.7046, 39.9615 ], [ 32.7047, 39.9614 ], [ 32.7047, 39.9614 ] ] ] ] } },
{ "type": "Feature", "properties": { "id": "sehirAtlasi.507", "kentAtlasiDegeriKodu": "12220", "kentAtlasiDegeri": "Diğer Yollar ve İlgili Alanlar", "gecirimsizlikKatmani": 0, "tucbsNo": "CBSGM_1_7984651", "aciklama": null, "gecerlilikBaslangici": "2019-02-04T00:00:00Z", "gecerlilikSonu": null, "gozlemTarihi": null, "hilucsAraziKullanimi": null, "hilucsDurumu": null, "olcek": "1:10000", "surumBaslangicZamani": null, "surumBitisZamani": null, "total_population": 0.0, "estimated_water_supply": 1.0456793528494053, "population_pressure": 0.0, "urban_water_stress_score": 0.0 }, "geometry": { "type": "MultiPolygon", "coordinates": [ [ [ [ 32.7287, 39.9601 ], [ 32.7287, 39.96 ], [ 32.7287, 39.96 ], [ 32.7287, 39.96 ], [ 32.7287, 39.96 ], [ 32.7286, 39.96 ], [ 32.7285, 39.9601 ], [ 32.7285, 39.9602 ], [ 32.7285, 39.9602 ], [ 32.7285, 39.9602 ], [ 32.7285, 39.9602 ], [ 32.7285, 39.9602 ], [ 32.7286, 39.9602 ], [ 32.7286, 39.9602 ], [ 32.7287, 39.9601 ], [ 32.7287, 39.9601 ], [ 32.7287, 39.9601 ] ] ] ] } },
{ "type": "Feature", "properties": { "id": "sehirAtlasi.508", "kentAtlasiDegeriKodu": "12220", "kentAtlasiDegeri": "Diğer Yollar ve İlgili Alanlar", "gecirimsizlikKatmani": 0, "tucbsNo": "CBSGM_1_7984652", "aciklama": null, "gecerlilikBaslangici": "2019-02-04T00:00:00Z", "gecerlilikSonu": null, "gozlemTarihi": null, "hilucsAraziKullanimi": null, "hilucsDurumu": null, "olcek": "1:10000", "surumBaslangicZamani": null, "surumBitisZamani": null, "total_population": 0.0, "estimated_water_supply": 0.99936736890783928, "population_pressure": 0.0, "urban_water_stress_score": 0.0 }, "geometry": { "type": "MultiPolygon", "coordinates": [ [ [ [ 32.8593, 39.9511 ], [ 32.8593, 39.9511 ], [ 32.8593, 39.9511 ], [ 32.8593, 39.9511 ], [ 32.8592, 39.9511 ], [ 32.8591, 39.9511 ], [ 32.859, 39.9511 ], [ 32.859, 39.9511 ], [ 32.859, 39.9511 ], [ 32.859, 39.9512 ], [ 32.859, 39.9512 ], [ 32.8591, 39.9512 ], [ 32.8591, 39.9512 ], [ 32.8593, 39.9511 ], [ 32.8593, 39.9511 ], [ 32.8593, 39.9511 ], [ 32.8593, 39.9511 ] ] ] ] } },
{ "type": "Feature", "properties": { "id": "sehirAtlasi.509", "kentAtlasiDegeriKodu": "11100", "kentAtlasiDegeri": "Sürekli Kentsel Alan (> 80%)", "gecirimsizlikKatmani": 60, "tucbsNo": "CBSGM_1_7984653", "aciklama": null, "gecerlilikBaslangici": "2019-02-04T00:00:00Z", "gecerlilikSonu": null, "gozlemTarihi": null, "hilucsAraziKullanimi": null, "hilucsDurumu": null, "olcek": "1:10000", "surumBaslangicZamani": null, "surumBitisZamani": null, "total_population": 0.0, "estimated_water_supply": 1.133374406785133, "population_pressure": 0.0, "urban_water_stress_score": 0.0 }, "geometry": { "type": "MultiPolygon", "coordinates": [ [ [ [ 32.5967, 39.9623 ], [ 32.5983, 39.9621 ], [ 32.5984, 39.962 ], [ 32.5985, 39.9618 ], [ 32.5969, 39.962 ], [ 32.5967, 39.9621 ], [ 32.5968, 39.9623 ], [ 32.5967, 39.9623 ] ] ] ] } },
{ "type": "Feature", "properties": { "id": "sehirAtlasi.510", "kentAtlasiDegeriKodu": "12110", "kentAtlasiDegeri": "Sanayi ve Üretim Alanları", "gecirimsizlikKatmani": 29, "tucbsNo": "CBSGM_1_7984654", "aciklama": null, "gecerlilikBaslangici": "2019-05-24T00:00:00Z", "gecerlilikSonu": null, "gozlemTarihi": null, "hilucsAraziKullanimi": null, "hilucsDurumu": null, "olcek": "1:10000", "surumBaslangicZamani": null, "surumBitisZamani": null, "total_population": 0.0, "estimated_water_supply": 1.2025719080667114, "population_pressure": 0.0, "urban_water_stress_score": 0.0 }, "geometry": { "type": "MultiPolygon", "coordinates": [ [ [ [ 32.7495, 39.9912 ], [ 32.7502, 39.9909 ], [ 32.7504, 39.9908 ], [ 32.7502, 39.9904 ], [ 32.7492, 39.9907 ], [ 32.7495, 39.9912 ] ] ] ] } },
{ "type": "Feature", "properties": { "id": "sehirAtlasi.511", "kentAtlasiDegeriKodu": "13400", "kentAtlasiDegeri": "Mevcut Kullanımı Olmayan Alanlar", "gecirimsizlikKatmani": 0, "tucbsNo": "CBSGM_1_7984655", "aciklama": null, "gecerlilikBaslangici": "2019-02-05T00:00:00Z", "gecerlilikSonu": null, "gozlemTarihi": null, "hilucsAraziKullanimi": null, "hilucsDurumu": null, "olcek": "1:10000", "surumBaslangicZamani": null, "surumBitisZamani": null, "total_population": 0.0, "estimated_water_supply": 1.1392455840823714, "population_pressure": 0.0, "urban_water_stress_score": 0.0 }, "geometry": { "type": "MultiPolygon", "coordinates": [ [ [ [ 32.6125, 39.9649 ], [ 32.6125, 39.9647 ], [ 32.6124, 39.9641 ], [ 32.6123, 39.9635 ], [ 32.612, 39.9636 ], [ 32.612, 39.9636 ], [ 32.612, 39.9636 ], [ 32.6117, 39.9636 ], [ 32.6113, 39.9636 ], [ 32.6116, 39.9643 ], [ 32.612, 39.9648 ], [ 32.6121, 39.9649 ], [ 32.6124, 39.9652 ], [ 32.6125, 39.9649 ] ] ] ] } },
{ "type": "Feature", "properties": { "id": "sehirAtlasi.512", "kentAtlasiDegeriKodu": "12110", "kentAtlasiDegeri": "Sanayi ve Üretim Alanları", "gecirimsizlikKatmani": 37, "tucbsNo": "CBSGM_1_7984656", "aciklama": null, "gecerlilikBaslangici": "2019-05-24T00:00:00Z", "gecerlilikSonu": null, "gozlemTarihi": null, "hilucsAraziKullanimi": null, "hilucsDurumu": null, "olcek": "1:10000", "surumBaslangicZamani": null, "surumBitisZamani": null, "total_population": 0.0, "estimated_water_supply": 1.1237466783603089, "population_pressure": 0.0, "urban_water_stress_score": 0.0 }, "geometry": { "type": "MultiPolygon", "coordinates": [ [ [ [ 32.7497, 39.9765 ], [ 32.7492, 39.9773 ], [ 32.7493, 39.9773 ], [ 32.7499, 39.9775 ], [ 32.7503, 39.9767 ], [ 32.7497, 39.9765 ] ] ] ] } },
{ "type": "Feature", "properties": { "id": "sehirAtlasi.513", "kentAtlasiDegeriKodu": "13400", "kentAtlasiDegeri": "Mevcut Kullanımı Olmayan Alanlar", "gecirimsizlikKatmani": 0, "tucbsNo": "CBSGM_1_7984657", "aciklama": null, "gecerlilikBaslangici": "2019-02-05T00:00:00Z", "gecerlilikSonu": null, "gozlemTarihi": null, "hilucsAraziKullanimi": null, "hilucsDurumu": null, "olcek": "1:10000", "surumBaslangicZamani": null, "surumBitisZamani": null, "total_population": 0.0, "estimated_water_supply": 1.1302343068566481, "population_pressure": 0.0, "urban_water_stress_score": 0.0 }, "geometry": { "type": "MultiPolygon", "coordinates": [ [ [ [ 32.6129, 39.962 ], [ 32.6128, 39.9614 ], [ 32.6114, 39.9616 ], [ 32.6114, 39.9616 ], [ 32.6118, 39.9622 ], [ 32.6129, 39.962 ] ] ] ] } },
{ "type": "Feature", "properties": { "id": "sehirAtlasi.514", "kentAtlasiDegeriKodu": "13400", "kentAtlasiDegeri": "Mevcut Kullanımı Olmayan Alanlar", "gecirimsizlikKatmani": 19, "tucbsNo": "CBSGM_1_7984473", "aciklama": null, "gecerlilikBaslangici": "2019-02-07T00:00:00Z", "gecerlilikSonu": null, "gozlemTarihi": null, "hilucsAraziKullanimi": null, "hilucsDurumu": null, "olcek": "1:10000", "surumBaslangicZamani": null, "surumBitisZamani": null, "total_population": 0.0, "estimated_water_supply": 1.1308128704205644, "population_pressure": 0.0, "urban_water_stress_score": 0.0 }, "geometry": { "type": "MultiPolygon", "coordinates": [ [ [ [ 32.7511, 39.9809 ], [ 32.7512, 39.9811 ], [ 32.7512, 39.9811 ], [ 32.7515, 39.981 ], [ 32.7516, 39.981 ], [ 32.7517, 39.9809 ], [ 32.7519, 39.9806 ], [ 32.7518, 39.9804 ], [ 32.7518, 39.9804 ], [ 32.7517, 39.9803 ], [ 32.7517, 39.9802 ], [ 32.7516, 39.9802 ], [ 32.7512, 39.9809 ], [ 32.7512, 39.9809 ], [ 32.7512, 39.9809 ], [ 32.7512, 39.9809 ], [ 32.7512, 39.9809 ], [ 32.7512, 39.9809 ], [ 32.7511, 39.9809 ] ] ] ] } },
{ "type": "Feature", "properties": { "id": "sehirAtlasi.515", "kentAtlasiDegeriKodu": "13400", "kentAtlasiDegeri": "Mevcut Kullanımı Olmayan Alanlar", "gecirimsizlikKatmani": 0, "tucbsNo": "CBSGM_1_7984474", "aciklama": null, "gecerlilikBaslangici": "2019-02-05T00:00:00Z", "gecerlilikSonu": null, "gozlemTarihi": null, "hilucsAraziKullanimi": null, "hilucsDurumu": null, "olcek": "1:10000", "surumBaslangicZamani": null, "surumBitisZamani": null, "total_population": 0.0, "estimated_water_supply": 1.141409167957887, "population_pressure": 0.0, "urban_water_stress_score": 0.0 }, "geometry": { "type": "MultiPolygon", "coordinates": [ [ [ [ 32.6156, 39.9648 ], [ 32.6155, 39.9646 ], [ 32.6154, 39.9642 ], [ 32.6137, 39.9645 ], [ 32.6139, 39.9651 ], [ 32.6156, 39.9648 ] ] ] ] } },
{ "type": "Feature", "properties": { "id": "sehirAtlasi.516", "kentAtlasiDegeriKodu": "12110", "kentAtlasiDegeri": "Sanayi ve Üretim Alanları", "gecirimsizlikKatmani": 63, "tucbsNo": "CBSGM_1_7984475", "aciklama": null, "gecerlilikBaslangici": "2019-05-24T00:00:00Z", "gecerlilikSonu": null, "gozlemTarihi": null, "hilucsAraziKullanimi": null, "hilucsDurumu": null, "olcek": "1:10000", "surumBaslangicZamani": null, "surumBitisZamani": null, "total_population": 0.0, "estimated_water_supply": 1.114992400653424, "population_pressure": 0.0, "urban_water_stress_score": 0.0 }, "geometry": { "type": "MultiPolygon", "coordinates": [ [ [ [ 32.7511, 39.9732 ], [ 32.7514, 39.9725 ], [ 32.7514, 39.9725 ], [ 32.7515, 39.9724 ], [ 32.7514, 39.9724 ], [ 32.7507, 39.9722 ], [ 32.7507, 39.9722 ], [ 32.7503, 39.9729 ], [ 32.7511, 39.9732 ] ] ] ] } },
{ "type": "Feature", "properties": { "id": "sehirAtlasi.517", "kentAtlasiDegeriKodu": "12220", "kentAtlasiDegeri": "Diğer Yollar ve İlgili Alanlar", "gecirimsizlikKatmani": 0, "tucbsNo": "CBSGM_1_7984476", "aciklama": null, "gecerlilikBaslangici": "2019-02-04T00:00:00Z", "gecerlilikSonu": null, "gozlemTarihi": null, "hilucsAraziKullanimi": null, "hilucsDurumu": null, "olcek": "1:10000", "surumBaslangicZamani": null, "surumBitisZamani": null, "total_population": 0.0, "estimated_water_supply": 0.70416192867512883, "population_pressure": 0.0, "urban_water_stress_score": 0.0 }, "geometry": { "type": "MultiPolygon", "coordinates": [ [ [ [ 32.8226, 39.8672 ], [ 32.8226, 39.8672 ], [ 32.8229, 39.8673 ], [ 32.8229, 39.8673 ], [ 32.8229, 39.8673 ], [ 32.8229, 39.8673 ], [ 32.8229, 39.8673 ], [ 32.8229, 39.8673 ], [ 32.8229, 39.8673 ], [ 32.8229, 39.8673 ], [ 32.8227, 39.8672 ], [ 32.8226, 39.8672 ] ] ] ] } },
{ "type": "Feature", "properties": { "id": "sehirAtlasi.518", "kentAtlasiDegeriKodu": "12220", "kentAtlasiDegeri": "Diğer Yollar ve İlgili Alanlar", "gecirimsizlikKatmani": 0, "tucbsNo": "CBSGM_1_7984477", "aciklama": null, "gecerlilikBaslangici": "2019-02-04T00:00:00Z", "gecerlilikSonu": null, "gozlemTarihi": null, "hilucsAraziKullanimi": null, "hilucsDurumu": null, "olcek": "1:10000", "surumBaslangicZamani": null, "surumBitisZamani": null, "total_population": 0.0, "estimated_water_supply": 1.0812094181792973, "population_pressure": 0.0, "urban_water_stress_score": 0.0 }, "geometry": { "type": "MultiPolygon", "coordinates": [ [ [ [ 32.7049, 39.9613 ], [ 32.7049, 39.9613 ], [ 32.7049, 39.9613 ], [ 32.7048, 39.9613 ], [ 32.7048, 39.9614 ], [ 32.7047, 39.9615 ], [ 32.7047, 39.9615 ], [ 32.7047, 39.9615 ], [ 32.7047, 39.9615 ], [ 32.7047, 39.9615 ], [ 32.7047, 39.9615 ], [ 32.7048, 39.9615 ], [ 32.7048, 39.9615 ], [ 32.7049, 39.9614 ], [ 32.7049, 39.9614 ], [ 32.7049, 39.9614 ], [ 32.7049, 39.9613 ] ] ] ] } },
{ "type": "Feature", "properties": { "id": "sehirAtlasi.519", "kentAtlasiDegeriKodu": "12220", "kentAtlasiDegeri": "Diğer Yollar ve İlgili Alanlar", "gecirimsizlikKatmani": 0, "tucbsNo": "CBSGM_1_7984478", "aciklama": null, "gecerlilikBaslangici": "2019-02-04T00:00:00Z", "gecerlilikSonu": null, "gozlemTarihi": null, "hilucsAraziKullanimi": null, "hilucsDurumu": null, "olcek": "1:10000", "surumBaslangicZamani": null, "surumBitisZamani": null, "total_population": 0.0, "estimated_water_supply": 1.2339358149865616, "population_pressure": 0.0, "urban_water_stress_score": 0.0 }, "geometry": { "type": "MultiPolygon", "coordinates": [ [ [ [ 32.5836, 39.9764 ], [ 32.5836, 39.9764 ], [ 32.5835, 39.9764 ], [ 32.5835, 39.977 ], [ 32.5835, 39.977 ], [ 32.5836, 39.977 ], [ 32.5836, 39.977 ], [ 32.5836, 39.977 ], [ 32.5836, 39.977 ], [ 32.5836, 39.977 ], [ 32.5836, 39.977 ], [ 32.5836, 39.977 ], [ 32.5837, 39.977 ], [ 32.5838, 39.977 ], [ 32.5838, 39.977 ], [ 32.5838, 39.977 ], [ 32.5838, 39.977 ], [ 32.5838, 39.977 ], [ 32.5838, 39.9769 ], [ 32.5838, 39.9769 ], [ 32.5838, 39.9769 ], [ 32.5838, 39.9769 ], [ 32.5837, 39.9769 ], [ 32.5837, 39.9769 ], [ 32.5837, 39.9769 ], [ 32.5837, 39.9769 ], [ 32.5837, 39.977 ], [ 32.5836, 39.977 ], [ 32.5836, 39.977 ], [ 32.5836, 39.9769 ], [ 32.5836, 39.9764 ] ] ] ] } },
{ "type": "Feature", "properties": { "id": "sehirAtlasi.520", "kentAtlasiDegeriKodu": "12220", "kentAtlasiDegeri": "Diğer Yollar ve İlgili Alanlar", "gecirimsizlikKatmani": 0, "tucbsNo": "CBSGM_1_7984479", "aciklama": null, "gecerlilikBaslangici": "2019-02-07T00:00:00Z", "gecerlilikSonu": null, "gozlemTarihi": null, "hilucsAraziKullanimi": null, "hilucsDurumu": null, "olcek": "1:10000", "surumBaslangicZamani": null, "surumBitisZamani": null, "total_population": 0.0, "estimated_water_supply": 1.2328709152892432, "population_pressure": 0.0, "urban_water_stress_score": 0.0 }, "geometry": { "type": "MultiPolygon", "coordinates": [ [ [ [ 32.5846, 39.9764 ], [ 32.5846, 39.9764 ], [ 32.5841, 39.9764 ], [ 32.5841, 39.9764 ], [ 32.584, 39.9764 ], [ 32.5841, 39.9765 ], [ 32.5841, 39.9765 ], [ 32.5841, 39.9766 ], [ 32.5842, 39.9766 ], [ 32.5845, 39.9766 ], [ 32.5845, 39.9766 ], [ 32.5845, 39.9766 ], [ 32.5845, 39.9765 ], [ 32.5846, 39.9764 ] ] ] ] } },
{ "type": "Feature", "properties": { "id": "sehirAtlasi.521", "kentAtlasiDegeriKodu": "12220", "kentAtlasiDegeri": "Diğer Yollar ve İlgili Alanlar", "gecirimsizlikKatmani": 0, "tucbsNo": "CBSGM_1_7984480", "aciklama": null, "gecerlilikBaslangici": "2019-02-04T00:00:00Z", "gecerlilikSonu": null, "gozlemTarihi": null, "hilucsAraziKullanimi": null, "hilucsDurumu": null, "olcek": "1:10000", "surumBaslangicZamani": null, "surumBitisZamani": null, "total_population": 0.0, "estimated_water_supply": 1.2243353931695449, "population_pressure": 0.0, "urban_water_stress_score": 0.0 }, "geometry": { "type": "MultiPolygon", "coordinates": [ [ [ [ 32.5835, 39.9763 ], [ 32.5836, 39.9763 ], [ 32.5836, 39.9763 ], [ 32.5836, 39.9763 ], [ 32.5836, 39.9758 ], [ 32.5836, 39.9758 ], [ 32.5836, 39.9758 ], [ 32.5836, 39.9758 ], [ 32.5836, 39.9758 ], [ 32.5836, 39.9758 ], [ 32.5836, 39.9758 ], [ 32.5836, 39.9758 ], [ 32.5835, 39.9763 ] ] ] ] } },
{ "type": "Feature", "properties": { "id": "sehirAtlasi.522", "kentAtlasiDegeriKodu": "12220", "kentAtlasiDegeri": "Diğer Yollar ve İlgili Alanlar", "gecirimsizlikKatmani": 0, "tucbsNo": "CBSGM_1_7984481", "aciklama": null, "gecerlilikBaslangici": "2019-02-11T00:00:00Z", "gecerlilikSonu": null, "gozlemTarihi": null, "hilucsAraziKullanimi": null, "hilucsDurumu": null, "olcek": "1:10000", "surumBaslangicZamani": null, "surumBitisZamani": null, "total_population": 0.0, "estimated_water_supply": 0.70591919813791404, "population_pressure": 0.0, "urban_water_stress_score": 0.0 }, "geometry": { "type": "MultiPolygon", "coordinates": [ [ [ [ 32.8231, 39.8769 ], [ 32.8231, 39.877 ], [ 32.8231, 39.877 ], [ 32.824, 39.877 ], [ 32.824, 39.8776 ], [ 32.824, 39.8776 ], [ 32.824, 39.8776 ], [ 32.8236, 39.8776 ], [ 32.8231, 39.8776 ], [ 32.8231, 39.8776 ], [ 32.8231, 39.8777 ], [ 32.8231, 39.8777 ], [ 32.8236, 39.8777 ], [ 32.8236, 39.8777 ], [ 32.824, 39.8777 ], [ 32.824, 39.8777 ], [ 32.824, 39.8776 ], [ 32.824, 39.8776 ], [ 32.824, 39.8776 ], [ 32.824, 39.8776 ], [ 32.8241, 39.8776 ], [ 32.8241, 39.8776 ], [ 32.8241, 39.877 ], [ 32.8241, 39.877 ], [ 32.8241, 39.8769 ], [ 32.8241, 39.8769 ], [ 32.8241, 39.8769 ], [ 32.8231, 39.8769 ] ] ] ] } },
{ "type": "Feature", "properties": { "id": "sehirAtlasi.523", "kentAtlasiDegeriKodu": "13400", "kentAtlasiDegeri": "Mevcut Kullanımı Olmayan Alanlar", "gecirimsizlikKatmani": 21, "tucbsNo": "CBSGM_1_7984482", "aciklama": null, "gecerlilikBaslangici": "2019-02-19T00:00:00Z", "gecerlilikSonu": null, "gozlemTarihi": null, "hilucsAraziKullanimi": null, "hilucsDurumu": null, "olcek": "1:10000", "surumBaslangicZamani": null, "surumBitisZamani": null, "total_population": 0.0, "estimated_water_supply": 1.2601024259156233, "population_pressure": 0.0, "urban_water_stress_score": 0.0 }, "geometry": { "type": "MultiPolygon", "coordinates": [ [ [ [ 32.5698, 39.9851 ], [ 32.57, 39.9859 ], [ 32.5716, 39.9853 ], [ 32.5711, 39.9846 ], [ 32.5698, 39.9851 ] ] ] ] } },
{ "type": "Feature", "properties": { "id": "sehirAtlasi.524", "kentAtlasiDegeriKodu": "12110", "kentAtlasiDegeri": "Sanayi ve Üretim Alanları", "gecirimsizlikKatmani": 79, "tucbsNo": "CBSGM_1_7984483", "aciklama": null, "gecerlilikBaslangici": "2019-05-23T00:00:00Z", "gecerlilikSonu": null, "gozlemTarihi": null, "hilucsAraziKullanimi": null, "hilucsDurumu": null, "olcek": "1:10000", "surumBaslangicZamani": null, "surumBitisZamani": null, "total_population": 0.0, "estimated_water_supply": 1.1642873706421581, "population_pressure": 0.0, "urban_water_stress_score": 0.0 }, "geometry": { "type": "MultiPolygon", "coordinates": [ [ [ [ 32.5705, 39.9652 ], [ 32.57, 39.9649 ], [ 32.5698, 39.9651 ], [ 32.57, 39.9652 ], [ 32.5703, 39.9654 ], [ 32.5705, 39.9652 ] ] ] ] } },
{ "type": "Feature", "properties": { "id": "sehirAtlasi.525", "kentAtlasiDegeriKodu": "14120", "kentAtlasiDegeri": "Kent İçindeki Yeşil Alanlar ( Aktif )", "gecirimsizlikKatmani": 0, "tucbsNo": "CBSGM_1_7984484", "aciklama": null, "gecerlilikBaslangici": "2019-02-04T00:00:00Z", "gecerlilikSonu": null, "gozlemTarihi": null, "hilucsAraziKullanimi": null, "hilucsDurumu": null, "olcek": "1:10000", "surumBaslangicZamani": null, "surumBitisZamani": null, "total_population": 0.0, "estimated_water_supply": 1.2089080428156644, "population_pressure": 0.0, "urban_water_stress_score": 0.0 }, "geometry": { "type": "MultiPolygon", "coordinates": [ [ [ [ 32.5708, 39.9712 ], [ 32.5708, 39.9712 ], [ 32.5708, 39.9712 ], [ 32.5708, 39.9712 ], [ 32.5703, 39.9713 ], [ 32.5703, 39.9713 ], [ 32.5701, 39.9713 ], [ 32.5701, 39.9714 ], [ 32.5701, 39.9714 ], [ 32.5701, 39.9714 ], [ 32.5699, 39.9719 ], [ 32.5701, 39.9718 ], [ 32.5701, 39.9718 ], [ 32.5704, 39.9715 ], [ 32.5704, 39.9715 ], [ 32.5707, 39.9713 ], [ 32.5707, 39.9713 ], [ 32.5708, 39.9712 ] ] ] ] } },
{ "type": "Feature", "properties": { "id": "sehirAtlasi.526", "kentAtlasiDegeriKodu": "11240", "kentAtlasiDegeri": "Çok Düşük Yoğunluklu Süreksiz Kentsel Alan (< 10%)", "gecirimsizlikKatmani": 4, "tucbsNo": "CBSGM_1_7984485", "aciklama": null, "gecerlilikBaslangici": "2019-02-12T00:00:00Z", "gecerlilikSonu": null, "gozlemTarihi": null, "hilucsAraziKullanimi": null, "hilucsDurumu": null, "olcek": "1:10000", "surumBaslangicZamani": null, "surumBitisZamani": null, "total_population": 0.0, "estimated_water_supply": 0.62262060518534756, "population_pressure": 0.0, "urban_water_stress_score": 0.0 }, "geometry": { "type": "MultiPolygon", "coordinates": [ [ [ [ 32.7506, 39.8295 ], [ 32.7515, 39.8296 ], [ 32.7515, 39.8296 ], [ 32.7519, 39.8297 ], [ 32.752, 39.8298 ], [ 32.7521, 39.8293 ], [ 32.751, 39.8291 ], [ 32.751, 39.8291 ], [ 32.7507, 39.8291 ], [ 32.7506, 39.8295 ] ] ] ] } },
{ "type": "Feature", "properties": { "id": "sehirAtlasi.527", "kentAtlasiDegeriKodu": "14120", "kentAtlasiDegeri": "Kent İçindeki Yeşil Alanlar ( Aktif )", "gecirimsizlikKatmani": 0, "tucbsNo": "CBSGM_1_7984486", "aciklama": null, "gecerlilikBaslangici": "2019-02-06T00:00:00Z", "gecerlilikSonu": null, "gozlemTarihi": null, "hilucsAraziKullanimi": null, "hilucsDurumu": null, "olcek": "1:10000", "surumBaslangicZamani": null, "surumBitisZamani": null, "total_population": 0.0, "estimated_water_supply": 0.82423643553347969, "population_pressure": 0.0, "urban_water_stress_score": 0.0 }, "geometry": { "type": "MultiPolygon", "coordinates": [ [ [ [ 32.6158, 39.8907 ], [ 32.6158, 39.8906 ], [ 32.6157, 39.8905 ], [ 32.6147, 39.8907 ], [ 32.6148, 39.8908 ], [ 32.6148, 39.8909 ], [ 32.6158, 39.8907 ], [ 32.6158, 39.8907 ] ] ] ] } },
{ "type": "Feature", "properties": { "id": "sehirAtlasi.528", "kentAtlasiDegeriKodu": "12220", "kentAtlasiDegeri": "Diğer Yollar ve İlgili Alanlar", "gecirimsizlikKatmani": 0, "tucbsNo": "CBSGM_1_7984487", "aciklama": null, "gecerlilikBaslangici": "2019-02-06T00:00:00Z", "gecerlilikSonu": null, "gozlemTarihi": null, "hilucsAraziKullanimi": null, "hilucsDurumu": null, "olcek": "1:10000", "surumBaslangicZamani": null, "surumBitisZamani": null, "total_population": 0.0, "estimated_water_supply": 1.1480257127812754, "population_pressure": 0.0, "urban_water_stress_score": 0.0 }, "geometry": { "type": "MultiPolygon", "coordinates": [ [ [ [ 32.8671, 39.9789 ], [ 32.8682, 39.9791 ], [ 32.868, 39.9797 ], [ 32.868, 39.9797 ], [ 32.8681, 39.9797 ], [ 32.8683, 39.9791 ], [ 32.8695, 39.9794 ], [ 32.8695, 39.9793 ], [ 32.8695, 39.9793 ], [ 32.8683, 39.979 ], [ 32.8683, 39.979 ], [ 32.8671, 39.9788 ], [ 32.8671, 39.9789 ], [ 32.8671, 39.9789 ], [ 32.8671, 39.9789 ], [ 32.8671, 39.9789 ] ] ] ] } },
{ "type": "Feature", "properties": { "id": "sehirAtlasi.529", "kentAtlasiDegeriKodu": "12220", "kentAtlasiDegeri": "Diğer Yollar ve İlgili Alanlar", "gecirimsizlikKatmani": 0, "tucbsNo": "CBSGM_1_7984488", "aciklama": null, "gecerlilikBaslangici": "2019-02-06T00:00:00Z", "gecerlilikSonu": null, "gozlemTarihi": null, "hilucsAraziKullanimi": null, "hilucsDurumu": null, "olcek": "1:10000", "surumBaslangicZamani": null, "surumBitisZamani": null, "total_population": 0.0, "estimated_water_supply": 1.4231324816008404, "population_pressure": 0.0, "urban_water_stress_score": 0.0 }, "geometry": { "type": "MultiPolygon", "coordinates": [ [ [ [ 32.5345, 40.0043 ], [ 32.5345, 40.0044 ], [ 32.5345, 40.0044 ], [ 32.5345, 40.0044 ], [ 32.5348, 40.0043 ], [ 32.5348, 40.0043 ], [ 32.5359, 40.0036 ], [ 32.5363, 40.004 ], [ 32.5363, 40.004 ], [ 32.5363, 40.004 ], [ 32.5366, 40.0041 ], [ 32.5366, 40.0041 ], [ 32.5366, 40.0041 ], [ 32.537, 40.0042 ], [ 32.537, 40.0042 ], [ 32.537, 40.0042 ], [ 32.5372, 40.0042 ], [ 32.5372, 40.0042 ], [ 32.5374, 40.0041 ], [ 32.5374, 40.0041 ], [ 32.5374, 40.0041 ], [ 32.5379, 40.0038 ], [ 32.5381, 40.0039 ], [ 32.5382, 40.004 ], [ 32.5383, 40.0043 ], [ 32.5384, 40.0045 ], [ 32.5386, 40.0047 ], [ 32.5387, 40.005 ], [ 32.5391, 40.0056 ], [ 32.5393, 40.006 ], [ 32.5393, 40.006 ], [ 32.5395, 40.0064 ], [ 32.5395, 40.0064 ], [ 32.5396, 40.0067 ], [ 32.5397, 40.0068 ], [ 32.5398, 40.0068 ], [ 32.54, 40.007 ], [ 32.5403, 40.0071 ], [ 32.5403, 40.0071 ], [ 32.5403, 40.0071 ], [ 32.5403, 40.0071 ], [ 32.5403, 40.0071 ], [ 32.5403, 40.0071 ], [ 32.5403, 40.0071 ], [ 32.5403, 40.0071 ], [ 32.5401, 40.0069 ], [ 32.5398, 40.0067 ], [ 32.5397, 40.0066 ], [ 32.5395, 40.0064 ], [ 32.5394, 40.0061 ], [ 32.5394, 40.0061 ], [ 32.5394, 40.0061 ], [ 32.5396, 40.0061 ], [ 32.5399, 40.0062 ], [ 32.5406, 40.0064 ], [ 32.5411, 40.0064 ], [ 32.5411, 40.0064 ], [ 32.5412, 40.0065 ], [ 32.5412, 40.0065 ], [ 32.5412, 40.0065 ], [ 32.5413, 40.0064 ], [ 32.5413, 40.0064 ], [ 32.5413, 40.0064 ], [ 32.5413, 40.0064 ], [ 32.5415, 40.0064 ], [ 32.5416, 40.0064 ], [ 32.5416, 40.0063 ], [ 32.5416, 40.0063 ], [ 32.5415, 40.0063 ], [ 32.5415, 40.0063 ], [ 32.5415, 40.0063 ], [ 32.5415, 40.0063 ], [ 32.5413, 40.0064 ], [ 32.5413, 40.0064 ], [ 32.5412, 40.0064 ], [ 32.5411, 40.0064 ], [ 32.5407, 40.0063 ], [ 32.54, 40.0061 ], [ 32.5396, 40.0061 ], [ 32.5395, 40.006 ], [ 32.5393, 40.0059 ], [ 32.5391, 40.0056 ], [ 32.5388, 40.005 ], [ 32.5386, 40.0047 ], [ 32.5385, 40.0045 ], [ 32.5384, 40.0043 ], [ 32.5383, 40.004 ], [ 32.5383, 40.004 ], [ 32.5383, 40.004 ], [ 32.5382, 40.0038 ], [ 32.5382, 40.0038 ], [ 32.5379, 40.0037 ], [ 32.5378, 40.0036 ], [ 32.5378, 40.0036 ], [ 32.5377, 40.0035 ], [ 32.5376, 40.0034 ], [ 32.5376, 40.0034 ], [ 32.5376, 40.0034 ], [ 32.5375, 40.0034 ], [ 32.5375, 40.0034 ], [ 32.5375, 40.0034 ], [ 32.5372, 40.0034 ], [ 32.5372, 40.0034 ], [ 32.5372, 40.0034 ], [ 32.5369, 40.0036 ], [ 32.5369, 40.0036 ], [ 32.5367, 40.0037 ], [ 32.5366, 40.0037 ], [ 32.5366, 40.0037 ], [ 32.5366, 40.0038 ], [ 32.5367, 40.0038 ], [ 32.5367, 40.0038 ], [ 32.5367, 40.0038 ], [ 32.5367, 40.0038 ], [ 32.5369, 40.0036 ], [ 32.5372, 40.0035 ], [ 32.5375, 40.0035 ], [ 32.5376, 40.0035 ], [ 32.5377, 40.0035 ], [ 32.5378, 40.0036 ], [ 32.5378, 40.0037 ], [ 32.5373, 40.0041 ], [ 32.5372, 40.0041 ], [ 32.537, 40.0041 ], [ 32.5367, 40.0041 ], [ 32.5364, 40.004 ], [ 32.536, 40.0035 ], [ 32.536, 40.0035 ], [ 32.536, 40.0035 ], [ 32.5359, 40.0035 ], [ 32.5359, 40.0035 ], [ 32.5359, 40.0035 ], [ 32.5348, 40.0042 ], [ 32.5345, 40.0043 ] ] ] ] } },
{ "type": "Feature", "properties": { "id": "sehirAtlasi.530", "kentAtlasiDegeriKodu": "12220", "kentAtlasiDegeri": "Diğer Yollar ve İlgili Alanlar", "gecirimsizlikKatmani": 0, "tucbsNo": "CBSGM_1_7984489", "aciklama": null, "gecerlilikBaslangici": "2019-02-11T00:00:00Z", "gecerlilikSonu": null, "gozlemTarihi": null, "hilucsAraziKullanimi": null, "hilucsDurumu": null, "olcek": "1:10000", "surumBaslangicZamani": null, "surumBitisZamani": null, "total_population": 0.0, "estimated_water_supply": 1.0425266947046863, "population_pressure": 0.0, "urban_water_stress_score": 0.0 }, "geometry": { "type": "MultiPolygon", "coordinates": [ [ [ [ 32.8036, 39.9729 ], [ 32.8037, 39.9729 ], [ 32.804, 39.9728 ], [ 32.8043, 39.9727 ], [ 32.8043, 39.9736 ], [ 32.8044, 39.9736 ], [ 32.8044, 39.9736 ], [ 32.8044, 39.9735 ], [ 32.8044, 39.9727 ], [ 32.805, 39.9725 ], [ 32.8054, 39.9725 ], [ 32.8056, 39.973 ], [ 32.8057, 39.973 ], [ 32.8057, 39.973 ], [ 32.8057, 39.973 ], [ 32.8055, 39.9725 ], [ 32.8056, 39.9725 ], [ 32.8059, 39.9725 ], [ 32.8061, 39.9725 ], [ 32.8066, 39.9725 ], [ 32.8072, 39.9726 ], [ 32.8082, 39.973 ], [ 32.8082, 39.9729 ], [ 32.8081, 39.9728 ], [ 32.8073, 39.9726 ], [ 32.8073, 39.9726 ], [ 32.8066, 39.9725 ], [ 32.8066, 39.9725 ], [ 32.8061, 39.9724 ], [ 32.8059, 39.9724 ], [ 32.8059, 39.9724 ], [ 32.8056, 39.9724 ], [ 32.8056, 39.9724 ], [ 32.8055, 39.9724 ], [ 32.8054, 39.9719 ], [ 32.8061, 39.9719 ], [ 32.8065, 39.9719 ], [ 32.8075, 39.9721 ], [ 32.8075, 39.9721 ], [ 32.8074, 39.972 ], [ 32.8066, 39.9719 ], [ 32.8066, 39.9719 ], [ 32.8061, 39.9718 ], [ 32.8061, 39.9718 ], [ 32.8061, 39.9718 ], [ 32.8053, 39.9719 ], [ 32.8053, 39.9719 ], [ 32.8053, 39.9719 ], [ 32.8052, 39.9719 ], [ 32.8043, 39.972 ], [ 32.8042, 39.972 ], [ 32.8037, 39.9721 ], [ 32.8037, 39.9722 ], [ 32.8037, 39.9722 ], [ 32.8042, 39.9721 ], [ 32.8053, 39.9719 ], [ 32.8054, 39.9724 ], [ 32.805, 39.9725 ], [ 32.8044, 39.9726 ], [ 32.8044, 39.9726 ], [ 32.804, 39.9727 ], [ 32.8037, 39.9728 ], [ 32.8036, 39.9729 ] ] ] ] } },
{ "type": "Feature", "properties": { "id": "sehirAtlasi.531", "kentAtlasiDegeriKodu": "12220", "kentAtlasiDegeri": "Diğer Yollar ve İlgili Alanlar", "gecirimsizlikKatmani": 2, "tucbsNo": "CBSGM_1_7984490", "aciklama": null, "gecerlilikBaslangici": "2019-02-04T00:00:00Z", "gecerlilikSonu": null, "gozlemTarihi": null, "hilucsAraziKullanimi": null, "hilucsDurumu": null, "olcek": "1:10000", "surumBaslangicZamani": null, "surumBitisZamani": null, "total_population": 0.0, "estimated_water_supply": 1.06853174295705, "population_pressure": 0.0, "urban_water_stress_score": 0.0 }, "geometry": { "type": "MultiPolygon", "coordinates": [ [ [ [ 32.7918, 39.9735 ], [ 32.7918, 39.9736 ], [ 32.7918, 39.9736 ], [ 32.7918, 39.9736 ], [ 32.793, 39.9731 ], [ 32.793, 39.973 ], [ 32.793, 39.973 ], [ 32.793, 39.973 ], [ 32.7918, 39.9735 ] ] ] ] } },
{ "type": "Feature", "properties": { "id": "sehirAtlasi.532", "kentAtlasiDegeriKodu": "12220", "kentAtlasiDegeri": "Diğer Yollar ve İlgili Alanlar", "gecirimsizlikKatmani": 0, "tucbsNo": "CBSGM_1_7984491", "aciklama": null, "gecerlilikBaslangici": "2019-02-04T00:00:00Z", "gecerlilikSonu": null, "gozlemTarihi": null, "hilucsAraziKullanimi": null, "hilucsDurumu": null, "olcek": "1:10000", "surumBaslangicZamani": null, "surumBitisZamani": null, "total_population": 0.0, "estimated_water_supply": 1.0669774293573151, "population_pressure": 0.0, "urban_water_stress_score": 0.0 }, "geometry": { "type": "MultiPolygon", "coordinates": [ [ [ [ 32.7916, 39.9727 ], [ 32.7916, 39.9727 ], [ 32.7916, 39.9727 ], [ 32.7916, 39.9727 ], [ 32.7929, 39.9722 ], [ 32.7929, 39.9722 ], [ 32.7929, 39.9722 ], [ 32.7929, 39.9722 ], [ 32.7916, 39.9727 ] ] ] ] } },
{ "type": "Feature", "properties": { "id": "sehirAtlasi.533", "kentAtlasiDegeriKodu": "12220", "kentAtlasiDegeri": "Diğer Yollar ve İlgili Alanlar", "gecirimsizlikKatmani": 0, "tucbsNo": "CBSGM_1_7984492", "aciklama": null, "gecerlilikBaslangici": "2019-02-04T00:00:00Z", "gecerlilikSonu": null, "gozlemTarihi": null, "hilucsAraziKullanimi": null, "hilucsDurumu": null, "olcek": "1:10000", "surumBaslangicZamani": null, "surumBitisZamani": null, "total_population": 0.0, "estimated_water_supply": 1.0622977077641935, "population_pressure": 0.0, "urban_water_stress_score": 0.0 }, "geometry": { "type": "MultiPolygon", "coordinates": [ [ [ [ 32.7911, 39.9701 ], [ 32.7911, 39.9701 ], [ 32.7911, 39.9701 ], [ 32.7911, 39.9702 ], [ 32.7929, 39.9695 ], [ 32.7929, 39.9694 ], [ 32.7929, 39.9694 ], [ 32.7929, 39.9694 ], [ 32.7911, 39.9701 ] ] ] ] } },
{ "type": "Feature", "properties": { "id": "sehirAtlasi.534", "kentAtlasiDegeriKodu": "12220", "kentAtlasiDegeri": "Diğer Yollar ve İlgili Alanlar", "gecirimsizlikKatmani": 6, "tucbsNo": "CBSGM_1_7984493", "aciklama": null, "gecerlilikBaslangici": "2019-02-04T00:00:00Z", "gecerlilikSonu": null, "gozlemTarihi": null, "hilucsAraziKullanimi": null, "hilucsDurumu": null, "olcek": "1:10000", "surumBaslangicZamani": null, "surumBitisZamani": null, "total_population": 0.0, "estimated_water_supply": 1.0649767505944745, "population_pressure": 0.0, "urban_water_stress_score": 0.0 }, "geometry": { "type": "MultiPolygon", "coordinates": [ [ [ [ 32.7895, 39.9723 ], [ 32.7896, 39.9724 ], [ 32.7896, 39.9724 ], [ 32.7901, 39.972 ], [ 32.7901, 39.972 ], [ 32.7901, 39.972 ], [ 32.7895, 39.9723 ] ] ] ] } },
{ "type": "Feature", "properties": { "id": "sehirAtlasi.535", "kentAtlasiDegeriKodu": "12220", "kentAtlasiDegeri": "Diğer Yollar ve İlgili Alanlar", "gecirimsizlikKatmani": 0, "tucbsNo": "CBSGM_1_7984494", "aciklama": null, "gecerlilikBaslangici": "2019-02-04T00:00:00Z", "gecerlilikSonu": null, "gozlemTarihi": null, "hilucsAraziKullanimi": null, "hilucsDurumu": null, "olcek": "1:10000", "surumBaslangicZamani": null, "surumBitisZamani": null, "total_population": 0.0, "estimated_water_supply": 1.0625827354273356, "population_pressure": 0.0, "urban_water_stress_score": 0.0 }, "geometry": { "type": "MultiPolygon", "coordinates": [ [ [ [ 32.7885, 39.9713 ], [ 32.7885, 39.9713 ], [ 32.7885, 39.9713 ], [ 32.7885, 39.9713 ], [ 32.7886, 39.9713 ], [ 32.7894, 39.971 ], [ 32.7894, 39.9709 ], [ 32.7893, 39.9709 ], [ 32.7885, 39.9713 ] ] ] ] } },
{ "type": "Feature", "properties": { "id": "sehirAtlasi.536", "kentAtlasiDegeriKodu": "12220", "kentAtlasiDegeri": "Diğer Yollar ve İlgili Alanlar", "gecirimsizlikKatmani": 40, "tucbsNo": "CBSGM_1_7984495", "aciklama": null, "gecerlilikBaslangici": "2019-02-08T00:00:00Z", "gecerlilikSonu": null, "gozlemTarihi": null, "hilucsAraziKullanimi": null, "hilucsDurumu": null, "olcek": "1:10000", "surumBaslangicZamani": null, "surumBitisZamani": null, "total_population": 0.0, "estimated_water_supply": 1.4295936514056644, "population_pressure": 0.0, "urban_water_stress_score": 0.0 }, "geometry": { "type": "MultiPolygon", "coordinates": [ [ [ [ 32.9226, 39.9372 ], [ 32.9227, 39.9372 ], [ 32.9227, 39.9372 ], [ 32.9232, 39.937 ], [ 32.9232, 39.937 ], [ 32.9232, 39.937 ], [ 32.9232, 39.937 ], [ 32.9231, 39.9368 ], [ 32.9231, 39.9368 ], [ 32.9231, 39.9368 ], [ 32.923, 39.9368 ], [ 32.923, 39.9368 ], [ 32.923, 39.9368 ], [ 32.923, 39.9368 ], [ 32.923, 39.9368 ], [ 32.9231, 39.937 ], [ 32.9226, 39.9372 ] ] ] ] } },
{ "type": "Feature", "properties": { "id": "sehirAtlasi.537", "kentAtlasiDegeriKodu": "12220", "kentAtlasiDegeri": "Diğer Yollar ve İlgili Alanlar", "gecirimsizlikKatmani": 34, "tucbsNo": "CBSGM_1_7984496", "aciklama": null, "gecerlilikBaslangici": "2019-02-11T00:00:00Z", "gecerlilikSonu": null, "gozlemTarihi": null, "hilucsAraziKullanimi": null, "hilucsDurumu": null, "olcek": "1:10000", "surumBaslangicZamani": null, "surumBitisZamani": null, "total_population": 0.0, "estimated_water_supply": 0.62228717836265646, "population_pressure": 0.0, "urban_water_stress_score": 0.0 }, "geometry": { "type": "MultiPolygon", "coordinates": [ [ [ [ 32.7592, 39.825 ], [ 32.7592, 39.825 ], [ 32.7592, 39.825 ], [ 32.76, 39.825 ], [ 32.76, 39.825 ], [ 32.76, 39.825 ], [ 32.76, 39.8249 ], [ 32.76, 39.8249 ], [ 32.76, 39.8249 ], [ 32.76, 39.8249 ], [ 32.76, 39.8249 ], [ 32.7592, 39.8249 ], [ 32.7592, 39.825 ] ] ] ] } },
{ "type": "Feature", "properties": { "id": "sehirAtlasi.538", "kentAtlasiDegeriKodu": "12220", "kentAtlasiDegeri": "Diğer Yollar ve İlgili Alanlar", "gecirimsizlikKatmani": 0, "tucbsNo": "CBSGM_1_7984497", "aciklama": null, "gecerlilikBaslangici": "2019-02-07T00:00:00Z", "gecerlilikSonu": null, "gozlemTarihi": null, "hilucsAraziKullanimi": null, "hilucsDurumu": null, "olcek": "1:10000", "surumBaslangicZamani": null, "surumBitisZamani": null, "total_population": 0.0, "estimated_water_supply": 1.3198582711561384, "population_pressure": 0.0, "urban_water_stress_score": 0.0 }, "geometry": { "type": "MultiPolygon", "coordinates": [ [ [ [ 33.0347, 40.216 ], [ 33.0347, 40.216 ], [ 33.0347, 40.216 ], [ 33.0348, 40.2161 ], [ 33.0361, 40.216 ], [ 33.0361, 40.2159 ], [ 33.0361, 40.2159 ], [ 33.0347, 40.216 ] ] ] ] } },
{ "type": "Feature", "properties": { "id": "sehirAtlasi.539", "kentAtlasiDegeriKodu": "12220", "kentAtlasiDegeri": "Diğer Yollar ve İlgili Alanlar", "gecirimsizlikKatmani": 0, "tucbsNo": "CBSGM_1_7984498", "aciklama": null, "gecerlilikBaslangici": "2019-02-05T00:00:00Z", "gecerlilikSonu": null, "gozlemTarihi": null, "hilucsAraziKullanimi": null, "hilucsDurumu": null, "olcek": "1:10000", "surumBaslangicZamani": null, "surumBitisZamani": null, "total_population": 0.0, "estimated_water_supply": 1.1537807112180343, "population_pressure": 0.0, "urban_water_stress_score": 0.0 }, "geometry": { "type": "MultiPolygon", "coordinates": [ [ [ [ 32.8257, 39.9908 ], [ 32.8257, 39.9909 ], [ 32.8257, 39.9909 ], [ 32.8257, 39.9909 ], [ 32.8257, 39.9909 ], [ 32.8264, 39.9908 ], [ 32.8268, 39.9907 ], [ 32.8268, 39.9907 ], [ 32.827, 39.9906 ], [ 32.827, 39.9905 ], [ 32.827, 39.9905 ], [ 32.827, 39.9905 ], [ 32.827, 39.9905 ], [ 32.827, 39.9905 ], [ 32.8268, 39.9906 ], [ 32.8264, 39.9907 ], [ 32.8257, 39.9908 ] ] ] ] } },
{ "type": "Feature", "properties": { "id": "sehirAtlasi.540", "kentAtlasiDegeriKodu": "12220", "kentAtlasiDegeri": "Diğer Yollar ve İlgili Alanlar", "gecirimsizlikKatmani": 5, "tucbsNo": "CBSGM_1_7984499", "aciklama": null, "gecerlilikBaslangici": "2019-02-08T00:00:00Z", "gecerlilikSonu": null, "gozlemTarihi": null, "hilucsAraziKullanimi": null, "hilucsDurumu": null, "olcek": "1:10000", "surumBaslangicZamani": null, "surumBitisZamani": null, "total_population": 0.0, "estimated_water_supply": 1.2421444405198809, "population_pressure": 0.0, "urban_water_stress_score": 0.0 }, "geometry": { "type": "MultiPolygon", "coordinates": [ [ [ [ 32.9458, 39.9231 ], [ 32.9458, 39.9231 ], [ 32.9458, 39.9231 ], [ 32.9458, 39.9231 ], [ 32.9459, 39.9232 ], [ 32.9459, 39.923 ], [ 32.9464, 39.9226 ], [ 32.9464, 39.9226 ], [ 32.9464, 39.9225 ], [ 32.9464, 39.9225 ], [ 32.9464, 39.9225 ], [ 32.9463, 39.9225 ], [ 32.9463, 39.9225 ], [ 32.9463, 39.9225 ], [ 32.9458, 39.923 ], [ 32.9456, 39.9225 ], [ 32.9456, 39.9225 ], [ 32.9456, 39.9225 ], [ 32.9456, 39.9225 ], [ 32.9458, 39.923 ], [ 32.9458, 39.923 ], [ 32.9458, 39.923 ], [ 32.9458, 39.923 ], [ 32.9458, 39.9231 ] ] ] ] } },
{ "type": "Feature", "properties": { "id": "sehirAtlasi.541", "kentAtlasiDegeriKodu": "12120", "kentAtlasiDegeri": "Ticaret Alanları", "gecirimsizlikKatmani": 0, "tucbsNo": "CBSGM_1_7984500", "aciklama": null, "gecerlilikBaslangici": "2019-05-22T00:00:00Z", "gecerlilikSonu": null, "gozlemTarihi": null, "hilucsAraziKullanimi": null, "hilucsDurumu": null, "olcek": "1:10000", "surumBaslangicZamani": null, "surumBitisZamani": null, "total_population": 0.0, "estimated_water_supply": 1.1365562486872092, "population_pressure": 0.0, "urban_water_stress_score": 0.0 }, "geometry": { "type": "MultiPolygon", "coordinates": [ [ [ [ 32.9716, 39.9583 ], [ 32.9717, 39.959 ], [ 32.9726, 39.959 ], [ 32.9731, 39.959 ], [ 32.9732, 39.9583 ], [ 32.9732, 39.9583 ], [ 32.973, 39.9583 ], [ 32.9726, 39.9582 ], [ 32.9725, 39.9582 ], [ 32.9725, 39.9582 ], [ 32.9719, 39.9582 ], [ 32.9716, 39.9583 ] ] ] ] } },
{ "type": "Feature", "properties": { "id": "sehirAtlasi.542", "kentAtlasiDegeriKodu": "12220", "kentAtlasiDegeri": "Diğer Yollar ve İlgili Alanlar", "gecirimsizlikKatmani": 0, "tucbsNo": "CBSGM_1_7984501", "aciklama": null, "gecerlilikBaslangici": "2019-02-05T00:00:00Z", "gecerlilikSonu": null, "gozlemTarihi": null, "hilucsAraziKullanimi": null, "hilucsDurumu": null, "olcek": "1:10000", "surumBaslangicZamani": null, "surumBitisZamani": null, "total_population": 0.0, "estimated_water_supply": 1.2197784633666124, "population_pressure": 0.0, "urban_water_stress_score": 0.0 }, "geometry": { "type": "MultiPolygon", "coordinates": [ [ [ [ 32.8362, 40.0011 ], [ 32.8365, 40.0011 ], [ 32.8361, 40.0019 ], [ 32.8361, 40.0019 ], [ 32.8357, 40.0028 ], [ 32.8346, 40.0024 ], [ 32.8327, 40.0019 ], [ 32.8327, 40.0019 ], [ 32.8327, 40.0019 ], [ 32.8327, 40.002 ], [ 32.8358, 40.0028 ], [ 32.8358, 40.0028 ], [ 32.8369, 40.0031 ], [ 32.8369, 40.0031 ], [ 32.8358, 40.0028 ], [ 32.8362, 40.002 ], [ 32.8371, 40.0021 ], [ 32.8371, 40.002 ], [ 32.8362, 40.0019 ], [ 32.8366, 40.0012 ], [ 32.8373, 40.0012 ], [ 32.8373, 40.0012 ], [ 32.8373, 40.0012 ], [ 32.8366, 40.0011 ], [ 32.8368, 40.0008 ], [ 32.8368, 40.0008 ], [ 32.8369, 39.9999 ], [ 32.8368, 39.9999 ], [ 32.8368, 39.9999 ], [ 32.8367, 40.0008 ], [ 32.8365, 40.0011 ], [ 32.8363, 40.001 ], [ 32.8364, 39.9999 ], [ 32.8364, 39.9999 ], [ 32.8364, 39.9999 ], [ 32.8363, 39.9999 ], [ 32.8362, 40.001 ], [ 32.8332, 40.0009 ], [ 32.8331, 40.001 ], [ 32.8331, 40.001 ], [ 32.8354, 40.0011 ], [ 32.8362, 40.0011 ] ] ] ] } },
{ "type": "Feature", "properties": { "id": "sehirAtlasi.543", "kentAtlasiDegeriKodu": "12220", "kentAtlasiDegeri": "Diğer Yollar ve İlgili Alanlar", "gecirimsizlikKatmani": 0, "tucbsNo": "CBSGM_1_7984502", "aciklama": null, "gecerlilikBaslangici": "2019-02-05T00:00:00Z", "gecerlilikSonu": null, "gozlemTarihi": null, "hilucsAraziKullanimi": null, "hilucsDurumu": null, "olcek": "1:10000", "surumBaslangicZamani": null, "surumBitisZamani": null, "total_population": 0.0, "estimated_water_supply": 1.1748815007641156, "population_pressure": 0.0, "urban_water_stress_score": 0.0 }, "geometry": { "type": "MultiPolygon", "coordinates": [ [ [ [ 32.5316, 39.96 ], [ 32.5316, 39.96 ], [ 32.5317, 39.96 ], [ 32.5322, 39.9587 ], [ 32.5323, 39.9584 ], [ 32.5327, 39.9581 ], [ 32.533, 39.9579 ], [ 32.5343, 39.9581 ], [ 32.5344, 39.9581 ], [ 32.5344, 39.9582 ], [ 32.5337, 39.9604 ], [ 32.5337, 39.9604 ], [ 32.5338, 39.9604 ], [ 32.5345, 39.9582 ], [ 32.5373, 39.9587 ], [ 32.5374, 39.9588 ], [ 32.5366, 39.961 ], [ 32.5366, 39.961 ], [ 32.5367, 39.961 ], [ 32.5374, 39.9588 ], [ 32.5375, 39.9588 ], [ 32.5374, 39.9588 ], [ 32.5374, 39.9587 ], [ 32.5374, 39.9587 ], [ 32.5374, 39.9587 ], [ 32.5374, 39.9587 ], [ 32.5345, 39.9581 ], [ 32.5344, 39.9581 ], [ 32.5344, 39.9581 ], [ 32.5343, 39.958 ], [ 32.5343, 39.958 ], [ 32.5343, 39.958 ], [ 32.533, 39.9578 ], [ 32.533, 39.9578 ], [ 32.5329, 39.9578 ], [ 32.5329, 39.9578 ], [ 32.5326, 39.9581 ], [ 32.5323, 39.9583 ], [ 32.5323, 39.9583 ], [ 32.5323, 39.9583 ], [ 32.5321, 39.9587 ], [ 32.5321, 39.9587 ], [ 32.5316, 39.96 ] ] ] ] } },
{ "type": "Feature", "properties": { "id": "sehirAtlasi.544", "kentAtlasiDegeriKodu": "14100", "kentAtlasiDegeri": "Kent İçindeki Yeşil Alanlar ( Pasif )", "gecirimsizlikKatmani": 0, "tucbsNo": "CBSGM_1_7984503", "aciklama": null, "gecerlilikBaslangici": "2019-02-07T00:00:00Z", "gecerlilikSonu": null, "gozlemTarihi": null, "hilucsAraziKullanimi": null, "hilucsDurumu": null, "olcek": "1:10000", "surumBaslangicZamani": null, "surumBitisZamani": null, "total_population": 0.0, "estimated_water_supply": 1.1735560352739087, "population_pressure": 0.0, "urban_water_stress_score": 0.0 }, "geometry": { "type": "MultiPolygon", "coordinates": [ [ [ [ 32.7086, 39.9783 ], [ 32.7084, 39.9786 ], [ 32.7084, 39.9786 ], [ 32.7079, 39.9798 ], [ 32.708, 39.9798 ], [ 32.708, 39.9798 ], [ 32.7086, 39.9784 ], [ 32.7086, 39.9783 ], [ 32.7086, 39.9783 ] ] ] ] } },
{ "type": "Feature", "properties": { "id": "sehirAtlasi.545", "kentAtlasiDegeriKodu": "11100", "kentAtlasiDegeri": "Sürekli Kentsel Alan (> 80%)", "gecirimsizlikKatmani": 59, "tucbsNo": "CBSGM_1_7984504", "aciklama": null, "gecerlilikBaslangici": "2019-02-20T00:00:00Z", "gecerlilikSonu": null, "gozlemTarihi": null, "hilucsAraziKullanimi": null, "hilucsDurumu": null, "olcek": "1:10000", "surumBaslangicZamani": null, "surumBitisZamani": null, "total_population": 0.0, "estimated_water_supply": 1.2164032376416141, "population_pressure": 0.0, "urban_water_stress_score": 0.0 }, "geometry": { "type": "MultiPolygon", "coordinates": [ [ [ [ 32.8875, 39.9959 ], [ 32.8873, 39.9953 ], [ 32.8873, 39.9951 ], [ 32.8869, 39.9952 ], [ 32.8871, 39.9959 ], [ 32.8875, 39.9959 ] ] ] ] } },
{ "type": "Feature", "properties": { "id": "sehirAtlasi.546", "kentAtlasiDegeriKodu": "14100", "kentAtlasiDegeri": "Kent İçindeki Yeşil Alanlar ( Pasif )", "gecirimsizlikKatmani": 0, "tucbsNo": "CBSGM_1_7984505", "aciklama": null, "gecerlilikBaslangici": "2019-02-11T00:00:00Z", "gecerlilikSonu": null, "gozlemTarihi": null, "hilucsAraziKullanimi": null, "hilucsDurumu": null, "olcek": "1:10000", "surumBaslangicZamani": null, "surumBitisZamani": null, "total_population": 0.0, "estimated_water_supply": 1.0619050834917849, "population_pressure": 0.0, "urban_water_stress_score": 0.0 }, "geometry": { "type": "MultiPolygon", "coordinates": [ [ [ [ 32.8875, 39.9453 ], [ 32.8875, 39.9453 ], [ 32.8875, 39.9452 ], [ 32.8874, 39.9452 ], [ 32.8874, 39.9452 ], [ 32.8874, 39.9452 ], [ 32.8874, 39.9452 ], [ 32.8873, 39.9452 ], [ 32.8873, 39.9452 ], [ 32.8873, 39.9452 ], [ 32.8873, 39.9452 ], [ 32.8873, 39.9452 ], [ 32.8872, 39.9452 ], [ 32.8872, 39.9452 ], [ 32.8872, 39.9452 ], [ 32.8872, 39.9452 ], [ 32.8871, 39.9452 ], [ 32.8871, 39.9452 ], [ 32.8871, 39.9453 ], [ 32.8871, 39.9453 ], [ 32.8871, 39.9453 ], [ 32.8871, 39.9453 ], [ 32.8871, 39.9453 ], [ 32.8872, 39.9454 ], [ 32.8872, 39.9454 ], [ 32.8872, 39.9454 ], [ 32.8872, 39.9454 ], [ 32.8873, 39.9454 ], [ 32.8873, 39.9454 ], [ 32.8873, 39.9454 ], [ 32.8873, 39.9454 ], [ 32.8873, 39.9454 ], [ 32.8874, 39.9454 ], [ 32.8874, 39.9454 ], [ 32.8874, 39.9454 ], [ 32.8874, 39.9453 ], [ 32.8875, 39.9453 ], [ 32.8875, 39.9453 ] ] ] ] } },
{ "type": "Feature", "properties": { "id": "sehirAtlasi.547", "kentAtlasiDegeriKodu": "12110", "kentAtlasiDegeri": "Sanayi ve Üretim Alanları", "gecirimsizlikKatmani": 92, "tucbsNo": "CBSGM_1_7984506", "aciklama": null, "gecerlilikBaslangici": "2019-05-27T00:00:00Z", "gecerlilikSonu": null, "gozlemTarihi": null, "hilucsAraziKullanimi": null, "hilucsDurumu": null, "olcek": "1:10000", "surumBaslangicZamani": null, "surumBitisZamani": null, "total_population": 0.0, "estimated_water_supply": 1.0641239795287178, "population_pressure": 0.0, "urban_water_stress_score": 0.0 }, "geometry": { "type": "MultiPolygon", "coordinates": [ [ [ [ 32.7635, 39.96 ], [ 32.7635, 39.96 ], [ 32.7636, 39.96 ], [ 32.7636, 39.9594 ], [ 32.7632, 39.9594 ], [ 32.7629, 39.9594 ], [ 32.7629, 39.9601 ], [ 32.7629, 39.9602 ], [ 32.7631, 39.9602 ], [ 32.7634, 39.9603 ], [ 32.7634, 39.9602 ], [ 32.7634, 39.9602 ], [ 32.7634, 39.9602 ], [ 32.7634, 39.96 ], [ 32.7634, 39.96 ], [ 32.7634, 39.96 ], [ 32.7635, 39.96 ], [ 32.7635, 39.96 ], [ 32.7635, 39.96 ] ] ] ] } },
{ "type": "Feature", "properties": { "id": "sehirAtlasi.548", "kentAtlasiDegeriKodu": "12120", "kentAtlasiDegeri": "Ticaret Alanları", "gecirimsizlikKatmani": 35, "tucbsNo": "CBSGM_1_7984507", "aciklama": null, "gecerlilikBaslangici": "2019-05-29T00:00:00Z", "gecerlilikSonu": null, "gozlemTarihi": null, "hilucsAraziKullanimi": null, "hilucsDurumu": null, "olcek": "1:10000", "surumBaslangicZamani": null, "surumBitisZamani": null, "total_population": 0.0, "estimated_water_supply": 1.1436334152685372, "population_pressure": 0.0, "urban_water_stress_score": 0.0 }, "geometry": { "type": "MultiPolygon", "coordinates": [ [ [ [ 32.7635, 39.9838 ], [ 32.7635, 39.9835 ], [ 32.7635, 39.9835 ], [ 32.7634, 39.9834 ], [ 32.763, 39.9835 ], [ 32.7631, 39.9839 ], [ 32.7635, 39.9838 ] ] ] ] } },
{ "type": "Feature", "properties": { "id": "sehirAtlasi.549", "kentAtlasiDegeriKodu": "14100", "kentAtlasiDegeri": "Kent İçindeki Yeşil Alanlar ( Pasif )", "gecirimsizlikKatmani": 0, "tucbsNo": "CBSGM_1_7984508", "aciklama": null, "gecerlilikBaslangici": "2019-02-07T00:00:00Z", "gecerlilikSonu": null, "gozlemTarihi": null, "hilucsAraziKullanimi": null, "hilucsDurumu": null, "olcek": "1:10000", "surumBaslangicZamani": null, "surumBitisZamani": null, "total_population": 0.0, "estimated_water_supply": 1.1389240775344183, "population_pressure": 0.0, "urban_water_stress_score": 0.0 }, "geometry": { "type": "MultiPolygon", "coordinates": [ [ [ [ 32.763, 39.9751 ], [ 32.7631, 39.9752 ], [ 32.7631, 39.9752 ], [ 32.7638, 39.9751 ], [ 32.7638, 39.975 ], [ 32.763, 39.9751 ] ] ] ] } },
{ "type": "Feature", "properties": { "id": "sehirAtlasi.550", "kentAtlasiDegeriKodu": "13400", "kentAtlasiDegeri": "Mevcut Kullanımı Olmayan Alanlar", "gecirimsizlikKatmani": 0, "tucbsNo": "CBSGM_1_7984509", "aciklama": null, "gecerlilikBaslangici": "2019-02-12T00:00:00Z", "gecerlilikSonu": null, "gozlemTarihi": null, "hilucsAraziKullanimi": null, "hilucsDurumu": null, "olcek": "1:10000", "surumBaslangicZamani": null, "surumBitisZamani": null, "total_population": 0.0, "estimated_water_supply": 1.310561382745393, "population_pressure": 0.0, "urban_water_stress_score": 0.0 }, "geometry": { "type": "MultiPolygon", "coordinates": [ [ [ [ 32.772, 40.0318 ], [ 32.7729, 40.0318 ], [ 32.7725, 40.0307 ], [ 32.772, 40.0318 ] ] ] ] } },
{ "type": "Feature", "properties": { "id": "sehirAtlasi.551", "kentAtlasiDegeriKodu": "12110", "kentAtlasiDegeri": "Sanayi ve Üretim Alanları", "gecirimsizlikKatmani": 64, "tucbsNo": "CBSGM_1_7984510", "aciklama": null, "gecerlilikBaslangici": "2019-05-27T00:00:00Z", "gecerlilikSonu": null, "gozlemTarihi": null, "hilucsAraziKullanimi": null, "hilucsDurumu": null, "olcek": "1:10000", "surumBaslangicZamani": null, "surumBitisZamani": null, "total_population": 0.0, "estimated_water_supply": 1.0127372001624106, "population_pressure": 0.0, "urban_water_stress_score": 0.0 }, "geometry": { "type": "MultiPolygon", "coordinates": [ [ [ [ 32.7726, 39.9482 ], [ 32.7723, 39.9481 ], [ 32.7721, 39.9492 ], [ 32.7725, 39.9492 ], [ 32.7726, 39.9482 ] ] ] ] } },
{ "type": "Feature", "properties": { "id": "sehirAtlasi.552", "kentAtlasiDegeriKodu": "13400", "kentAtlasiDegeri": "Mevcut Kullanımı Olmayan Alanlar", "gecirimsizlikKatmani": 0, "tucbsNo": "CBSGM_1_7984511", "aciklama": null, "gecerlilikBaslangici": "2019-02-07T00:00:00Z", "gecerlilikSonu": null, "gozlemTarihi": null, "hilucsAraziKullanimi": null, "hilucsDurumu": null, "olcek": "1:10000", "surumBaslangicZamani": null, "surumBitisZamani": null, "total_population": 0.0, "estimated_water_supply": 1.1951728027454163, "population_pressure": 0.0, "urban_water_stress_score": 0.0 }, "geometry": { "type": "MultiPolygon", "coordinates": [ [ [ [ 32.9542, 39.9705 ], [ 32.9537, 39.9703 ], [ 32.9533, 39.9705 ], [ 32.9537, 39.9709 ], [ 32.954, 39.9707 ], [ 32.9541, 39.9707 ], [ 32.9542, 39.9705 ] ] ] ] } },
{ "type": "Feature", "properties": { "id": "sehirAtlasi.553", "kentAtlasiDegeriKodu": "11210", "kentAtlasiDegeri": "Yüksek Yoğunluklu Süreksiz Kentsel Alan (50% - 80%)", "gecirimsizlikKatmani": 33, "tucbsNo": "CBSGM_1_7984512", "aciklama": null, "gecerlilikBaslangici": "2019-06-13T00:00:00Z", "gecerlilikSonu": null, "gozlemTarihi": null, "hilucsAraziKullanimi": null, "hilucsDurumu": null, "olcek": "1:10000", "surumBaslangicZamani": null, "surumBitisZamani": null, "total_population": 0.0, "estimated_water_supply": 0.99106238893928711, "population_pressure": 0.0, "urban_water_stress_score": 0.0 }, "geometry": { "type": "MultiPolygon", "coordinates": [ [ [ [ 32.6813, 39.9413 ], [ 32.6811, 39.9411 ], [ 32.6802, 39.9415 ], [ 32.6802, 39.9415 ], [ 32.6789, 39.9418 ], [ 32.6788, 39.9419 ], [ 32.6788, 39.9419 ], [ 32.6788, 39.9419 ], [ 32.6786, 39.9418 ], [ 32.678, 39.9418 ], [ 32.6779, 39.9421 ], [ 32.6778, 39.9423 ], [ 32.6778, 39.9424 ], [ 32.679, 39.9421 ], [ 32.6802, 39.9417 ], [ 32.6813, 39.9413 ] ] ] ] } },
{ "type": "Feature", "properties": { "id": "sehirAtlasi.554", "kentAtlasiDegeriKodu": "12150", "kentAtlasiDegeri": "Eğitim Alanları", "gecirimsizlikKatmani": 0, "tucbsNo": "CBSGM_1_7984513", "aciklama": null, "gecerlilikBaslangici": "2019-05-24T00:00:00Z", "gecerlilikSonu": null, "gozlemTarihi": null, "hilucsAraziKullanimi": null, "hilucsDurumu": null, "olcek": "1:10000", "surumBaslangicZamani": null, "surumBitisZamani": null, "total_population": 0.0, "estimated_water_supply": 1.1797106132817903, "population_pressure": 0.0, "urban_water_stress_score": 0.0 }, "geometry": { "type": "MultiPolygon", "coordinates": [ [ [ [ 32.9569, 39.9718 ], [ 32.9574, 39.9722 ], [ 32.9576, 39.9721 ], [ 32.9576, 39.9721 ], [ 32.9576, 39.9721 ], [ 32.9579, 39.9721 ], [ 32.9579, 39.9721 ], [ 32.9582, 39.972 ], [ 32.9582, 39.9719 ], [ 32.9582, 39.9718 ], [ 32.9572, 39.9715 ], [ 32.9575, 39.9709 ], [ 32.9571, 39.9716 ], [ 32.9569, 39.9718 ] ] ] ] } },
{ "type": "Feature", "properties": { "id": "sehirAtlasi.555", "kentAtlasiDegeriKodu": "13400", "kentAtlasiDegeri": "Mevcut Kullanımı Olmayan Alanlar", "gecirimsizlikKatmani": 0, "tucbsNo": "CBSGM_1_7984514", "aciklama": null, "gecerlilikBaslangici": "2019-02-07T00:00:00Z", "gecerlilikSonu": null, "gozlemTarihi": null, "hilucsAraziKullanimi": null, "hilucsDurumu": null, "olcek": "1:10000", "surumBaslangicZamani": null, "surumBitisZamani": null, "total_population": 0.0, "estimated_water_supply": 1.1701550281305488, "population_pressure": 0.0, "urban_water_stress_score": 0.0 }, "geometry": { "type": "MultiPolygon", "coordinates": [ [ [ [ 32.958, 39.9753 ], [ 32.9576, 39.9743 ], [ 32.9571, 39.9745 ], [ 32.9576, 39.9753 ], [ 32.9576, 39.9754 ], [ 32.9576, 39.9754 ], [ 32.958, 39.9753 ] ] ] ] } },
{ "type": "Feature", "properties": { "id": "sehirAtlasi.556", "kentAtlasiDegeriKodu": "11100", "kentAtlasiDegeri": "Sürekli Kentsel Alan (> 80%)", "gecirimsizlikKatmani": 0, "tucbsNo": "CBSGM_1_7984515", "aciklama": null, "gecerlilikBaslangici": "2019-02-18T00:00:00Z", "gecerlilikSonu": null, "gozlemTarihi": null, "hilucsAraziKullanimi": null, "hilucsDurumu": null, "olcek": "1:10000", "surumBaslangicZamani": null, "surumBitisZamani": null, "total_population": 0.0, "estimated_water_supply": 1.1720514782066798, "population_pressure": 0.0, "urban_water_stress_score": 0.0 }, "geometry": { "type": "MultiPolygon", "coordinates": [ [ [ [ 32.9586, 39.974 ], [ 32.9585, 39.9734 ], [ 32.9579, 39.9734 ], [ 32.9573, 39.9735 ], [ 32.9577, 39.9742 ], [ 32.9586, 39.974 ] ] ] ] } },
{ "type": "Feature", "properties": { "id": "sehirAtlasi.557", "kentAtlasiDegeriKodu": "50000", "kentAtlasiDegeri": "Su Alanları", "gecirimsizlikKatmani": 0, "tucbsNo": "CBSGM_1_8761388", "aciklama": null, "gecerlilikBaslangici": "2019-12-09T00:00:00Z", "gecerlilikSonu": null, "gozlemTarihi": null, "hilucsAraziKullanimi": null, "hilucsDurumu": null, "olcek": "1:10000", "surumBaslangicZamani": null, "surumBitisZamani": null, "total_population": 0.0, "estimated_water_supply": 0.44996675433055305, "population_pressure": 0.0, "urban_water_stress_score": 0.0 }, "geometry": { "type": "MultiPolygon", "coordinates": [ [ [ [ 31.6839, 36.6481 ], [ 31.6839, 36.6481 ], [ 31.6837, 36.6481 ], [ 31.6836, 36.6481 ], [ 31.6834, 36.6482 ], [ 31.6833, 36.6483 ], [ 31.6833, 36.6483 ], [ 31.6833, 36.6484 ], [ 31.6833, 36.6485 ], [ 31.6834, 36.6486 ], [ 31.6833, 36.6484 ], [ 31.6833, 36.6484 ], [ 31.6834, 36.6483 ], [ 31.6835, 36.6483 ], [ 31.6835, 36.6482 ], [ 31.6838, 36.6481 ], [ 31.6839, 36.6481 ] ] ] ] } },
{ "type": "Feature", "properties": { "id": "sehirAtlasi.558", "kentAtlasiDegeriKodu": "11210", "kentAtlasiDegeri": "Yüksek Yoğunluklu Süreksiz Kentsel Alan (50% - 80%)", "gecirimsizlikKatmani": 37, "tucbsNo": "CBSGM_1_7984516", "aciklama": null, "gecerlilikBaslangici": "2019-02-05T00:00:00Z", "gecerlilikSonu": null, "gozlemTarihi": null, "hilucsAraziKullanimi": null, "hilucsDurumu": null, "olcek": "1:10000", "surumBaslangicZamani": null, "surumBitisZamani": null, "total_population": 0.0, "estimated_water_supply": 0.76565755715921568, "population_pressure": 0.0, "urban_water_stress_score": 0.0 }, "geometry": { "type": "MultiPolygon", "coordinates": [ [ [ [ 32.6793, 39.889 ], [ 32.6792, 39.889 ], [ 32.6787, 39.8888 ], [ 32.6782, 39.89 ], [ 32.6788, 39.8904 ], [ 32.6793, 39.889 ] ] ] ] } },
{ "type": "Feature", "properties": { "id": "sehirAtlasi.559", "kentAtlasiDegeriKodu": "11210", "kentAtlasiDegeri": "Yüksek Yoğunluklu Süreksiz Kentsel Alan (50% - 80%)", "gecirimsizlikKatmani": 26, "tucbsNo": "CBSGM_1_7984517", "aciklama": null, "gecerlilikBaslangici": "2019-06-13T00:00:00Z", "gecerlilikSonu": null, "gozlemTarihi": null, "hilucsAraziKullanimi": null, "hilucsDurumu": null, "olcek": "1:10000", "surumBaslangicZamani": null, "surumBitisZamani": null, "total_population": 0.0, "estimated_water_supply": 1.0024332437281358, "population_pressure": 0.0, "urban_water_stress_score": 0.0 }, "geometry": { "type": "MultiPolygon", "coordinates": [ [ [ [ 32.6802, 39.9431 ], [ 32.68, 39.9427 ], [ 32.6784, 39.9432 ], [ 32.6785, 39.9434 ], [ 32.6787, 39.9435 ], [ 32.6788, 39.9435 ], [ 32.6791, 39.9434 ], [ 32.6802, 39.9431 ] ] ] ] } },
{ "type": "Feature", "properties": { "id": "sehirAtlasi.560", "kentAtlasiDegeriKodu": "50000", "kentAtlasiDegeri": "Su Alanları", "gecirimsizlikKatmani": 0, "tucbsNo": "CBSGM_1_8761391", "aciklama": null, "gecerlilikBaslangici": "2019-04-10T00:00:00Z", "gecerlilikSonu": null, "gozlemTarihi": null, "hilucsAraziKullanimi": null, "hilucsDurumu": null, "olcek": "1:10000", "surumBaslangicZamani": null, "surumBitisZamani": null, "total_population": 0.0, "estimated_water_supply": 0.45124243370988337, "population_pressure": 0.0, "urban_water_stress_score": 0.0 }, "geometry": { "type": "MultiPolygon", "coordinates": [ [ [ [ 31.7208, 36.6401 ], [ 31.7211, 36.6402 ], [ 31.7212, 36.6402 ], [ 31.7212, 36.6401 ], [ 31.7208, 36.6401 ] ] ] ] } },
{ "type": "Feature", "properties": { "id": "sehirAtlasi.561", "kentAtlasiDegeriKodu": "12110", "kentAtlasiDegeri": "Sanayi ve Üretim Alanları", "gecirimsizlikKatmani": 24, "tucbsNo": "CBSGM_1_7984518", "aciklama": null, "gecerlilikBaslangici": "2019-05-27T00:00:00Z", "gecerlilikSonu": null, "gozlemTarihi": null, "hilucsAraziKullanimi": null, "hilucsDurumu": null, "olcek": "1:10000", "surumBaslangicZamani": null, "surumBitisZamani": null, "total_population": 0.0, "estimated_water_supply": 1.7078659298152257, "population_pressure": 0.0, "urban_water_stress_score": 0.0 }, "geometry": { "type": "MultiPolygon", "coordinates": [ [ [ [ 32.6017, 40.0635 ], [ 32.6015, 40.063 ], [ 32.6015, 40.063 ], [ 32.6015, 40.063 ], [ 32.6014, 40.0628 ], [ 32.601, 40.0614 ], [ 32.5993, 40.0607 ], [ 32.5986, 40.0606 ], [ 32.5976, 40.0604 ], [ 32.5968, 40.0603 ], [ 32.596, 40.0602 ], [ 32.5969, 40.0613 ], [ 32.5969, 40.0613 ], [ 32.5973, 40.0618 ], [ 32.5978, 40.0624 ], [ 32.5981, 40.0628 ], [ 32.5983, 40.0631 ], [ 32.5983, 40.0631 ], [ 32.5985, 40.0633 ], [ 32.5993, 40.0646 ], [ 32.6017, 40.0635 ] ] ] ] } },
{ "type": "Feature", "properties": { "id": "sehirAtlasi.562", "kentAtlasiDegeriKodu": "11100", "kentAtlasiDegeri": "Sürekli Kentsel Alan (> 80%)", "gecirimsizlikKatmani": 101, "tucbsNo": "CBSGM_1_8036694", "aciklama": null, "gecerlilikBaslangici": "2019-03-01T00:00:00Z", "gecerlilikSonu": null, "gozlemTarihi": null, "hilucsAraziKullanimi": null, "hilucsDurumu": null, "olcek": "1:10000", "surumBaslangicZamani": null, "surumBitisZamani": null, "total_population": 0.0, "estimated_water_supply": 0.48661518352869543, "population_pressure": 0.0, "urban_water_stress_score": 0.0 }, "geometry": { "type": "MultiPolygon", "coordinates": [ [ [ [ 28.9007, 40.992 ], [ 28.9003, 40.9919 ], [ 28.9003, 40.9922 ], [ 28.9007, 40.9922 ], [ 28.9007, 40.992 ] ] ] ] } },
{ "type": "Feature", "properties": { "id": "sehirAtlasi.563", "kentAtlasiDegeriKodu": "11100", "kentAtlasiDegeri": "Sürekli Kentsel Alan (> 80%)", "gecirimsizlikKatmani": 79, "tucbsNo": "CBSGM_1_8036695", "aciklama": null, "gecerlilikBaslangici": "2019-03-04T00:00:00Z", "gecerlilikSonu": null, "gozlemTarihi": null, "hilucsAraziKullanimi": null, "hilucsDurumu": null, "olcek": "1:10000", "surumBaslangicZamani": null, "surumBitisZamani": null, "total_population": 0.0, "estimated_water_supply": 0.77350666711390059, "population_pressure": 0.0, "urban_water_stress_score": 0.0 }, "geometry": { "type": "MultiPolygon", "coordinates": [ [ [ [ 28.9004, 41.0728 ], [ 28.9011, 41.0727 ], [ 28.9011, 41.0724 ], [ 28.9011, 41.0721 ], [ 28.9004, 41.0721 ], [ 28.9003, 41.0727 ], [ 28.9004, 41.0728 ] ] ] ] } },
{ "type": "Feature", "properties": { "id": "sehirAtlasi.564", "kentAtlasiDegeriKodu": "12120", "kentAtlasiDegeri": "Ticaret Alanları", "gecirimsizlikKatmani": 77, "tucbsNo": "CBSGM_1_8036696", "aciklama": null, "gecerlilikBaslangici": "2019-03-11T00:00:00Z", "gecerlilikSonu": null, "gozlemTarihi": null, "hilucsAraziKullanimi": null, "hilucsDurumu": null, "olcek": "1:10000", "surumBaslangicZamani": null, "surumBitisZamani": null, "total_population": 0.0, "estimated_water_supply": 0.62173495274496615, "population_pressure": 0.0, "urban_water_stress_score": 0.0 }, "geometry": { "type": "MultiPolygon", "coordinates": [ [ [ [ 28.9292, 41.0373 ], [ 28.9294, 41.037 ], [ 28.9291, 41.0369 ], [ 28.929, 41.037 ], [ 28.929, 41.0372 ], [ 28.9289, 41.0372 ], [ 28.9292, 41.0373 ] ] ] ] } },
{ "type": "Feature", "properties": { "id": "sehirAtlasi.565", "kentAtlasiDegeriKodu": "11100", "kentAtlasiDegeri": "Sürekli Kentsel Alan (> 80%)", "gecirimsizlikKatmani": 69, "tucbsNo": "CBSGM_1_8036697", "aciklama": null, "gecerlilikBaslangici": "2019-02-27T00:00:00Z", "gecerlilikSonu": null, "gozlemTarihi": null, "hilucsAraziKullanimi": null, "hilucsDurumu": null, "olcek": "1:10000", "surumBaslangicZamani": null, "surumBitisZamani": null, "total_population": 0.0, "estimated_water_supply": 0.53315744199916082, "population_pressure": 0.0, "urban_water_stress_score": 0.0 }, "geometry": { "type": "MultiPolygon", "coordinates": [ [ [ [ 28.9302, 41.0061 ], [ 28.9305, 41.006 ], [ 28.9302, 41.0059 ], [ 28.9298, 41.0057 ], [ 28.9293, 41.0054 ], [ 28.9291, 41.0053 ], [ 28.929, 41.0052 ], [ 28.929, 41.0053 ], [ 28.9289, 41.0058 ], [ 28.9291, 41.0062 ], [ 28.9294, 41.0062 ], [ 28.9294, 41.0062 ], [ 28.9299, 41.0061 ], [ 28.9302, 41.0061 ] ] ] ] } },
{ "type": "Feature", "properties": { "id": "sehirAtlasi.566", "kentAtlasiDegeriKodu": "11100", "kentAtlasiDegeri": "Sürekli Kentsel Alan (> 80%)", "gecirimsizlikKatmani": 37, "tucbsNo": "CBSGM_1_8036698", "aciklama": null, "gecerlilikBaslangici": "2019-03-13T00:00:00Z", "gecerlilikSonu": null, "gozlemTarihi": null, "hilucsAraziKullanimi": null, "hilucsDurumu": null, "olcek": "1:10000", "surumBaslangicZamani": null, "surumBitisZamani": null, "total_population": 0.0, "estimated_water_supply": 0.62637845857076502, "population_pressure": 0.0, "urban_water_stress_score": 0.0 }, "geometry": { "type": "MultiPolygon", "coordinates": [ [ [ [ 28.9294, 41.039 ], [ 28.9292, 41.0389 ], [ 28.9292, 41.0389 ], [ 28.9292, 41.0389 ], [ 28.9289, 41.0392 ], [ 28.9291, 41.0393 ], [ 28.9292, 41.0393 ], [ 28.9294, 41.039 ] ] ] ] } },
{ "type": "Feature", "properties": { "id": "sehirAtlasi.567", "kentAtlasiDegeriKodu": "11100", "kentAtlasiDegeri": "Sürekli Kentsel Alan (> 80%)", "gecirimsizlikKatmani": 92, "tucbsNo": "CBSGM_1_8036699", "aciklama": null, "gecerlilikBaslangici": "2019-02-27T00:00:00Z", "gecerlilikSonu": null, "gozlemTarihi": null, "hilucsAraziKullanimi": null, "hilucsDurumu": null, "olcek": "1:10000", "surumBaslangicZamani": null, "surumBitisZamani": null, "total_population": 0.0, "estimated_water_supply": 0.56182193049638895, "population_pressure": 0.0, "urban_water_stress_score": 0.0 }, "geometry": { "type": "MultiPolygon", "coordinates": [ [ [ [ 28.93, 41.0215 ], [ 28.9296, 41.0213 ], [ 28.9296, 41.0213 ], [ 28.9295, 41.0213 ], [ 28.9291, 41.0217 ], [ 28.9291, 41.0217 ], [ 28.9291, 41.0217 ], [ 28.929, 41.0218 ], [ 28.9295, 41.022 ], [ 28.9297, 41.0218 ], [ 28.93, 41.0215 ] ] ] ] } },
{ "type": "Feature", "properties": { "id": "sehirAtlasi.568", "kentAtlasiDegeriKodu": "11230", "kentAtlasiDegeri": "Düşük Yoğunluklu Süreksiz Kentsel Alan (10% - 30%)", "gecirimsizlikKatmani": 10, "tucbsNo": "CBSGM_1_7984520", "aciklama": null, "gecerlilikBaslangici": "2019-02-07T00:00:00Z", "gecerlilikSonu": null, "gozlemTarihi": null, "hilucsAraziKullanimi": null, "hilucsDurumu": null, "olcek": "1:10000", "surumBaslangicZamani": null, "surumBitisZamani": null, "total_population": 0.0, "estimated_water_supply": 0.65937473194949914, "population_pressure": 0.0, "urban_water_stress_score": 0.0 }, "geometry": { "type": "MultiPolygon", "coordinates": [ [ [ [ 32.8877, 39.8175 ], [ 32.8875, 39.8173 ], [ 32.8871, 39.8176 ], [ 32.8871, 39.8176 ], [ 32.8871, 39.8176 ], [ 32.8871, 39.8176 ], [ 32.8863, 39.8183 ], [ 32.8866, 39.8186 ], [ 32.8877, 39.8175 ] ] ] ] } },
{ "type": "Feature", "properties": { "id": "sehirAtlasi.569", "kentAtlasiDegeriKodu": "12210", "kentAtlasiDegeri": "Hızlı Transit Yollar ve İlgili Alanlar", "gecirimsizlikKatmani": 0, "tucbsNo": "CBSGM_1_7984522", "aciklama": null, "gecerlilikBaslangici": "2019-02-04T00:00:00Z", "gecerlilikSonu": null, "gozlemTarihi": null, "hilucsAraziKullanimi": null, "hilucsDurumu": null, "olcek": "1:10000", "surumBaslangicZamani": null, "surumBitisZamani": null, "total_population": 0.0, "estimated_water_supply": 0.75999532599147668, "population_pressure": 0.0, "urban_water_stress_score": 0.0 }, "geometry": { "type": "MultiPolygon", "coordinates": [ [ [ [ 32.7856, 39.908 ], [ 32.7858, 39.908 ], [ 32.7858, 39.908 ], [ 32.7858, 39.908 ], [ 32.7859, 39.908 ], [ 32.7859, 39.908 ], [ 32.786, 39.9079 ], [ 32.786, 39.9079 ], [ 32.786, 39.9079 ], [ 32.786, 39.9077 ], [ 32.7859, 39.9078 ], [ 32.7858, 39.9079 ], [ 32.7857, 39.9079 ], [ 32.7857, 39.908 ], [ 32.7856, 39.908 ] ] ] ] } },
{ "type": "Feature", "properties": { "id": "sehirAtlasi.570", "kentAtlasiDegeriKodu": "12210", "kentAtlasiDegeri": "Hızlı Transit Yollar ve İlgili Alanlar", "gecirimsizlikKatmani": 0, "tucbsNo": "CBSGM_1_7984524", "aciklama": null, "gecerlilikBaslangici": "2019-12-03T00:00:00Z", "gecerlilikSonu": null, "gozlemTarihi": null, "hilucsAraziKullanimi": null, "hilucsDurumu": null, "olcek": "1:10000", "surumBaslangicZamani": null, "surumBitisZamani": null, "total_population": 0.0, "estimated_water_supply": 0.80841812462387508, "population_pressure": 0.0, "urban_water_stress_score": 0.0 }, "geometry": { "type": "MultiPolygon", "coordinates": [ [ [ [ 32.7888, 39.9181 ], [ 32.7888, 39.9181 ], [ 32.7881, 39.9181 ], [ 32.7875, 39.9181 ], [ 32.7875, 39.9181 ], [ 32.7875, 39.9181 ], [ 32.7881, 39.9181 ], [ 32.7881, 39.9181 ], [ 32.7882, 39.9181 ], [ 32.7888, 39.9181 ] ] ] ] } },
{ "type": "Feature", "properties": { "id": "sehirAtlasi.571", "kentAtlasiDegeriKodu": "11230", "kentAtlasiDegeri": "Düşük Yoğunluklu Süreksiz Kentsel Alan (10% - 30%)", "gecirimsizlikKatmani": 0, "tucbsNo": "CBSGM_1_8409883", "aciklama": null, "gecerlilikBaslangici": "2019-05-28T00:00:00Z", "gecerlilikSonu": null, "gozlemTarihi": null, "hilucsAraziKullanimi": null, "hilucsDurumu": null, "olcek": "1:10000", "surumBaslangicZamani": null, "surumBitisZamani": null, "total_population": 0.0, "estimated_water_supply": 1.1225359258324805, "population_pressure": 0.0, "urban_water_stress_score": 0.0 }, "geometry": { "type": "MultiPolygon", "coordinates": [ [ [ [ 34.6788, 36.8826 ], [ 34.6793, 36.8825 ], [ 34.6795, 36.8825 ], [ 34.6793, 36.8823 ], [ 34.6795, 36.8821 ], [ 34.6794, 36.882 ], [ 34.6793, 36.8821 ], [ 34.6791, 36.8822 ], [ 34.6788, 36.8826 ] ] ] ] } },
{ "type": "Feature", "properties": { "id": "sehirAtlasi.572", "kentAtlasiDegeriKodu": "11100", "kentAtlasiDegeri": "Sürekli Kentsel Alan (> 80%)", "gecirimsizlikKatmani": 57, "tucbsNo": "CBSGM_1_7984525", "aciklama": null, "gecerlilikBaslangici": "2019-02-20T00:00:00Z", "gecerlilikSonu": null, "gozlemTarihi": null, "hilucsAraziKullanimi": null, "hilucsDurumu": null, "olcek": "1:10000", "surumBaslangicZamani": null, "surumBitisZamani": null, "total_population": 0.0, "estimated_water_supply": 1.2171236147461149, "population_pressure": 0.0, "urban_water_stress_score": 0.0 }, "geometry": { "type": "MultiPolygon", "coordinates": [ [ [ [ 32.8876, 39.9963 ], [ 32.8875, 39.996 ], [ 32.887, 39.996 ], [ 32.887, 39.996 ], [ 32.887, 39.996 ], [ 32.8865, 39.9961 ], [ 32.8866, 39.9964 ], [ 32.8876, 39.9963 ] ] ] ] } },
{ "type": "Feature", "properties": { "id": "sehirAtlasi.573", "kentAtlasiDegeriKodu": "11230", "kentAtlasiDegeri": "Düşük Yoğunluklu Süreksiz Kentsel Alan (10% - 30%)", "gecirimsizlikKatmani": 0, "tucbsNo": "CBSGM_1_8409884", "aciklama": null, "gecerlilikBaslangici": "2019-05-29T00:00:00Z", "gecerlilikSonu": null, "gozlemTarihi": null, "hilucsAraziKullanimi": null, "hilucsDurumu": null, "olcek": "1:10000", "surumBaslangicZamani": null, "surumBitisZamani": null, "total_population": 0.0, "estimated_water_supply": 0.92674134610411929, "population_pressure": 0.0, "urban_water_stress_score": 0.0 }, "geometry": { "type": "MultiPolygon", "coordinates": [ [ [ [ 34.3929, 36.6758 ], [ 34.3925, 36.6759 ], [ 34.3925, 36.6759 ], [ 34.3925, 36.6759 ], [ 34.3924, 36.6759 ], [ 34.3924, 36.6761 ], [ 34.3926, 36.6761 ], [ 34.3927, 36.6759 ], [ 34.3929, 36.6759 ], [ 34.3929, 36.6758 ] ] ] ] } },
{ "type": "Feature", "properties": { "id": "sehirAtlasi.574", "kentAtlasiDegeriKodu": "21000", "kentAtlasiDegeri": "Ekilebilir Alanlar", "gecirimsizlikKatmani": 0, "tucbsNo": "CBSGM_1_8409885", "aciklama": null, "gecerlilikBaslangici": "2019-05-28T00:00:00Z", "gecerlilikSonu": null, "gozlemTarihi": null, "hilucsAraziKullanimi": null, "hilucsDurumu": null, "olcek": "1:10000", "surumBaslangicZamani": null, "surumBitisZamani": null, "total_population": 0.0, "estimated_water_supply": 1.11537104398336, "population_pressure": 0.0, "urban_water_stress_score": 0.0 }, "geometry": { "type": "MultiPolygon", "coordinates": [ [ [ [ 34.6803, 36.8788 ], [ 34.6803, 36.8788 ], [ 34.6802, 36.879 ], [ 34.6802, 36.879 ], [ 34.6802, 36.879 ], [ 34.6802, 36.879 ], [ 34.6799, 36.8792 ], [ 34.6806, 36.8795 ], [ 34.6808, 36.8794 ], [ 34.681, 36.879 ], [ 34.6803, 36.8788 ] ] ] ] } },
{ "type": "Feature", "properties": { "id": "sehirAtlasi.575", "kentAtlasiDegeriKodu": "12150", "kentAtlasiDegeri": "Eğitim Alanları", "gecirimsizlikKatmani": 29, "tucbsNo": "CBSGM_1_7984526", "aciklama": null, "gecerlilikBaslangici": "2019-05-29T00:00:00Z", "gecerlilikSonu": null, "gozlemTarihi": null, "hilucsAraziKullanimi": null, "hilucsDurumu": null, "olcek": "1:10000", "surumBaslangicZamani": null, "surumBitisZamani": null, "total_population": 0.0, "estimated_water_supply": 0.67232795463130735, "population_pressure": 0.0, "urban_water_stress_score": 0.0 }, "geometry": { "type": "MultiPolygon", "coordinates": [ [ [ [ 32.7635, 39.8767 ], [ 32.7635, 39.8766 ], [ 32.7636, 39.8763 ], [ 32.7641, 39.8746 ], [ 32.7641, 39.8746 ], [ 32.764, 39.8745 ], [ 32.7633, 39.8743 ], [ 32.763, 39.8743 ], [ 32.7629, 39.8744 ], [ 32.7626, 39.8749 ], [ 32.7626, 39.875 ], [ 32.7626, 39.875 ], [ 32.7627, 39.875 ], [ 32.7627, 39.875 ], [ 32.7627, 39.875 ], [ 32.7627, 39.875 ], [ 32.7627, 39.8751 ], [ 32.7627, 39.8751 ], [ 32.7627, 39.8751 ], [ 32.7627, 39.8751 ], [ 32.7627, 39.8751 ], [ 32.7626, 39.8751 ], [ 32.7626, 39.8751 ], [ 32.7626, 39.8751 ], [ 32.7626, 39.8752 ], [ 32.7626, 39.8752 ], [ 32.7626, 39.8752 ], [ 32.7626, 39.8752 ], [ 32.7626, 39.8752 ], [ 32.7625, 39.8752 ], [ 32.7625, 39.8752 ], [ 32.7625, 39.8752 ], [ 32.7625, 39.8752 ], [ 32.7625, 39.8752 ], [ 32.7625, 39.8752 ], [ 32.7623, 39.8755 ], [ 32.7622, 39.8757 ], [ 32.7622, 39.8758 ], [ 32.7627, 39.8759 ], [ 32.7627, 39.8759 ], [ 32.7627, 39.8759 ], [ 32.7629, 39.8761 ], [ 32.7631, 39.8762 ], [ 32.7632, 39.8763 ], [ 32.7632, 39.8764 ], [ 32.7633, 39.8765 ], [ 32.7634, 39.8765 ], [ 32.7635, 39.8767 ] ] ] ] } },
{ "type": "Feature", "properties": { "id": "sehirAtlasi.576", "kentAtlasiDegeriKodu": "11100", "kentAtlasiDegeri": "Sürekli Kentsel Alan (> 80%)", "gecirimsizlikKatmani": 0, "tucbsNo": "CBSGM_1_7984527", "aciklama": null, "gecerlilikBaslangici": "2019-02-18T00:00:00Z", "gecerlilikSonu": null, "gozlemTarihi": null, "hilucsAraziKullanimi": null, "hilucsDurumu": null, "olcek": "1:10000", "surumBaslangicZamani": null, "surumBitisZamani": null, "total_population": 0.0, "estimated_water_supply": 1.1548698497448948, "population_pressure": 0.0, "urban_water_stress_score": 0.0 }, "geometry": { "type": "MultiPolygon", "coordinates": [ [ [ [ 32.8866, 39.9668 ], [ 32.8867, 39.9667 ], [ 32.8871, 39.967 ], [ 32.8875, 39.9672 ], [ 32.8876, 39.9669 ], [ 32.8874, 39.9668 ], [ 32.8873, 39.9667 ], [ 32.8872, 39.9667 ], [ 32.8868, 39.9665 ], [ 32.8866, 39.9668 ] ] ] ] } },
{ "type": "Feature", "properties": { "id": "sehirAtlasi.577", "kentAtlasiDegeriKodu": "21010", "kentAtlasiDegeri": "Sera Alanları", "gecirimsizlikKatmani": 0, "tucbsNo": "CBSGM_1_8409886", "aciklama": null, "gecerlilikBaslangici": "2019-05-28T00:00:00Z", "gecerlilikSonu": null, "gozlemTarihi": null, "hilucsAraziKullanimi": null, "hilucsDurumu": null, "olcek": "1:10000", "surumBaslangicZamani": null, "surumBitisZamani": null, "total_population": 0.0, "estimated_water_supply": 1.1231697288121163, "population_pressure": 0.0, "urban_water_stress_score": 0.0 }, "geometry": { "type": "MultiPolygon", "coordinates": [ [ [ [ 34.679, 36.8832 ], [ 34.6793, 36.8834 ], [ 34.6794, 36.8833 ], [ 34.6796, 36.8833 ], [ 34.6801, 36.8829 ], [ 34.6801, 36.8829 ], [ 34.6798, 36.8826 ], [ 34.679, 36.8832 ] ] ] ] } },
{ "type": "Feature", "properties": { "id": "sehirAtlasi.578", "kentAtlasiDegeriKodu": "11230", "kentAtlasiDegeri": "Düşük Yoğunluklu Süreksiz Kentsel Alan (10% - 30%)", "gecirimsizlikKatmani": 0, "tucbsNo": "CBSGM_1_8409887", "aciklama": null, "gecerlilikBaslangici": "2019-05-29T00:00:00Z", "gecerlilikSonu": null, "gozlemTarihi": null, "hilucsAraziKullanimi": null, "hilucsDurumu": null, "olcek": "1:10000", "surumBaslangicZamani": null, "surumBitisZamani": null, "total_population": 0.0, "estimated_water_supply": 0.95009265142435262, "population_pressure": 0.0, "urban_water_stress_score": 0.0 }, "geometry": { "type": "MultiPolygon", "coordinates": [ [ [ [ 34.3355, 36.6529 ], [ 34.3355, 36.6529 ], [ 34.3359, 36.6526 ], [ 34.3357, 36.6523 ], [ 34.3353, 36.6521 ], [ 34.3354, 36.6519 ], [ 34.3351, 36.6516 ], [ 34.3348, 36.6518 ], [ 34.3346, 36.6519 ], [ 34.3346, 36.6519 ], [ 34.3346, 36.6519 ], [ 34.3344, 36.652 ], [ 34.3343, 36.6521 ], [ 34.3346, 36.6522 ], [ 34.3352, 36.6522 ], [ 34.3352, 36.6523 ], [ 34.335, 36.6525 ], [ 34.3355, 36.6529 ] ] ] ] } },
{ "type": "Feature", "properties": { "id": "sehirAtlasi.579", "kentAtlasiDegeriKodu": "21000", "kentAtlasiDegeri": "Ekilebilir Alanlar", "gecirimsizlikKatmani": 0, "tucbsNo": "CBSGM_1_8409888", "aciklama": null, "gecerlilikBaslangici": "2019-05-25T00:00:00Z", "gecerlilikSonu": null, "gozlemTarihi": null, "hilucsAraziKullanimi": null, "hilucsDurumu": null, "olcek": "1:10000", "surumBaslangicZamani": null, "surumBitisZamani": null, "total_population": 0.0, "estimated_water_supply": 0.90814157366082382, "population_pressure": 0.0, "urban_water_stress_score": 0.0 }, "geometry": { "type": "MultiPolygon", "coordinates": [ [ [ [ 34.8582, 36.8453 ], [ 34.8582, 36.8454 ], [ 34.8583, 36.8458 ], [ 34.8583, 36.8457 ], [ 34.8593, 36.8455 ], [ 34.8612, 36.8452 ], [ 34.8611, 36.8449 ], [ 34.8582, 36.8453 ] ] ] ] } },
{ "type": "Feature", "properties": { "id": "sehirAtlasi.580", "kentAtlasiDegeriKodu": "21000", "kentAtlasiDegeri": "Ekilebilir Alanlar", "gecirimsizlikKatmani": 0, "tucbsNo": "CBSGM_1_8409889", "aciklama": null, "gecerlilikBaslangici": "2019-05-25T00:00:00Z", "gecerlilikSonu": null, "gozlemTarihi": null, "hilucsAraziKullanimi": null, "hilucsDurumu": null, "olcek": "1:10000", "surumBaslangicZamani": null, "surumBitisZamani": null, "total_population": 0.0, "estimated_water_supply": 0.84306341357801673, "population_pressure": 0.0, "urban_water_stress_score": 0.0 }, "geometry": { "type": "MultiPolygon", "coordinates": [ [ [ [ 34.8562, 36.8319 ], [ 34.8562, 36.832 ], [ 34.8564, 36.8326 ], [ 34.8573, 36.8347 ], [ 34.8579, 36.8362 ], [ 34.858, 36.8362 ], [ 34.8584, 36.837 ], [ 34.86, 36.8369 ], [ 34.86, 36.8366 ], [ 34.8601, 36.8354 ], [ 34.8601, 36.8354 ], [ 34.8603, 36.8347 ], [ 34.8606, 36.8334 ], [ 34.8607, 36.8329 ], [ 34.8606, 36.8332 ], [ 34.8587, 36.8329 ], [ 34.858, 36.8329 ], [ 34.8573, 36.8329 ], [ 34.8572, 36.8315 ], [ 34.8569, 36.8316 ], [ 34.8563, 36.8318 ], [ 34.8562, 36.8319 ], [ 34.8562, 36.8319 ] ] ] ] } },
{ "type": "Feature", "properties": { "id": "sehirAtlasi.581", "kentAtlasiDegeriKodu": "13300", "kentAtlasiDegeri": "İnşaat Alanları", "gecirimsizlikKatmani": 0, "tucbsNo": "CBSGM_1_7984528", "aciklama": null, "gecerlilikBaslangici": "2019-02-11T00:00:00Z", "gecerlilikSonu": null, "gozlemTarihi": null, "hilucsAraziKullanimi": null, "hilucsDurumu": null, "olcek": "1:10000", "surumBaslangicZamani": null, "surumBitisZamani": null, "total_population": 0.0, "estimated_water_supply": 0.8904367204001824, "population_pressure": 0.0, "urban_water_stress_score": 0.0 }, "geometry": { "type": "MultiPolygon", "coordinates": [ [ [ [ 32.8868, 39.91 ], [ 32.887, 39.9101 ], [ 32.8872, 39.9102 ], [ 32.8877, 39.9103 ], [ 32.8877, 39.9103 ], [ 32.8877, 39.9103 ], [ 32.8878, 39.9103 ], [ 32.8883, 39.9099 ], [ 32.8882, 39.9098 ], [ 32.8886, 39.9096 ], [ 32.8882, 39.9093 ], [ 32.8882, 39.9093 ], [ 32.8882, 39.9093 ], [ 32.8882, 39.9093 ], [ 32.8881, 39.9092 ], [ 32.8878, 39.9094 ], [ 32.8876, 39.9095 ], [ 32.8876, 39.9095 ], [ 32.8874, 39.9097 ], [ 32.8874, 39.9097 ], [ 32.8873, 39.9098 ], [ 32.8873, 39.9098 ], [ 32.8872, 39.9099 ], [ 32.8872, 39.9099 ], [ 32.887, 39.91 ], [ 32.887, 39.91 ], [ 32.8868, 39.9101 ], [ 32.8868, 39.91 ] ] ] ] } },
{ "type": "Feature", "properties": { "id": "sehirAtlasi.582", "kentAtlasiDegeriKodu": "11240", "kentAtlasiDegeri": "Çok Düşük Yoğunluklu Süreksiz Kentsel Alan (< 10%)", "gecirimsizlikKatmani": 6, "tucbsNo": "CBSGM_1_7984529", "aciklama": null, "gecerlilikBaslangici": "2019-02-12T00:00:00Z", "gecerlilikSonu": null, "gozlemTarihi": null, "hilucsAraziKullanimi": null, "hilucsDurumu": null, "olcek": "1:10000", "surumBaslangicZamani": null, "surumBitisZamani": null, "total_population": 0.0, "estimated_water_supply": 1.3380685598465698, "population_pressure": 0.0, "urban_water_stress_score": 0.0 }, "geometry": { "type": "MultiPolygon", "coordinates": [ [ [ [ 32.7732, 40.0392 ], [ 32.772, 40.0384 ], [ 32.7714, 40.0389 ], [ 32.7726, 40.0397 ], [ 32.773, 40.0394 ], [ 32.773, 40.0394 ], [ 32.7732, 40.0392 ] ] ] ] } },
{ "type": "Feature", "properties": { "id": "sehirAtlasi.583", "kentAtlasiDegeriKodu": "11240", "kentAtlasiDegeri": "Çok Düşük Yoğunluklu Süreksiz Kentsel Alan (< 10%)", "gecirimsizlikKatmani": 6, "tucbsNo": "CBSGM_1_7984530", "aciklama": null, "gecerlilikBaslangici": "2019-02-12T00:00:00Z", "gecerlilikSonu": null, "gozlemTarihi": null, "hilucsAraziKullanimi": null, "hilucsDurumu": null, "olcek": "1:10000", "surumBaslangicZamani": null, "surumBitisZamani": null, "total_population": 0.0, "estimated_water_supply": 0.7820520580562198, "population_pressure": 0.0, "urban_water_stress_score": 0.0 }, "geometry": { "type": "MultiPolygon", "coordinates": [ [ [ [ 32.7715, 39.9112 ], [ 32.7716, 39.9112 ], [ 32.7716, 39.9112 ], [ 32.7718, 39.9112 ], [ 32.7719, 39.9112 ], [ 32.772, 39.9112 ], [ 32.772, 39.9112 ], [ 32.7721, 39.9112 ], [ 32.7721, 39.9112 ], [ 32.7721, 39.9112 ], [ 32.7723, 39.9112 ], [ 32.7725, 39.9111 ], [ 32.7726, 39.9111 ], [ 32.7726, 39.9111 ], [ 32.7727, 39.9111 ], [ 32.7727, 39.9111 ], [ 32.7728, 39.9112 ], [ 32.7729, 39.9112 ], [ 32.7731, 39.9113 ], [ 32.7731, 39.9111 ], [ 32.7717, 39.9109 ], [ 32.7717, 39.9109 ], [ 32.7715, 39.9112 ] ] ] ] } },
{ "type": "Feature", "properties": { "id": "sehirAtlasi.584", "kentAtlasiDegeriKodu": "14120", "kentAtlasiDegeri": "Kent İçindeki Yeşil Alanlar ( Aktif )", "gecirimsizlikKatmani": 0, "tucbsNo": "CBSGM_1_7984531", "aciklama": null, "gecerlilikBaslangici": "2019-02-06T00:00:00Z", "gecerlilikSonu": null, "gozlemTarihi": null, "hilucsAraziKullanimi": null, "hilucsDurumu": null, "olcek": "1:10000", "surumBaslangicZamani": null, "surumBitisZamani": null, "total_population": 0.0, "estimated_water_supply": 1.0804307511760247, "population_pressure": 0.0, "urban_water_stress_score": 0.0 }, "geometry": { "type": "MultiPolygon", "coordinates": [ [ [ [ 32.8985, 39.9431 ], [ 32.8984, 39.943 ], [ 32.8981, 39.9428 ], [ 32.8981, 39.9428 ], [ 32.8978, 39.9427 ], [ 32.8977, 39.9428 ], [ 32.8977, 39.9432 ], [ 32.898, 39.9431 ], [ 32.8982, 39.9431 ], [ 32.8984, 39.9431 ], [ 32.8985, 39.9431 ] ] ] ] } },
{ "type": "Feature", "properties": { "id": "sehirAtlasi.585", "kentAtlasiDegeriKodu": "12220", "kentAtlasiDegeri": "Diğer Yollar ve İlgili Alanlar", "gecirimsizlikKatmani": 0, "tucbsNo": "CBSGM_1_7984532", "aciklama": null, "gecerlilikBaslangici": "2019-02-06T00:00:00Z", "gecerlilikSonu": null, "gozlemTarihi": null, "hilucsAraziKullanimi": null, "hilucsDurumu": null, "olcek": "1:10000", "surumBaslangicZamani": null, "surumBitisZamani": null, "total_population": 0.0, "estimated_water_supply": 0.78472939470623881, "population_pressure": 0.0, "urban_water_stress_score": 0.0 }, "geometry": { "type": "MultiPolygon", "coordinates": [ [ [ [ 32.6789, 39.8955 ], [ 32.6791, 39.8956 ], [ 32.6793, 39.8956 ], [ 32.68, 39.8961 ], [ 32.6807, 39.8965 ], [ 32.6807, 39.8965 ], [ 32.6808, 39.8965 ], [ 32.6808, 39.8965 ], [ 32.6841, 39.8985 ], [ 32.6832, 39.899 ], [ 32.6832, 39.899 ], [ 32.6832, 39.899 ], [ 32.6832, 39.899 ], [ 32.6832, 39.899 ], [ 32.6833, 39.899 ], [ 32.6833, 39.899 ], [ 32.6833, 39.899 ], [ 32.6842, 39.8985 ], [ 32.6867, 39.9001 ], [ 32.6848, 39.901 ], [ 32.6847, 39.901 ], [ 32.6846, 39.9008 ], [ 32.6831, 39.8991 ], [ 32.6831, 39.8991 ], [ 32.6831, 39.899 ], [ 32.6831, 39.899 ], [ 32.683, 39.899 ], [ 32.683, 39.8991 ], [ 32.683, 39.8991 ], [ 32.683, 39.8991 ], [ 32.6845, 39.9009 ], [ 32.6847, 39.9011 ], [ 32.6847, 39.9011 ], [ 32.6847, 39.9011 ], [ 32.6847, 39.9011 ], [ 32.6848, 39.9011 ], [ 32.6861, 39.9005 ], [ 32.6867, 39.9002 ], [ 32.6869, 39.9002 ], [ 32.6869, 39.9003 ], [ 32.6874, 39.9005 ], [ 32.6875, 39.9005 ], [ 32.6876, 39.9006 ], [ 32.6876, 39.9006 ], [ 32.6884, 39.9007 ], [ 32.6884, 39.9007 ], [ 32.6884, 39.9007 ], [ 32.6883, 39.9006 ], [ 32.6876, 39.9005 ], [ 32.6875, 39.9005 ], [ 32.6869, 39.9002 ], [ 32.6868, 39.9001 ], [ 32.6872, 39.8999 ], [ 32.6872, 39.8999 ], [ 32.6872, 39.8999 ], [ 32.6871, 39.8999 ], [ 32.6868, 39.9001 ], [ 32.6843, 39.8985 ], [ 32.6845, 39.8984 ], [ 32.6845, 39.8984 ], [ 32.6845, 39.8984 ], [ 32.6844, 39.8983 ], [ 32.6842, 39.8984 ], [ 32.6809, 39.8965 ], [ 32.6809, 39.8965 ], [ 32.6808, 39.8964 ], [ 32.6808, 39.8964 ], [ 32.6801, 39.896 ], [ 32.6793, 39.8956 ], [ 32.6793, 39.8956 ], [ 32.6793, 39.8956 ], [ 32.6791, 39.8955 ], [ 32.6791, 39.8955 ], [ 32.679, 39.8955 ], [ 32.6789, 39.8955 ], [ 32.6789, 39.8955 ] ] ] ] } },
{ "type": "Feature", "properties": { "id": "sehirAtlasi.586", "kentAtlasiDegeriKodu": "12220", "kentAtlasiDegeri": "Diğer Yollar ve İlgili Alanlar", "gecirimsizlikKatmani": 0, "tucbsNo": "CBSGM_1_7984533", "aciklama": null, "gecerlilikBaslangici": "2019-02-05T00:00:00Z", "gecerlilikSonu": null, "gozlemTarihi": null, "hilucsAraziKullanimi": null, "hilucsDurumu": null, "olcek": "1:10000", "surumBaslangicZamani": null, "surumBitisZamani": null, "total_population": 0.0, "estimated_water_supply": 1.4035195173593862, "population_pressure": 0.0, "urban_water_stress_score": 0.0 }, "geometry": { "type": "MultiPolygon", "coordinates": [ [ [ [ 32.517, 39.9954 ], [ 32.517, 39.9954 ], [ 32.517, 39.9955 ], [ 32.5175, 39.9954 ], [ 32.5175, 39.9955 ], [ 32.5175, 39.9955 ], [ 32.5175, 39.9955 ], [ 32.5176, 39.9956 ], [ 32.5176, 39.9956 ], [ 32.5176, 39.9957 ], [ 32.5176, 39.9957 ], [ 32.5176, 39.9957 ], [ 32.5176, 39.9957 ], [ 32.5177, 39.9958 ], [ 32.5177, 39.9958 ], [ 32.5179, 39.9962 ], [ 32.5174, 39.9964 ], [ 32.5174, 39.9964 ], [ 32.5174, 39.9964 ], [ 32.5174, 39.9965 ], [ 32.518, 39.9963 ], [ 32.518, 39.9963 ], [ 32.5193, 39.9959 ], [ 32.5193, 39.9959 ], [ 32.5193, 39.9959 ], [ 32.518, 39.9962 ], [ 32.5178, 39.9958 ], [ 32.5192, 39.9955 ], [ 32.5192, 39.9954 ], [ 32.5192, 39.9954 ], [ 32.5192, 39.9954 ], [ 32.5181, 39.9956 ], [ 32.5177, 39.9957 ], [ 32.5177, 39.9957 ], [ 32.5177, 39.9957 ], [ 32.5177, 39.9957 ], [ 32.5177, 39.9957 ], [ 32.5177, 39.9957 ], [ 32.5177, 39.9956 ], [ 32.5177, 39.9956 ], [ 32.5176, 39.9954 ], [ 32.5176, 39.9954 ], [ 32.5176, 39.9954 ], [ 32.5179, 39.9953 ], [ 32.518, 39.9953 ], [ 32.5187, 39.9951 ], [ 32.519, 39.995 ], [ 32.519, 39.995 ], [ 32.519, 39.995 ], [ 32.519, 39.995 ], [ 32.5179, 39.9952 ], [ 32.5179, 39.9952 ], [ 32.5175, 39.9953 ], [ 32.517, 39.9954 ] ] ] ] } },
{ "type": "Feature", "properties": { "id": "sehirAtlasi.587", "kentAtlasiDegeriKodu": "13400", "kentAtlasiDegeri": "Mevcut Kullanımı Olmayan Alanlar", "gecirimsizlikKatmani": 0, "tucbsNo": "CBSGM_1_7984534", "aciklama": null, "gecerlilikBaslangici": "2019-02-13T00:00:00Z", "gecerlilikSonu": null, "gozlemTarihi": null, "hilucsAraziKullanimi": null, "hilucsDurumu": null, "olcek": "1:10000", "surumBaslangicZamani": null, "surumBitisZamani": null, "total_population": 0.0, "estimated_water_supply": 0.6856399857314206, "population_pressure": 0.0, "urban_water_stress_score": 0.0 }, "geometry": { "type": "MultiPolygon", "coordinates": [ [ [ [ 32.8467, 39.8612 ], [ 32.8466, 39.8612 ], [ 32.8462, 39.8613 ], [ 32.8462, 39.8613 ], [ 32.8462, 39.8613 ], [ 32.8462, 39.8613 ], [ 32.8462, 39.862 ], [ 32.8463, 39.862 ], [ 32.8465, 39.8619 ], [ 32.8467, 39.8612 ] ] ] ] } },
{ "type": "Feature", "properties": { "id": "sehirAtlasi.588", "kentAtlasiDegeriKodu": "11210", "kentAtlasiDegeri": "Yüksek Yoğunluklu Süreksiz Kentsel Alan (50% - 80%)", "gecirimsizlikKatmani": 43, "tucbsNo": "CBSGM_1_7984535", "aciklama": null, "gecerlilikBaslangici": "2019-02-06T00:00:00Z", "gecerlilikSonu": null, "gozlemTarihi": null, "hilucsAraziKullanimi": null, "hilucsDurumu": null, "olcek": "1:10000", "surumBaslangicZamani": null, "surumBitisZamani": null, "total_population": 0.0, "estimated_water_supply": 1.398605385567508, "population_pressure": 0.0, "urban_water_stress_score": 0.0 }, "geometry": { "type": "MultiPolygon", "coordinates": [ [ [ [ 32.8425, 40.0472 ], [ 32.8425, 40.0475 ], [ 32.8425, 40.0475 ], [ 32.8429, 40.0475 ], [ 32.8429, 40.0475 ], [ 32.8429, 40.0475 ], [ 32.8433, 40.0475 ], [ 32.8437, 40.0476 ], [ 32.8439, 40.0476 ], [ 32.8441, 40.0476 ], [ 32.8441, 40.0476 ], [ 32.8446, 40.0476 ], [ 32.8446, 40.0469 ], [ 32.8442, 40.047 ], [ 32.8437, 40.047 ], [ 32.8425, 40.0472 ], [ 32.8425, 40.0472 ] ] ] ] } },
{ "type": "Feature", "properties": { "id": "sehirAtlasi.589", "kentAtlasiDegeriKodu": "11210", "kentAtlasiDegeri": "Yüksek Yoğunluklu Süreksiz Kentsel Alan (50% - 80%)", "gecirimsizlikKatmani": 24, "tucbsNo": "CBSGM_1_7984536", "aciklama": null, "gecerlilikBaslangici": "2019-02-06T00:00:00Z", "gecerlilikSonu": null, "gozlemTarihi": null, "hilucsAraziKullanimi": null, "hilucsDurumu": null, "olcek": "1:10000", "surumBaslangicZamani": null, "surumBitisZamani": null, "total_population": 0.0, "estimated_water_supply": 0.8726474367184418, "population_pressure": 0.0, "urban_water_stress_score": 0.0 }, "geometry": { "type": "MultiPolygon", "coordinates": [ [ [ [ 32.6397, 39.9064 ], [ 32.6401, 39.9077 ], [ 32.6401, 39.9077 ], [ 32.641, 39.9076 ], [ 32.6409, 39.9076 ], [ 32.6406, 39.9063 ], [ 32.6397, 39.9064 ] ] ] ] } },
{ "type": "Feature", "properties": { "id": "sehirAtlasi.590", "kentAtlasiDegeriKodu": "12220", "kentAtlasiDegeri": "Diğer Yollar ve İlgili Alanlar", "gecirimsizlikKatmani": 0, "tucbsNo": "CBSGM_1_7984537", "aciklama": null, "gecerlilikBaslangici": "2019-02-12T00:00:00Z", "gecerlilikSonu": null, "gozlemTarihi": null, "hilucsAraziKullanimi": null, "hilucsDurumu": null, "olcek": "1:10000", "surumBaslangicZamani": null, "surumBitisZamani": null, "total_population": 0.0, "estimated_water_supply": 0.78223047032699033, "population_pressure": 0.0, "urban_water_stress_score": 0.0 }, "geometry": { "type": "MultiPolygon", "coordinates": [ [ [ [ 32.9303, 39.881 ], [ 32.9303, 39.8811 ], [ 32.9303, 39.8811 ], [ 32.9303, 39.8811 ], [ 32.9303, 39.8811 ], [ 32.9303, 39.8811 ], [ 32.9305, 39.8809 ], [ 32.9316, 39.8799 ], [ 32.9316, 39.8799 ], [ 32.9328, 39.8787 ], [ 32.9328, 39.8787 ], [ 32.9332, 39.878 ], [ 32.9335, 39.8777 ], [ 32.934, 39.8773 ], [ 32.9349, 39.8767 ], [ 32.9354, 39.8762 ], [ 32.9354, 39.8762 ], [ 32.9356, 39.8759 ], [ 32.9359, 39.876 ], [ 32.9368, 39.8767 ], [ 32.9369, 39.8768 ], [ 32.937, 39.8779 ], [ 32.9371, 39.8784 ], [ 32.9372, 39.8789 ], [ 32.9372, 39.8789 ], [ 32.9372, 39.8789 ], [ 32.9375, 39.8782 ], [ 32.9375, 39.8782 ], [ 32.9374, 39.8783 ], [ 32.9373, 39.8783 ], [ 32.9372, 39.8783 ], [ 32.9371, 39.8779 ], [ 32.937, 39.8768 ], [ 32.937, 39.8768 ], [ 32.9369, 39.8767 ], [ 32.9369, 39.8767 ], [ 32.9369, 39.8767 ], [ 32.936, 39.876 ], [ 32.936, 39.876 ], [ 32.9356, 39.8759 ], [ 32.9356, 39.8759 ], [ 32.9356, 39.8759 ], [ 32.9356, 39.8759 ], [ 32.9352, 39.8758 ], [ 32.9349, 39.8757 ], [ 32.9349, 39.8757 ], [ 32.9349, 39.8757 ], [ 32.9342, 39.8757 ], [ 32.9342, 39.8757 ], [ 32.9331, 39.8756 ], [ 32.9315, 39.8755 ], [ 32.9315, 39.8755 ], [ 32.9315, 39.8756 ], [ 32.9315, 39.8756 ], [ 32.9314, 39.8756 ], [ 32.9315, 39.8756 ], [ 32.9315, 39.8756 ], [ 32.9315, 39.8756 ], [ 32.9331, 39.8757 ], [ 32.9342, 39.8758 ], [ 32.9342, 39.8758 ], [ 32.9342, 39.8758 ], [ 32.9349, 39.8757 ], [ 32.9352, 39.8758 ], [ 32.9356, 39.8759 ], [ 32.9354, 39.8762 ], [ 32.9349, 39.8767 ], [ 32.934, 39.8773 ], [ 32.9334, 39.8777 ], [ 32.9331, 39.878 ], [ 32.9331, 39.878 ], [ 32.9327, 39.8787 ], [ 32.9316, 39.8799 ], [ 32.9303, 39.881 ], [ 32.9303, 39.881 ], [ 32.9303, 39.881 ] ] ] ] } },
{ "type": "Feature", "properties": { "id": "sehirAtlasi.591", "kentAtlasiDegeriKodu": "12220", "kentAtlasiDegeri": "Diğer Yollar ve İlgili Alanlar", "gecirimsizlikKatmani": 0, "tucbsNo": "CBSGM_1_7984538", "aciklama": null, "gecerlilikBaslangici": "2019-02-21T00:00:00Z", "gecerlilikSonu": null, "gozlemTarihi": null, "hilucsAraziKullanimi": null, "hilucsDurumu": null, "olcek": "1:10000", "surumBaslangicZamani": null, "surumBitisZamani": null, "total_population": 0.0, "estimated_water_supply": 1.0412024058506983, "population_pressure": 0.0, "urban_water_stress_score": 0.0 }, "geometry": { "type": "MultiPolygon", "coordinates": [ [ [ [ 32.6317, 39.9416 ], [ 32.6333, 39.9421 ], [ 32.633, 39.9428 ], [ 32.633, 39.9428 ], [ 32.633, 39.9428 ], [ 32.633, 39.9428 ], [ 32.6331, 39.9429 ], [ 32.6334, 39.9421 ], [ 32.6344, 39.9424 ], [ 32.6341, 39.9432 ], [ 32.6341, 39.9432 ], [ 32.6341, 39.9432 ], [ 32.6342, 39.9432 ], [ 32.6345, 39.9424 ], [ 32.6355, 39.9426 ], [ 32.6355, 39.9426 ], [ 32.6362, 39.9428 ], [ 32.6358, 39.9436 ], [ 32.6359, 39.9436 ], [ 32.6359, 39.9436 ], [ 32.6359, 39.9436 ], [ 32.6359, 39.9436 ], [ 32.6363, 39.9428 ], [ 32.6372, 39.9431 ], [ 32.6372, 39.943 ], [ 32.6363, 39.9428 ], [ 32.6368, 39.9417 ], [ 32.6376, 39.942 ], [ 32.6377, 39.9419 ], [ 32.6368, 39.9417 ], [ 32.6371, 39.9409 ], [ 32.6371, 39.9409 ], [ 32.637, 39.9409 ], [ 32.6367, 39.9417 ], [ 32.6361, 39.9415 ], [ 32.635, 39.9412 ], [ 32.6353, 39.9405 ], [ 32.6353, 39.9404 ], [ 32.6353, 39.9404 ], [ 32.6353, 39.9404 ], [ 32.6349, 39.9412 ], [ 32.6339, 39.9409 ], [ 32.6343, 39.9402 ], [ 32.6342, 39.9401 ], [ 32.6342, 39.9401 ], [ 32.6342, 39.9401 ], [ 32.6339, 39.9409 ], [ 32.6326, 39.9406 ], [ 32.6325, 39.9406 ], [ 32.6317, 39.9406 ], [ 32.6317, 39.9406 ], [ 32.6317, 39.9406 ], [ 32.6325, 39.9406 ], [ 32.6338, 39.941 ], [ 32.6334, 39.942 ], [ 32.6317, 39.9416 ], [ 32.6317, 39.9416 ], [ 32.6317, 39.9416 ], [ 32.6317, 39.9416 ] ], [ [ 32.6367, 39.9417 ], [ 32.6362, 39.9427 ], [ 32.6355, 39.9426 ], [ 32.6345, 39.9423 ], [ 32.635, 39.9413 ], [ 32.636, 39.9415 ], [ 32.6367, 39.9417 ] ], [ [ 32.6349, 39.9412 ], [ 32.6344, 39.9423 ], [ 32.6335, 39.942 ], [ 32.6339, 39.941 ], [ 32.6349, 39.9412 ] ] ] ] } },
{ "type": "Feature", "properties": { "id": "sehirAtlasi.592", "kentAtlasiDegeriKodu": "12220", "kentAtlasiDegeri": "Diğer Yollar ve İlgili Alanlar", "gecirimsizlikKatmani": 0, "tucbsNo": "CBSGM_1_7984539", "aciklama": null, "gecerlilikBaslangici": "2019-02-04T00:00:00Z", "gecerlilikSonu": null, "gozlemTarihi": null, "hilucsAraziKullanimi": null, "hilucsDurumu": null, "olcek": "1:10000", "surumBaslangicZamani": null, "surumBitisZamani": null, "total_population": 0.0, "estimated_water_supply": 0.68674392576104437, "population_pressure": 0.0, "urban_water_stress_score": 0.0 }, "geometry": { "type": "MultiPolygon", "coordinates": [ [ [ [ 32.8349, 39.8575 ], [ 32.8349, 39.8575 ], [ 32.8349, 39.8577 ], [ 32.8349, 39.8578 ], [ 32.8349, 39.8578 ], [ 32.835, 39.8578 ], [ 32.835, 39.8579 ], [ 32.835, 39.8579 ], [ 32.835, 39.8579 ], [ 32.8351, 39.8579 ], [ 32.8351, 39.8579 ], [ 32.8351, 39.8579 ], [ 32.8362, 39.8576 ], [ 32.8367, 39.8577 ], [ 32.8369, 39.8578 ], [ 32.8369, 39.8578 ], [ 32.8369, 39.8578 ], [ 32.8369, 39.8578 ], [ 32.837, 39.8578 ], [ 32.837, 39.8578 ], [ 32.837, 39.8578 ], [ 32.8369, 39.8577 ], [ 32.8368, 39.8577 ], [ 32.8368, 39.8577 ], [ 32.8368, 39.8577 ], [ 32.8362, 39.8576 ], [ 32.8362, 39.8576 ], [ 32.8362, 39.8576 ], [ 32.8351, 39.8578 ], [ 32.8351, 39.8578 ], [ 32.835, 39.8578 ], [ 32.8349, 39.8575 ] ] ] ] } },
{ "type": "Feature", "properties": { "id": "sehirAtlasi.593", "kentAtlasiDegeriKodu": "12220", "kentAtlasiDegeri": "Diğer Yollar ve İlgili Alanlar", "gecirimsizlikKatmani": 13, "tucbsNo": "CBSGM_1_7984540", "aciklama": null, "gecerlilikBaslangici": "2019-02-04T00:00:00Z", "gecerlilikSonu": null, "gozlemTarihi": null, "hilucsAraziKullanimi": null, "hilucsDurumu": null, "olcek": "1:10000", "surumBaslangicZamani": null, "surumBitisZamani": null, "total_population": 0.0, "estimated_water_supply": 0.68549271408718127, "population_pressure": 0.0, "urban_water_stress_score": 0.0 }, "geometry": { "type": "MultiPolygon", "coordinates": [ [ [ [ 32.8348, 39.8575 ], [ 32.8348, 39.8575 ], [ 32.8348, 39.8575 ], [ 32.8349, 39.8574 ], [ 32.8348, 39.8573 ], [ 32.8347, 39.8571 ], [ 32.8347, 39.8571 ], [ 32.8349, 39.8568 ], [ 32.8349, 39.8568 ], [ 32.8348, 39.8568 ], [ 32.8348, 39.8568 ], [ 32.8348, 39.8568 ], [ 32.8348, 39.8568 ], [ 32.8348, 39.8568 ], [ 32.8348, 39.8568 ], [ 32.8347, 39.857 ], [ 32.8347, 39.8571 ], [ 32.8346, 39.8571 ], [ 32.8346, 39.8571 ], [ 32.8346, 39.8572 ], [ 32.8347, 39.8574 ], [ 32.8348, 39.8575 ] ] ] ] } },
{ "type": "Feature", "properties": { "id": "sehirAtlasi.594", "kentAtlasiDegeriKodu": "23000", "kentAtlasiDegeri": "Mera Alanları", "gecirimsizlikKatmani": 0, "tucbsNo": "CBSGM_1_7976319", "aciklama": null, "gecerlilikBaslangici": "2019-06-11T00:00:00Z", "gecerlilikSonu": null, "gozlemTarihi": null, "hilucsAraziKullanimi": null, "hilucsDurumu": null, "olcek": "1:10000", "surumBaslangicZamani": null, "surumBitisZamani": null, "total_population": 0.0, "estimated_water_supply": 1.1670620942018985, "population_pressure": 0.0, "urban_water_stress_score": 0.0 }, "geometry": { "type": "MultiPolygon", "coordinates": [ [ [ [ 32.6123, 39.9683 ], [ 32.6128, 39.969 ], [ 32.6136, 39.9687 ], [ 32.6135, 39.9684 ], [ 32.6146, 39.968 ], [ 32.6148, 39.968 ], [ 32.615, 39.9681 ], [ 32.6155, 39.968 ], [ 32.6155, 39.9678 ], [ 32.6146, 39.9678 ], [ 32.6139, 39.9678 ], [ 32.6134, 39.9679 ], [ 32.6128, 39.968 ], [ 32.6123, 39.9683 ] ] ] ] } },
{ "type": "Feature", "properties": { "id": "sehirAtlasi.595", "kentAtlasiDegeriKodu": "12110", "kentAtlasiDegeri": "Sanayi ve Üretim Alanları", "gecirimsizlikKatmani": 0, "tucbsNo": "CBSGM_1_7976320", "aciklama": null, "gecerlilikBaslangici": "2019-06-11T00:00:00Z", "gecerlilikSonu": null, "gozlemTarihi": null, "hilucsAraziKullanimi": null, "hilucsDurumu": null, "olcek": "1:10000", "surumBaslangicZamani": null, "surumBitisZamani": null, "total_population": 0.0, "estimated_water_supply": 1.1939689608875463, "population_pressure": 0.0, "urban_water_stress_score": 0.0 }, "geometry": { "type": "MultiPolygon", "coordinates": [ [ [ [ 33.0191, 40.1467 ], [ 33.0178, 40.147 ], [ 33.0175, 40.1485 ], [ 33.0186, 40.1485 ], [ 33.019, 40.1468 ], [ 33.0191, 40.1467 ] ] ] ] } },
{ "type": "Feature", "properties": { "id": "sehirAtlasi.596", "kentAtlasiDegeriKodu": "11230", "kentAtlasiDegeri": "Düşük Yoğunluklu Süreksiz Kentsel Alan (10% - 30%)", "gecirimsizlikKatmani": 0, "tucbsNo": "CBSGM_1_7976321", "aciklama": null, "gecerlilikBaslangici": "2019-06-11T00:00:00Z", "gecerlilikSonu": null, "gozlemTarihi": null, "hilucsAraziKullanimi": null, "hilucsDurumu": null, "olcek": "1:10000", "surumBaslangicZamani": null, "surumBitisZamani": null, "total_population": 0.0, "estimated_water_supply": 1.1397298649890544, "population_pressure": 0.0, "urban_water_stress_score": 0.0 }, "geometry": { "type": "MultiPolygon", "coordinates": [ [ [ [ 33.0299, 40.1099 ], [ 33.0307, 40.11 ], [ 33.0306, 40.1096 ], [ 33.03, 40.1096 ], [ 33.0299, 40.1099 ] ] ] ] } },
{ "type": "Feature", "properties": { "id": "sehirAtlasi.597", "kentAtlasiDegeriKodu": "21010", "kentAtlasiDegeri": "Sera Alanları", "gecirimsizlikKatmani": 0, "tucbsNo": "CBSGM_1_7976322", "aciklama": null, "gecerlilikBaslangici": "2019-06-11T00:00:00Z", "gecerlilikSonu": null, "gozlemTarihi": null, "hilucsAraziKullanimi": null, "hilucsDurumu": null, "olcek": "1:10000", "surumBaslangicZamani": null, "surumBitisZamani": null, "total_population": 0.0, "estimated_water_supply": 1.1766905883925141, "population_pressure": 0.0, "urban_water_stress_score": 0.0 }, "geometry": { "type": "MultiPolygon", "coordinates": [ [ [ [ 33.0019, 40.1083 ], [ 33.0022, 40.1084 ], [ 33.0023, 40.1081 ], [ 33.002, 40.108 ], [ 33.002, 40.108 ], [ 33.002, 40.108 ], [ 33.0019, 40.1083 ] ] ] ] } },
{ "type": "Feature", "properties": { "id": "sehirAtlasi.598", "kentAtlasiDegeriKodu": "11300", "kentAtlasiDegeri": "İzole Yapılar", "gecirimsizlikKatmani": 0, "tucbsNo": "CBSGM_1_7976323", "aciklama": null, "gecerlilikBaslangici": "2019-05-24T00:00:00Z", "gecerlilikSonu": null, "gozlemTarihi": null, "hilucsAraziKullanimi": null, "hilucsDurumu": null, "olcek": "1:10000", "surumBaslangicZamani": null, "surumBitisZamani": null, "total_population": 0.0, "estimated_water_supply": 1.2128213712708793, "population_pressure": 0.0, "urban_water_stress_score": 0.0 }, "geometry": { "type": "MultiPolygon", "coordinates": [ [ [ [ 32.9594, 39.9919 ], [ 32.9593, 39.9921 ], [ 32.9598, 39.9922 ], [ 32.9598, 39.992 ], [ 32.9594, 39.9919 ] ] ] ] } },
{ "type": "Feature", "properties": { "id": "sehirAtlasi.599", "kentAtlasiDegeriKodu": "11300", "kentAtlasiDegeri": "İzole Yapılar", "gecirimsizlikKatmani": 0, "tucbsNo": "CBSGM_1_7976324", "aciklama": null, "gecerlilikBaslangici": "2019-05-23T00:00:00Z", "gecerlilikSonu": null, "gozlemTarihi": null, "hilucsAraziKullanimi": null, "hilucsDurumu": null, "olcek": "1:10000", "surumBaslangicZamani": null, "surumBitisZamani": null, "total_population": 0.0, "estimated_water_supply": 0.66707368289399815, "population_pressure": 0.0, "urban_water_stress_score": 0.0 }, "geometry": { "type": "MultiPolygon", "coordinates": [ [ [ [ 32.8046, 39.8424 ], [ 32.8044, 39.8426 ], [ 32.8048, 39.8427 ], [ 32.805, 39.8425 ], [ 32.8047, 39.8424 ], [ 32.8046, 39.8424 ] ] ] ] } },
{ "type": "Feature", "properties": { "id": "sehirAtlasi.600", "kentAtlasiDegeriKodu": "11300", "kentAtlasiDegeri": "İzole Yapılar", "gecirimsizlikKatmani": 0, "tucbsNo": "CBSGM_1_7976325", "aciklama": null, "gecerlilikBaslangici": "2019-05-24T00:00:00Z", "gecerlilikSonu": null, "gozlemTarihi": null, "hilucsAraziKullanimi": null, "hilucsDurumu": null, "olcek": "1:10000", "surumBaslangicZamani": null, "surumBitisZamani": null, "total_population": 0.0, "estimated_water_supply": 1.1757733320209462, "population_pressure": 0.0, "urban_water_stress_score": 0.0 }, "geometry": { "type": "MultiPolygon", "coordinates": [ [ [ [ 32.9602, 39.9842 ], [ 32.9602, 39.9841 ], [ 32.9604, 39.9839 ], [ 32.9592, 39.9834 ], [ 32.959, 39.9838 ], [ 32.9602, 39.9842 ] ] ] ] } },
{ "type": "Feature", "properties": { "id": "sehirAtlasi.601", "kentAtlasiDegeriKodu": "11230", "kentAtlasiDegeri": "Düşük Yoğunluklu Süreksiz Kentsel Alan (10% - 30%)", "gecirimsizlikKatmani": 0, "tucbsNo": "CBSGM_1_7976326", "aciklama": null, "gecerlilikBaslangici": "2019-10-01T00:00:00Z", "gecerlilikSonu": null, "gozlemTarihi": null, "hilucsAraziKullanimi": null, "hilucsDurumu": null, "olcek": "1:10000", "surumBaslangicZamani": null, "surumBitisZamani": null, "total_population": 0.0, "estimated_water_supply": 0.57396082546319149, "population_pressure": 0.0, "urban_water_stress_score": 0.0 }, "geometry": { "type": "MultiPolygon", "coordinates": [ [ [ [ 32.8257, 39.7727 ], [ 32.8254, 39.7725 ], [ 32.825, 39.7726 ], [ 32.8251, 39.7728 ], [ 32.8255, 39.7728 ], [ 32.8257, 39.7727 ] ] ] ] } },
{ "type": "Feature", "properties": { "id": "sehirAtlasi.602", "kentAtlasiDegeriKodu": "11300", "kentAtlasiDegeri": "İzole Yapılar", "gecirimsizlikKatmani": 0, "tucbsNo": "CBSGM_1_7976327", "aciklama": null, "gecerlilikBaslangici": "2019-05-24T00:00:00Z", "gecerlilikSonu": null, "gozlemTarihi": null, "hilucsAraziKullanimi": null, "hilucsDurumu": null, "olcek": "1:10000", "surumBaslangicZamani": null, "surumBitisZamani": null, "total_population": 0.0, "estimated_water_supply": 1.1701833188427435, "population_pressure": 0.0, "urban_water_stress_score": 0.0 }, "geometry": { "type": "MultiPolygon", "coordinates": [ [ [ [ 32.9616, 39.983 ], [ 32.9617, 39.9828 ], [ 32.9618, 39.9827 ], [ 32.9617, 39.9825 ], [ 32.9614, 39.9829 ], [ 32.9616, 39.983 ] ] ] ] } },
{ "type": "Feature", "properties": { "id": "sehirAtlasi.603", "kentAtlasiDegeriKodu": "12120", "kentAtlasiDegeri": "Ticaret Alanları", "gecirimsizlikKatmani": 0, "tucbsNo": "CBSGM_1_7976328", "aciklama": null, "gecerlilikBaslangici": "2019-05-29T00:00:00Z", "gecerlilikSonu": null, "gozlemTarihi": null, "hilucsAraziKullanimi": null, "hilucsDurumu": null, "olcek": "1:10000", "surumBaslangicZamani": null, "surumBitisZamani": null, "total_population": 0.0, "estimated_water_supply": 0.79540851429502646, "population_pressure": 0.0, "urban_water_stress_score": 0.0 }, "geometry": { "type": "MultiPolygon", "coordinates": [ [ [ [ 32.8148, 39.9067 ], [ 32.8149, 39.9073 ], [ 32.8153, 39.9072 ], [ 32.8153, 39.907 ], [ 32.8153, 39.907 ], [ 32.8153, 39.907 ], [ 32.8153, 39.9067 ], [ 32.8148, 39.9067 ] ] ] ] } },
{ "type": "Feature", "properties": { "id": "sehirAtlasi.604", "kentAtlasiDegeriKodu": "13400", "kentAtlasiDegeri": "Mevcut Kullanımı Olmayan Alanlar", "gecirimsizlikKatmani": 0, "tucbsNo": "CBSGM_1_7976329", "aciklama": null, "gecerlilikBaslangici": "2019-05-24T00:00:00Z", "gecerlilikSonu": null, "gozlemTarihi": null, "hilucsAraziKullanimi": null, "hilucsDurumu": null, "olcek": "1:10000", "surumBaslangicZamani": null, "surumBitisZamani": null, "total_population": 0.0, "estimated_water_supply": 1.2857139461394262, "population_pressure": 0.0, "urban_water_stress_score": 0.0 }, "geometry": { "type": "MultiPolygon", "coordinates": [ [ [ [ 32.9061, 40.0 ], [ 32.9064, 40.0003 ], [ 32.9064, 40.0003 ], [ 32.9065, 40.0005 ], [ 32.9065, 40.0005 ], [ 32.9066, 40.0006 ], [ 32.9066, 40.0008 ], [ 32.9067, 40.0011 ], [ 32.9069, 40.0009 ], [ 32.9071, 40.0007 ], [ 32.9073, 40.0004 ], [ 32.9076, 40.0 ], [ 32.9076, 39.9999 ], [ 32.9076, 39.9999 ], [ 32.9075, 39.9998 ], [ 32.9074, 39.9997 ], [ 32.9072, 39.9996 ], [ 32.907, 39.9997 ], [ 32.9067, 39.9998 ], [ 32.9063, 39.9999 ], [ 32.9061, 40.0 ], [ 32.9061, 40.0 ] ] ] ] } },
{ "type": "Feature", "properties": { "id": "sehirAtlasi.605", "kentAtlasiDegeriKodu": "11240", "kentAtlasiDegeri": "Çok Düşük Yoğunluklu Süreksiz Kentsel Alan (< 10%)", "gecirimsizlikKatmani": 0, "tucbsNo": "CBSGM_1_7976330", "aciklama": null, "gecerlilikBaslangici": "2019-10-01T00:00:00Z", "gecerlilikSonu": null, "gozlemTarihi": null, "hilucsAraziKullanimi": null, "hilucsDurumu": null, "olcek": "1:10000", "surumBaslangicZamani": null, "surumBitisZamani": null, "total_population": 0.0, "estimated_water_supply": 0.57417400638804461, "population_pressure": 0.0, "urban_water_stress_score": 0.0 }, "geometry": { "type": "MultiPolygon", "coordinates": [ [ [ [ 32.8266, 39.7744 ], [ 32.8268, 39.7747 ], [ 32.8269, 39.7749 ], [ 32.8272, 39.7748 ], [ 32.8272, 39.7748 ], [ 32.8271, 39.7746 ], [ 32.8269, 39.7743 ], [ 32.8266, 39.7744 ] ] ] ] } },
{ "type": "Feature", "properties": { "id": "sehirAtlasi.606", "kentAtlasiDegeriKodu": "13400", "kentAtlasiDegeri": "Mevcut Kullanımı Olmayan Alanlar", "gecirimsizlikKatmani": 0, "tucbsNo": "CBSGM_1_7976331", "aciklama": null, "gecerlilikBaslangici": "2019-05-24T00:00:00Z", "gecerlilikSonu": null, "gozlemTarihi": null, "hilucsAraziKullanimi": null, "hilucsDurumu": null, "olcek": "1:10000", "surumBaslangicZamani": null, "surumBitisZamani": null, "total_population": 0.0, "estimated_water_supply": 1.3901285301022432, "population_pressure": 0.0, "urban_water_stress_score": 0.0 }, "geometry": { "type": "MultiPolygon", "coordinates": [ [ [ [ 32.501, 39.9938 ], [ 32.5018, 39.9938 ], [ 32.5018, 39.9935 ], [ 32.5014, 39.9935 ], [ 32.5014, 39.9933 ], [ 32.5018, 39.9933 ], [ 32.5018, 39.9932 ], [ 32.5018, 39.993 ], [ 32.501, 39.993 ], [ 32.501, 39.9938 ] ] ] ] } },
{ "type": "Feature", "properties": { "id": "sehirAtlasi.607", "kentAtlasiDegeriKodu": "13400", "kentAtlasiDegeri": "Mevcut Kullanımı Olmayan Alanlar", "gecirimsizlikKatmani": 0, "tucbsNo": "CBSGM_1_7976332", "aciklama": null, "gecerlilikBaslangici": "2019-09-12T00:00:00Z", "gecerlilikSonu": null, "gozlemTarihi": null, "hilucsAraziKullanimi": null, "hilucsDurumu": null, "olcek": "1:10000", "surumBaslangicZamani": null, "surumBitisZamani": null, "total_population": 0.0, "estimated_water_supply": 1.3697696705720348, "population_pressure": 0.0, "urban_water_stress_score": 0.0 }, "geometry": { "type": "MultiPolygon", "coordinates": [ [ [ [ 32.4948, 39.9881 ], [ 32.4948, 39.9881 ], [ 32.4953, 39.9881 ], [ 32.4953, 39.9884 ], [ 32.4953, 39.9884 ], [ 32.4957, 39.9884 ], [ 32.4957, 39.9879 ], [ 32.4952, 39.9879 ], [ 32.4951, 39.9879 ], [ 32.495, 39.9879 ], [ 32.4949, 39.988 ], [ 32.4949, 39.9881 ], [ 32.4948, 39.9881 ] ] ] ] } },
{ "type": "Feature", "properties": { "id": "sehirAtlasi.608", "kentAtlasiDegeriKodu": "21000", "kentAtlasiDegeri": "Ekilebilir Alanlar", "gecirimsizlikKatmani": 0, "tucbsNo": "CBSGM_1_7976333", "aciklama": null, "gecerlilikBaslangici": "2019-11-15T00:00:00Z", "gecerlilikSonu": null, "gozlemTarihi": null, "hilucsAraziKullanimi": null, "hilucsDurumu": null, "olcek": "1:10000", "surumBaslangicZamani": null, "surumBitisZamani": null, "total_population": 0.0, "estimated_water_supply": 1.4305770244476514, "population_pressure": 0.0, "urban_water_stress_score": 0.0 }, "geometry": { "type": "MultiPolygon", "coordinates": [ [ [ [ 32.5019, 39.9951 ], [ 32.5019, 39.9958 ], [ 32.5019, 39.9958 ], [ 32.5019, 39.9961 ], [ 32.5019, 39.9964 ], [ 32.5019, 39.9967 ], [ 32.5022, 39.9967 ], [ 32.5024, 39.9967 ], [ 32.5024, 39.997 ], [ 32.5026, 39.997 ], [ 32.5029, 39.9968 ], [ 32.5032, 39.9965 ], [ 32.5033, 39.9966 ], [ 32.5039, 39.9965 ], [ 32.504, 39.9966 ], [ 32.5041, 39.9966 ], [ 32.5041, 39.9963 ], [ 32.5045, 39.9963 ], [ 32.5044, 39.9965 ], [ 32.5058, 39.9967 ], [ 32.5058, 39.9965 ], [ 32.5059, 39.9965 ], [ 32.5059, 39.9962 ], [ 32.506, 39.9951 ], [ 32.5065, 39.9951 ], [ 32.5045, 39.9951 ], [ 32.5037, 39.9951 ], [ 32.5019, 39.9951 ] ] ] ] } },
{ "type": "Feature", "properties": { "id": "sehirAtlasi.609", "kentAtlasiDegeriKodu": "12220", "kentAtlasiDegeri": "Diğer Yollar ve İlgili Alanlar", "gecirimsizlikKatmani": 0, "tucbsNo": "CBSGM_1_7976334", "aciklama": null, "gecerlilikBaslangici": "2019-05-22T00:00:00Z", "gecerlilikSonu": null, "gozlemTarihi": null, "hilucsAraziKullanimi": null, "hilucsDurumu": null, "olcek": "1:10000", "surumBaslangicZamani": null, "surumBitisZamani": null, "total_population": 0.0, "estimated_water_supply": 0.67237589739492321, "population_pressure": 0.0, "urban_water_stress_score": 0.0 }, "geometry": { "type": "MultiPolygon", "coordinates": [ [ [ [ 32.7938, 39.8443 ], [ 32.7941, 39.8442 ], [ 32.7947, 39.8441 ], [ 32.7949, 39.844 ], [ 32.7952, 39.8441 ], [ 32.7952, 39.8441 ], [ 32.7952, 39.8441 ], [ 32.7949, 39.844 ], [ 32.7949, 39.844 ], [ 32.7949, 39.844 ], [ 32.7947, 39.844 ], [ 32.7947, 39.844 ], [ 32.7941, 39.8442 ], [ 32.794, 39.8442 ], [ 32.7942, 39.8442 ], [ 32.7938, 39.8443 ] ] ] ] } },
{ "type": "Feature", "properties": { "id": "sehirAtlasi.610", "kentAtlasiDegeriKodu": "32000", "kentAtlasiDegeri": "Maki veya Otsu Bitkiler", "gecirimsizlikKatmani": 0, "tucbsNo": "CBSGM_1_7976335", "aciklama": null, "gecerlilikBaslangici": "2019-05-23T00:00:00Z", "gecerlilikSonu": null, "gozlemTarihi": null, "hilucsAraziKullanimi": null, "hilucsDurumu": null, "olcek": "1:10000", "surumBaslangicZamani": null, "surumBitisZamani": null, "total_population": 0.0, "estimated_water_supply": 0.67241006016975169, "population_pressure": 0.0, "urban_water_stress_score": 0.0 }, "geometry": { "type": "MultiPolygon", "coordinates": [ [ [ [ 32.8003, 39.8387 ], [ 32.8001, 39.8386 ], [ 32.8001, 39.8386 ], [ 32.7994, 39.8381 ], [ 32.7987, 39.8385 ], [ 32.7985, 39.8385 ], [ 32.7981, 39.8384 ], [ 32.7979, 39.8383 ], [ 32.7978, 39.8382 ], [ 32.7978, 39.8381 ], [ 32.7978, 39.838 ], [ 32.7976, 39.8378 ], [ 32.7974, 39.8377 ], [ 32.7972, 39.8377 ], [ 32.7971, 39.8376 ], [ 32.797, 39.8377 ], [ 32.7969, 39.8378 ], [ 32.7966, 39.838 ], [ 32.7965, 39.8383 ], [ 32.7963, 39.8384 ], [ 32.7961, 39.8385 ], [ 32.796, 39.8385 ], [ 32.7959, 39.8384 ], [ 32.7954, 39.8384 ], [ 32.7949, 39.8384 ], [ 32.7947, 39.8385 ], [ 32.7946, 39.8385 ], [ 32.7945, 39.8389 ], [ 32.7944, 39.8391 ], [ 32.7944, 39.8392 ], [ 32.7943, 39.8394 ], [ 32.7943, 39.8396 ], [ 32.7944, 39.8398 ], [ 32.7945, 39.8398 ], [ 32.7947, 39.8398 ], [ 32.7948, 39.8398 ], [ 32.795, 39.8396 ], [ 32.7951, 39.8396 ], [ 32.7952, 39.8395 ], [ 32.7953, 39.8394 ], [ 32.7955, 39.8393 ], [ 32.7956, 39.8392 ], [ 32.7957, 39.8393 ], [ 32.7956, 39.8394 ], [ 32.7956, 39.8395 ], [ 32.7957, 39.8397 ], [ 32.7961, 39.8398 ], [ 32.7963, 39.8399 ], [ 32.7966, 39.8401 ], [ 32.7969, 39.8401 ], [ 32.7971, 39.8402 ], [ 32.7976, 39.8401 ], [ 32.7979, 39.8401 ], [ 32.7981, 39.8401 ], [ 32.7984, 39.84 ], [ 32.7987, 39.8398 ], [ 32.7991, 39.8397 ], [ 32.7994, 39.8395 ], [ 32.7997, 39.8393 ], [ 32.7999, 39.839 ], [ 32.8, 39.839 ], [ 32.8003, 39.8387 ] ] ] ] } },
{ "type": "Feature", "properties": { "id": "sehirAtlasi.611", "kentAtlasiDegeriKodu": "12220", "kentAtlasiDegeri": "Diğer Yollar ve İlgili Alanlar", "gecirimsizlikKatmani": 0, "tucbsNo": "CBSGM_1_7976336", "aciklama": null, "gecerlilikBaslangici": "2019-01-01T00:00:00Z", "gecerlilikSonu": null, "gozlemTarihi": null, "hilucsAraziKullanimi": null, "hilucsDurumu": null, "olcek": "1:10000", "surumBaslangicZamani": null, "surumBitisZamani": null, "total_population": 0.0, "estimated_water_supply": 0.57134977770532336, "population_pressure": 0.0, "urban_water_stress_score": 0.0 }, "geometry": { "type": "MultiPolygon", "coordinates": [ [ [ [ 32.7437, 39.799 ], [ 32.7437, 39.7991 ], [ 32.744, 39.7987 ], [ 32.7441, 39.7985 ], [ 32.7442, 39.7983 ], [ 32.7442, 39.7983 ], [ 32.7443, 39.7981 ], [ 32.7444, 39.7978 ], [ 32.7446, 39.7977 ], [ 32.7446, 39.7977 ], [ 32.7448, 39.7974 ], [ 32.7451, 39.7967 ], [ 32.7451, 39.7967 ], [ 32.7451, 39.7967 ], [ 32.7451, 39.7967 ], [ 32.7451, 39.7967 ], [ 32.7451, 39.7967 ], [ 32.7451, 39.7967 ], [ 32.7447, 39.7973 ], [ 32.7445, 39.7976 ], [ 32.7444, 39.7978 ], [ 32.7444, 39.7978 ], [ 32.7443, 39.7981 ], [ 32.7442, 39.7983 ], [ 32.7441, 39.7985 ], [ 32.7439, 39.7987 ], [ 32.7437, 39.799 ] ] ] ] } },
{ "type": "Feature", "properties": { "id": "sehirAtlasi.612", "kentAtlasiDegeriKodu": "11230", "kentAtlasiDegeri": "Düşük Yoğunluklu Süreksiz Kentsel Alan (10% - 30%)", "gecirimsizlikKatmani": 0, "tucbsNo": "CBSGM_1_7976337", "aciklama": null, "gecerlilikBaslangici": "2019-05-23T00:00:00Z", "gecerlilikSonu": null, "gozlemTarihi": null, "hilucsAraziKullanimi": null, "hilucsDurumu": null, "olcek": "1:10000", "surumBaslangicZamani": null, "surumBitisZamani": null, "total_population": 0.0, "estimated_water_supply": 0.6506014013214394, "population_pressure": 0.0, "urban_water_stress_score": 0.0 }, "geometry": { "type": "MultiPolygon", "coordinates": [ [ [ [ 32.8803, 39.8005 ], [ 32.8805, 39.8006 ], [ 32.8812, 39.8008 ], [ 32.8812, 39.8008 ], [ 32.8812, 39.8008 ], [ 32.8813, 39.8009 ], [ 32.8814, 39.8008 ], [ 32.8814, 39.8008 ], [ 32.8815, 39.8006 ], [ 32.8805, 39.8005 ], [ 32.8803, 39.8005 ] ] ] ] } },
{ "type": "Feature", "properties": { "id": "sehirAtlasi.613", "kentAtlasiDegeriKodu": "12220", "kentAtlasiDegeri": "Diğer Yollar ve İlgili Alanlar", "gecirimsizlikKatmani": 0, "tucbsNo": "CBSGM_1_7976338", "aciklama": null, "gecerlilikBaslangici": "2019-01-01T00:00:00Z", "gecerlilikSonu": null, "gozlemTarihi": null, "hilucsAraziKullanimi": null, "hilucsDurumu": null, "olcek": "1:10000", "surumBaslangicZamani": null, "surumBitisZamani": null, "total_population": 0.0, "estimated_water_supply": 0.63792165551861102, "population_pressure": 0.0, "urban_water_stress_score": 0.0 }, "geometry": { "type": "MultiPolygon", "coordinates": [ [ [ [ 32.8588, 39.834 ], [ 32.8588, 39.834 ], [ 32.8588, 39.834 ], [ 32.8588, 39.834 ], [ 32.8588, 39.834 ], [ 32.8588, 39.834 ], [ 32.859, 39.8339 ], [ 32.859, 39.8339 ], [ 32.8592, 39.8339 ], [ 32.8592, 39.8339 ], [ 32.8592, 39.8339 ], [ 32.8593, 39.8339 ], [ 32.8593, 39.8339 ], [ 32.8593, 39.8339 ], [ 32.8593, 39.8339 ], [ 32.8594, 39.8339 ], [ 32.8594, 39.8339 ], [ 32.8594, 39.8339 ], [ 32.8599, 39.8333 ], [ 32.8599, 39.8333 ], [ 32.8599, 39.8333 ], [ 32.8599, 39.8333 ], [ 32.8593, 39.8339 ], [ 32.8593, 39.8339 ], [ 32.8592, 39.8339 ], [ 32.8591, 39.8338 ], [ 32.8591, 39.8338 ], [ 32.859, 39.8338 ], [ 32.859, 39.8338 ], [ 32.859, 39.8338 ], [ 32.859, 39.8338 ], [ 32.8588, 39.834 ], [ 32.8588, 39.834 ], [ 32.8588, 39.834 ] ] ] ] } },
{ "type": "Feature", "properties": { "id": "sehirAtlasi.614", "kentAtlasiDegeriKodu": "11100", "kentAtlasiDegeri": "Sürekli Kentsel Alan (> 80%)", "gecirimsizlikKatmani": 50, "tucbsNo": "CBSGM_1_1398978", "aciklama": null, "gecerlilikBaslangici": "2019-02-25T00:00:00Z", "gecerlilikSonu": null, "gozlemTarihi": null, "hilucsAraziKullanimi": null, "hilucsDurumu": null, "olcek": "1:10000", "surumBaslangicZamani": null, "surumBitisZamani": null, "total_population": 0.0, "estimated_water_supply": 0.83120854849615378, "population_pressure": 0.0, "urban_water_stress_score": 0.0 }, "geometry": { "type": "MultiPolygon", "coordinates": [ [ [ [ 32.245, 37.1901 ], [ 32.245, 37.19 ], [ 32.245, 37.1899 ], [ 32.2448, 37.1898 ], [ 32.2448, 37.1899 ], [ 32.2448, 37.1901 ], [ 32.245, 37.1901 ] ] ] ] } },
{ "type": "Feature", "properties": { "id": "sehirAtlasi.615", "kentAtlasiDegeriKodu": "12220", "kentAtlasiDegeri": "Diğer Yollar ve İlgili Alanlar", "gecirimsizlikKatmani": 0, "tucbsNo": "CBSGM_1_7976339", "aciklama": null, "gecerlilikBaslangici": "2019-01-01T00:00:00Z", "gecerlilikSonu": null, "gozlemTarihi": null, "hilucsAraziKullanimi": null, "hilucsDurumu": null, "olcek": "1:10000", "surumBaslangicZamani": null, "surumBitisZamani": null, "total_population": 0.0, "estimated_water_supply": 0.66045592292489097, "population_pressure": 0.0, "urban_water_stress_score": 0.0 }, "geometry": { "type": "MultiPolygon", "coordinates": [ [ [ [ 32.8815, 39.825 ], [ 32.8815, 39.825 ], [ 32.8813, 39.8256 ], [ 32.8812, 39.8258 ], [ 32.8812, 39.8259 ], [ 32.8813, 39.8256 ], [ 32.8815, 39.825 ] ] ] ] } },
{ "type": "Feature", "properties": { "id": "sehirAtlasi.616", "kentAtlasiDegeriKodu": "12220", "kentAtlasiDegeri": "Diğer Yollar ve İlgili Alanlar", "gecirimsizlikKatmani": 0, "tucbsNo": "CBSGM_1_7976340", "aciklama": null, "gecerlilikBaslangici": "2019-05-24T00:00:00Z", "gecerlilikSonu": null, "gozlemTarihi": null, "hilucsAraziKullanimi": null, "hilucsDurumu": null, "olcek": "1:10000", "surumBaslangicZamani": null, "surumBitisZamani": null, "total_population": 0.0, "estimated_water_supply": 1.3468996111783618, "population_pressure": 0.0, "urban_water_stress_score": 0.0 }, "geometry": { "type": "MultiPolygon", "coordinates": [ [ [ [ 32.5937, 40.0009 ], [ 32.5937, 40.0009 ], [ 32.5938, 40.0009 ], [ 32.5938, 40.0009 ], [ 32.5937, 40.0009 ], [ 32.5937, 40.0008 ], [ 32.5937, 40.0008 ], [ 32.5936, 40.0007 ], [ 32.5936, 40.0005 ], [ 32.5936, 40.0004 ], [ 32.5937, 40.0006 ], [ 32.5937, 40.0005 ], [ 32.5938, 40.0006 ], [ 32.5937, 40.0004 ], [ 32.5937, 40.0005 ], [ 32.5937, 40.0004 ], [ 32.5936, 40.0004 ], [ 32.5936, 40.0004 ], [ 32.5937, 40.0003 ], [ 32.5937, 40.0003 ], [ 32.5936, 40.0003 ], [ 32.5936, 40.0004 ], [ 32.5936, 40.0004 ], [ 32.5936, 40.0005 ], [ 32.5936, 40.0005 ], [ 32.5936, 40.0005 ], [ 32.5936, 40.0007 ], [ 32.5936, 40.0007 ], [ 32.5937, 40.0009 ] ] ] ] } },
{ "type": "Feature", "properties": { "id": "sehirAtlasi.617", "kentAtlasiDegeriKodu": "11100", "kentAtlasiDegeri": "Sürekli Kentsel Alan (> 80%)", "gecirimsizlikKatmani": 67, "tucbsNo": "CBSGM_1_1398979", "aciklama": null, "gecerlilikBaslangici": "2019-02-25T00:00:00Z", "gecerlilikSonu": null, "gozlemTarihi": null, "hilucsAraziKullanimi": null, "hilucsDurumu": null, "olcek": "1:10000", "surumBaslangicZamani": null, "surumBitisZamani": null, "total_population": 0.0, "estimated_water_supply": 0.56993922248959406, "population_pressure": 0.0, "urban_water_stress_score": 0.0 }, "geometry": { "type": "MultiPolygon", "coordinates": [ [ [ [ 32.2199, 38.2343 ], [ 32.2201, 38.2342 ], [ 32.2199, 38.2337 ], [ 32.2199, 38.2337 ], [ 32.2199, 38.2337 ], [ 32.2199, 38.2343 ] ] ] ] } },
{ "type": "Feature", "properties": { "id": "sehirAtlasi.618", "kentAtlasiDegeriKodu": "11240", "kentAtlasiDegeri": "Çok Düşük Yoğunluklu Süreksiz Kentsel Alan (< 10%)", "gecirimsizlikKatmani": 0, "tucbsNo": "CBSGM_1_7976341", "aciklama": null, "gecerlilikBaslangici": "2019-05-24T00:00:00Z", "gecerlilikSonu": null, "gozlemTarihi": null, "hilucsAraziKullanimi": null, "hilucsDurumu": null, "olcek": "1:10000", "surumBaslangicZamani": null, "surumBitisZamani": null, "total_population": 0.0, "estimated_water_supply": 1.4054951695376174, "population_pressure": 0.0, "urban_water_stress_score": 0.0 }, "geometry": { "type": "MultiPolygon", "coordinates": [ [ [ [ 32.4971, 39.993 ], [ 32.4976, 39.993 ], [ 32.4975, 39.9927 ], [ 32.497, 39.9927 ], [ 32.4971, 39.993 ] ] ] ] } },
{ "type": "Feature", "properties": { "id": "sehirAtlasi.619", "kentAtlasiDegeriKodu": "12120", "kentAtlasiDegeri": "Ticaret Alanları", "gecirimsizlikKatmani": 0, "tucbsNo": "CBSGM_1_7976342", "aciklama": null, "gecerlilikBaslangici": "2019-05-24T00:00:00Z", "gecerlilikSonu": null, "gozlemTarihi": null, "hilucsAraziKullanimi": null, "hilucsDurumu": null, "olcek": "1:10000", "surumBaslangicZamani": null, "surumBitisZamani": null, "total_population": 0.0, "estimated_water_supply": 1.3811355980479028, "population_pressure": 0.0, "urban_water_stress_score": 0.0 }, "geometry": { "type": "MultiPolygon", "coordinates": [ [ [ [ 32.5051, 39.9933 ], [ 32.5051, 39.9933 ], [ 32.5053, 39.9933 ], [ 32.5056, 39.9931 ], [ 32.506, 39.993 ], [ 32.5059, 39.9922 ], [ 32.5049, 39.9922 ], [ 32.5049, 39.9928 ], [ 32.5051, 39.9933 ] ] ] ] } },
{ "type": "Feature", "properties": { "id": "sehirAtlasi.620", "kentAtlasiDegeriKodu": "11100", "kentAtlasiDegeri": "Sürekli Kentsel Alan (> 80%)", "gecirimsizlikKatmani": 36, "tucbsNo": "CBSGM_1_1398980", "aciklama": null, "gecerlilikBaslangici": "2019-02-25T00:00:00Z", "gecerlilikSonu": null, "gozlemTarihi": null, "hilucsAraziKullanimi": null, "hilucsDurumu": null, "olcek": "1:10000", "surumBaslangicZamani": null, "surumBitisZamani": null, "total_population": 0.0, "estimated_water_supply": 0.5568243489414344, "population_pressure": 0.0, "urban_water_stress_score": 0.0 }, "geometry": { "type": "MultiPolygon", "coordinates": [ [ [ [ 32.2201, 38.2343 ], [ 32.2199, 38.2343 ], [ 32.2199, 38.2344 ], [ 32.2198, 38.235 ], [ 32.2203, 38.235 ], [ 32.2203, 38.235 ], [ 32.2201, 38.2343 ] ] ] ] } },
{ "type": "Feature", "properties": { "id": "sehirAtlasi.621", "kentAtlasiDegeriKodu": "22000", "kentAtlasiDegeri": "Sürekli Ürünler", "gecirimsizlikKatmani": 0, "tucbsNo": "CBSGM_1_7976343", "aciklama": null, "gecerlilikBaslangici": "2019-05-24T00:00:00Z", "gecerlilikSonu": null, "gozlemTarihi": null, "hilucsAraziKullanimi": null, "hilucsDurumu": null, "olcek": "1:10000", "surumBaslangicZamani": null, "surumBitisZamani": null, "total_population": 0.0, "estimated_water_supply": 1.3792533260960396, "population_pressure": 0.0, "urban_water_stress_score": 0.0 }, "geometry": { "type": "MultiPolygon", "coordinates": [ [ [ [ 32.5049, 39.9916 ], [ 32.5047, 39.9916 ], [ 32.5046, 39.9916 ], [ 32.5045, 39.9916 ], [ 32.5045, 39.9921 ], [ 32.5049, 39.9921 ], [ 32.5049, 39.9916 ] ] ] ] } },
{ "type": "Feature", "properties": { "id": "sehirAtlasi.622", "kentAtlasiDegeriKodu": "13400", "kentAtlasiDegeri": "Mevcut Kullanımı Olmayan Alanlar", "gecirimsizlikKatmani": 0, "tucbsNo": "CBSGM_1_7976344", "aciklama": null, "gecerlilikBaslangici": "2019-05-24T00:00:00Z", "gecerlilikSonu": null, "gozlemTarihi": null, "hilucsAraziKullanimi": null, "hilucsDurumu": null, "olcek": "1:10000", "surumBaslangicZamani": null, "surumBitisZamani": null, "total_population": 0.0, "estimated_water_supply": 1.4104652095516594, "population_pressure": 0.0, "urban_water_stress_score": 0.0 }, "geometry": { "type": "MultiPolygon", "coordinates": [ [ [ [ 32.5048, 39.9944 ], [ 32.5065, 39.9944 ], [ 32.5065, 39.9941 ], [ 32.5065, 39.9939 ], [ 32.5065, 39.9939 ], [ 32.5065, 39.9939 ], [ 32.5065, 39.9939 ], [ 32.5049, 39.9939 ], [ 32.5048, 39.9944 ] ] ] ] } },
{ "type": "Feature", "properties": { "id": "sehirAtlasi.623", "kentAtlasiDegeriKodu": "11240", "kentAtlasiDegeri": "Çok Düşük Yoğunluklu Süreksiz Kentsel Alan (< 10%)", "gecirimsizlikKatmani": 0, "tucbsNo": "CBSGM_1_7976345", "aciklama": null, "gecerlilikBaslangici": "2019-05-24T00:00:00Z", "gecerlilikSonu": null, "gozlemTarihi": null, "hilucsAraziKullanimi": null, "hilucsDurumu": null, "olcek": "1:10000", "surumBaslangicZamani": null, "surumBitisZamani": null, "total_population": 0.0, "estimated_water_supply": 1.3957761088718073, "population_pressure": 0.0, "urban_water_stress_score": 0.0 }, "geometry": { "type": "MultiPolygon", "coordinates": [ [ [ [ 32.504, 39.9938 ], [ 32.5045, 39.9938 ], [ 32.5045, 39.9934 ], [ 32.504, 39.9934 ], [ 32.504, 39.9938 ] ] ] ] } },
{ "type": "Feature", "properties": { "id": "sehirAtlasi.624", "kentAtlasiDegeriKodu": "11300", "kentAtlasiDegeri": "İzole Yapılar", "gecirimsizlikKatmani": 0, "tucbsNo": "CBSGM_1_7976346", "aciklama": null, "gecerlilikBaslangici": "2019-05-24T00:00:00Z", "gecerlilikSonu": null, "gozlemTarihi": null, "hilucsAraziKullanimi": null, "hilucsDurumu": null, "olcek": "1:10000", "surumBaslangicZamani": null, "surumBitisZamani": null, "total_population": 0.0, "estimated_water_supply": 1.3995017648331558, "population_pressure": 0.0, "urban_water_stress_score": 0.0 }, "geometry": { "type": "MultiPolygon", "coordinates": [ [ [ [ 32.5028, 39.9938 ], [ 32.503, 39.9938 ], [ 32.503, 39.9936 ], [ 32.5028, 39.9936 ], [ 32.5028, 39.9938 ] ] ] ] } },
{ "type": "Feature", "properties": { "id": "sehirAtlasi.625", "kentAtlasiDegeriKodu": "11300", "kentAtlasiDegeri": "İzole Yapılar", "gecirimsizlikKatmani": 0, "tucbsNo": "CBSGM_1_7976347", "aciklama": null, "gecerlilikBaslangici": "2019-05-24T00:00:00Z", "gecerlilikSonu": null, "gozlemTarihi": null, "hilucsAraziKullanimi": null, "hilucsDurumu": null, "olcek": "1:10000", "surumBaslangicZamani": null, "surumBitisZamani": null, "total_population": 0.0, "estimated_water_supply": 1.3885632314807814, "population_pressure": 0.0, "urban_water_stress_score": 0.0 }, "geometry": { "type": "MultiPolygon", "coordinates": [ [ [ [ 32.5034, 39.9931 ], [ 32.5032, 39.9931 ], [ 32.5033, 39.9934 ], [ 32.5035, 39.9934 ], [ 32.5034, 39.9931 ] ] ] ] } },
{ "type": "Feature", "properties": { "id": "sehirAtlasi.626", "kentAtlasiDegeriKodu": "11300", "kentAtlasiDegeri": "İzole Yapılar", "gecirimsizlikKatmani": 0, "tucbsNo": "CBSGM_1_7976348", "aciklama": null, "gecerlilikBaslangici": "2019-05-24T00:00:00Z", "gecerlilikSonu": null, "gozlemTarihi": null, "hilucsAraziKullanimi": null, "hilucsDurumu": null, "olcek": "1:10000", "surumBaslangicZamani": null, "surumBitisZamani": null, "total_population": 0.0, "estimated_water_supply": 1.4148617948434847, "population_pressure": 0.0, "urban_water_stress_score": 0.0 }, "geometry": { "type": "MultiPolygon", "coordinates": [ [ [ [ 32.5051, 39.9951 ], [ 32.5053, 39.9951 ], [ 32.5054, 39.9947 ], [ 32.5051, 39.9947 ], [ 32.5051, 39.9951 ] ] ] ] } },
{ "type": "Feature", "properties": { "id": "sehirAtlasi.627", "kentAtlasiDegeriKodu": "11300", "kentAtlasiDegeri": "İzole Yapılar", "gecirimsizlikKatmani": 0, "tucbsNo": "CBSGM_1_7976349", "aciklama": null, "gecerlilikBaslangici": "2019-05-24T00:00:00Z", "gecerlilikSonu": null, "gozlemTarihi": null, "hilucsAraziKullanimi": null, "hilucsDurumu": null, "olcek": "1:10000", "surumBaslangicZamani": null, "surumBitisZamani": null, "total_population": 0.0, "estimated_water_supply": 1.3938573242159449, "population_pressure": 0.0, "urban_water_stress_score": 0.0 }, "geometry": { "type": "MultiPolygon", "coordinates": [ [ [ [ 32.501, 39.994 ], [ 32.501, 39.9938 ], [ 32.5005, 39.9938 ], [ 32.5006, 39.994 ], [ 32.501, 39.994 ] ] ] ] } },
{ "type": "Feature", "properties": { "id": "sehirAtlasi.628", "kentAtlasiDegeriKodu": "13400", "kentAtlasiDegeri": "Mevcut Kullanımı Olmayan Alanlar", "gecirimsizlikKatmani": 0, "tucbsNo": "CBSGM_1_7976350", "aciklama": null, "gecerlilikBaslangici": "2019-05-24T00:00:00Z", "gecerlilikSonu": null, "gozlemTarihi": null, "hilucsAraziKullanimi": null, "hilucsDurumu": null, "olcek": "1:10000", "surumBaslangicZamani": null, "surumBitisZamani": null, "total_population": 0.0, "estimated_water_supply": 1.4024515673202593, "population_pressure": 0.0, "urban_water_stress_score": 0.0 }, "geometry": { "type": "MultiPolygon", "coordinates": [ [ [ [ 32.4983, 39.9927 ], [ 32.4983, 39.993 ], [ 32.4988, 39.9931 ], [ 32.4988, 39.9929 ], [ 32.4987, 39.9927 ], [ 32.4987, 39.9926 ], [ 32.4983, 39.9927 ] ] ] ] } },
{ "type": "Feature", "properties": { "id": "sehirAtlasi.629", "kentAtlasiDegeriKodu": "11240", "kentAtlasiDegeri": "Çok Düşük Yoğunluklu Süreksiz Kentsel Alan (< 10%)", "gecirimsizlikKatmani": 0, "tucbsNo": "CBSGM_1_7976351", "aciklama": null, "gecerlilikBaslangici": "2019-10-01T00:00:00Z", "gecerlilikSonu": null, "gozlemTarihi": null, "hilucsAraziKullanimi": null, "hilucsDurumu": null, "olcek": "1:10000", "surumBaslangicZamani": null, "surumBitisZamani": null, "total_population": 0.0, "estimated_water_supply": 0.569375845075342, "population_pressure": 0.0, "urban_water_stress_score": 0.0 }, "geometry": { "type": "MultiPolygon", "coordinates": [ [ [ [ 32.8222, 39.7751 ], [ 32.8222, 39.7756 ], [ 32.8225, 39.7756 ], [ 32.8226, 39.7756 ], [ 32.8225, 39.775 ], [ 32.8222, 39.7751 ] ] ] ] } },
{ "type": "Feature", "properties": { "id": "sehirAtlasi.630", "kentAtlasiDegeriKodu": "11210", "kentAtlasiDegeri": "Yüksek Yoğunluklu Süreksiz Kentsel Alan (50% - 80%)", "gecirimsizlikKatmani": 36, "tucbsNo": "CBSGM_1_338314", "aciklama": null, "gecerlilikBaslangici": "2019-02-16T00:00:00Z", "gecerlilikSonu": null, "gozlemTarihi": null, "hilucsAraziKullanimi": null, "hilucsDurumu": null, "olcek": "1:10000", "surumBaslangicZamani": null, "surumBitisZamani": null, "total_population": 0.0, "estimated_water_supply": 1.1118661106617027, "population_pressure": 0.0, "urban_water_stress_score": 0.0 }, "geometry": { "type": "MultiPolygon", "coordinates": [ [ [ [ 31.9142, 40.1726 ], [ 31.9142, 40.1726 ], [ 31.9143, 40.1725 ], [ 31.9143, 40.1725 ], [ 31.9144, 40.1725 ], [ 31.9145, 40.1724 ], [ 31.9145, 40.1724 ], [ 31.9145, 40.1724 ], [ 31.9145, 40.1724 ], [ 31.9145, 40.1724 ], [ 31.9145, 40.1723 ], [ 31.9146, 40.1723 ], [ 31.9146, 40.1722 ], [ 31.9145, 40.1723 ], [ 31.9145, 40.1723 ], [ 31.9145, 40.1723 ], [ 31.9144, 40.1723 ], [ 31.9144, 40.1723 ], [ 31.9144, 40.1723 ], [ 31.9143, 40.1723 ], [ 31.9143, 40.1723 ], [ 31.9143, 40.1723 ], [ 31.9143, 40.1723 ], [ 31.9143, 40.1723 ], [ 31.9143, 40.1724 ], [ 31.9143, 40.1724 ], [ 31.9143, 40.1724 ], [ 31.9142, 40.1724 ], [ 31.9143, 40.1723 ], [ 31.9143, 40.1723 ], [ 31.9142, 40.1723 ], [ 31.9142, 40.1723 ], [ 31.9142, 40.1723 ], [ 31.9142, 40.1723 ], [ 31.9141, 40.1723 ], [ 31.9142, 40.1723 ], [ 31.9142, 40.1724 ], [ 31.9142, 40.1724 ], [ 31.9141, 40.1725 ], [ 31.9142, 40.1726 ] ] ] ] } },
{ "type": "Feature", "properties": { "id": "sehirAtlasi.631", "kentAtlasiDegeriKodu": "11230", "kentAtlasiDegeri": "Düşük Yoğunluklu Süreksiz Kentsel Alan (10% - 30%)", "gecirimsizlikKatmani": 0, "tucbsNo": "CBSGM_1_7976352", "aciklama": null, "gecerlilikBaslangici": "2019-10-01T00:00:00Z", "gecerlilikSonu": null, "gozlemTarihi": null, "hilucsAraziKullanimi": null, "hilucsDurumu": null, "olcek": "1:10000", "surumBaslangicZamani": null, "surumBitisZamani": null, "total_population": 0.0, "estimated_water_supply": 0.57127737699529002, "population_pressure": 0.0, "urban_water_stress_score": 0.0 }, "geometry": { "type": "MultiPolygon", "coordinates": [ [ [ [ 32.8231, 39.7727 ], [ 32.8222, 39.7729 ], [ 32.8225, 39.7734 ], [ 32.8228, 39.7733 ], [ 32.8227, 39.7731 ], [ 32.8229, 39.7731 ], [ 32.823, 39.7732 ], [ 32.8233, 39.7732 ], [ 32.8231, 39.7727 ] ] ] ] } },
{ "type": "Feature", "properties": { "id": "sehirAtlasi.632", "kentAtlasiDegeriKodu": "11300", "kentAtlasiDegeri": "İzole Yapılar", "gecirimsizlikKatmani": 0, "tucbsNo": "CBSGM_1_7976353", "aciklama": null, "gecerlilikBaslangici": "2019-10-01T00:00:00Z", "gecerlilikSonu": null, "gozlemTarihi": null, "hilucsAraziKullanimi": null, "hilucsDurumu": null, "olcek": "1:10000", "surumBaslangicZamani": null, "surumBitisZamani": null, "total_population": 0.0, "estimated_water_supply": 0.56943276914600316, "population_pressure": 0.0, "urban_water_stress_score": 0.0 }, "geometry": { "type": "MultiPolygon", "coordinates": [ [ [ [ 32.8213, 39.7739 ], [ 32.8214, 39.7738 ], [ 32.8214, 39.7737 ], [ 32.8213, 39.7738 ], [ 32.8213, 39.7739 ] ] ] ] } },
{ "type": "Feature", "properties": { "id": "sehirAtlasi.633", "kentAtlasiDegeriKodu": "22000", "kentAtlasiDegeri": "Sürekli Ürünler", "gecirimsizlikKatmani": 0, "tucbsNo": "CBSGM_1_7976354", "aciklama": null, "gecerlilikBaslangici": "2019-10-01T00:00:00Z", "gecerlilikSonu": null, "gozlemTarihi": null, "hilucsAraziKullanimi": null, "hilucsDurumu": null, "olcek": "1:10000", "surumBaslangicZamani": null, "surumBitisZamani": null, "total_population": 0.0, "estimated_water_supply": 0.57001962536657036, "population_pressure": 0.0, "urban_water_stress_score": 0.0 }, "geometry": { "type": "MultiPolygon", "coordinates": [ [ [ [ 32.8215, 39.7735 ], [ 32.8216, 39.7738 ], [ 32.8221, 39.7737 ], [ 32.822, 39.7733 ], [ 32.8215, 39.7735 ] ] ] ] } },
{ "type": "Feature", "properties": { "id": "sehirAtlasi.634", "kentAtlasiDegeriKodu": "33000", "kentAtlasiDegeri": "Bitki Örtüsü Az Ya da Olmayan Alanlar", "gecirimsizlikKatmani": 0, "tucbsNo": "CBSGM_1_7976355", "aciklama": null, "gecerlilikBaslangici": "2019-09-12T00:00:00Z", "gecerlilikSonu": null, "gozlemTarihi": null, "hilucsAraziKullanimi": null, "hilucsDurumu": null, "olcek": "1:10000", "surumBaslangicZamani": null, "surumBitisZamani": null, "total_population": 0.0, "estimated_water_supply": 1.2788857149576636, "population_pressure": 0.0, "urban_water_stress_score": 0.0 }, "geometry": { "type": "MultiPolygon", "coordinates": [ [ [ [ 32.962, 40.131 ], [ 32.9621, 40.1311 ], [ 32.9621, 40.1311 ], [ 32.9622, 40.1312 ], [ 32.9636, 40.1312 ], [ 32.9636, 40.1312 ], [ 32.9625, 40.131 ], [ 32.962, 40.1308 ], [ 32.962, 40.131 ] ] ] ] } },
{ "type": "Feature", "properties": { "id": "sehirAtlasi.635", "kentAtlasiDegeriKodu": "11210", "kentAtlasiDegeri": "Yüksek Yoğunluklu Süreksiz Kentsel Alan (50% - 80%)", "gecirimsizlikKatmani": 35, "tucbsNo": "CBSGM_1_338313", "aciklama": null, "gecerlilikBaslangici": "2019-02-16T00:00:00Z", "gecerlilikSonu": null, "gozlemTarihi": null, "hilucsAraziKullanimi": null, "hilucsDurumu": null, "olcek": "1:10000", "surumBaslangicZamani": null, "surumBitisZamani": null, "total_population": 0.0, "estimated_water_supply": 1.1115430578423176, "population_pressure": 0.0, "urban_water_stress_score": 0.0 }, "geometry": { "type": "MultiPolygon", "coordinates": [ [ [ [ 31.9156, 40.1708 ], [ 31.9155, 40.1708 ], [ 31.9153, 40.1708 ], [ 31.9152, 40.1709 ], [ 31.9151, 40.1708 ], [ 31.915, 40.1709 ], [ 31.9149, 40.1709 ], [ 31.9149, 40.1709 ], [ 31.9148, 40.1709 ], [ 31.9149, 40.171 ], [ 31.9149, 40.171 ], [ 31.9148, 40.171 ], [ 31.9148, 40.1711 ], [ 31.9147, 40.171 ], [ 31.9147, 40.1711 ], [ 31.9147, 40.1711 ], [ 31.9147, 40.1711 ], [ 31.9146, 40.1712 ], [ 31.9146, 40.1713 ], [ 31.9146, 40.1713 ], [ 31.9147, 40.1713 ], [ 31.9147, 40.1714 ], [ 31.9147, 40.1714 ], [ 31.9147, 40.1715 ], [ 31.9146, 40.1715 ], [ 31.9146, 40.1716 ], [ 31.9148, 40.1716 ], [ 31.9148, 40.1716 ], [ 31.915, 40.1715 ], [ 31.9152, 40.1714 ], [ 31.9154, 40.1712 ], [ 31.9154, 40.1712 ], [ 31.9155, 40.1711 ], [ 31.9155, 40.171 ], [ 31.9155, 40.171 ], [ 31.9155, 40.1709 ], [ 31.9156, 40.1708 ], [ 31.9156, 40.1708 ] ] ] ] } },
{ "type": "Feature", "properties": { "id": "sehirAtlasi.636", "kentAtlasiDegeriKodu": "22000", "kentAtlasiDegeri": "Sürekli Ürünler", "gecirimsizlikKatmani": 0, "tucbsNo": "CBSGM_1_7976356", "aciklama": null, "gecerlilikBaslangici": "2019-05-24T00:00:00Z", "gecerlilikSonu": null, "gozlemTarihi": null, "hilucsAraziKullanimi": null, "hilucsDurumu": null, "olcek": "1:10000", "surumBaslangicZamani": null, "surumBitisZamani": null, "total_population": 0.0, "estimated_water_supply": 1.1234350152979118, "population_pressure": 0.0, "urban_water_stress_score": 0.0 }, "geometry": { "type": "MultiPolygon", "coordinates": [ [ [ [ 32.9642, 39.9161 ], [ 32.9639, 39.9162 ], [ 32.9638, 39.9162 ], [ 32.9639, 39.9165 ], [ 32.9638, 39.9166 ], [ 32.9638, 39.9166 ], [ 32.9639, 39.9168 ], [ 32.9641, 39.9172 ], [ 32.9643, 39.9173 ], [ 32.9645, 39.9173 ], [ 32.9646, 39.9172 ], [ 32.9647, 39.9172 ], [ 32.9647, 39.9171 ], [ 32.9646, 39.917 ], [ 32.9645, 39.917 ], [ 32.9643, 39.917 ], [ 32.9643, 39.917 ], [ 32.9643, 39.9168 ], [ 32.9642, 39.9167 ], [ 32.9642, 39.9165 ], [ 32.9642, 39.9164 ], [ 32.9641, 39.9163 ], [ 32.9642, 39.9161 ] ] ] ] } },
{ "type": "Feature", "properties": { "id": "sehirAtlasi.637", "kentAtlasiDegeriKodu": "11210", "kentAtlasiDegeri": "Yüksek Yoğunluklu Süreksiz Kentsel Alan (50% - 80%)", "gecirimsizlikKatmani": 43, "tucbsNo": "CBSGM_1_7976357", "aciklama": null, "gecerlilikBaslangici": "2019-02-12T00:00:00Z", "gecerlilikSonu": null, "gozlemTarihi": null, "hilucsAraziKullanimi": null, "hilucsDurumu": null, "olcek": "1:10000", "surumBaslangicZamani": null, "surumBitisZamani": null, "total_population": 0.0, "estimated_water_supply": 0.6036204352202208, "population_pressure": 0.0, "urban_water_stress_score": 0.0 }, "geometry": { "type": "MultiPolygon", "coordinates": [ [ [ [ 32.6544, 39.8165 ], [ 32.6545, 39.8165 ], [ 32.6547, 39.8162 ], [ 32.6548, 39.8159 ], [ 32.6546, 39.8159 ], [ 32.6544, 39.8162 ], [ 32.6544, 39.8165 ] ] ] ] } },
{ "type": "Feature", "properties": { "id": "sehirAtlasi.638", "kentAtlasiDegeriKodu": "11230", "kentAtlasiDegeri": "Düşük Yoğunluklu Süreksiz Kentsel Alan (10% - 30%)", "gecirimsizlikKatmani": 20, "tucbsNo": "CBSGM_1_7976358", "aciklama": null, "gecerlilikBaslangici": "2019-02-13T00:00:00Z", "gecerlilikSonu": null, "gozlemTarihi": null, "hilucsAraziKullanimi": null, "hilucsDurumu": null, "olcek": "1:10000", "surumBaslangicZamani": null, "surumBitisZamani": null, "total_population": 0.0, "estimated_water_supply": 0.60379878215967231, "population_pressure": 0.0, "urban_water_stress_score": 0.0 }, "geometry": { "type": "MultiPolygon", "coordinates": [ [ [ [ 32.6521, 39.8176 ], [ 32.6524, 39.8176 ], [ 32.6525, 39.8175 ], [ 32.6526, 39.8173 ], [ 32.6527, 39.8172 ], [ 32.6529, 39.8172 ], [ 32.653, 39.8171 ], [ 32.6531, 39.817 ], [ 32.6531, 39.817 ], [ 32.6531, 39.8169 ], [ 32.6531, 39.8169 ], [ 32.6531, 39.8168 ], [ 32.6531, 39.8168 ], [ 32.6531, 39.8167 ], [ 32.6531, 39.8167 ], [ 32.6532, 39.8166 ], [ 32.6532, 39.8166 ], [ 32.6532, 39.8166 ], [ 32.6532, 39.8165 ], [ 32.6532, 39.8165 ], [ 32.6532, 39.8164 ], [ 32.6532, 39.8164 ], [ 32.653, 39.8163 ], [ 32.653, 39.8163 ], [ 32.653, 39.8163 ], [ 32.6528, 39.8164 ], [ 32.6528, 39.8164 ], [ 32.6528, 39.8164 ], [ 32.6525, 39.8168 ], [ 32.6525, 39.8168 ], [ 32.6523, 39.8171 ], [ 32.6521, 39.8176 ] ] ] ] } },
{ "type": "Feature", "properties": { "id": "sehirAtlasi.639", "kentAtlasiDegeriKodu": "11240", "kentAtlasiDegeri": "Çok Düşük Yoğunluklu Süreksiz Kentsel Alan (< 10%)", "gecirimsizlikKatmani": 0, "tucbsNo": "CBSGM_1_7976359", "aciklama": null, "gecerlilikBaslangici": "2019-02-12T00:00:00Z", "gecerlilikSonu": null, "gozlemTarihi": null, "hilucsAraziKullanimi": null, "hilucsDurumu": null, "olcek": "1:10000", "surumBaslangicZamani": null, "surumBitisZamani": null, "total_population": 0.0, "estimated_water_supply": 0.86215648137600043, "population_pressure": 0.0, "urban_water_stress_score": 0.0 }, "geometry": { "type": "MultiPolygon", "coordinates": [ [ [ [ 33.0504, 39.8985 ], [ 33.0508, 39.8991 ], [ 33.0509, 39.8992 ], [ 33.0509, 39.8992 ], [ 33.0509, 39.8992 ], [ 33.051, 39.8995 ], [ 33.0514, 39.8993 ], [ 33.0511, 39.8991 ], [ 33.0513, 39.899 ], [ 33.0511, 39.8988 ], [ 33.0512, 39.8987 ], [ 33.0508, 39.8982 ], [ 33.0504, 39.8985 ] ] ] ] } },
{ "type": "Feature", "properties": { "id": "sehirAtlasi.640", "kentAtlasiDegeriKodu": "13400", "kentAtlasiDegeri": "Mevcut Kullanımı Olmayan Alanlar", "gecirimsizlikKatmani": 0, "tucbsNo": "CBSGM_1_7976360", "aciklama": null, "gecerlilikBaslangici": "2019-02-08T00:00:00Z", "gecerlilikSonu": null, "gozlemTarihi": null, "hilucsAraziKullanimi": null, "hilucsDurumu": null, "olcek": "1:10000", "surumBaslangicZamani": null, "surumBitisZamani": null, "total_population": 0.0, "estimated_water_supply": 1.3058680322240284, "population_pressure": 0.0, "urban_water_stress_score": 0.0 }, "geometry": { "type": "MultiPolygon", "coordinates": [ [ [ [ 32.9986, 39.9105 ], [ 32.9988, 39.9106 ], [ 32.9993, 39.9106 ], [ 32.9996, 39.9106 ], [ 32.9998, 39.9105 ], [ 32.9998, 39.9104 ], [ 32.9999, 39.9104 ], [ 32.9999, 39.9103 ], [ 32.9999, 39.9102 ], [ 32.9997, 39.9102 ], [ 32.9996, 39.9102 ], [ 32.9994, 39.9098 ], [ 32.9991, 39.9093 ], [ 32.9991, 39.9097 ], [ 32.9987, 39.9104 ], [ 32.9986, 39.9105 ] ] ] ] } },
{ "type": "Feature", "properties": { "id": "sehirAtlasi.641", "kentAtlasiDegeriKodu": "14200", "kentAtlasiDegeri": "Spor Ve Eğlence Alanları", "gecirimsizlikKatmani": 0, "tucbsNo": "CBSGM_1_7976361", "aciklama": null, "gecerlilikBaslangici": "2019-02-08T00:00:00Z", "gecerlilikSonu": null, "gozlemTarihi": null, "hilucsAraziKullanimi": null, "hilucsDurumu": null, "olcek": "1:10000", "surumBaslangicZamani": null, "surumBitisZamani": null, "total_population": 0.0, "estimated_water_supply": 1.3754203066941508, "population_pressure": 0.0, "urban_water_stress_score": 0.0 }, "geometry": { "type": "MultiPolygon", "coordinates": [ [ [ [ 32.9896, 39.9088 ], [ 32.9895, 39.909 ], [ 32.9895, 39.909 ], [ 32.9895, 39.9091 ], [ 32.9895, 39.9091 ], [ 32.9896, 39.9091 ], [ 32.9901, 39.9093 ], [ 32.9901, 39.9094 ], [ 32.9904, 39.9095 ], [ 32.9904, 39.9093 ], [ 32.99, 39.9092 ], [ 32.9901, 39.909 ], [ 32.9899, 39.9089 ], [ 32.9898, 39.909 ], [ 32.9896, 39.9088 ] ] ] ] } },
{ "type": "Feature", "properties": { "id": "sehirAtlasi.642", "kentAtlasiDegeriKodu": "14200", "kentAtlasiDegeri": "Spor Ve Eğlence Alanları", "gecirimsizlikKatmani": 0, "tucbsNo": "CBSGM_1_7976362", "aciklama": null, "gecerlilikBaslangici": "2019-02-08T00:00:00Z", "gecerlilikSonu": null, "gozlemTarihi": null, "hilucsAraziKullanimi": null, "hilucsDurumu": null, "olcek": "1:10000", "surumBaslangicZamani": null, "surumBitisZamani": null, "total_population": 0.0, "estimated_water_supply": 1.3237958562049739, "population_pressure": 0.0, "urban_water_stress_score": 0.0 }, "geometry": { "type": "MultiPolygon", "coordinates": [ [ [ [ 32.9918, 39.907 ], [ 32.9907, 39.9069 ], [ 32.9906, 39.9076 ], [ 32.9906, 39.9076 ], [ 32.9905, 39.9076 ], [ 32.9912, 39.9077 ], [ 32.9915, 39.9077 ], [ 32.9915, 39.9075 ], [ 32.9918, 39.907 ] ] ] ] } },
{ "type": "Feature", "properties": { "id": "sehirAtlasi.643", "kentAtlasiDegeriKodu": "11300", "kentAtlasiDegeri": "İzole Yapılar", "gecirimsizlikKatmani": 0, "tucbsNo": "CBSGM_1_7976363", "aciklama": null, "gecerlilikBaslangici": "2019-02-08T00:00:00Z", "gecerlilikSonu": null, "gozlemTarihi": null, "hilucsAraziKullanimi": null, "hilucsDurumu": null, "olcek": "1:10000", "surumBaslangicZamani": null, "surumBitisZamani": null, "total_population": 0.0, "estimated_water_supply": 1.2399097577201614, "population_pressure": 0.0, "urban_water_stress_score": 0.0 }, "geometry": { "type": "MultiPolygon", "coordinates": [ [ [ [ 32.9883, 39.9059 ], [ 32.9885, 39.9067 ], [ 32.9886, 39.9067 ], [ 32.9887, 39.907 ], [ 32.9889, 39.9071 ], [ 32.989, 39.9072 ], [ 32.9896, 39.9073 ], [ 32.9895, 39.9072 ], [ 32.9891, 39.9059 ], [ 32.9886, 39.9059 ], [ 32.9883, 39.9059 ] ] ] ] } },
{ "type": "Feature", "properties": { "id": "sehirAtlasi.644", "kentAtlasiDegeriKodu": "11300", "kentAtlasiDegeri": "İzole Yapılar", "gecirimsizlikKatmani": 4, "tucbsNo": "CBSGM_1_7976364", "aciklama": null, "gecerlilikBaslangici": "2019-02-08T00:00:00Z", "gecerlilikSonu": null, "gozlemTarihi": null, "hilucsAraziKullanimi": null, "hilucsDurumu": null, "olcek": "1:10000", "surumBaslangicZamani": null, "surumBitisZamani": null, "total_population": 0.0, "estimated_water_supply": 1.2072782258633898, "population_pressure": 0.0, "urban_water_stress_score": 0.0 }, "geometry": { "type": "MultiPolygon", "coordinates": [ [ [ [ 32.9858, 39.9069 ], [ 32.9863, 39.9073 ], [ 32.9867, 39.9071 ], [ 32.9862, 39.9066 ], [ 32.9858, 39.9069 ] ] ] ] } },
{ "type": "Feature", "properties": { "id": "sehirAtlasi.645", "kentAtlasiDegeriKodu": "13400", "kentAtlasiDegeri": "Mevcut Kullanımı Olmayan Alanlar", "gecirimsizlikKatmani": 0, "tucbsNo": "CBSGM_1_7976365", "aciklama": null, "gecerlilikBaslangici": "2019-02-08T00:00:00Z", "gecerlilikSonu": null, "gozlemTarihi": null, "hilucsAraziKullanimi": null, "hilucsDurumu": null, "olcek": "1:10000", "surumBaslangicZamani": null, "surumBitisZamani": null, "total_population": 0.0, "estimated_water_supply": 1.1233699184747361, "population_pressure": 0.0, "urban_water_stress_score": 0.0 }, "geometry": { "type": "MultiPolygon", "coordinates": [ [ [ [ 32.9743, 39.9119 ], [ 32.9748, 39.9121 ], [ 32.9748, 39.912 ], [ 32.9747, 39.9119 ], [ 32.9743, 39.9119 ] ] ] ] } },
{ "type": "Feature", "properties": { "id": "sehirAtlasi.646", "kentAtlasiDegeriKodu": "11300", "kentAtlasiDegeri": "İzole Yapılar", "gecirimsizlikKatmani": 0, "tucbsNo": "CBSGM_1_7976366", "aciklama": null, "gecerlilikBaslangici": "2019-02-11T00:00:00Z", "gecerlilikSonu": null, "gozlemTarihi": null, "hilucsAraziKullanimi": null, "hilucsDurumu": null, "olcek": "1:10000", "surumBaslangicZamani": null, "surumBitisZamani": null, "total_population": 0.0, "estimated_water_supply": 1.3734114477338486, "population_pressure": 0.0, "urban_water_stress_score": 0.0 }, "geometry": { "type": "MultiPolygon", "coordinates": [ [ [ [ 33.05, 40.2442 ], [ 33.0501, 40.2443 ], [ 33.0503, 40.2443 ], [ 33.0504, 40.2441 ], [ 33.0506, 40.2436 ], [ 33.0503, 40.2436 ], [ 33.05, 40.2442 ] ] ] ] } },
{ "type": "Feature", "properties": { "id": "sehirAtlasi.647", "kentAtlasiDegeriKodu": "13400", "kentAtlasiDegeri": "Mevcut Kullanımı Olmayan Alanlar", "gecirimsizlikKatmani": 0, "tucbsNo": "CBSGM_1_7976367", "aciklama": null, "gecerlilikBaslangici": "2019-09-16T00:00:00Z", "gecerlilikSonu": null, "gozlemTarihi": null, "hilucsAraziKullanimi": null, "hilucsDurumu": null, "olcek": "1:10000", "surumBaslangicZamani": null, "surumBitisZamani": null, "total_population": 0.0, "estimated_water_supply": 1.3671729147531257, "population_pressure": 0.0, "urban_water_stress_score": 0.0 }, "geometry": { "type": "MultiPolygon", "coordinates": [ [ [ [ 33.0518, 40.2428 ], [ 33.0527, 40.2429 ], [ 33.0527, 40.2429 ], [ 33.0527, 40.2429 ], [ 33.0528, 40.243 ], [ 33.053, 40.2431 ], [ 33.0533, 40.2429 ], [ 33.0533, 40.2429 ], [ 33.0532, 40.2428 ], [ 33.0531, 40.2429 ], [ 33.053, 40.2428 ], [ 33.053, 40.2429 ], [ 33.0528, 40.2428 ], [ 33.0529, 40.2425 ], [ 33.0528, 40.2425 ], [ 33.0526, 40.2424 ], [ 33.0525, 40.2426 ], [ 33.0522, 40.2425 ], [ 33.0522, 40.2426 ], [ 33.0522, 40.2426 ], [ 33.0521, 40.2426 ], [ 33.0519, 40.2428 ], [ 33.0518, 40.2428 ] ] ] ] } },
{ "type": "Feature", "properties": { "id": "sehirAtlasi.648", "kentAtlasiDegeriKodu": "11230", "kentAtlasiDegeri": "Düşük Yoğunluklu Süreksiz Kentsel Alan (10% - 30%)", "gecirimsizlikKatmani": 0, "tucbsNo": "CBSGM_1_7976368", "aciklama": null, "gecerlilikBaslangici": "2019-02-11T00:00:00Z", "gecerlilikSonu": null, "gozlemTarihi": null, "hilucsAraziKullanimi": null, "hilucsDurumu": null, "olcek": "1:10000", "surumBaslangicZamani": null, "surumBitisZamani": null, "total_population": 0.0, "estimated_water_supply": 1.3821426301623694, "population_pressure": 0.0, "urban_water_stress_score": 0.0 }, "geometry": { "type": "MultiPolygon", "coordinates": [ [ [ [ 33.0486, 40.2431 ], [ 33.0489, 40.2432 ], [ 33.0489, 40.2432 ], [ 33.0489, 40.2432 ], [ 33.049, 40.2432 ], [ 33.0489, 40.2432 ], [ 33.0489, 40.2432 ], [ 33.0489, 40.2433 ], [ 33.0487, 40.2436 ], [ 33.0487, 40.2436 ], [ 33.0488, 40.2436 ], [ 33.0488, 40.2436 ], [ 33.049, 40.2437 ], [ 33.0494, 40.2433 ], [ 33.0494, 40.2432 ], [ 33.0489, 40.243 ], [ 33.0486, 40.2429 ], [ 33.0486, 40.2431 ] ] ] ] } },
{ "type": "Feature", "properties": { "id": "sehirAtlasi.649", "kentAtlasiDegeriKodu": "11300", "kentAtlasiDegeri": "İzole Yapılar", "gecirimsizlikKatmani": 0, "tucbsNo": "CBSGM_1_7976369", "aciklama": null, "gecerlilikBaslangici": "2019-02-11T00:00:00Z", "gecerlilikSonu": null, "gozlemTarihi": null, "hilucsAraziKullanimi": null, "hilucsDurumu": null, "olcek": "1:10000", "surumBaslangicZamani": null, "surumBitisZamani": null, "total_population": 0.0, "estimated_water_supply": 1.5768192775490719, "population_pressure": 0.0, "urban_water_stress_score": 0.0 }, "geometry": { "type": "MultiPolygon", "coordinates": [ [ [ [ 33.0194, 40.2638 ], [ 33.0194, 40.2639 ], [ 33.0194, 40.2639 ], [ 33.0194, 40.2639 ], [ 33.0194, 40.2638 ], [ 33.0194, 40.2638 ], [ 33.0192, 40.2639 ], [ 33.0193, 40.2642 ], [ 33.0195, 40.2641 ], [ 33.0196, 40.2639 ], [ 33.0194, 40.2638 ] ] ] ] } },
{ "type": "Feature", "properties": { "id": "sehirAtlasi.650", "kentAtlasiDegeriKodu": "11240", "kentAtlasiDegeri": "Çok Düşük Yoğunluklu Süreksiz Kentsel Alan (< 10%)", "gecirimsizlikKatmani": 8, "tucbsNo": "CBSGM_1_7976370", "aciklama": null, "gecerlilikBaslangici": "2019-02-12T00:00:00Z", "gecerlilikSonu": null, "gozlemTarihi": null, "hilucsAraziKullanimi": null, "hilucsDurumu": null, "olcek": "1:10000", "surumBaslangicZamani": null, "surumBitisZamani": null, "total_population": 0.0, "estimated_water_supply": 0.79668954833878769, "population_pressure": 0.0, "urban_water_stress_score": 0.0 }, "geometry": { "type": "MultiPolygon", "coordinates": [ [ [ [ 32.9906, 39.8771 ], [ 32.9907, 39.8771 ], [ 32.9907, 39.8771 ], [ 32.9907, 39.8771 ], [ 32.991, 39.8771 ], [ 32.9912, 39.8771 ], [ 32.9913, 39.8771 ], [ 32.9911, 39.877 ], [ 32.9911, 39.877 ], [ 32.9911, 39.877 ], [ 32.9911, 39.877 ], [ 32.9911, 39.8769 ], [ 32.9911, 39.8769 ], [ 32.991, 39.8769 ], [ 32.991, 39.8769 ], [ 32.991, 39.8768 ], [ 32.9912, 39.8767 ], [ 32.9912, 39.8767 ], [ 32.9912, 39.8767 ], [ 32.9912, 39.8767 ], [ 32.9914, 39.8766 ], [ 32.9914, 39.8766 ], [ 32.9914, 39.8766 ], [ 32.9914, 39.8766 ], [ 32.9914, 39.8766 ], [ 32.9914, 39.8767 ], [ 32.9914, 39.8767 ], [ 32.9914, 39.8767 ], [ 32.9913, 39.8767 ], [ 32.9911, 39.8769 ], [ 32.9911, 39.8769 ], [ 32.9912, 39.8769 ], [ 32.9915, 39.877 ], [ 32.9917, 39.877 ], [ 32.9917, 39.8768 ], [ 32.9917, 39.8767 ], [ 32.9918, 39.8767 ], [ 32.9919, 39.8766 ], [ 32.992, 39.8765 ], [ 32.9918, 39.8761 ], [ 32.9917, 39.876 ], [ 32.9916, 39.8761 ], [ 32.9912, 39.8762 ], [ 32.9911, 39.8762 ], [ 32.9912, 39.8766 ], [ 32.991, 39.8767 ], [ 32.9906, 39.8767 ], [ 32.9906, 39.8769 ], [ 32.9906, 39.8771 ] ] ] ] } },
{ "type": "Feature", "properties": { "id": "sehirAtlasi.651", "kentAtlasiDegeriKodu": "12150", "kentAtlasiDegeri": "Eğitim Alanları", "gecirimsizlikKatmani": 0, "tucbsNo": "CBSGM_1_7976371", "aciklama": null, "gecerlilikBaslangici": "2019-05-31T00:00:00Z", "gecerlilikSonu": null, "gozlemTarihi": null, "hilucsAraziKullanimi": null, "hilucsDurumu": null, "olcek": "1:10000", "surumBaslangicZamani": null, "surumBitisZamani": null, "total_population": 0.0, "estimated_water_supply": 0.70986205351982445, "population_pressure": 0.0, "urban_water_stress_score": 0.0 }, "geometry": { "type": "MultiPolygon", "coordinates": [ [ [ [ 32.8046, 39.8804 ], [ 32.8049, 39.8806 ], [ 32.8052, 39.8807 ], [ 32.8054, 39.8801 ], [ 32.8048, 39.88 ], [ 32.8048, 39.88 ], [ 32.8046, 39.8804 ] ] ] ] } },
{ "type": "Feature", "properties": { "id": "sehirAtlasi.652", "kentAtlasiDegeriKodu": "11230", "kentAtlasiDegeri": "Düşük Yoğunluklu Süreksiz Kentsel Alan (10% - 30%)", "gecirimsizlikKatmani": 0, "tucbsNo": "CBSGM_1_7976372", "aciklama": null, "gecerlilikBaslangici": "2019-05-30T00:00:00Z", "gecerlilikSonu": null, "gozlemTarihi": null, "hilucsAraziKullanimi": null, "hilucsDurumu": null, "olcek": "1:10000", "surumBaslangicZamani": null, "surumBitisZamani": null, "total_population": 0.0, "estimated_water_supply": 1.4111968779658386, "population_pressure": 0.0, "urban_water_stress_score": 0.0 }, "geometry": { "type": "MultiPolygon", "coordinates": [ [ [ [ 32.8567, 40.0483 ], [ 32.857, 40.048 ], [ 32.8568, 40.0479 ], [ 32.8565, 40.0482 ], [ 32.8567, 40.0483 ] ] ] ] } },
{ "type": "Feature", "properties": { "id": "sehirAtlasi.653", "kentAtlasiDegeriKodu": "11230", "kentAtlasiDegeri": "Düşük Yoğunluklu Süreksiz Kentsel Alan (10% - 30%)", "gecirimsizlikKatmani": 0, "tucbsNo": "CBSGM_1_7976373", "aciklama": null, "gecerlilikBaslangici": "2019-05-30T00:00:00Z", "gecerlilikSonu": null, "gozlemTarihi": null, "hilucsAraziKullanimi": null, "hilucsDurumu": null, "olcek": "1:10000", "surumBaslangicZamani": null, "surumBitisZamani": null, "total_population": 0.0, "estimated_water_supply": 1.422150915644488, "population_pressure": 0.0, "urban_water_stress_score": 0.0 }, "geometry": { "type": "MultiPolygon", "coordinates": [ [ [ [ 32.8552, 40.0489 ], [ 32.8555, 40.0492 ], [ 32.8555, 40.0492 ], [ 32.8559, 40.0489 ], [ 32.8556, 40.0488 ], [ 32.8554, 40.0487 ], [ 32.8552, 40.0489 ] ] ] ] } },
{ "type": "Feature", "properties": { "id": "sehirAtlasi.654", "kentAtlasiDegeriKodu": "12170", "kentAtlasiDegeri": "İbadethane Alanları", "gecirimsizlikKatmani": 0, "tucbsNo": "CBSGM_1_7976374", "aciklama": null, "gecerlilikBaslangici": "2019-05-30T00:00:00Z", "gecerlilikSonu": null, "gozlemTarihi": null, "hilucsAraziKullanimi": null, "hilucsDurumu": null, "olcek": "1:10000", "surumBaslangicZamani": null, "surumBitisZamani": null, "total_population": 0.0, "estimated_water_supply": 1.1169595756116606, "population_pressure": 0.0, "urban_water_stress_score": 0.0 }, "geometry": { "type": "MultiPolygon", "coordinates": [ [ [ [ 32.9009, 39.9469 ], [ 32.9006, 39.9469 ], [ 32.9, 39.9471 ], [ 32.9001, 39.9476 ], [ 32.9009, 39.9474 ], [ 32.9009, 39.9469 ] ] ] ] } },
{ "type": "Feature", "properties": { "id": "sehirAtlasi.655", "kentAtlasiDegeriKodu": "12160", "kentAtlasiDegeri": "Sağlık Alanları", "gecirimsizlikKatmani": 0, "tucbsNo": "CBSGM_1_7976375", "aciklama": null, "gecerlilikBaslangici": "2019-06-13T00:00:00Z", "gecerlilikSonu": null, "gozlemTarihi": null, "hilucsAraziKullanimi": null, "hilucsDurumu": null, "olcek": "1:10000", "surumBaslangicZamani": null, "surumBitisZamani": null, "total_population": 0.0, "estimated_water_supply": 0.98255121213658891, "population_pressure": 0.0, "urban_water_stress_score": 0.0 }, "geometry": { "type": "MultiPolygon", "coordinates": [ [ [ [ 32.6819, 39.9406 ], [ 32.6825, 39.9412 ], [ 32.685, 39.9389 ], [ 32.6842, 39.9385 ], [ 32.6838, 39.9389 ], [ 32.6831, 39.9384 ], [ 32.6824, 39.9389 ], [ 32.6816, 39.9384 ], [ 32.6814, 39.9385 ], [ 32.683, 39.9397 ], [ 32.6819, 39.9406 ] ] ] ] } },
{ "type": "Feature", "properties": { "id": "sehirAtlasi.656", "kentAtlasiDegeriKodu": "11230", "kentAtlasiDegeri": "Düşük Yoğunluklu Süreksiz Kentsel Alan (10% - 30%)", "gecirimsizlikKatmani": 18, "tucbsNo": "CBSGM_1_337112", "aciklama": null, "gecerlilikBaslangici": "2019-02-15T00:00:00Z", "gecerlilikSonu": null, "gozlemTarihi": null, "hilucsAraziKullanimi": null, "hilucsDurumu": null, "olcek": "1:10000", "surumBaslangicZamani": null, "surumBitisZamani": null, "total_population": 0.0, "estimated_water_supply": 1.2739313708896354, "population_pressure": 0.0, "urban_water_stress_score": 0.0 }, "geometry": { "type": "MultiPolygon", "coordinates": [ [ [ [ 31.9381, 40.1711 ], [ 31.9381, 40.1712 ], [ 31.9377, 40.1712 ], [ 31.9377, 40.1714 ], [ 31.9383, 40.1714 ], [ 31.9383, 40.1711 ], [ 31.9381, 40.1711 ] ] ] ] } },
{ "type": "Feature", "properties": { "id": "sehirAtlasi.657", "kentAtlasiDegeriKodu": "11210", "kentAtlasiDegeri": "Yüksek Yoğunluklu Süreksiz Kentsel Alan (50% - 80%)", "gecirimsizlikKatmani": 0, "tucbsNo": "CBSGM_1_7976376", "aciklama": null, "gecerlilikBaslangici": "2019-06-13T00:00:00Z", "gecerlilikSonu": null, "gozlemTarihi": null, "hilucsAraziKullanimi": null, "hilucsDurumu": null, "olcek": "1:10000", "surumBaslangicZamani": null, "surumBitisZamani": null, "total_population": 0.0, "estimated_water_supply": 0.98762327519222959, "population_pressure": 0.0, "urban_water_stress_score": 0.0 }, "geometry": { "type": "MultiPolygon", "coordinates": [ [ [ [ 32.68, 39.9403 ], [ 32.6798, 39.9401 ], [ 32.6785, 39.9405 ], [ 32.6784, 39.9409 ], [ 32.6787, 39.9408 ], [ 32.68, 39.9403 ], [ 32.68, 39.9403 ] ] ] ] } },
{ "type": "Feature", "properties": { "id": "sehirAtlasi.658", "kentAtlasiDegeriKodu": "12150", "kentAtlasiDegeri": "Eğitim Alanları", "gecirimsizlikKatmani": 9, "tucbsNo": "CBSGM_1_7976377", "aciklama": null, "gecerlilikBaslangici": "2019-05-30T00:00:00Z", "gecerlilikSonu": null, "gozlemTarihi": null, "hilucsAraziKullanimi": null, "hilucsDurumu": null, "olcek": "1:10000", "surumBaslangicZamani": null, "surumBitisZamani": null, "total_population": 0.0, "estimated_water_supply": 1.2585737669874515, "population_pressure": 0.0, "urban_water_stress_score": 0.0 }, "geometry": { "type": "MultiPolygon", "coordinates": [ [ [ [ 32.6455, 39.9734 ], [ 32.6462, 39.9741 ], [ 32.6469, 39.9738 ], [ 32.647, 39.973 ], [ 32.647, 39.973 ], [ 32.6464, 39.973 ], [ 32.6455, 39.9734 ], [ 32.6455, 39.9734 ] ] ] ] } },
{ "type": "Feature", "properties": { "id": "sehirAtlasi.659", "kentAtlasiDegeriKodu": "12150", "kentAtlasiDegeri": "Eğitim Alanları", "gecirimsizlikKatmani": 9, "tucbsNo": "CBSGM_1_7976378", "aciklama": null, "gecerlilikBaslangici": "2019-05-30T00:00:00Z", "gecerlilikSonu": null, "gozlemTarihi": null, "hilucsAraziKullanimi": null, "hilucsDurumu": null, "olcek": "1:10000", "surumBaslangicZamani": null, "surumBitisZamani": null, "total_population": 0.0, "estimated_water_supply": 1.2759315752126767, "population_pressure": 0.0, "urban_water_stress_score": 0.0 }, "geometry": { "type": "MultiPolygon", "coordinates": [ [ [ [ 32.6454, 39.9749 ], [ 32.6457, 39.9755 ], [ 32.6458, 39.9755 ], [ 32.6464, 39.9753 ], [ 32.6464, 39.9746 ], [ 32.646, 39.9745 ], [ 32.6459, 39.9747 ], [ 32.6454, 39.9748 ], [ 32.6454, 39.9749 ] ] ] ] } },
{ "type": "Feature", "properties": { "id": "sehirAtlasi.660", "kentAtlasiDegeriKodu": "12170", "kentAtlasiDegeri": "İbadethane Alanları", "gecirimsizlikKatmani": 0, "tucbsNo": "CBSGM_1_7976379", "aciklama": null, "gecerlilikBaslangici": "2019-05-30T00:00:00Z", "gecerlilikSonu": null, "gozlemTarihi": null, "hilucsAraziKullanimi": null, "hilucsDurumu": null, "olcek": "1:10000", "surumBaslangicZamani": null, "surumBitisZamani": null, "total_population": 0.0, "estimated_water_supply": 0.92767041908680836, "population_pressure": 0.0, "urban_water_stress_score": 0.0 }, "geometry": { "type": "MultiPolygon", "coordinates": [ [ [ [ 32.7952, 39.9394 ], [ 32.7952, 39.9394 ], [ 32.7958, 39.9396 ], [ 32.7959, 39.9395 ], [ 32.7959, 39.9395 ], [ 32.796, 39.9394 ], [ 32.7961, 39.9392 ], [ 32.7953, 39.9391 ], [ 32.7952, 39.9393 ], [ 32.7952, 39.9394 ] ] ] ] } },
{ "type": "Feature", "properties": { "id": "sehirAtlasi.661", "kentAtlasiDegeriKodu": "12170", "kentAtlasiDegeri": "İbadethane Alanları", "gecirimsizlikKatmani": 0, "tucbsNo": "CBSGM_1_7976380", "aciklama": null, "gecerlilikBaslangici": "2019-05-30T00:00:00Z", "gecerlilikSonu": null, "gozlemTarihi": null, "hilucsAraziKullanimi": null, "hilucsDurumu": null, "olcek": "1:10000", "surumBaslangicZamani": null, "surumBitisZamani": null, "total_population": 0.0, "estimated_water_supply": 1.0517272211902498, "population_pressure": 0.0, "urban_water_stress_score": 0.0 }, "geometry": { "type": "MultiPolygon", "coordinates": [ [ [ [ 32.8864, 39.9497 ], [ 32.8871, 39.9501 ], [ 32.8872, 39.9498 ], [ 32.8872, 39.9498 ], [ 32.8871, 39.9495 ], [ 32.8871, 39.9495 ], [ 32.887, 39.9494 ], [ 32.8869, 39.9494 ], [ 32.8868, 39.9494 ], [ 32.8867, 39.9494 ], [ 32.8864, 39.9497 ] ] ] ] } },
{ "type": "Feature", "properties": { "id": "sehirAtlasi.662", "kentAtlasiDegeriKodu": "12170", "kentAtlasiDegeri": "İbadethane Alanları", "gecirimsizlikKatmani": 0, "tucbsNo": "CBSGM_1_7976381", "aciklama": null, "gecerlilikBaslangici": "2019-05-30T00:00:00Z", "gecerlilikSonu": null, "gozlemTarihi": null, "hilucsAraziKullanimi": null, "hilucsDurumu": null, "olcek": "1:10000", "surumBaslangicZamani": null, "surumBitisZamani": null, "total_population": 0.0, "estimated_water_supply": 1.3131757724771298, "population_pressure": 0.0, "urban_water_stress_score": 0.0 }, "geometry": { "type": "MultiPolygon", "coordinates": [ [ [ [ 32.9169, 39.936 ], [ 32.9168, 39.9359 ], [ 32.9168, 39.9358 ], [ 32.9167, 39.9357 ], [ 32.9164, 39.9358 ], [ 32.9166, 39.9361 ], [ 32.9169, 39.936 ] ] ] ] } },
{ "type": "Feature", "properties": { "id": "sehirAtlasi.663", "kentAtlasiDegeriKodu": "12150", "kentAtlasiDegeri": "Eğitim Alanları", "gecirimsizlikKatmani": 0, "tucbsNo": "CBSGM_1_7976382", "aciklama": null, "gecerlilikBaslangici": "2019-11-14T00:00:00Z", "gecerlilikSonu": null, "gozlemTarihi": null, "hilucsAraziKullanimi": null, "hilucsDurumu": null, "olcek": "1:10000", "surumBaslangicZamani": null, "surumBitisZamani": null, "total_population": 0.0, "estimated_water_supply": 1.2849898835821656, "population_pressure": 0.0, "urban_water_stress_score": 0.0 }, "geometry": { "type": "MultiPolygon", "coordinates": [ [ [ [ 32.6248, 39.9784 ], [ 32.6248, 39.9789 ], [ 32.6254, 39.9792 ], [ 32.626, 39.9792 ], [ 32.626, 39.9791 ], [ 32.6259, 39.9782 ], [ 32.6248, 39.9784 ] ] ] ] } },
{ "type": "Feature", "properties": { "id": "sehirAtlasi.664", "kentAtlasiDegeriKodu": "13400", "kentAtlasiDegeri": "Mevcut Kullanımı Olmayan Alanlar", "gecirimsizlikKatmani": 0, "tucbsNo": "CBSGM_1_7976383", "aciklama": null, "gecerlilikBaslangici": "2019-05-30T00:00:00Z", "gecerlilikSonu": null, "gozlemTarihi": null, "hilucsAraziKullanimi": null, "hilucsDurumu": null, "olcek": "1:10000", "surumBaslangicZamani": null, "surumBitisZamani": null, "total_population": 0.0, "estimated_water_supply": 1.2919954086959327, "population_pressure": 0.0, "urban_water_stress_score": 0.0 }, "geometry": { "type": "MultiPolygon", "coordinates": [ [ [ [ 32.626, 39.9794 ], [ 32.6261, 39.9795 ], [ 32.6268, 39.9795 ], [ 32.6271, 39.9795 ], [ 32.6271, 39.9791 ], [ 32.627, 39.9791 ], [ 32.6269, 39.9791 ], [ 32.6261, 39.9791 ], [ 32.6261, 39.9793 ], [ 32.6261, 39.9793 ], [ 32.6261, 39.9793 ], [ 32.626, 39.9794 ] ] ] ] } },
{ "type": "Feature", "properties": { "id": "sehirAtlasi.665", "kentAtlasiDegeriKodu": "11240", "kentAtlasiDegeri": "Çok Düşük Yoğunluklu Süreksiz Kentsel Alan (< 10%)", "gecirimsizlikKatmani": 0, "tucbsNo": "CBSGM_1_7976384", "aciklama": null, "gecerlilikBaslangici": "2019-06-10T00:00:00Z", "gecerlilikSonu": null, "gozlemTarihi": null, "hilucsAraziKullanimi": null, "hilucsDurumu": null, "olcek": "1:10000", "surumBaslangicZamani": null, "surumBitisZamani": null, "total_population": 0.0, "estimated_water_supply": 1.0566173685024827, "population_pressure": 0.0, "urban_water_stress_score": 0.0 }, "geometry": { "type": "MultiPolygon", "coordinates": [ [ [ [ 32.6305, 39.9437 ], [ 32.6315, 39.9441 ], [ 32.6315, 39.944 ], [ 32.6313, 39.9437 ], [ 32.6311, 39.9434 ], [ 32.631, 39.9432 ], [ 32.631, 39.9432 ], [ 32.631, 39.943 ], [ 32.6306, 39.9436 ], [ 32.6305, 39.9437 ] ] ] ] } },
{ "type": "Feature", "properties": { "id": "sehirAtlasi.666", "kentAtlasiDegeriKodu": "11210", "kentAtlasiDegeri": "Yüksek Yoğunluklu Süreksiz Kentsel Alan (50% - 80%)", "gecirimsizlikKatmani": 0, "tucbsNo": "CBSGM_1_7976385", "aciklama": null, "gecerlilikBaslangici": "2019-06-10T00:00:00Z", "gecerlilikSonu": null, "gozlemTarihi": null, "hilucsAraziKullanimi": null, "hilucsDurumu": null, "olcek": "1:10000", "surumBaslangicZamani": null, "surumBitisZamani": null, "total_population": 0.0, "estimated_water_supply": 1.2060792387488464, "population_pressure": 0.0, "urban_water_stress_score": 0.0 }, "geometry": { "type": "MultiPolygon", "coordinates": [ [ [ [ 32.6292, 39.9713 ], [ 32.6304, 39.9712 ], [ 32.6304, 39.9712 ], [ 32.6304, 39.9712 ], [ 32.6304, 39.9711 ], [ 32.6304, 39.9712 ], [ 32.6304, 39.9712 ], [ 32.6304, 39.9712 ], [ 32.6303, 39.9712 ], [ 32.6303, 39.9712 ], [ 32.6303, 39.9711 ], [ 32.6303, 39.9705 ], [ 32.6293, 39.9705 ], [ 32.6293, 39.9708 ], [ 32.6293, 39.9712 ], [ 32.6293, 39.9712 ], [ 32.6292, 39.9713 ], [ 32.6292, 39.9713 ] ] ] ] } },
{ "type": "Feature", "properties": { "id": "sehirAtlasi.667", "kentAtlasiDegeriKodu": "12170", "kentAtlasiDegeri": "İbadethane Alanları", "gecirimsizlikKatmani": 0, "tucbsNo": "CBSGM_1_7976386", "aciklama": null, "gecerlilikBaslangici": "2019-06-10T00:00:00Z", "gecerlilikSonu": null, "gozlemTarihi": null, "hilucsAraziKullanimi": null, "hilucsDurumu": null, "olcek": "1:10000", "surumBaslangicZamani": null, "surumBitisZamani": null, "total_population": 0.0, "estimated_water_supply": 1.5738239459071257, "population_pressure": 0.0, "urban_water_stress_score": 0.0 }, "geometry": { "type": "MultiPolygon", "coordinates": [ [ [ [ 32.6418, 39.9933 ], [ 32.6418, 39.9933 ], [ 32.6417, 39.9931 ], [ 32.6416, 39.993 ], [ 32.6415, 39.9929 ], [ 32.6413, 39.9928 ], [ 32.641, 39.9928 ], [ 32.641, 39.9933 ], [ 32.6418, 39.9933 ] ] ] ] } },
{ "type": "Feature", "properties": { "id": "sehirAtlasi.668", "kentAtlasiDegeriKodu": "13300", "kentAtlasiDegeri": "İnşaat Alanları", "gecirimsizlikKatmani": 0, "tucbsNo": "CBSGM_1_7976387", "aciklama": null, "gecerlilikBaslangici": "2019-06-10T00:00:00Z", "gecerlilikSonu": null, "gozlemTarihi": null, "hilucsAraziKullanimi": null, "hilucsDurumu": null, "olcek": "1:10000", "surumBaslangicZamani": null, "surumBitisZamani": null, "total_population": 0.0, "estimated_water_supply": 1.4598127583755902, "population_pressure": 0.0, "urban_water_stress_score": 0.0 }, "geometry": { "type": "MultiPolygon", "coordinates": [ [ [ [ 32.6553, 39.9849 ], [ 32.6553, 39.9855 ], [ 32.6567, 39.9855 ], [ 32.657, 39.9848 ], [ 32.6571, 39.9844 ], [ 32.6567, 39.9843 ], [ 32.6567, 39.9843 ], [ 32.6561, 39.9843 ], [ 32.6553, 39.9842 ], [ 32.6553, 39.9849 ] ] ] ] } },
{ "type": "Feature", "properties": { "id": "sehirAtlasi.669", "kentAtlasiDegeriKodu": "12130", "kentAtlasiDegeri": "Kamu Alanları", "gecirimsizlikKatmani": 0, "tucbsNo": "CBSGM_1_7976388", "aciklama": null, "gecerlilikBaslangici": "2019-06-10T00:00:00Z", "gecerlilikSonu": null, "gozlemTarihi": null, "hilucsAraziKullanimi": null, "hilucsDurumu": null, "olcek": "1:10000", "surumBaslangicZamani": null, "surumBitisZamani": null, "total_population": 0.0, "estimated_water_supply": 1.305836932004897, "population_pressure": 0.0, "urban_water_stress_score": 0.0 }, "geometry": { "type": "MultiPolygon", "coordinates": [ [ [ [ 32.6563, 39.9779 ], [ 32.6564, 39.9774 ], [ 32.6564, 39.9772 ], [ 32.6564, 39.9772 ], [ 32.6564, 39.977 ], [ 32.6564, 39.9768 ], [ 32.6555, 39.9768 ], [ 32.6555, 39.9779 ], [ 32.6563, 39.9779 ] ] ] ] } },
{ "type": "Feature", "properties": { "id": "sehirAtlasi.670", "kentAtlasiDegeriKodu": "11240", "kentAtlasiDegeri": "Çok Düşük Yoğunluklu Süreksiz Kentsel Alan (< 10%)", "gecirimsizlikKatmani": 8, "tucbsNo": "CBSGM_1_142500", "aciklama": null, "gecerlilikBaslangici": "2019-06-17T00:00:00Z", "gecerlilikSonu": null, "gozlemTarihi": null, "hilucsAraziKullanimi": null, "hilucsDurumu": null, "olcek": "1:10000", "surumBaslangicZamani": null, "surumBitisZamani": null, "total_population": 0.0, "estimated_water_supply": 0.82478863471604891, "population_pressure": 0.0, "urban_water_stress_score": 0.0 }, "geometry": { "type": "MultiPolygon", "coordinates": [ [ [ [ 31.2058, 39.6979 ], [ 31.2059, 39.6981 ], [ 31.206, 39.6984 ], [ 31.2061, 39.6987 ], [ 31.2061, 39.6989 ], [ 31.2065, 39.6989 ], [ 31.2066, 39.6991 ], [ 31.207, 39.6992 ], [ 31.2073, 39.6991 ], [ 31.2072, 39.6989 ], [ 31.2071, 39.6989 ], [ 31.2071, 39.6988 ], [ 31.207, 39.6987 ], [ 31.2064, 39.6978 ], [ 31.2058, 39.6979 ] ] ] ] } },
{ "type": "Feature", "properties": { "id": "sehirAtlasi.671", "kentAtlasiDegeriKodu": "11220", "kentAtlasiDegeri": "Orta Yoğunluklu Süreksiz Kentsel Alan (30% - 50%)", "gecirimsizlikKatmani": 28, "tucbsNo": "CBSGM_1_142501", "aciklama": null, "gecerlilikBaslangici": "2019-02-08T00:00:00Z", "gecerlilikSonu": null, "gozlemTarihi": null, "hilucsAraziKullanimi": null, "hilucsDurumu": null, "olcek": "1:10000", "surumBaslangicZamani": null, "surumBitisZamani": null, "total_population": 0.0, "estimated_water_supply": 0.82795815853036014, "population_pressure": 0.0, "urban_water_stress_score": 0.0 }, "geometry": { "type": "MultiPolygon", "coordinates": [ [ [ [ 31.2062, 39.6993 ], [ 31.2062, 39.6994 ], [ 31.2062, 39.6998 ], [ 31.2069, 39.6998 ], [ 31.2069, 39.6997 ], [ 31.2067, 39.6997 ], [ 31.2067, 39.6995 ], [ 31.2065, 39.6994 ], [ 31.2065, 39.6993 ], [ 31.2062, 39.6993 ] ] ] ] } },
{ "type": "Feature", "properties": { "id": "sehirAtlasi.672", "kentAtlasiDegeriKodu": "12170", "kentAtlasiDegeri": "İbadethane Alanları", "gecirimsizlikKatmani": 0, "tucbsNo": "CBSGM_1_7976389", "aciklama": null, "gecerlilikBaslangici": "2019-06-10T00:00:00Z", "gecerlilikSonu": null, "gozlemTarihi": null, "hilucsAraziKullanimi": null, "hilucsDurumu": null, "olcek": "1:10000", "surumBaslangicZamani": null, "surumBitisZamani": null, "total_population": 0.0, "estimated_water_supply": 1.0151939108894168, "population_pressure": 0.0, "urban_water_stress_score": 0.0 }, "geometry": { "type": "MultiPolygon", "coordinates": [ [ [ [ 32.6192, 39.9399 ], [ 32.6192, 39.9399 ], [ 32.6199, 39.9401 ], [ 32.62, 39.9395 ], [ 32.6194, 39.9394 ], [ 32.6194, 39.9394 ], [ 32.6194, 39.9394 ], [ 32.6194, 39.9394 ], [ 32.6194, 39.9394 ], [ 32.6192, 39.9394 ], [ 32.6192, 39.9399 ] ] ] ] } },
{ "type": "Feature", "properties": { "id": "sehirAtlasi.673", "kentAtlasiDegeriKodu": "12120", "kentAtlasiDegeri": "Ticaret Alanları", "gecirimsizlikKatmani": 0, "tucbsNo": "CBSGM_1_7976390", "aciklama": null, "gecerlilikBaslangici": "2019-06-10T00:00:00Z", "gecerlilikSonu": null, "gozlemTarihi": null, "hilucsAraziKullanimi": null, "hilucsDurumu": null, "olcek": "1:10000", "surumBaslangicZamani": null, "surumBitisZamani": null, "total_population": 0.0, "estimated_water_supply": 1.2223292727419106, "population_pressure": 0.0, "urban_water_stress_score": 0.0 }, "geometry": { "type": "MultiPolygon", "coordinates": [ [ [ [ 32.6637, 39.971 ], [ 32.6646, 39.9713 ], [ 32.6648, 39.971 ], [ 32.665, 39.9705 ], [ 32.6649, 39.9703 ], [ 32.6644, 39.9706 ], [ 32.6644, 39.9706 ], [ 32.6637, 39.971 ], [ 32.6637, 39.971 ], [ 32.6637, 39.971 ] ] ] ] } },
{ "type": "Feature", "properties": { "id": "sehirAtlasi.674", "kentAtlasiDegeriKodu": "12110", "kentAtlasiDegeri": "Sanayi ve Üretim Alanları", "gecirimsizlikKatmani": 0, "tucbsNo": "CBSGM_1_7976391", "aciklama": null, "gecerlilikBaslangici": "2019-06-10T00:00:00Z", "gecerlilikSonu": null, "gozlemTarihi": null, "hilucsAraziKullanimi": null, "hilucsDurumu": null, "olcek": "1:10000", "surumBaslangicZamani": null, "surumBitisZamani": null, "total_population": 0.0, "estimated_water_supply": 1.2544807433051899, "population_pressure": 0.0, "urban_water_stress_score": 0.0 }, "geometry": { "type": "MultiPolygon", "coordinates": [ [ [ [ 32.6622, 39.9722 ], [ 32.6633, 39.9728 ], [ 32.6636, 39.9727 ], [ 32.6642, 39.9725 ], [ 32.6645, 39.9723 ], [ 32.6644, 39.9724 ], [ 32.663, 39.9715 ], [ 32.663, 39.9715 ], [ 32.6624, 39.972 ], [ 32.6622, 39.9722 ] ] ] ] } },
{ "type": "Feature", "properties": { "id": "sehirAtlasi.675", "kentAtlasiDegeriKodu": "12120", "kentAtlasiDegeri": "Ticaret Alanları", "gecirimsizlikKatmani": 0, "tucbsNo": "CBSGM_1_7976392", "aciklama": null, "gecerlilikBaslangici": "2019-06-10T00:00:00Z", "gecerlilikSonu": null, "gozlemTarihi": null, "hilucsAraziKullanimi": null, "hilucsDurumu": null, "olcek": "1:10000", "surumBaslangicZamani": null, "surumBitisZamani": null, "total_population": 0.0, "estimated_water_supply": 1.3016682411857603, "population_pressure": 0.0, "urban_water_stress_score": 0.0 }, "geometry": { "type": "MultiPolygon", "coordinates": [ [ [ [ 32.6599, 39.9762 ], [ 32.6615, 39.9765 ], [ 32.6616, 39.9764 ], [ 32.6617, 39.9759 ], [ 32.6601, 39.9756 ], [ 32.6601, 39.9756 ], [ 32.6601, 39.9757 ], [ 32.6599, 39.9762 ] ] ] ] } },
{ "type": "Feature", "properties": { "id": "sehirAtlasi.676", "kentAtlasiDegeriKodu": "14120", "kentAtlasiDegeri": "Kent İçindeki Yeşil Alanlar ( Aktif )", "gecirimsizlikKatmani": 0, "tucbsNo": "CBSGM_1_7976393", "aciklama": null, "gecerlilikBaslangici": "2019-06-10T00:00:00Z", "gecerlilikSonu": null, "gozlemTarihi": null, "hilucsAraziKullanimi": null, "hilucsDurumu": null, "olcek": "1:10000", "surumBaslangicZamani": null, "surumBitisZamani": null, "total_population": 0.0, "estimated_water_supply": 1.3088620874312831, "population_pressure": 0.0, "urban_water_stress_score": 0.0 }, "geometry": { "type": "MultiPolygon", "coordinates": [ [ [ [ 32.6218, 39.9844 ], [ 32.622, 39.9844 ], [ 32.6221, 39.9841 ], [ 32.6221, 39.9841 ], [ 32.6221, 39.9839 ], [ 32.6214, 39.9839 ], [ 32.6214, 39.9844 ], [ 32.6218, 39.9844 ] ] ] ] } },
{ "type": "Feature", "properties": { "id": "sehirAtlasi.677", "kentAtlasiDegeriKodu": "12170", "kentAtlasiDegeri": "İbadethane Alanları", "gecirimsizlikKatmani": 0, "tucbsNo": "CBSGM_1_7976394", "aciklama": null, "gecerlilikBaslangici": "2019-11-14T00:00:00Z", "gecerlilikSonu": null, "gozlemTarihi": null, "hilucsAraziKullanimi": null, "hilucsDurumu": null, "olcek": "1:10000", "surumBaslangicZamani": null, "surumBitisZamani": null, "total_population": 0.0, "estimated_water_supply": 1.3141202901386424, "population_pressure": 0.0, "urban_water_stress_score": 0.0 }, "geometry": { "type": "MultiPolygon", "coordinates": [ [ [ [ 32.6442, 39.9774 ], [ 32.6446, 39.9774 ], [ 32.6447, 39.9771 ], [ 32.6448, 39.9769 ], [ 32.6448, 39.9768 ], [ 32.6446, 39.9767 ], [ 32.6445, 39.9767 ], [ 32.6445, 39.9768 ], [ 32.6442, 39.9774 ] ] ] ] } },
{ "type": "Feature", "properties": { "id": "sehirAtlasi.678", "kentAtlasiDegeriKodu": "32000", "kentAtlasiDegeri": "Maki veya Otsu Bitkiler", "gecirimsizlikKatmani": 0, "tucbsNo": "CBSGM_1_7976395", "aciklama": null, "gecerlilikBaslangici": "2019-11-14T00:00:00Z", "gecerlilikSonu": null, "gozlemTarihi": null, "hilucsAraziKullanimi": null, "hilucsDurumu": null, "olcek": "1:10000", "surumBaslangicZamani": null, "surumBitisZamani": null, "total_population": 0.0, "estimated_water_supply": 1.0225032516244503, "population_pressure": 0.0, "urban_water_stress_score": 0.0 }, "geometry": { "type": "MultiPolygon", "coordinates": [ [ [ [ 32.8801, 39.9493 ], [ 32.8805, 39.9493 ], [ 32.8808, 39.9487 ], [ 32.8805, 39.9486 ], [ 32.8803, 39.949 ], [ 32.8801, 39.9493 ] ] ] ] } },
{ "type": "Feature", "properties": { "id": "sehirAtlasi.679", "kentAtlasiDegeriKodu": "12130", "kentAtlasiDegeri": "Kamu Alanları", "gecirimsizlikKatmani": 0, "tucbsNo": "CBSGM_1_7976396", "aciklama": null, "gecerlilikBaslangici": "2019-11-14T00:00:00Z", "gecerlilikSonu": null, "gozlemTarihi": null, "hilucsAraziKullanimi": null, "hilucsDurumu": null, "olcek": "1:10000", "surumBaslangicZamani": null, "surumBitisZamani": null, "total_population": 0.0, "estimated_water_supply": 1.2140409806835599, "population_pressure": 0.0, "urban_water_stress_score": 0.0 }, "geometry": { "type": "MultiPolygon", "coordinates": [ [ [ [ 32.9228, 39.9681 ], [ 32.9236, 39.9684 ], [ 32.9238, 39.968 ], [ 32.9238, 39.968 ], [ 32.9238, 39.9679 ], [ 32.923, 39.9677 ], [ 32.9228, 39.9681 ] ] ] ] } },
{ "type": "Feature", "properties": { "id": "sehirAtlasi.680", "kentAtlasiDegeriKodu": "12130", "kentAtlasiDegeri": "Kamu Alanları", "gecirimsizlikKatmani": 0, "tucbsNo": "CBSGM_1_7976397", "aciklama": null, "gecerlilikBaslangici": "2019-06-10T00:00:00Z", "gecerlilikSonu": null, "gozlemTarihi": null, "hilucsAraziKullanimi": null, "hilucsDurumu": null, "olcek": "1:10000", "surumBaslangicZamani": null, "surumBitisZamani": null, "total_population": 0.0, "estimated_water_supply": 1.1886839013388268, "population_pressure": 0.0, "urban_water_stress_score": 0.0 }, "geometry": { "type": "MultiPolygon", "coordinates": [ [ [ [ 32.9058, 39.9722 ], [ 32.9061, 39.9724 ], [ 32.9064, 39.9722 ], [ 32.9061, 39.972 ], [ 32.9061, 39.972 ], [ 32.906, 39.9721 ], [ 32.906, 39.9721 ], [ 32.9058, 39.9722 ] ] ] ] } },
{ "type": "Feature", "properties": { "id": "sehirAtlasi.681", "kentAtlasiDegeriKodu": "12170", "kentAtlasiDegeri": "İbadethane Alanları", "gecirimsizlikKatmani": 0, "tucbsNo": "CBSGM_1_7976398", "aciklama": null, "gecerlilikBaslangici": "2019-06-10T00:00:00Z", "gecerlilikSonu": null, "gozlemTarihi": null, "hilucsAraziKullanimi": null, "hilucsDurumu": null, "olcek": "1:10000", "surumBaslangicZamani": null, "surumBitisZamani": null, "total_population": 0.0, "estimated_water_supply": 1.2158133449961155, "population_pressure": 0.0, "urban_water_stress_score": 0.0 }, "geometry": { "type": "MultiPolygon", "coordinates": [ [ [ [ 32.939, 39.9774 ], [ 32.9391, 39.9777 ], [ 32.9396, 39.9775 ], [ 32.9396, 39.9774 ], [ 32.9396, 39.9774 ], [ 32.9395, 39.9773 ], [ 32.9394, 39.9772 ], [ 32.939, 39.9774 ] ] ] ] } },
{ "type": "Feature", "properties": { "id": "sehirAtlasi.682", "kentAtlasiDegeriKodu": "50000", "kentAtlasiDegeri": "Su Alanları", "gecirimsizlikKatmani": 0, "tucbsNo": "CBSGM_1_7976399", "aciklama": null, "gecerlilikBaslangici": "2019-06-10T00:00:00Z", "gecerlilikSonu": null, "gozlemTarihi": null, "hilucsAraziKullanimi": null, "hilucsDurumu": null, "olcek": "1:10000", "surumBaslangicZamani": null, "surumBitisZamani": null, "total_population": 0.0, "estimated_water_supply": 1.2915838800827286, "population_pressure": 0.0, "urban_water_stress_score": 0.0 }, "geometry": { "type": "MultiPolygon", "coordinates": [ [ [ [ 32.9303, 40.0933 ], [ 32.9303, 40.0935 ], [ 32.9304, 40.0936 ], [ 32.9305, 40.0939 ], [ 32.9306, 40.094 ], [ 32.9306, 40.0943 ], [ 32.9307, 40.0945 ], [ 32.9307, 40.0947 ], [ 32.9308, 40.0949 ], [ 32.9308, 40.095 ], [ 32.9307, 40.0951 ], [ 32.9308, 40.0954 ], [ 32.9309, 40.0954 ], [ 32.931, 40.0954 ], [ 32.9312, 40.0954 ], [ 32.9313, 40.0954 ], [ 32.9314, 40.0953 ], [ 32.9316, 40.0953 ], [ 32.9318, 40.0952 ], [ 32.9319, 40.0952 ], [ 32.932, 40.095 ], [ 32.9321, 40.0948 ], [ 32.9322, 40.0945 ], [ 32.9323, 40.0943 ], [ 32.9323, 40.094 ], [ 32.9321, 40.094 ], [ 32.9319, 40.094 ], [ 32.9318, 40.0939 ], [ 32.9314, 40.0938 ], [ 32.9314, 40.0937 ], [ 32.9314, 40.0936 ], [ 32.9312, 40.0934 ], [ 32.9309, 40.0932 ], [ 32.9307, 40.093 ], [ 32.9306, 40.0931 ], [ 32.9304, 40.0932 ], [ 32.9303, 40.0933 ] ] ] ] } },
{ "type": "Feature", "properties": { "id": "sehirAtlasi.683", "kentAtlasiDegeriKodu": "11300", "kentAtlasiDegeri": "İzole Yapılar", "gecirimsizlikKatmani": 0, "tucbsNo": "CBSGM_1_7976400", "aciklama": null, "gecerlilikBaslangici": "2019-06-10T00:00:00Z", "gecerlilikSonu": null, "gozlemTarihi": null, "hilucsAraziKullanimi": null, "hilucsDurumu": null, "olcek": "1:10000", "surumBaslangicZamani": null, "surumBitisZamani": null, "total_population": 0.0, "estimated_water_supply": 1.2950767834214281, "population_pressure": 0.0, "urban_water_stress_score": 0.0 }, "geometry": { "type": "MultiPolygon", "coordinates": [ [ [ [ 32.9313, 40.0971 ], [ 32.9313, 40.0965 ], [ 32.931, 40.0965 ], [ 32.931, 40.0971 ], [ 32.9313, 40.0971 ] ] ] ] } },
{ "type": "Feature", "properties": { "id": "sehirAtlasi.684", "kentAtlasiDegeriKodu": "12110", "kentAtlasiDegeri": "Sanayi ve Üretim Alanları", "gecirimsizlikKatmani": 0, "tucbsNo": "CBSGM_1_7976401", "aciklama": null, "gecerlilikBaslangici": "2019-11-14T00:00:00Z", "gecerlilikSonu": null, "gozlemTarihi": null, "hilucsAraziKullanimi": null, "hilucsDurumu": null, "olcek": "1:10000", "surumBaslangicZamani": null, "surumBitisZamani": null, "total_population": 0.0, "estimated_water_supply": 1.2959420096074337, "population_pressure": 0.0, "urban_water_stress_score": 0.0 }, "geometry": { "type": "MultiPolygon", "coordinates": [ [ [ [ 32.9324, 40.0973 ], [ 32.9313, 40.0973 ], [ 32.9311, 40.0973 ], [ 32.9307, 40.0974 ], [ 32.9304, 40.0976 ], [ 32.9305, 40.0976 ], [ 32.9305, 40.0976 ], [ 32.9305, 40.0977 ], [ 32.9301, 40.0979 ], [ 32.9313, 40.0981 ], [ 32.9323, 40.0981 ], [ 32.9324, 40.0973 ] ] ] ] } },
{ "type": "Feature", "properties": { "id": "sehirAtlasi.685", "kentAtlasiDegeriKodu": "11100", "kentAtlasiDegeri": "Sürekli Kentsel Alan (> 80%)", "gecirimsizlikKatmani": 55, "tucbsNo": "CBSGM_1_808", "aciklama": null, "gecerlilikBaslangici": "2019-02-06T00:00:00Z", "gecerlilikSonu": null, "gozlemTarihi": null, "hilucsAraziKullanimi": null, "hilucsDurumu": null, "olcek": "1:10000", "surumBaslangicZamani": null, "surumBitisZamani": null, "total_population": 0.0, "estimated_water_supply": 0.44630114296769319, "population_pressure": 0.0, "urban_water_stress_score": 0.0 }, "geometry": { "type": "MultiPolygon", "coordinates": [ [ [ [ 31.5336, 39.4515 ], [ 31.5336, 39.4516 ], [ 31.5336, 39.4516 ], [ 31.5336, 39.4516 ], [ 31.5342, 39.4521 ], [ 31.5342, 39.4521 ], [ 31.5342, 39.4521 ], [ 31.5342, 39.4521 ], [ 31.5343, 39.4521 ], [ 31.5345, 39.4522 ], [ 31.5346, 39.4522 ], [ 31.5347, 39.4521 ], [ 31.535, 39.4519 ], [ 31.535, 39.4518 ], [ 31.5351, 39.4518 ], [ 31.5351, 39.4518 ], [ 31.5357, 39.4515 ], [ 31.5357, 39.4514 ], [ 31.5357, 39.4514 ], [ 31.5357, 39.4512 ], [ 31.5356, 39.4512 ], [ 31.5355, 39.451 ], [ 31.5354, 39.451 ], [ 31.5354, 39.451 ], [ 31.5353, 39.4509 ], [ 31.5351, 39.4509 ], [ 31.535, 39.4509 ], [ 31.5349, 39.4509 ], [ 31.5347, 39.451 ], [ 31.5346, 39.4511 ], [ 31.5346, 39.4511 ], [ 31.5345, 39.4511 ], [ 31.5344, 39.4511 ], [ 31.5344, 39.4511 ], [ 31.5343, 39.4511 ], [ 31.5339, 39.4513 ], [ 31.5339, 39.4513 ], [ 31.5338, 39.4514 ], [ 31.5336, 39.4515 ], [ 31.5336, 39.4515 ] ] ] ] } },
{ "type": "Feature", "properties": { "id": "sehirAtlasi.686", "kentAtlasiDegeriKodu": "11100", "kentAtlasiDegeri": "Sürekli Kentsel Alan (> 80%)", "gecirimsizlikKatmani": 38, "tucbsNo": "CBSGM_1_1398981", "aciklama": null, "gecerlilikBaslangici": "2019-02-25T00:00:00Z", "gecerlilikSonu": null, "gozlemTarihi": null, "hilucsAraziKullanimi": null, "hilucsDurumu": null, "olcek": "1:10000", "surumBaslangicZamani": null, "surumBitisZamani": null, "total_population": 0.0, "estimated_water_supply": 0.55566741725519508, "population_pressure": 0.0, "urban_water_stress_score": 0.0 }, "geometry": { "type": "MultiPolygon", "coordinates": [ [ [ [ 32.2198, 38.2351 ], [ 32.2198, 38.2354 ], [ 32.2202, 38.2354 ], [ 32.2204, 38.2354 ], [ 32.2203, 38.2351 ], [ 32.2198, 38.2351 ] ] ] ] } },
{ "type": "Feature", "properties": { "id": "sehirAtlasi.687", "kentAtlasiDegeriKodu": "11220", "kentAtlasiDegeri": "Orta Yoğunluklu Süreksiz Kentsel Alan (30% - 50%)", "gecirimsizlikKatmani": 32, "tucbsNo": "CBSGM_1_1398982", "aciklama": null, "gecerlilikBaslangici": "2019-02-25T00:00:00Z", "gecerlilikSonu": null, "gozlemTarihi": null, "hilucsAraziKullanimi": null, "hilucsDurumu": null, "olcek": "1:10000", "surumBaslangicZamani": null, "surumBitisZamani": null, "total_population": 0.0, "estimated_water_supply": 0.55417004685650895, "population_pressure": 0.0, "urban_water_stress_score": 0.0 }, "geometry": { "type": "MultiPolygon", "coordinates": [ [ [ [ 32.2198, 38.2355 ], [ 32.2198, 38.2358 ], [ 32.2198, 38.2358 ], [ 32.2198, 38.2361 ], [ 32.2198, 38.2361 ], [ 32.2198, 38.2365 ], [ 32.2201, 38.2365 ], [ 32.2202, 38.2355 ], [ 32.2198, 38.2355 ] ] ] ] } },
{ "type": "Feature", "properties": { "id": "sehirAtlasi.688", "kentAtlasiDegeriKodu": "11210", "kentAtlasiDegeri": "Yüksek Yoğunluklu Süreksiz Kentsel Alan (50% - 80%)", "gecirimsizlikKatmani": 34, "tucbsNo": "CBSGM_1_1398983", "aciklama": null, "gecerlilikBaslangici": "2019-02-25T00:00:00Z", "gecerlilikSonu": null, "gozlemTarihi": null, "hilucsAraziKullanimi": null, "hilucsDurumu": null, "olcek": "1:10000", "surumBaslangicZamani": null, "surumBitisZamani": null, "total_population": 0.0, "estimated_water_supply": 0.56111134836493226, "population_pressure": 0.0, "urban_water_stress_score": 0.0 }, "geometry": { "type": "MultiPolygon", "coordinates": [ [ [ [ 32.2108, 38.245 ], [ 32.211, 38.2438 ], [ 32.2103, 38.2437 ], [ 32.2099, 38.2448 ], [ 32.2101, 38.2449 ], [ 32.2102, 38.2449 ], [ 32.2105, 38.245 ], [ 32.2108, 38.245 ] ] ] ] } },
{ "type": "Feature", "properties": { "id": "sehirAtlasi.689", "kentAtlasiDegeriKodu": "11100", "kentAtlasiDegeri": "Sürekli Kentsel Alan (> 80%)", "gecirimsizlikKatmani": 85, "tucbsNo": "CBSGM_1_1398984", "aciklama": null, "gecerlilikBaslangici": "2019-02-25T00:00:00Z", "gecerlilikSonu": null, "gozlemTarihi": null, "hilucsAraziKullanimi": null, "hilucsDurumu": null, "olcek": "1:10000", "surumBaslangicZamani": null, "surumBitisZamani": null, "total_population": 0.0, "estimated_water_supply": 0.56671915579592125, "population_pressure": 0.0, "urban_water_stress_score": 0.0 }, "geometry": { "type": "MultiPolygon", "coordinates": [ [ [ [ 32.2106, 38.236 ], [ 32.2106, 38.2359 ], [ 32.2106, 38.2359 ], [ 32.2105, 38.2358 ], [ 32.2105, 38.2358 ], [ 32.2105, 38.2358 ], [ 32.2104, 38.2356 ], [ 32.2098, 38.2359 ], [ 32.21, 38.236 ], [ 32.2106, 38.236 ] ] ] ] } },
{ "type": "Feature", "properties": { "id": "sehirAtlasi.690", "kentAtlasiDegeriKodu": "11100", "kentAtlasiDegeri": "Sürekli Kentsel Alan (> 80%)", "gecirimsizlikKatmani": 66, "tucbsNo": "CBSGM_1_1398985", "aciklama": null, "gecerlilikBaslangici": "2019-02-25T00:00:00Z", "gecerlilikSonu": null, "gozlemTarihi": null, "hilucsAraziKullanimi": null, "hilucsDurumu": null, "olcek": "1:10000", "surumBaslangicZamani": null, "surumBitisZamani": null, "total_population": 0.0, "estimated_water_supply": 0.56937419626957209, "population_pressure": 0.0, "urban_water_stress_score": 0.0 }, "geometry": { "type": "MultiPolygon", "coordinates": [ [ [ [ 32.2098, 38.2401 ], [ 32.2099, 38.2404 ], [ 32.2102, 38.2403 ], [ 32.2102, 38.2401 ], [ 32.2101, 38.2401 ], [ 32.2101, 38.2401 ], [ 32.2098, 38.2401 ] ] ] ] } },
{ "type": "Feature", "properties": { "id": "sehirAtlasi.691", "kentAtlasiDegeriKodu": "11100", "kentAtlasiDegeri": "Sürekli Kentsel Alan (> 80%)", "gecirimsizlikKatmani": 64, "tucbsNo": "CBSGM_1_1398986", "aciklama": null, "gecerlilikBaslangici": "2019-02-25T00:00:00Z", "gecerlilikSonu": null, "gozlemTarihi": null, "hilucsAraziKullanimi": null, "hilucsDurumu": null, "olcek": "1:10000", "surumBaslangicZamani": null, "surumBitisZamani": null, "total_population": 0.0, "estimated_water_supply": 0.5637503250491489, "population_pressure": 0.0, "urban_water_stress_score": 0.0 }, "geometry": { "type": "MultiPolygon", "coordinates": [ [ [ [ 32.2103, 38.2371 ], [ 32.2103, 38.237 ], [ 32.2103, 38.237 ], [ 32.2102, 38.2369 ], [ 32.2101, 38.237 ], [ 32.2101, 38.237 ], [ 32.2099, 38.2371 ], [ 32.2099, 38.2371 ], [ 32.2099, 38.2371 ], [ 32.2099, 38.2372 ], [ 32.2098, 38.2372 ], [ 32.2098, 38.2372 ], [ 32.2097, 38.2373 ], [ 32.2103, 38.2376 ], [ 32.2103, 38.2372 ], [ 32.2103, 38.2372 ], [ 32.2103, 38.2372 ], [ 32.2103, 38.2372 ], [ 32.2103, 38.2372 ], [ 32.2103, 38.2371 ] ] ] ] } },
{ "type": "Feature", "properties": { "id": "sehirAtlasi.692", "kentAtlasiDegeriKodu": "11230", "kentAtlasiDegeri": "Düşük Yoğunluklu Süreksiz Kentsel Alan (10% - 30%)", "gecirimsizlikKatmani": 23, "tucbsNo": "CBSGM_1_7976402", "aciklama": null, "gecerlilikBaslangici": "2019-06-10T00:00:00Z", "gecerlilikSonu": null, "gozlemTarihi": null, "hilucsAraziKullanimi": null, "hilucsDurumu": null, "olcek": "1:10000", "surumBaslangicZamani": null, "surumBitisZamani": null, "total_population": 0.0, "estimated_water_supply": 1.3162221065648914, "population_pressure": 0.0, "urban_water_stress_score": 0.0 }, "geometry": { "type": "MultiPolygon", "coordinates": [ [ [ [ 32.9277, 40.0999 ], [ 32.9278, 40.1 ], [ 32.9278, 40.1 ], [ 32.9283, 40.1006 ], [ 32.9286, 40.1005 ], [ 32.9287, 40.1004 ], [ 32.9289, 40.1003 ], [ 32.929, 40.1002 ], [ 32.9291, 40.1002 ], [ 32.9291, 40.1001 ], [ 32.9291, 40.1 ], [ 32.9291, 40.1 ], [ 32.9291, 40.1 ], [ 32.9286, 40.0996 ], [ 32.9277, 40.0999 ] ] ] ] } },
{ "type": "Feature", "properties": { "id": "sehirAtlasi.693", "kentAtlasiDegeriKodu": "12220", "kentAtlasiDegeri": "Diğer Yollar ve İlgili Alanlar", "gecirimsizlikKatmani": 0, "tucbsNo": "CBSGM_1_7976403", "aciklama": null, "gecerlilikBaslangici": "2019-06-10T00:00:00Z", "gecerlilikSonu": null, "gozlemTarihi": null, "hilucsAraziKullanimi": null, "hilucsDurumu": null, "olcek": "1:10000", "surumBaslangicZamani": null, "surumBitisZamani": null, "total_population": 0.0, "estimated_water_supply": 1.3322848205083757, "population_pressure": 0.0, "urban_water_stress_score": 0.0 }, "geometry": { "type": "MultiPolygon", "coordinates": [ [ [ [ 32.9268, 40.1014 ], [ 32.9268, 40.1014 ], [ 32.9269, 40.1014 ], [ 32.9269, 40.1014 ], [ 32.9269, 40.1014 ], [ 32.9269, 40.1014 ], [ 32.9275, 40.1012 ], [ 32.9275, 40.1012 ], [ 32.9275, 40.1012 ], [ 32.9269, 40.1014 ], [ 32.9268, 40.1014 ], [ 32.9268, 40.1014 ] ] ] ] } },
{ "type": "Feature", "properties": { "id": "sehirAtlasi.694", "kentAtlasiDegeriKodu": "23000", "kentAtlasiDegeri": "Mera Alanları", "gecirimsizlikKatmani": 0, "tucbsNo": "CBSGM_1_7976404", "aciklama": null, "gecerlilikBaslangici": "2019-06-10T00:00:00Z", "gecerlilikSonu": null, "gozlemTarihi": null, "hilucsAraziKullanimi": null, "hilucsDurumu": null, "olcek": "1:10000", "surumBaslangicZamani": null, "surumBitisZamani": null, "total_population": 0.0, "estimated_water_supply": 1.3115362984473176, "population_pressure": 0.0, "urban_water_stress_score": 0.0 }, "geometry": { "type": "MultiPolygon", "coordinates": [ [ [ [ 32.9328, 40.1005 ], [ 32.9328, 40.1003 ], [ 32.9326, 40.1002 ], [ 32.9319, 40.1 ], [ 32.9317, 40.0999 ], [ 32.9317, 40.1003 ], [ 32.931, 40.1004 ], [ 32.931, 40.1 ], [ 32.9305, 40.1 ], [ 32.9305, 40.1 ], [ 32.9305, 40.1 ], [ 32.9306, 40.1001 ], [ 32.9306, 40.1001 ], [ 32.9306, 40.1001 ], [ 32.9306, 40.1001 ], [ 32.9306, 40.1001 ], [ 32.9307, 40.1002 ], [ 32.9307, 40.1002 ], [ 32.9307, 40.1002 ], [ 32.9307, 40.1002 ], [ 32.9307, 40.1002 ], [ 32.9307, 40.1006 ], [ 32.9308, 40.1006 ], [ 32.9308, 40.1006 ], [ 32.9308, 40.1006 ], [ 32.9312, 40.1006 ], [ 32.9316, 40.1006 ], [ 32.9317, 40.1006 ], [ 32.9321, 40.1006 ], [ 32.9326, 40.1005 ], [ 32.9326, 40.1005 ], [ 32.9328, 40.1005 ] ] ] ] } },
{ "type": "Feature", "properties": { "id": "sehirAtlasi.695", "kentAtlasiDegeriKodu": "12120", "kentAtlasiDegeri": "Ticaret Alanları", "gecirimsizlikKatmani": 0, "tucbsNo": "CBSGM_1_7976405", "aciklama": null, "gecerlilikBaslangici": "2019-06-10T00:00:00Z", "gecerlilikSonu": null, "gozlemTarihi": null, "hilucsAraziKullanimi": null, "hilucsDurumu": null, "olcek": "1:10000", "surumBaslangicZamani": null, "surumBitisZamani": null, "total_population": 0.0, "estimated_water_supply": 1.3311483072459351, "population_pressure": 0.0, "urban_water_stress_score": 0.0 }, "geometry": { "type": "MultiPolygon", "coordinates": [ [ [ [ 32.9276, 40.1014 ], [ 32.9276, 40.1017 ], [ 32.9279, 40.1016 ], [ 32.9281, 40.1014 ], [ 32.9281, 40.1013 ], [ 32.928, 40.1009 ], [ 32.9276, 40.1011 ], [ 32.9277, 40.1012 ], [ 32.9277, 40.1012 ], [ 32.9277, 40.1012 ], [ 32.9277, 40.1013 ], [ 32.9277, 40.1013 ], [ 32.9277, 40.1014 ], [ 32.9277, 40.1014 ], [ 32.9276, 40.1014 ] ] ] ] } },
{ "type": "Feature", "properties": { "id": "sehirAtlasi.696", "kentAtlasiDegeriKodu": "11230", "kentAtlasiDegeri": "Düşük Yoğunluklu Süreksiz Kentsel Alan (10% - 30%)", "gecirimsizlikKatmani": 0, "tucbsNo": "CBSGM_1_7976406", "aciklama": null, "gecerlilikBaslangici": "2019-06-10T00:00:00Z", "gecerlilikSonu": null, "gozlemTarihi": null, "hilucsAraziKullanimi": null, "hilucsDurumu": null, "olcek": "1:10000", "surumBaslangicZamani": null, "surumBitisZamani": null, "total_population": 0.0, "estimated_water_supply": 1.3327157896328352, "population_pressure": 0.0, "urban_water_stress_score": 0.0 }, "geometry": { "type": "MultiPolygon", "coordinates": [ [ [ [ 32.9276, 40.1017 ], [ 32.9276, 40.1017 ], [ 32.9276, 40.1024 ], [ 32.9279, 40.1024 ], [ 32.9279, 40.1017 ], [ 32.9279, 40.1017 ], [ 32.9276, 40.1017 ] ] ] ] } },
{ "type": "Feature", "properties": { "id": "sehirAtlasi.697", "kentAtlasiDegeriKodu": "22000", "kentAtlasiDegeri": "Sürekli Ürünler", "gecirimsizlikKatmani": 0, "tucbsNo": "CBSGM_1_7976407", "aciklama": null, "gecerlilikBaslangici": "2019-06-10T00:00:00Z", "gecerlilikSonu": null, "gozlemTarihi": null, "hilucsAraziKullanimi": null, "hilucsDurumu": null, "olcek": "1:10000", "surumBaslangicZamani": null, "surumBitisZamani": null, "total_population": 0.0, "estimated_water_supply": 1.3188942985956014, "population_pressure": 0.0, "urban_water_stress_score": 0.0 }, "geometry": { "type": "MultiPolygon", "coordinates": [ [ [ [ 32.9262, 40.1 ], [ 32.9262, 40.1001 ], [ 32.9265, 40.1007 ], [ 32.9275, 40.1004 ], [ 32.9274, 40.1 ], [ 32.9274, 40.0999 ], [ 32.9274, 40.0997 ], [ 32.9269, 40.0997 ], [ 32.9266, 40.0997 ], [ 32.9264, 40.0998 ], [ 32.9262, 40.0999 ], [ 32.9262, 40.0999 ], [ 32.9262, 40.1 ] ] ] ] } },
{ "type": "Feature", "properties": { "id": "sehirAtlasi.698", "kentAtlasiDegeriKodu": "12120", "kentAtlasiDegeri": "Ticaret Alanları", "gecirimsizlikKatmani": 0, "tucbsNo": "CBSGM_1_7976408", "aciklama": null, "gecerlilikBaslangici": "2019-06-10T00:00:00Z", "gecerlilikSonu": null, "gozlemTarihi": null, "hilucsAraziKullanimi": null, "hilucsDurumu": null, "olcek": "1:10000", "surumBaslangicZamani": null, "surumBitisZamani": null, "total_population": 0.0, "estimated_water_supply": 1.2177728325814299, "population_pressure": 0.0, "urban_water_stress_score": 0.0 }, "geometry": { "type": "MultiPolygon", "coordinates": [ [ [ [ 32.8959, 39.9837 ], [ 32.8959, 39.9838 ], [ 32.896, 39.9839 ], [ 32.8962, 39.984 ], [ 32.8964, 39.9838 ], [ 32.8967, 39.9838 ], [ 32.8967, 39.9837 ], [ 32.8963, 39.9835 ], [ 32.8959, 39.9837 ], [ 32.8959, 39.9837 ] ] ] ] } },
{ "type": "Feature", "properties": { "id": "sehirAtlasi.699", "kentAtlasiDegeriKodu": "21000", "kentAtlasiDegeri": "Ekilebilir Alanlar", "gecirimsizlikKatmani": 0, "tucbsNo": "CBSGM_1_6293294", "aciklama": null, "gecerlilikBaslangici": "2019-09-10T00:00:00Z", "gecerlilikSonu": null, "gozlemTarihi": null, "hilucsAraziKullanimi": null, "hilucsDurumu": null, "olcek": "1:10000", "surumBaslangicZamani": null, "surumBitisZamani": null, "total_population": 0.0, "estimated_water_supply": 0.54066809271429916, "population_pressure": 0.0, "urban_water_stress_score": 0.0 }, "geometry": { "type": "MultiPolygon", "coordinates": [ [ [ [ 38.1993, 38.3999 ], [ 38.1993, 38.3999 ], [ 38.1992, 38.3999 ], [ 38.1992, 38.4002 ], [ 38.1993, 38.4003 ], [ 38.1993, 38.4004 ], [ 38.1993, 38.4004 ], [ 38.1995, 38.4004 ], [ 38.1996, 38.4003 ], [ 38.1998, 38.4003 ], [ 38.1998, 38.4003 ], [ 38.1998, 38.4002 ], [ 38.1999, 38.4001 ], [ 38.1998, 38.4001 ], [ 38.1997, 38.4 ], [ 38.1996, 38.3999 ], [ 38.1993, 38.3999 ] ] ] ] } },
{ "type": "Feature", "properties": { "id": "sehirAtlasi.700", "kentAtlasiDegeriKodu": "14200", "kentAtlasiDegeri": "Spor Ve Eğlence Alanları", "gecirimsizlikKatmani": 0, "tucbsNo": "CBSGM_1_7976409", "aciklama": null, "gecerlilikBaslangici": "2019-06-10T00:00:00Z", "gecerlilikSonu": null, "gozlemTarihi": null, "hilucsAraziKullanimi": null, "hilucsDurumu": null, "olcek": "1:10000", "surumBaslangicZamani": null, "surumBitisZamani": null, "total_population": 0.0, "estimated_water_supply": 1.129351870816693, "population_pressure": 0.0, "urban_water_stress_score": 0.0 }, "geometry": { "type": "MultiPolygon", "coordinates": [ [ [ [ 32.9714, 39.9615 ], [ 32.9717, 39.9614 ], [ 32.9715, 39.9611 ], [ 32.9713, 39.9612 ], [ 32.9714, 39.9615 ] ] ] ] } },
{ "type": "Feature", "properties": { "id": "sehirAtlasi.701", "kentAtlasiDegeriKodu": "12170", "kentAtlasiDegeri": "İbadethane Alanları", "gecirimsizlikKatmani": 0, "tucbsNo": "CBSGM_1_7976410", "aciklama": null, "gecerlilikBaslangici": "2019-06-10T00:00:00Z", "gecerlilikSonu": null, "gozlemTarihi": null, "hilucsAraziKullanimi": null, "hilucsDurumu": null, "olcek": "1:10000", "surumBaslangicZamani": null, "surumBitisZamani": null, "total_population": 0.0, "estimated_water_supply": 1.1223088734800308, "population_pressure": 0.0, "urban_water_stress_score": 0.0 }, "geometry": { "type": "MultiPolygon", "coordinates": [ [ [ [ 32.9742, 39.9759 ], [ 32.9742, 39.9761 ], [ 32.9742, 39.9761 ], [ 32.9743, 39.9762 ], [ 32.9746, 39.9761 ], [ 32.9745, 39.9759 ], [ 32.9745, 39.9759 ], [ 32.9742, 39.9759 ] ] ] ] } },
{ "type": "Feature", "properties": { "id": "sehirAtlasi.702", "kentAtlasiDegeriKodu": "12130", "kentAtlasiDegeri": "Kamu Alanları", "gecirimsizlikKatmani": 0, "tucbsNo": "CBSGM_1_7976411", "aciklama": null, "gecerlilikBaslangici": "2019-11-14T00:00:00Z", "gecerlilikSonu": null, "gozlemTarihi": null, "hilucsAraziKullanimi": null, "hilucsDurumu": null, "olcek": "1:10000", "surumBaslangicZamani": null, "surumBitisZamani": null, "total_population": 0.0, "estimated_water_supply": 0.90122106080025233, "population_pressure": 0.0, "urban_water_stress_score": 0.0 }, "geometry": { "type": "MultiPolygon", "coordinates": [ [ [ [ 32.8554, 39.9324 ], [ 32.8562, 39.9324 ], [ 32.8562, 39.9324 ], [ 32.8562, 39.9328 ], [ 32.8563, 39.9313 ], [ 32.8563, 39.9309 ], [ 32.856, 39.9309 ], [ 32.8558, 39.9308 ], [ 32.8557, 39.932 ], [ 32.8549, 39.9321 ], [ 32.855, 39.9324 ], [ 32.855, 39.9324 ], [ 32.855, 39.9324 ], [ 32.855, 39.9325 ], [ 32.8554, 39.9324 ] ] ] ] } },
{ "type": "Feature", "properties": { "id": "sehirAtlasi.703", "kentAtlasiDegeriKodu": "11230", "kentAtlasiDegeri": "Düşük Yoğunluklu Süreksiz Kentsel Alan (10% - 30%)", "gecirimsizlikKatmani": 0, "tucbsNo": "CBSGM_1_6293295", "aciklama": null, "gecerlilikBaslangici": "2019-09-10T00:00:00Z", "gecerlilikSonu": null, "gozlemTarihi": null, "hilucsAraziKullanimi": null, "hilucsDurumu": null, "olcek": "1:10000", "surumBaslangicZamani": null, "surumBitisZamani": null, "total_population": 0.0, "estimated_water_supply": 0.53770360138788376, "population_pressure": 0.0, "urban_water_stress_score": 0.0 }, "geometry": { "type": "MultiPolygon", "coordinates": [ [ [ [ 38.204, 38.404 ], [ 38.2041, 38.4041 ], [ 38.2042, 38.4041 ], [ 38.2043, 38.4043 ], [ 38.2046, 38.404 ], [ 38.2044, 38.4038 ], [ 38.2043, 38.4038 ], [ 38.204, 38.404 ] ] ] ] } },
{ "type": "Feature", "properties": { "id": "sehirAtlasi.704", "kentAtlasiDegeriKodu": "14110", "kentAtlasiDegeri": "Mezarlık Alanları", "gecirimsizlikKatmani": 0, "tucbsNo": "CBSGM_1_6293296", "aciklama": null, "gecerlilikBaslangici": "2019-09-10T00:00:00Z", "gecerlilikSonu": null, "gozlemTarihi": null, "hilucsAraziKullanimi": null, "hilucsDurumu": null, "olcek": "1:10000", "surumBaslangicZamani": null, "surumBitisZamani": null, "total_population": 0.0, "estimated_water_supply": 0.53521138290339154, "population_pressure": 0.0, "urban_water_stress_score": 0.0 }, "geometry": { "type": "MultiPolygon", "coordinates": [ [ [ [ 38.2039, 38.4068 ], [ 38.2042, 38.407 ], [ 38.2045, 38.407 ], [ 38.2047, 38.407 ], [ 38.2048, 38.4071 ], [ 38.2049, 38.4071 ], [ 38.2049, 38.4072 ], [ 38.2049, 38.4073 ], [ 38.2051, 38.4072 ], [ 38.2054, 38.4069 ], [ 38.2055, 38.4067 ], [ 38.2055, 38.4063 ], [ 38.2053, 38.4064 ], [ 38.2046, 38.4063 ], [ 38.2044, 38.4063 ], [ 38.2044, 38.4064 ], [ 38.2043, 38.4065 ], [ 38.2042, 38.4066 ], [ 38.2039, 38.4068 ] ] ] ] } },
{ "type": "Feature", "properties": { "id": "sehirAtlasi.705", "kentAtlasiDegeriKodu": "11230", "kentAtlasiDegeri": "Düşük Yoğunluklu Süreksiz Kentsel Alan (10% - 30%)", "gecirimsizlikKatmani": 0, "tucbsNo": "CBSGM_1_6293297", "aciklama": null, "gecerlilikBaslangici": "2019-09-10T00:00:00Z", "gecerlilikSonu": null, "gozlemTarihi": null, "hilucsAraziKullanimi": null, "hilucsDurumu": null, "olcek": "1:10000", "surumBaslangicZamani": null, "surumBitisZamani": null, "total_population": 0.0, "estimated_water_supply": 0.53634920579582301, "population_pressure": 0.0, "urban_water_stress_score": 0.0 }, "geometry": { "type": "MultiPolygon", "coordinates": [ [ [ [ 38.2141, 38.4069 ], [ 38.214, 38.407 ], [ 38.213, 38.4071 ], [ 38.2129, 38.4073 ], [ 38.2131, 38.4073 ], [ 38.2132, 38.4073 ], [ 38.2138, 38.4072 ], [ 38.214, 38.4075 ], [ 38.2142, 38.4075 ], [ 38.2141, 38.4072 ], [ 38.2143, 38.407 ], [ 38.2141, 38.4069 ] ] ] ] } },
{ "type": "Feature", "properties": { "id": "sehirAtlasi.706", "kentAtlasiDegeriKodu": "12230", "kentAtlasiDegeri": "Demiryolları ve ilgili Alanlar", "gecirimsizlikKatmani": 0, "tucbsNo": "CBSGM_1_7976412", "aciklama": null, "gecerlilikBaslangici": "2019-11-14T00:00:00Z", "gecerlilikSonu": null, "gozlemTarihi": null, "hilucsAraziKullanimi": null, "hilucsDurumu": null, "olcek": "1:10000", "surumBaslangicZamani": null, "surumBitisZamani": null, "total_population": 0.0, "estimated_water_supply": 0.91229561740024612, "population_pressure": 0.0, "urban_water_stress_score": 0.0 }, "geometry": { "type": "MultiPolygon", "coordinates": [ [ [ [ 32.8599, 39.9289 ], [ 32.8599, 39.9291 ], [ 32.86, 39.9291 ], [ 32.8609, 39.929 ], [ 32.8622, 39.9288 ], [ 32.8632, 39.9287 ], [ 32.8634, 39.9287 ], [ 32.8634, 39.9286 ], [ 32.8632, 39.9286 ], [ 32.8608, 39.9289 ], [ 32.8599, 39.9289 ] ] ] ] } },
{ "type": "Feature", "properties": { "id": "sehirAtlasi.707", "kentAtlasiDegeriKodu": "12230", "kentAtlasiDegeri": "Demiryolları ve ilgili Alanlar", "gecirimsizlikKatmani": 0, "tucbsNo": "CBSGM_1_7976413", "aciklama": null, "gecerlilikBaslangici": "2019-11-14T00:00:00Z", "gecerlilikSonu": null, "gozlemTarihi": null, "hilucsAraziKullanimi": null, "hilucsDurumu": null, "olcek": "1:10000", "surumBaslangicZamani": null, "surumBitisZamani": null, "total_population": 0.0, "estimated_water_supply": 0.91225990878736984, "population_pressure": 0.0, "urban_water_stress_score": 0.0 }, "geometry": { "type": "MultiPolygon", "coordinates": [ [ [ [ 32.8634, 39.9286 ], [ 32.8634, 39.9287 ], [ 32.8636, 39.9287 ], [ 32.864, 39.9287 ], [ 32.8645, 39.9287 ], [ 32.8662, 39.9288 ], [ 32.8666, 39.9288 ], [ 32.8673, 39.9288 ], [ 32.8673, 39.9287 ], [ 32.8673, 39.9287 ], [ 32.8666, 39.9287 ], [ 32.8666, 39.9287 ], [ 32.8666, 39.9287 ], [ 32.8654, 39.9286 ], [ 32.8654, 39.9286 ], [ 32.8646, 39.9286 ], [ 32.8634, 39.9286 ] ] ] ] } },
{ "type": "Feature", "properties": { "id": "sehirAtlasi.708", "kentAtlasiDegeriKodu": "12170", "kentAtlasiDegeri": "İbadethane Alanları", "gecirimsizlikKatmani": 0, "tucbsNo": "CBSGM_1_7976414", "aciklama": null, "gecerlilikBaslangici": "2019-06-10T00:00:00Z", "gecerlilikSonu": null, "gozlemTarihi": null, "hilucsAraziKullanimi": null, "hilucsDurumu": null, "olcek": "1:10000", "surumBaslangicZamani": null, "surumBitisZamani": null, "total_population": 0.0, "estimated_water_supply": 0.92118833513410192, "population_pressure": 0.0, "urban_water_stress_score": 0.0 }, "geometry": { "type": "MultiPolygon", "coordinates": [ [ [ [ 32.8665, 39.9313 ], [ 32.8665, 39.9314 ], [ 32.8665, 39.9314 ], [ 32.8665, 39.9314 ], [ 32.8665, 39.9315 ], [ 32.867, 39.9317 ], [ 32.8672, 39.9313 ], [ 32.8664, 39.9313 ], [ 32.8665, 39.9313 ] ] ] ] } },
{ "type": "Feature", "properties": { "id": "sehirAtlasi.709", "kentAtlasiDegeriKodu": "14200", "kentAtlasiDegeri": "Spor Ve Eğlence Alanları", "gecirimsizlikKatmani": 0, "tucbsNo": "CBSGM_1_7976415", "aciklama": null, "gecerlilikBaslangici": "2019-06-10T00:00:00Z", "gecerlilikSonu": null, "gozlemTarihi": null, "hilucsAraziKullanimi": null, "hilucsDurumu": null, "olcek": "1:10000", "surumBaslangicZamani": null, "surumBitisZamani": null, "total_population": 0.0, "estimated_water_supply": 1.1325464746066376, "population_pressure": 0.0, "urban_water_stress_score": 0.0 }, "geometry": { "type": "MultiPolygon", "coordinates": [ [ [ [ 32.9743, 39.9718 ], [ 32.9742, 39.9715 ], [ 32.9736, 39.9717 ], [ 32.9738, 39.9719 ], [ 32.9743, 39.9718 ] ] ] ] } },
{ "type": "Feature", "properties": { "id": "sehirAtlasi.710", "kentAtlasiDegeriKodu": "12150", "kentAtlasiDegeri": "Eğitim Alanları", "gecirimsizlikKatmani": 0, "tucbsNo": "CBSGM_1_7976416", "aciklama": null, "gecerlilikBaslangici": "2019-06-10T00:00:00Z", "gecerlilikSonu": null, "gozlemTarihi": null, "hilucsAraziKullanimi": null, "hilucsDurumu": null, "olcek": "1:10000", "surumBaslangicZamani": null, "surumBitisZamani": null, "total_population": 0.0, "estimated_water_supply": 0.99058686794971917, "population_pressure": 0.0, "urban_water_stress_score": 0.0 }, "geometry": { "type": "MultiPolygon", "coordinates": [ [ [ [ 32.8716, 39.9415 ], [ 32.8718, 39.9414 ], [ 32.8723, 39.9412 ], [ 32.8721, 39.9408 ], [ 32.8717, 39.941 ], [ 32.8716, 39.9411 ], [ 32.8716, 39.9413 ], [ 32.8717, 39.9414 ], [ 32.8717, 39.9415 ], [ 32.8716, 39.9415 ] ] ] ] } },
{ "type": "Feature", "properties": { "id": "sehirAtlasi.711", "kentAtlasiDegeriKodu": "12160", "kentAtlasiDegeri": "Sağlık Alanları", "gecirimsizlikKatmani": 0, "tucbsNo": "CBSGM_1_7976417", "aciklama": null, "gecerlilikBaslangici": "2019-06-10T00:00:00Z", "gecerlilikSonu": null, "gozlemTarihi": null, "hilucsAraziKullanimi": null, "hilucsDurumu": null, "olcek": "1:10000", "surumBaslangicZamani": null, "surumBitisZamani": null, "total_population": 0.0, "estimated_water_supply": 0.96061510216767931, "population_pressure": 0.0, "urban_water_stress_score": 0.0 }, "geometry": { "type": "MultiPolygon", "coordinates": [ [ [ [ 32.8699, 39.9375 ], [ 32.8706, 39.9375 ], [ 32.8706, 39.9376 ], [ 32.8706, 39.9373 ], [ 32.8702, 39.9373 ], [ 32.87, 39.9372 ], [ 32.8699, 39.9375 ] ] ] ] } },
{ "type": "Feature", "properties": { "id": "sehirAtlasi.712", "kentAtlasiDegeriKodu": "13400", "kentAtlasiDegeri": "Mevcut Kullanımı Olmayan Alanlar", "gecirimsizlikKatmani": 0, "tucbsNo": "CBSGM_1_7976418", "aciklama": null, "gecerlilikBaslangici": "2019-06-10T00:00:00Z", "gecerlilikSonu": null, "gozlemTarihi": null, "hilucsAraziKullanimi": null, "hilucsDurumu": null, "olcek": "1:10000", "surumBaslangicZamani": null, "surumBitisZamani": null, "total_population": 0.0, "estimated_water_supply": 0.99517900356523781, "population_pressure": 0.0, "urban_water_stress_score": 0.0 }, "geometry": { "type": "MultiPolygon", "coordinates": [ [ [ [ 32.857, 39.951 ], [ 32.8576, 39.9517 ], [ 32.8577, 39.9515 ], [ 32.8579, 39.9511 ], [ 32.8579, 39.951 ], [ 32.8579, 39.9509 ], [ 32.8579, 39.9508 ], [ 32.8578, 39.9507 ], [ 32.8578, 39.9505 ], [ 32.857, 39.951 ] ] ] ] } },
{ "type": "Feature", "properties": { "id": "sehirAtlasi.713", "kentAtlasiDegeriKodu": "12170", "kentAtlasiDegeri": "İbadethane Alanları", "gecirimsizlikKatmani": 0, "tucbsNo": "CBSGM_1_7976419", "aciklama": null, "gecerlilikBaslangici": "2019-06-10T00:00:00Z", "gecerlilikSonu": null, "gozlemTarihi": null, "hilucsAraziKullanimi": null, "hilucsDurumu": null, "olcek": "1:10000", "surumBaslangicZamani": null, "surumBitisZamani": null, "total_population": 0.0, "estimated_water_supply": 1.2215177738233771, "population_pressure": 0.0, "urban_water_stress_score": 0.0 }, "geometry": { "type": "MultiPolygon", "coordinates": [ [ [ [ 32.916, 39.971 ], [ 32.9163, 39.9711 ], [ 32.9165, 39.9707 ], [ 32.9161, 39.9706 ], [ 32.916, 39.9709 ], [ 32.916, 39.971 ] ] ] ] } },
{ "type": "Feature", "properties": { "id": "sehirAtlasi.714", "kentAtlasiDegeriKodu": "11230", "kentAtlasiDegeri": "Düşük Yoğunluklu Süreksiz Kentsel Alan (10% - 30%)", "gecirimsizlikKatmani": 0, "tucbsNo": "CBSGM_1_7976420", "aciklama": null, "gecerlilikBaslangici": "2019-06-11T00:00:00Z", "gecerlilikSonu": null, "gozlemTarihi": null, "hilucsAraziKullanimi": null, "hilucsDurumu": null, "olcek": "1:10000", "surumBaslangicZamani": null, "surumBitisZamani": null, "total_population": 0.0, "estimated_water_supply": 0.86137635494928699, "population_pressure": 0.0, "urban_water_stress_score": 0.0 }, "geometry": { "type": "MultiPolygon", "coordinates": [ [ [ [ 32.9798, 39.8875 ], [ 32.9801, 39.8872 ], [ 32.9806, 39.8866 ], [ 32.9806, 39.8864 ], [ 32.9803, 39.8865 ], [ 32.9799, 39.8867 ], [ 32.9798, 39.8868 ], [ 32.9797, 39.887 ], [ 32.9797, 39.8873 ], [ 32.9798, 39.8875 ], [ 32.9798, 39.8875 ] ] ] ] } },
{ "type": "Feature", "properties": { "id": "sehirAtlasi.715", "kentAtlasiDegeriKodu": "50000", "kentAtlasiDegeri": "Su Alanları", "gecirimsizlikKatmani": 0, "tucbsNo": "CBSGM_1_7976421", "aciklama": null, "gecerlilikBaslangici": "2019-06-11T00:00:00Z", "gecerlilikSonu": null, "gozlemTarihi": null, "hilucsAraziKullanimi": null, "hilucsDurumu": null, "olcek": "1:10000", "surumBaslangicZamani": null, "surumBitisZamani": null, "total_population": 0.0, "estimated_water_supply": 1.1254419709852699, "population_pressure": 0.0, "urban_water_stress_score": 0.0 }, "geometry": { "type": "MultiPolygon", "coordinates": [ [ [ [ 32.8777, 39.966 ], [ 32.8779, 39.966 ], [ 32.8779, 39.9658 ], [ 32.8792, 39.9658 ], [ 32.8792, 39.9657 ], [ 32.8786, 39.9657 ], [ 32.8784, 39.9656 ], [ 32.8782, 39.9656 ], [ 32.8782, 39.9655 ], [ 32.8781, 39.9654 ], [ 32.878, 39.9655 ], [ 32.878, 39.9655 ], [ 32.878, 39.9655 ], [ 32.878, 39.9656 ], [ 32.8779, 39.9656 ], [ 32.8778, 39.9656 ], [ 32.8778, 39.9656 ], [ 32.8777, 39.9656 ], [ 32.8777, 39.966 ], [ 32.8777, 39.966 ] ] ] ] } },
{ "type": "Feature", "properties": { "id": "sehirAtlasi.716", "kentAtlasiDegeriKodu": "50000", "kentAtlasiDegeri": "Su Alanları", "gecirimsizlikKatmani": 0, "tucbsNo": "CBSGM_1_7976422", "aciklama": null, "gecerlilikBaslangici": "2019-06-11T00:00:00Z", "gecerlilikSonu": null, "gozlemTarihi": null, "hilucsAraziKullanimi": null, "hilucsDurumu": null, "olcek": "1:10000", "surumBaslangicZamani": null, "surumBitisZamani": null, "total_population": 0.0, "estimated_water_supply": 1.1310631840120888, "population_pressure": 0.0, "urban_water_stress_score": 0.0 }, "geometry": { "type": "MultiPolygon", "coordinates": [ [ [ [ 32.8793, 39.9658 ], [ 32.8806, 39.9659 ], [ 32.8806, 39.9657 ], [ 32.8793, 39.9657 ], [ 32.8793, 39.9658 ] ] ] ] } },
{ "type": "Feature", "properties": { "id": "sehirAtlasi.717", "kentAtlasiDegeriKodu": "50000", "kentAtlasiDegeri": "Su Alanları", "gecirimsizlikKatmani": 0, "tucbsNo": "CBSGM_1_7976423", "aciklama": null, "gecerlilikBaslangici": "2019-06-11T00:00:00Z", "gecerlilikSonu": null, "gozlemTarihi": null, "hilucsAraziKullanimi": null, "hilucsDurumu": null, "olcek": "1:10000", "surumBaslangicZamani": null, "surumBitisZamani": null, "total_population": 0.0, "estimated_water_supply": 1.1371837132479512, "population_pressure": 0.0, "urban_water_stress_score": 0.0 }, "geometry": { "type": "MultiPolygon", "coordinates": [ [ [ [ 32.8807, 39.9659 ], [ 32.8807, 39.9658 ], [ 32.8812, 39.9658 ], [ 32.8813, 39.9658 ], [ 32.8814, 39.9659 ], [ 32.8815, 39.966 ], [ 32.8816, 39.9661 ], [ 32.8815, 39.9663 ], [ 32.8815, 39.9663 ], [ 32.8814, 39.9664 ], [ 32.8812, 39.9665 ], [ 32.881, 39.9665 ], [ 32.8807, 39.9665 ], [ 32.8806, 39.9666 ], [ 32.8811, 39.9666 ], [ 32.8812, 39.9666 ], [ 32.8813, 39.9667 ], [ 32.8814, 39.9668 ], [ 32.8814, 39.9668 ], [ 32.8815, 39.9668 ], [ 32.8815, 39.9669 ], [ 32.8816, 39.967 ], [ 32.8816, 39.967 ], [ 32.8817, 39.967 ], [ 32.8817, 39.9671 ], [ 32.8818, 39.9671 ], [ 32.8819, 39.9671 ], [ 32.8819, 39.9671 ], [ 32.882, 39.9671 ], [ 32.882, 39.967 ], [ 32.882, 39.9669 ], [ 32.882, 39.9668 ], [ 32.8818, 39.9665 ], [ 32.882, 39.9664 ], [ 32.8822, 39.9664 ], [ 32.8823, 39.9664 ], [ 32.8823, 39.9663 ], [ 32.8823, 39.9663 ], [ 32.8823, 39.9662 ], [ 32.8824, 39.9662 ], [ 32.8825, 39.9661 ], [ 32.8826, 39.9661 ], [ 32.8827, 39.9661 ], [ 32.8827, 39.966 ], [ 32.8828, 39.9658 ], [ 32.8829, 39.9658 ], [ 32.883, 39.9657 ], [ 32.8829, 39.9656 ], [ 32.8829, 39.9656 ], [ 32.8828, 39.9656 ], [ 32.8828, 39.9656 ], [ 32.8828, 39.9656 ], [ 32.8827, 39.9656 ], [ 32.8827, 39.9656 ], [ 32.8826, 39.9656 ], [ 32.8823, 39.9657 ], [ 32.8821, 39.9658 ], [ 32.882, 39.9658 ], [ 32.882, 39.9659 ], [ 32.8819, 39.9659 ], [ 32.8818, 39.9658 ], [ 32.8809, 39.9657 ], [ 32.8808, 39.9657 ], [ 32.8807, 39.9657 ], [ 32.8807, 39.9659 ] ] ] ] } },
{ "type": "Feature", "properties": { "id": "sehirAtlasi.718", "kentAtlasiDegeriKodu": "50000", "kentAtlasiDegeri": "Su Alanları", "gecirimsizlikKatmani": 0, "tucbsNo": "CBSGM_1_7976424", "aciklama": null, "gecerlilikBaslangici": "2019-06-11T00:00:00Z", "gecerlilikSonu": null, "gozlemTarihi": null, "hilucsAraziKullanimi": null, "hilucsDurumu": null, "olcek": "1:10000", "surumBaslangicZamani": null, "surumBitisZamani": null, "total_population": 0.0, "estimated_water_supply": 1.1268091364776771, "population_pressure": 0.0, "urban_water_stress_score": 0.0 }, "geometry": { "type": "MultiPolygon", "coordinates": [ [ [ [ 32.878, 39.9675 ], [ 32.8779, 39.9675 ], [ 32.8778, 39.9677 ], [ 32.8778, 39.9678 ], [ 32.8778, 39.9679 ], [ 32.8779, 39.9679 ], [ 32.8779, 39.968 ], [ 32.8779, 39.968 ], [ 32.8779, 39.968 ], [ 32.878, 39.9681 ], [ 32.8781, 39.9682 ], [ 32.8782, 39.9682 ], [ 32.8784, 39.9682 ], [ 32.8784, 39.9682 ], [ 32.8785, 39.9683 ], [ 32.8786, 39.9683 ], [ 32.8786, 39.9683 ], [ 32.8787, 39.9684 ], [ 32.8787, 39.9683 ], [ 32.8786, 39.9683 ], [ 32.8787, 39.9682 ], [ 32.8787, 39.9681 ], [ 32.8788, 39.9681 ], [ 32.8789, 39.9681 ], [ 32.8789, 39.9681 ], [ 32.8789, 39.9681 ], [ 32.8788, 39.968 ], [ 32.8788, 39.968 ], [ 32.8786, 39.9679 ], [ 32.8784, 39.9679 ], [ 32.8782, 39.9677 ], [ 32.8781, 39.9676 ], [ 32.878, 39.9675 ] ] ] ] } },
{ "type": "Feature", "properties": { "id": "sehirAtlasi.719", "kentAtlasiDegeriKodu": "12130", "kentAtlasiDegeri": "Kamu Alanları", "gecirimsizlikKatmani": 0, "tucbsNo": "CBSGM_1_7976425", "aciklama": null, "gecerlilikBaslangici": "2019-06-11T00:00:00Z", "gecerlilikSonu": null, "gozlemTarihi": null, "hilucsAraziKullanimi": null, "hilucsDurumu": null, "olcek": "1:10000", "surumBaslangicZamani": null, "surumBitisZamani": null, "total_population": 0.0, "estimated_water_supply": 1.1200411034210236, "population_pressure": 0.0, "urban_water_stress_score": 0.0 }, "geometry": { "type": "MultiPolygon", "coordinates": [ [ [ [ 32.8752, 39.9676 ], [ 32.8756, 39.968 ], [ 32.8757, 39.9679 ], [ 32.8761, 39.9684 ], [ 32.8767, 39.9681 ], [ 32.8762, 39.9675 ], [ 32.8764, 39.9674 ], [ 32.8767, 39.9674 ], [ 32.8767, 39.9673 ], [ 32.8762, 39.9669 ], [ 32.8756, 39.9672 ], [ 32.8757, 39.9673 ], [ 32.8752, 39.9676 ] ] ] ] } },
{ "type": "Feature", "properties": { "id": "sehirAtlasi.720", "kentAtlasiDegeriKodu": "12120", "kentAtlasiDegeri": "Ticaret Alanları", "gecirimsizlikKatmani": 0, "tucbsNo": "CBSGM_1_7976426", "aciklama": null, "gecerlilikBaslangici": "2019-06-11T00:00:00Z", "gecerlilikSonu": null, "gozlemTarihi": null, "hilucsAraziKullanimi": null, "hilucsDurumu": null, "olcek": "1:10000", "surumBaslangicZamani": null, "surumBitisZamani": null, "total_population": 0.0, "estimated_water_supply": 1.1315212540949269, "population_pressure": 0.0, "urban_water_stress_score": 0.0 }, "geometry": { "type": "MultiPolygon", "coordinates": [ [ [ [ 32.8794, 39.9686 ], [ 32.88, 39.9688 ], [ 32.8801, 39.9681 ], [ 32.8794, 39.968 ], [ 32.8794, 39.9686 ] ] ] ] } },
{ "type": "Feature", "properties": { "id": "sehirAtlasi.721", "kentAtlasiDegeriKodu": "12120", "kentAtlasiDegeri": "Ticaret Alanları", "gecirimsizlikKatmani": 0, "tucbsNo": "CBSGM_1_7976427", "aciklama": null, "gecerlilikBaslangici": "2019-06-11T00:00:00Z", "gecerlilikSonu": null, "gozlemTarihi": null, "hilucsAraziKullanimi": null, "hilucsDurumu": null, "olcek": "1:10000", "surumBaslangicZamani": null, "surumBitisZamani": null, "total_population": 0.0, "estimated_water_supply": 1.1375108132882534, "population_pressure": 0.0, "urban_water_stress_score": 0.0 }, "geometry": { "type": "MultiPolygon", "coordinates": [ [ [ [ 32.8814, 39.9691 ], [ 32.8822, 39.9687 ], [ 32.8818, 39.9684 ], [ 32.8811, 39.9688 ], [ 32.8814, 39.9691 ] ] ] ] } },
{ "type": "Feature", "properties": { "id": "sehirAtlasi.722", "kentAtlasiDegeriKodu": "14200", "kentAtlasiDegeri": "Spor Ve Eğlence Alanları", "gecirimsizlikKatmani": 0, "tucbsNo": "CBSGM_1_7976428", "aciklama": null, "gecerlilikBaslangici": "2019-06-11T00:00:00Z", "gecerlilikSonu": null, "gozlemTarihi": null, "hilucsAraziKullanimi": null, "hilucsDurumu": null, "olcek": "1:10000", "surumBaslangicZamani": null, "surumBitisZamani": null, "total_population": 0.0, "estimated_water_supply": 1.1301749781619266, "population_pressure": 0.0, "urban_water_stress_score": 0.0 }, "geometry": { "type": "MultiPolygon", "coordinates": [ [ [ [ 32.8787, 39.9713 ], [ 32.8787, 39.9713 ], [ 32.8791, 39.9711 ], [ 32.8787, 39.9708 ], [ 32.8783, 39.971 ], [ 32.8787, 39.9713 ] ] ] ] } },
{ "type": "Feature", "properties": { "id": "sehirAtlasi.723", "kentAtlasiDegeriKodu": "14100", "kentAtlasiDegeri": "Kent İçindeki Yeşil Alanlar ( Pasif )", "gecirimsizlikKatmani": 0, "tucbsNo": "CBSGM_1_7976429", "aciklama": null, "gecerlilikBaslangici": "2019-06-11T00:00:00Z", "gecerlilikSonu": null, "gozlemTarihi": null, "hilucsAraziKullanimi": null, "hilucsDurumu": null, "olcek": "1:10000", "surumBaslangicZamani": null, "surumBitisZamani": null, "total_population": 0.0, "estimated_water_supply": 1.1820773062690029, "population_pressure": 0.0, "urban_water_stress_score": 0.0 }, "geometry": { "type": "MultiPolygon", "coordinates": [ [ [ [ 32.8916, 39.9804 ], [ 32.8917, 39.9807 ], [ 32.8918, 39.9807 ], [ 32.892, 39.9807 ], [ 32.8919, 39.9802 ], [ 32.8916, 39.9804 ] ] ] ] } },
{ "type": "Feature", "properties": { "id": "sehirAtlasi.724", "kentAtlasiDegeriKodu": "12110", "kentAtlasiDegeri": "Sanayi ve Üretim Alanları", "gecirimsizlikKatmani": 0, "tucbsNo": "CBSGM_1_7976430", "aciklama": null, "gecerlilikBaslangici": "2019-06-11T00:00:00Z", "gecerlilikSonu": null, "gozlemTarihi": null, "hilucsAraziKullanimi": null, "hilucsDurumu": null, "olcek": "1:10000", "surumBaslangicZamani": null, "surumBitisZamani": null, "total_population": 0.0, "estimated_water_supply": 1.3675740768414204, "population_pressure": 0.0, "urban_water_stress_score": 0.0 }, "geometry": { "type": "MultiPolygon", "coordinates": [ [ [ [ 32.9186, 40.0005 ], [ 32.919, 40.0004 ], [ 32.919, 40.0 ], [ 32.9186, 40.0 ], [ 32.9186, 40.0005 ] ] ] ] } },
{ "type": "Feature", "properties": { "id": "sehirAtlasi.725", "kentAtlasiDegeriKodu": "14120", "kentAtlasiDegeri": "Kent İçindeki Yeşil Alanlar ( Aktif )", "gecirimsizlikKatmani": 0, "tucbsNo": "CBSGM_1_7976431", "aciklama": null, "gecerlilikBaslangici": "2019-06-11T00:00:00Z", "gecerlilikSonu": null, "gozlemTarihi": null, "hilucsAraziKullanimi": null, "hilucsDurumu": null, "olcek": "1:10000", "surumBaslangicZamani": null, "surumBitisZamani": null, "total_population": 0.0, "estimated_water_supply": 1.2172161160766402, "population_pressure": 0.0, "urban_water_stress_score": 0.0 }, "geometry": { "type": "MultiPolygon", "coordinates": [ [ [ [ 32.9453, 39.9759 ], [ 32.9455, 39.9759 ], [ 32.9458, 39.9759 ], [ 32.9458, 39.9756 ], [ 32.9458, 39.9756 ], [ 32.9458, 39.9756 ], [ 32.9458, 39.9756 ], [ 32.9458, 39.9755 ], [ 32.9458, 39.9755 ], [ 32.9459, 39.9755 ], [ 32.9459, 39.9754 ], [ 32.9459, 39.9754 ], [ 32.9461, 39.9752 ], [ 32.9461, 39.9752 ], [ 32.9459, 39.9751 ], [ 32.9457, 39.975 ], [ 32.9453, 39.9754 ], [ 32.9452, 39.9759 ], [ 32.9453, 39.9759 ] ] ] ] } },
{ "type": "Feature", "properties": { "id": "sehirAtlasi.726", "kentAtlasiDegeriKodu": "12130", "kentAtlasiDegeri": "Kamu Alanları", "gecirimsizlikKatmani": 0, "tucbsNo": "CBSGM_1_7976432", "aciklama": null, "gecerlilikBaslangici": "2019-06-11T00:00:00Z", "gecerlilikSonu": null, "gozlemTarihi": null, "hilucsAraziKullanimi": null, "hilucsDurumu": null, "olcek": "1:10000", "surumBaslangicZamani": null, "surumBitisZamani": null, "total_population": 0.0, "estimated_water_supply": 0.9080991803748254, "population_pressure": 0.0, "urban_water_stress_score": 0.0 }, "geometry": { "type": "MultiPolygon", "coordinates": [ [ [ [ 32.9679, 39.8943 ], [ 32.9679, 39.8943 ], [ 32.9689, 39.8947 ], [ 32.969, 39.8946 ], [ 32.9692, 39.8943 ], [ 32.9693, 39.894 ], [ 32.9694, 39.894 ], [ 32.9694, 39.894 ], [ 32.9694, 39.8937 ], [ 32.9695, 39.8933 ], [ 32.9697, 39.893 ], [ 32.9697, 39.8929 ], [ 32.9698, 39.8927 ], [ 32.9699, 39.8922 ], [ 32.9692, 39.8921 ], [ 32.9691, 39.8922 ], [ 32.969, 39.8923 ], [ 32.969, 39.8924 ], [ 32.969, 39.8925 ], [ 32.969, 39.8927 ], [ 32.9689, 39.893 ], [ 32.9685, 39.8937 ], [ 32.9685, 39.8939 ], [ 32.9685, 39.8939 ], [ 32.9684, 39.894 ], [ 32.9682, 39.8941 ], [ 32.9682, 39.8941 ], [ 32.9681, 39.8942 ], [ 32.968, 39.8943 ], [ 32.9679, 39.8943 ] ] ] ] } },
{ "type": "Feature", "properties": { "id": "sehirAtlasi.727", "kentAtlasiDegeriKodu": "11230", "kentAtlasiDegeri": "Düşük Yoğunluklu Süreksiz Kentsel Alan (10% - 30%)", "gecirimsizlikKatmani": 23, "tucbsNo": "CBSGM_1_338827", "aciklama": null, "gecerlilikBaslangici": "2019-02-18T00:00:00Z", "gecerlilikSonu": null, "gozlemTarihi": null, "hilucsAraziKullanimi": null, "hilucsDurumu": null, "olcek": "1:10000", "surumBaslangicZamani": null, "surumBitisZamani": null, "total_population": 0.0, "estimated_water_supply": 2.4196858414988478, "population_pressure": 0.0, "urban_water_stress_score": 0.0 }, "geometry": { "type": "MultiPolygon", "coordinates": [ [ [ [ 32.6849, 40.2151 ], [ 32.6854, 40.2156 ], [ 32.6856, 40.2155 ], [ 32.6857, 40.2149 ], [ 32.6856, 40.2148 ], [ 32.6849, 40.2151 ] ] ] ] } },
{ "type": "Feature", "properties": { "id": "sehirAtlasi.728", "kentAtlasiDegeriKodu": "11210", "kentAtlasiDegeri": "Yüksek Yoğunluklu Süreksiz Kentsel Alan (50% - 80%)", "gecirimsizlikKatmani": 0, "tucbsNo": "CBSGM_1_7976433", "aciklama": null, "gecerlilikBaslangici": "2019-06-13T00:00:00Z", "gecerlilikSonu": null, "gozlemTarihi": null, "hilucsAraziKullanimi": null, "hilucsDurumu": null, "olcek": "1:10000", "surumBaslangicZamani": null, "surumBitisZamani": null, "total_population": 0.0, "estimated_water_supply": 0.859401590294671, "population_pressure": 0.0, "urban_water_stress_score": 0.0 }, "geometry": { "type": "MultiPolygon", "coordinates": [ [ [ [ 32.8423, 39.9174 ], [ 32.8419, 39.9175 ], [ 32.8419, 39.9183 ], [ 32.8419, 39.9191 ], [ 32.8419, 39.9194 ], [ 32.8424, 39.9193 ], [ 32.8423, 39.9174 ] ] ] ] } },
{ "type": "Feature", "properties": { "id": "sehirAtlasi.729", "kentAtlasiDegeriKodu": "12120", "kentAtlasiDegeri": "Ticaret Alanları", "gecirimsizlikKatmani": 0, "tucbsNo": "CBSGM_1_7976434", "aciklama": null, "gecerlilikBaslangici": "2019-06-11T00:00:00Z", "gecerlilikSonu": null, "gozlemTarihi": null, "hilucsAraziKullanimi": null, "hilucsDurumu": null, "olcek": "1:10000", "surumBaslangicZamani": null, "surumBitisZamani": null, "total_population": 0.0, "estimated_water_supply": 1.1182369242492394, "population_pressure": 0.0, "urban_water_stress_score": 0.0 }, "geometry": { "type": "MultiPolygon", "coordinates": [ [ [ [ 32.9726, 39.9124 ], [ 32.9726, 39.9122 ], [ 32.972, 39.9121 ], [ 32.972, 39.9124 ], [ 32.972, 39.9124 ], [ 32.9724, 39.9124 ], [ 32.9726, 39.9124 ] ] ] ] } },
{ "type": "Feature", "properties": { "id": "sehirAtlasi.730", "kentAtlasiDegeriKodu": "11230", "kentAtlasiDegeri": "Düşük Yoğunluklu Süreksiz Kentsel Alan (10% - 30%)", "gecirimsizlikKatmani": 0, "tucbsNo": "CBSGM_1_7976435", "aciklama": null, "gecerlilikBaslangici": "2019-06-11T00:00:00Z", "gecerlilikSonu": null, "gozlemTarihi": null, "hilucsAraziKullanimi": null, "hilucsDurumu": null, "olcek": "1:10000", "surumBaslangicZamani": null, "surumBitisZamani": null, "total_population": 0.0, "estimated_water_supply": 0.68518974936665411, "population_pressure": 0.0, "urban_water_stress_score": 0.0 }, "geometry": { "type": "MultiPolygon", "coordinates": [ [ [ [ 32.6842, 39.8587 ], [ 32.6842, 39.8589 ], [ 32.6847, 39.8589 ], [ 32.6847, 39.8587 ], [ 32.6842, 39.8587 ] ] ] ] } },
{ "type": "Feature", "properties": { "id": "sehirAtlasi.731", "kentAtlasiDegeriKodu": "14200", "kentAtlasiDegeri": "Spor Ve Eğlence Alanları", "gecirimsizlikKatmani": 0, "tucbsNo": "CBSGM_1_7976436", "aciklama": null, "gecerlilikBaslangici": "2019-06-11T00:00:00Z", "gecerlilikSonu": null, "gozlemTarihi": null, "hilucsAraziKullanimi": null, "hilucsDurumu": null, "olcek": "1:10000", "surumBaslangicZamani": null, "surumBitisZamani": null, "total_population": 0.0, "estimated_water_supply": 0.69621891985305751, "population_pressure": 0.0, "urban_water_stress_score": 0.0 }, "geometry": { "type": "MultiPolygon", "coordinates": [ [ [ [ 32.855, 39.8706 ], [ 32.8551, 39.8702 ], [ 32.8543, 39.87 ], [ 32.8542, 39.8703 ], [ 32.8548, 39.8705 ], [ 32.8548, 39.8705 ], [ 32.855, 39.8706 ] ] ] ] } },
{ "type": "Feature", "properties": { "id": "sehirAtlasi.732", "kentAtlasiDegeriKodu": "12150", "kentAtlasiDegeri": "Eğitim Alanları", "gecirimsizlikKatmani": 0, "tucbsNo": "CBSGM_1_7976437", "aciklama": null, "gecerlilikBaslangici": "2019-06-11T00:00:00Z", "gecerlilikSonu": null, "gozlemTarihi": null, "hilucsAraziKullanimi": null, "hilucsDurumu": null, "olcek": "1:10000", "surumBaslangicZamani": null, "surumBitisZamani": null, "total_population": 0.0, "estimated_water_supply": 1.2610238532741662, "population_pressure": 0.0, "urban_water_stress_score": 0.0 }, "geometry": { "type": "MultiPolygon", "coordinates": [ [ [ [ 32.5834, 39.9904 ], [ 32.5837, 39.9904 ], [ 32.5845, 39.9905 ], [ 32.5845, 39.9898 ], [ 32.5834, 39.9898 ], [ 32.5834, 39.9904 ] ] ] ] } },
{ "type": "Feature", "properties": { "id": "sehirAtlasi.733", "kentAtlasiDegeriKodu": "12150", "kentAtlasiDegeri": "Eğitim Alanları", "gecirimsizlikKatmani": 0, "tucbsNo": "CBSGM_1_7976438", "aciklama": null, "gecerlilikBaslangici": "2019-06-11T00:00:00Z", "gecerlilikSonu": null, "gozlemTarihi": null, "hilucsAraziKullanimi": null, "hilucsDurumu": null, "olcek": "1:10000", "surumBaslangicZamani": null, "surumBitisZamani": null, "total_population": 0.0, "estimated_water_supply": 1.2866567243597009, "population_pressure": 0.0, "urban_water_stress_score": 0.0 }, "geometry": { "type": "MultiPolygon", "coordinates": [ [ [ [ 32.5745, 39.985 ], [ 32.5749, 39.9853 ], [ 32.5751, 39.9853 ], [ 32.5751, 39.9854 ], [ 32.5755, 39.9853 ], [ 32.5755, 39.9853 ], [ 32.5755, 39.9853 ], [ 32.5755, 39.9852 ], [ 32.5755, 39.9852 ], [ 32.5756, 39.9852 ], [ 32.5762, 39.9851 ], [ 32.5761, 39.9846 ], [ 32.5755, 39.9847 ], [ 32.5745, 39.985 ] ] ] ] } },
{ "type": "Feature", "properties": { "id": "sehirAtlasi.734", "kentAtlasiDegeriKodu": "12220", "kentAtlasiDegeri": "Diğer Yollar ve İlgili Alanlar", "gecirimsizlikKatmani": 0, "tucbsNo": "CBSGM_1_7976439", "aciklama": null, "gecerlilikBaslangici": "2019-02-05T00:00:00Z", "gecerlilikSonu": null, "gozlemTarihi": null, "hilucsAraziKullanimi": null, "hilucsDurumu": null, "olcek": "1:10000", "surumBaslangicZamani": null, "surumBitisZamani": null, "total_population": 0.0, "estimated_water_supply": 1.4880782708575258, "population_pressure": 0.0, "urban_water_stress_score": 0.0 }, "geometry": { "type": "MultiPolygon", "coordinates": [ [ [ [ 32.5321, 40.0144 ], [ 32.532, 40.0144 ], [ 32.532, 40.0144 ], [ 32.532, 40.0143 ], [ 32.532, 40.0143 ], [ 32.5315, 40.0145 ], [ 32.5313, 40.0145 ], [ 32.531, 40.0146 ], [ 32.531, 40.0146 ], [ 32.531, 40.0146 ], [ 32.531, 40.0147 ], [ 32.5313, 40.0146 ], [ 32.5313, 40.0146 ], [ 32.5315, 40.0146 ], [ 32.5315, 40.0146 ], [ 32.5321, 40.0144 ] ] ] ] } },
{ "type": "Feature", "properties": { "id": "sehirAtlasi.735", "kentAtlasiDegeriKodu": "12130", "kentAtlasiDegeri": "Kamu Alanları", "gecirimsizlikKatmani": 0, "tucbsNo": "CBSGM_1_7976440", "aciklama": null, "gecerlilikBaslangici": "2019-06-11T00:00:00Z", "gecerlilikSonu": null, "gozlemTarihi": null, "hilucsAraziKullanimi": null, "hilucsDurumu": null, "olcek": "1:10000", "surumBaslangicZamani": null, "surumBitisZamani": null, "total_population": 0.0, "estimated_water_supply": 1.028528494183593, "population_pressure": 0.0, "urban_water_stress_score": 0.0 }, "geometry": { "type": "MultiPolygon", "coordinates": [ [ [ [ 32.5868, 39.9385 ], [ 32.5869, 39.9386 ], [ 32.5871, 39.9387 ], [ 32.5872, 39.9388 ], [ 32.5873, 39.939 ], [ 32.5873, 39.9392 ], [ 32.5874, 39.9394 ], [ 32.5875, 39.9395 ], [ 32.5878, 39.9395 ], [ 32.5882, 39.9395 ], [ 32.5884, 39.9394 ], [ 32.5885, 39.9393 ], [ 32.5885, 39.9392 ], [ 32.5885, 39.9389 ], [ 32.5886, 39.9388 ], [ 32.5887, 39.9387 ], [ 32.5887, 39.9386 ], [ 32.5887, 39.9385 ], [ 32.5887, 39.9385 ], [ 32.5867, 39.9385 ], [ 32.5868, 39.9385 ] ] ] ] } },
{ "type": "Feature", "properties": { "id": "sehirAtlasi.736", "kentAtlasiDegeriKodu": "12120", "kentAtlasiDegeri": "Ticaret Alanları", "gecirimsizlikKatmani": 0, "tucbsNo": "CBSGM_1_7976441", "aciklama": null, "gecerlilikBaslangici": "2019-06-12T00:00:00Z", "gecerlilikSonu": null, "gozlemTarihi": null, "hilucsAraziKullanimi": null, "hilucsDurumu": null, "olcek": "1:10000", "surumBaslangicZamani": null, "surumBitisZamani": null, "total_population": 0.0, "estimated_water_supply": 0.76445593037870363, "population_pressure": 0.0, "urban_water_stress_score": 0.0 }, "geometry": { "type": "MultiPolygon", "coordinates": [ [ [ [ 32.7022, 39.8946 ], [ 32.7024, 39.895 ], [ 32.7027, 39.8949 ], [ 32.7029, 39.8948 ], [ 32.703, 39.8948 ], [ 32.7031, 39.8947 ], [ 32.703, 39.8946 ], [ 32.703, 39.8946 ], [ 32.7029, 39.8944 ], [ 32.7029, 39.8944 ], [ 32.7022, 39.8946 ] ] ] ] } },
{ "type": "Feature", "properties": { "id": "sehirAtlasi.737", "kentAtlasiDegeriKodu": "11210", "kentAtlasiDegeri": "Yüksek Yoğunluklu Süreksiz Kentsel Alan (50% - 80%)", "gecirimsizlikKatmani": 48, "tucbsNo": "CBSGM_1_338889", "aciklama": null, "gecerlilikBaslangici": "2019-02-21T00:00:00Z", "gecerlilikSonu": null, "gozlemTarihi": null, "hilucsAraziKullanimi": null, "hilucsDurumu": null, "olcek": "1:10000", "surumBaslangicZamani": null, "surumBitisZamani": null, "total_population": 0.0, "estimated_water_supply": 0.71233101427308343, "population_pressure": 0.0, "urban_water_stress_score": 0.0 }, "geometry": { "type": "MultiPolygon", "coordinates": [ [ [ [ 30.5699, 39.7628 ], [ 30.5697, 39.7627 ], [ 30.5696, 39.7627 ], [ 30.5692, 39.763 ], [ 30.5696, 39.7632 ], [ 30.5696, 39.7632 ], [ 30.5699, 39.7628 ] ] ] ] } },
{ "type": "Feature", "properties": { "id": "sehirAtlasi.738", "kentAtlasiDegeriKodu": "14120", "kentAtlasiDegeri": "Kent İçindeki Yeşil Alanlar ( Aktif )", "gecirimsizlikKatmani": 0, "tucbsNo": "CBSGM_1_7976442", "aciklama": null, "gecerlilikBaslangici": "2019-06-12T00:00:00Z", "gecerlilikSonu": null, "gozlemTarihi": null, "hilucsAraziKullanimi": null, "hilucsDurumu": null, "olcek": "1:10000", "surumBaslangicZamani": null, "surumBitisZamani": null, "total_population": 0.0, "estimated_water_supply": 0.69376059052680339, "population_pressure": 0.0, "urban_water_stress_score": 0.0 }, "geometry": { "type": "MultiPolygon", "coordinates": [ [ [ [ 32.8171, 39.8512 ], [ 32.8189, 39.8516 ], [ 32.8191, 39.8512 ], [ 32.819, 39.8512 ], [ 32.8184, 39.8512 ], [ 32.8184, 39.8512 ], [ 32.8184, 39.8512 ], [ 32.8184, 39.8511 ], [ 32.8184, 39.8511 ], [ 32.8184, 39.8511 ], [ 32.8184, 39.8511 ], [ 32.8184, 39.8511 ], [ 32.8182, 39.8511 ], [ 32.8184, 39.8511 ], [ 32.8185, 39.8508 ], [ 32.8183, 39.8508 ], [ 32.8183, 39.8508 ], [ 32.8183, 39.8508 ], [ 32.8181, 39.8508 ], [ 32.8181, 39.8508 ], [ 32.818, 39.8511 ], [ 32.8178, 39.851 ], [ 32.8177, 39.8508 ], [ 32.8176, 39.8509 ], [ 32.8176, 39.8509 ], [ 32.8172, 39.8512 ], [ 32.8171, 39.8512 ] ] ] ] } },
{ "type": "Feature", "properties": { "id": "sehirAtlasi.739", "kentAtlasiDegeriKodu": "13400", "kentAtlasiDegeri": "Mevcut Kullanımı Olmayan Alanlar", "gecirimsizlikKatmani": 0, "tucbsNo": "CBSGM_1_7976443", "aciklama": null, "gecerlilikBaslangici": "2019-06-12T00:00:00Z", "gecerlilikSonu": null, "gozlemTarihi": null, "hilucsAraziKullanimi": null, "hilucsDurumu": null, "olcek": "1:10000", "surumBaslangicZamani": null, "surumBitisZamani": null, "total_population": 0.0, "estimated_water_supply": 0.68826847767379684, "population_pressure": 0.0, "urban_water_stress_score": 0.0 }, "geometry": { "type": "MultiPolygon", "coordinates": [ [ [ [ 32.8241, 39.8545 ], [ 32.8243, 39.8542 ], [ 32.8244, 39.8543 ], [ 32.8241, 39.8539 ], [ 32.824, 39.8539 ], [ 32.824, 39.8538 ], [ 32.8233, 39.8532 ], [ 32.8227, 39.8526 ], [ 32.8227, 39.8526 ], [ 32.8227, 39.8526 ], [ 32.8227, 39.8526 ], [ 32.8227, 39.8526 ], [ 32.8232, 39.8535 ], [ 32.823, 39.8536 ], [ 32.8241, 39.8545 ] ] ] ] } },
{ "type": "Feature", "properties": { "id": "sehirAtlasi.740", "kentAtlasiDegeriKodu": "11240", "kentAtlasiDegeri": "Çok Düşük Yoğunluklu Süreksiz Kentsel Alan (< 10%)", "gecirimsizlikKatmani": 0, "tucbsNo": "CBSGM_1_7976232", "aciklama": null, "gecerlilikBaslangici": "2019-05-24T00:00:00Z", "gecerlilikSonu": null, "gozlemTarihi": null, "hilucsAraziKullanimi": null, "hilucsDurumu": null, "olcek": "1:10000", "surumBaslangicZamani": null, "surumBitisZamani": null, "total_population": 0.0, "estimated_water_supply": 1.3673672856604118, "population_pressure": 0.0, "urban_water_stress_score": 0.0 }, "geometry": { "type": "MultiPolygon", "coordinates": [ [ [ [ 32.5118, 39.9898 ], [ 32.5115, 39.9892 ], [ 32.5113, 39.9893 ], [ 32.5113, 39.9893 ], [ 32.5111, 39.9893 ], [ 32.5111, 39.9893 ], [ 32.5109, 39.9894 ], [ 32.5109, 39.9894 ], [ 32.5107, 39.9894 ], [ 32.5107, 39.9894 ], [ 32.5107, 39.9894 ], [ 32.5104, 39.9894 ], [ 32.5103, 39.99 ], [ 32.5111, 39.99 ], [ 32.5112, 39.99 ], [ 32.5118, 39.9898 ] ] ] ] } },
{ "type": "Feature", "properties": { "id": "sehirAtlasi.741", "kentAtlasiDegeriKodu": "11240", "kentAtlasiDegeri": "Çok Düşük Yoğunluklu Süreksiz Kentsel Alan (< 10%)", "gecirimsizlikKatmani": 0, "tucbsNo": "CBSGM_1_7976233", "aciklama": null, "gecerlilikBaslangici": "2019-05-24T00:00:00Z", "gecerlilikSonu": null, "gozlemTarihi": null, "hilucsAraziKullanimi": null, "hilucsDurumu": null, "olcek": "1:10000", "surumBaslangicZamani": null, "surumBitisZamani": null, "total_population": 0.0, "estimated_water_supply": 1.3637775451944658, "population_pressure": 0.0, "urban_water_stress_score": 0.0 }, "geometry": { "type": "MultiPolygon", "coordinates": [ [ [ [ 32.5069, 39.9897 ], [ 32.5074, 39.9898 ], [ 32.5074, 39.9892 ], [ 32.5073, 39.9892 ], [ 32.5073, 39.9892 ], [ 32.5073, 39.9892 ], [ 32.507, 39.9894 ], [ 32.5069, 39.9895 ], [ 32.5069, 39.9897 ] ] ] ] } },
{ "type": "Feature", "properties": { "id": "sehirAtlasi.742", "kentAtlasiDegeriKodu": "11240", "kentAtlasiDegeri": "Çok Düşük Yoğunluklu Süreksiz Kentsel Alan (< 10%)", "gecirimsizlikKatmani": 0, "tucbsNo": "CBSGM_1_7976234", "aciklama": null, "gecerlilikBaslangici": "2019-05-24T00:00:00Z", "gecerlilikSonu": null, "gozlemTarihi": null, "hilucsAraziKullanimi": null, "hilucsDurumu": null, "olcek": "1:10000", "surumBaslangicZamani": null, "surumBitisZamani": null, "total_population": 0.0, "estimated_water_supply": 1.3728817205035333, "population_pressure": 0.0, "urban_water_stress_score": 0.0 }, "geometry": { "type": "MultiPolygon", "coordinates": [ [ [ [ 32.5063, 39.991 ], [ 32.506, 39.991 ], [ 32.5059, 39.9911 ], [ 32.5059, 39.9913 ], [ 32.5064, 39.9913 ], [ 32.5064, 39.991 ], [ 32.5063, 39.991 ] ] ] ] } },
{ "type": "Feature", "properties": { "id": "sehirAtlasi.743", "kentAtlasiDegeriKodu": "14200", "kentAtlasiDegeri": "Spor Ve Eğlence Alanları", "gecirimsizlikKatmani": 0, "tucbsNo": "CBSGM_1_7976235", "aciklama": null, "gecerlilikBaslangici": "2019-06-11T00:00:00Z", "gecerlilikSonu": null, "gozlemTarihi": null, "hilucsAraziKullanimi": null, "hilucsDurumu": null, "olcek": "1:10000", "surumBaslangicZamani": null, "surumBitisZamani": null, "total_population": 0.0, "estimated_water_supply": 0.66560081206143262, "population_pressure": 0.0, "urban_water_stress_score": 0.0 }, "geometry": { "type": "MultiPolygon", "coordinates": [ [ [ [ 32.7808, 39.8488 ], [ 32.7808, 39.8491 ], [ 32.7809, 39.8496 ], [ 32.7809, 39.85 ], [ 32.7811, 39.85 ], [ 32.7812, 39.85 ], [ 32.7815, 39.8501 ], [ 32.7815, 39.85 ], [ 32.7817, 39.8498 ], [ 32.7814, 39.8497 ], [ 32.7816, 39.8494 ], [ 32.7819, 39.849 ], [ 32.782, 39.8489 ], [ 32.781, 39.8485 ], [ 32.7808, 39.8488 ] ] ] ] } },
{ "type": "Feature", "properties": { "id": "sehirAtlasi.744", "kentAtlasiDegeriKodu": "12130", "kentAtlasiDegeri": "Kamu Alanları", "gecirimsizlikKatmani": 0, "tucbsNo": "CBSGM_1_7976236", "aciklama": null, "gecerlilikBaslangici": "2019-05-22T00:00:00Z", "gecerlilikSonu": null, "gozlemTarihi": null, "hilucsAraziKullanimi": null, "hilucsDurumu": null, "olcek": "1:10000", "surumBaslangicZamani": null, "surumBitisZamani": null, "total_population": 0.0, "estimated_water_supply": 0.66731117255117622, "population_pressure": 0.0, "urban_water_stress_score": 0.0 }, "geometry": { "type": "MultiPolygon", "coordinates": [ [ [ [ 32.7835, 39.8506 ], [ 32.7831, 39.8504 ], [ 32.7831, 39.8504 ], [ 32.7827, 39.8507 ], [ 32.7832, 39.8509 ], [ 32.7835, 39.8506 ] ] ] ] } },
{ "type": "Feature", "properties": { "id": "sehirAtlasi.745", "kentAtlasiDegeriKodu": "12130", "kentAtlasiDegeri": "Kamu Alanları", "gecirimsizlikKatmani": 0, "tucbsNo": "CBSGM_1_7976237", "aciklama": null, "gecerlilikBaslangici": "2019-05-22T00:00:00Z", "gecerlilikSonu": null, "gozlemTarihi": null, "hilucsAraziKullanimi": null, "hilucsDurumu": null, "olcek": "1:10000", "surumBaslangicZamani": null, "surumBitisZamani": null, "total_population": 0.0, "estimated_water_supply": 0.66841647204450072, "population_pressure": 0.0, "urban_water_stress_score": 0.0 }, "geometry": { "type": "MultiPolygon", "coordinates": [ [ [ [ 32.7841, 39.8515 ], [ 32.7844, 39.8516 ], [ 32.7846, 39.8514 ], [ 32.7843, 39.8513 ], [ 32.7841, 39.8515 ] ] ] ] } },
{ "type": "Feature", "properties": { "id": "sehirAtlasi.746", "kentAtlasiDegeriKodu": "12130", "kentAtlasiDegeri": "Kamu Alanları", "gecirimsizlikKatmani": 0, "tucbsNo": "CBSGM_1_7976238", "aciklama": null, "gecerlilikBaslangici": "2019-05-22T00:00:00Z", "gecerlilikSonu": null, "gozlemTarihi": null, "hilucsAraziKullanimi": null, "hilucsDurumu": null, "olcek": "1:10000", "surumBaslangicZamani": null, "surumBitisZamani": null, "total_population": 0.0, "estimated_water_supply": 0.6683415806738956, "population_pressure": 0.0, "urban_water_stress_score": 0.0 }, "geometry": { "type": "MultiPolygon", "coordinates": [ [ [ [ 32.7838, 39.8519 ], [ 32.7839, 39.852 ], [ 32.7841, 39.8519 ], [ 32.784, 39.8518 ], [ 32.7838, 39.8519 ] ] ] ] } },
{ "type": "Feature", "properties": { "id": "sehirAtlasi.747", "kentAtlasiDegeriKodu": "12130", "kentAtlasiDegeri": "Kamu Alanları", "gecirimsizlikKatmani": 0, "tucbsNo": "CBSGM_1_7976239", "aciklama": null, "gecerlilikBaslangici": "2019-05-22T00:00:00Z", "gecerlilikSonu": null, "gozlemTarihi": null, "hilucsAraziKullanimi": null, "hilucsDurumu": null, "olcek": "1:10000", "surumBaslangicZamani": null, "surumBitisZamani": null, "total_population": 0.0, "estimated_water_supply": 0.68889912409818854, "population_pressure": 0.0, "urban_water_stress_score": 0.0 }, "geometry": { "type": "MultiPolygon", "coordinates": [ [ [ [ 32.8062, 39.8731 ], [ 32.8065, 39.8731 ], [ 32.8065, 39.8725 ], [ 32.8062, 39.8725 ], [ 32.8058, 39.8725 ], [ 32.8057, 39.873 ], [ 32.8062, 39.8731 ] ] ] ] } },
{ "type": "Feature", "properties": { "id": "sehirAtlasi.748", "kentAtlasiDegeriKodu": "12220", "kentAtlasiDegeri": "Diğer Yollar ve İlgili Alanlar", "gecirimsizlikKatmani": 0, "tucbsNo": "CBSGM_1_7976240", "aciklama": null, "gecerlilikBaslangici": "2019-01-01T00:00:00Z", "gecerlilikSonu": null, "gozlemTarihi": null, "hilucsAraziKullanimi": null, "hilucsDurumu": null, "olcek": "1:10000", "surumBaslangicZamani": null, "surumBitisZamani": null, "total_population": 0.0, "estimated_water_supply": 0.63634140166208408, "population_pressure": 0.0, "urban_water_stress_score": 0.0 }, "geometry": { "type": "MultiPolygon", "coordinates": [ [ [ [ 32.8728, 39.808 ], [ 32.8728, 39.808 ], [ 32.8728, 39.808 ], [ 32.8728, 39.808 ], [ 32.8729, 39.808 ], [ 32.8729, 39.808 ], [ 32.8731, 39.8079 ], [ 32.8731, 39.8079 ], [ 32.8731, 39.8079 ], [ 32.8733, 39.8078 ], [ 32.8739, 39.8073 ], [ 32.8743, 39.807 ], [ 32.8744, 39.807 ], [ 32.875, 39.8065 ], [ 32.8757, 39.806 ], [ 32.8762, 39.8056 ], [ 32.8764, 39.8055 ], [ 32.8765, 39.8054 ], [ 32.8766, 39.8053 ], [ 32.8766, 39.8053 ], [ 32.8766, 39.8053 ], [ 32.8766, 39.8053 ], [ 32.8763, 39.8054 ], [ 32.8763, 39.8054 ], [ 32.8756, 39.806 ], [ 32.8756, 39.806 ], [ 32.8753, 39.8062 ], [ 32.875, 39.8065 ], [ 32.8749, 39.8065 ], [ 32.8733, 39.8077 ], [ 32.873, 39.8079 ], [ 32.8728, 39.8079 ], [ 32.8728, 39.8079 ], [ 32.8728, 39.808 ], [ 32.8728, 39.808 ] ] ] ] } },
{ "type": "Feature", "properties": { "id": "sehirAtlasi.749", "kentAtlasiDegeriKodu": "12220", "kentAtlasiDegeri": "Diğer Yollar ve İlgili Alanlar", "gecirimsizlikKatmani": 0, "tucbsNo": "CBSGM_1_7976241", "aciklama": null, "gecerlilikBaslangici": "2019-01-01T00:00:00Z", "gecerlilikSonu": null, "gozlemTarihi": null, "hilucsAraziKullanimi": null, "hilucsDurumu": null, "olcek": "1:10000", "surumBaslangicZamani": null, "surumBitisZamani": null, "total_population": 0.0, "estimated_water_supply": 0.618128511759513, "population_pressure": 0.0, "urban_water_stress_score": 0.0 }, "geometry": { "type": "MultiPolygon", "coordinates": [ [ [ [ 32.8476, 39.8324 ], [ 32.8476, 39.8324 ], [ 32.8477, 39.8326 ], [ 32.8477, 39.8326 ], [ 32.8477, 39.8326 ], [ 32.8478, 39.8327 ], [ 32.848, 39.8329 ], [ 32.848, 39.8329 ], [ 32.8487, 39.8333 ], [ 32.8487, 39.8333 ], [ 32.8488, 39.8333 ], [ 32.8488, 39.8333 ], [ 32.8488, 39.8333 ], [ 32.8488, 39.8333 ], [ 32.8488, 39.8333 ], [ 32.8481, 39.8329 ], [ 32.8488, 39.8327 ], [ 32.8496, 39.8325 ], [ 32.8496, 39.8325 ], [ 32.8496, 39.8324 ], [ 32.848, 39.8328 ], [ 32.8479, 39.8327 ], [ 32.8477, 39.8326 ], [ 32.8477, 39.8324 ], [ 32.8477, 39.8322 ], [ 32.8477, 39.8318 ], [ 32.8477, 39.8318 ], [ 32.8477, 39.8318 ], [ 32.8477, 39.8317 ], [ 32.8476, 39.8317 ], [ 32.8476, 39.8317 ], [ 32.8476, 39.8318 ], [ 32.8476, 39.8318 ], [ 32.8476, 39.8324 ] ] ] ] } },
{ "type": "Feature", "properties": { "id": "sehirAtlasi.750", "kentAtlasiDegeriKodu": "12120", "kentAtlasiDegeri": "Ticaret Alanları", "gecirimsizlikKatmani": 0, "tucbsNo": "CBSGM_1_7976242", "aciklama": null, "gecerlilikBaslangici": "2019-05-22T00:00:00Z", "gecerlilikSonu": null, "gozlemTarihi": null, "hilucsAraziKullanimi": null, "hilucsDurumu": null, "olcek": "1:10000", "surumBaslangicZamani": null, "surumBitisZamani": null, "total_population": 0.0, "estimated_water_supply": 0.68159923063369465, "population_pressure": 0.0, "urban_water_stress_score": 0.0 }, "geometry": { "type": "MultiPolygon", "coordinates": [ [ [ [ 32.8075, 39.8433 ], [ 32.8075, 39.8434 ], [ 32.8076, 39.8435 ], [ 32.8076, 39.8436 ], [ 32.8084, 39.8435 ], [ 32.8084, 39.8432 ], [ 32.8075, 39.8433 ], [ 32.8075, 39.8433 ] ] ] ] } },
{ "type": "Feature", "properties": { "id": "sehirAtlasi.751", "kentAtlasiDegeriKodu": "50000", "kentAtlasiDegeri": "Su Alanları", "gecirimsizlikKatmani": 0, "tucbsNo": "CBSGM_1_7976243", "aciklama": null, "gecerlilikBaslangici": "2019-05-22T00:00:00Z", "gecerlilikSonu": null, "gozlemTarihi": null, "hilucsAraziKullanimi": null, "hilucsDurumu": null, "olcek": "1:10000", "surumBaslangicZamani": null, "surumBitisZamani": null, "total_population": 0.0, "estimated_water_supply": 0.66857115135047418, "population_pressure": 0.0, "urban_water_stress_score": 0.0 }, "geometry": { "type": "MultiPolygon", "coordinates": [ [ [ [ 32.7896, 39.8426 ], [ 32.7897, 39.8426 ], [ 32.7898, 39.8426 ], [ 32.7899, 39.8426 ], [ 32.79, 39.8426 ], [ 32.7901, 39.8425 ], [ 32.7901, 39.8424 ], [ 32.79, 39.8423 ], [ 32.7899, 39.8423 ], [ 32.7899, 39.8423 ], [ 32.7898, 39.8424 ], [ 32.7897, 39.8423 ], [ 32.7897, 39.8423 ], [ 32.7896, 39.8423 ], [ 32.7895, 39.8423 ], [ 32.7894, 39.8423 ], [ 32.7894, 39.8423 ], [ 32.7894, 39.8424 ], [ 32.7894, 39.8424 ], [ 32.7894, 39.8425 ], [ 32.7894, 39.8425 ], [ 32.7895, 39.8425 ], [ 32.7896, 39.8426 ] ] ] ] } },
{ "type": "Feature", "properties": { "id": "sehirAtlasi.752", "kentAtlasiDegeriKodu": "32000", "kentAtlasiDegeri": "Maki veya Otsu Bitkiler", "gecirimsizlikKatmani": 0, "tucbsNo": "CBSGM_1_7976244", "aciklama": null, "gecerlilikBaslangici": "2019-05-24T00:00:00Z", "gecerlilikSonu": null, "gozlemTarihi": null, "hilucsAraziKullanimi": null, "hilucsDurumu": null, "olcek": "1:10000", "surumBaslangicZamani": null, "surumBitisZamani": null, "total_population": 0.0, "estimated_water_supply": 1.3866021972243461, "population_pressure": 0.0, "urban_water_stress_score": 0.0 }, "geometry": { "type": "MultiPolygon", "coordinates": [ [ [ [ 32.5602, 40.0074 ], [ 32.5602, 40.0078 ], [ 32.5604, 40.0082 ], [ 32.5605, 40.0085 ], [ 32.5607, 40.0088 ], [ 32.561, 40.0091 ], [ 32.561, 40.0091 ], [ 32.5612, 40.0094 ], [ 32.5612, 40.0094 ], [ 32.5616, 40.0101 ], [ 32.5617, 40.0103 ], [ 32.5622, 40.0101 ], [ 32.562, 40.0099 ], [ 32.5619, 40.0098 ], [ 32.5617, 40.0096 ], [ 32.5616, 40.0094 ], [ 32.5616, 40.0092 ], [ 32.5616, 40.0085 ], [ 32.5616, 40.0083 ], [ 32.5616, 40.0082 ], [ 32.5621, 40.0077 ], [ 32.5625, 40.0074 ], [ 32.5627, 40.0073 ], [ 32.5628, 40.0073 ], [ 32.5629, 40.0073 ], [ 32.5631, 40.0073 ], [ 32.5631, 40.0073 ], [ 32.5632, 40.0071 ], [ 32.5634, 40.0067 ], [ 32.5635, 40.0066 ], [ 32.5638, 40.0064 ], [ 32.564, 40.0066 ], [ 32.5645, 40.0069 ], [ 32.5641, 40.0072 ], [ 32.5642, 40.0073 ], [ 32.5645, 40.0073 ], [ 32.5649, 40.0073 ], [ 32.5654, 40.0072 ], [ 32.5657, 40.0071 ], [ 32.5656, 40.007 ], [ 32.5656, 40.0069 ], [ 32.5655, 40.0066 ], [ 32.5653, 40.0063 ], [ 32.5653, 40.0062 ], [ 32.5654, 40.0061 ], [ 32.5655, 40.006 ], [ 32.5655, 40.0058 ], [ 32.5655, 40.0058 ], [ 32.5654, 40.0058 ], [ 32.5646, 40.0059 ], [ 32.5641, 40.006 ], [ 32.5638, 40.0062 ], [ 32.5631, 40.0065 ], [ 32.5627, 40.0068 ], [ 32.5618, 40.0073 ], [ 32.5613, 40.0076 ], [ 32.561, 40.0077 ], [ 32.5602, 40.0072 ], [ 32.5602, 40.0059 ], [ 32.5602, 40.0074 ] ] ] ] } },
{ "type": "Feature", "properties": { "id": "sehirAtlasi.753", "kentAtlasiDegeriKodu": "12120", "kentAtlasiDegeri": "Ticaret Alanları", "gecirimsizlikKatmani": 0, "tucbsNo": "CBSGM_1_7976245", "aciklama": null, "gecerlilikBaslangici": "2019-05-24T00:00:00Z", "gecerlilikSonu": null, "gozlemTarihi": null, "hilucsAraziKullanimi": null, "hilucsDurumu": null, "olcek": "1:10000", "surumBaslangicZamani": null, "surumBitisZamani": null, "total_population": 0.0, "estimated_water_supply": 1.3383178667246576, "population_pressure": 0.0, "urban_water_stress_score": 0.0 }, "geometry": { "type": "MultiPolygon", "coordinates": [ [ [ [ 32.5913, 39.9972 ], [ 32.5908, 39.997 ], [ 32.5906, 39.997 ], [ 32.5905, 39.997 ], [ 32.5903, 39.9971 ], [ 32.5901, 39.9973 ], [ 32.5901, 39.9973 ], [ 32.5901, 39.9973 ], [ 32.5901, 39.9973 ], [ 32.5901, 39.9973 ], [ 32.5901, 39.9973 ], [ 32.5901, 39.9973 ], [ 32.5901, 39.9973 ], [ 32.5903, 39.997 ], [ 32.5903, 39.997 ], [ 32.5903, 39.997 ], [ 32.5905, 39.997 ], [ 32.5905, 39.997 ], [ 32.5905, 39.997 ], [ 32.5905, 39.997 ], [ 32.5906, 39.997 ], [ 32.5906, 39.997 ], [ 32.5908, 39.997 ], [ 32.5908, 39.997 ], [ 32.5908, 39.997 ], [ 32.5899, 39.9966 ], [ 32.5895, 39.9973 ], [ 32.5908, 39.9978 ], [ 32.5913, 39.9972 ] ] ] ] } },
{ "type": "Feature", "properties": { "id": "sehirAtlasi.754", "kentAtlasiDegeriKodu": "11240", "kentAtlasiDegeri": "Çok Düşük Yoğunluklu Süreksiz Kentsel Alan (< 10%)", "gecirimsizlikKatmani": 0, "tucbsNo": "CBSGM_1_7976246", "aciklama": null, "gecerlilikBaslangici": "2019-05-24T00:00:00Z", "gecerlilikSonu": null, "gozlemTarihi": null, "hilucsAraziKullanimi": null, "hilucsDurumu": null, "olcek": "1:10000", "surumBaslangicZamani": null, "surumBitisZamani": null, "total_population": 0.0, "estimated_water_supply": 1.3412526372893843, "population_pressure": 0.0, "urban_water_stress_score": 0.0 }, "geometry": { "type": "MultiPolygon", "coordinates": [ [ [ [ 32.589, 39.9979 ], [ 32.5891, 39.9981 ], [ 32.5892, 39.9984 ], [ 32.5896, 39.9984 ], [ 32.5894, 39.9979 ], [ 32.589, 39.9979 ] ] ] ] } },
{ "type": "Feature", "properties": { "id": "sehirAtlasi.755", "kentAtlasiDegeriKodu": "22000", "kentAtlasiDegeri": "Sürekli Ürünler", "gecirimsizlikKatmani": 0, "tucbsNo": "CBSGM_1_7976247", "aciklama": null, "gecerlilikBaslangici": "2019-05-24T00:00:00Z", "gecerlilikSonu": null, "gozlemTarihi": null, "hilucsAraziKullanimi": null, "hilucsDurumu": null, "olcek": "1:10000", "surumBaslangicZamani": null, "surumBitisZamani": null, "total_population": 0.0, "estimated_water_supply": 0.93639191382310893, "population_pressure": 0.0, "urban_water_stress_score": 0.0 }, "geometry": { "type": "MultiPolygon", "coordinates": [ [ [ [ 32.7252, 39.9331 ], [ 32.7252, 39.9336 ], [ 32.7252, 39.9339 ], [ 32.726, 39.9342 ], [ 32.7262, 39.9341 ], [ 32.7265, 39.9341 ], [ 32.7271, 39.9342 ], [ 32.7278, 39.9346 ], [ 32.7285, 39.9351 ], [ 32.7292, 39.9355 ], [ 32.73, 39.9361 ], [ 32.7294, 39.9352 ], [ 32.7287, 39.9347 ], [ 32.7284, 39.9345 ], [ 32.728, 39.9339 ], [ 32.7275, 39.9334 ], [ 32.7269, 39.9331 ], [ 32.7266, 39.9329 ], [ 32.726, 39.9327 ], [ 32.7257, 39.9327 ], [ 32.7254, 39.9328 ], [ 32.7252, 39.9331 ] ] ] ] } },
{ "type": "Feature", "properties": { "id": "sehirAtlasi.756", "kentAtlasiDegeriKodu": "11300", "kentAtlasiDegeri": "İzole Yapılar", "gecirimsizlikKatmani": 0, "tucbsNo": "CBSGM_1_7976248", "aciklama": null, "gecerlilikBaslangici": "2019-05-24T00:00:00Z", "gecerlilikSonu": null, "gozlemTarihi": null, "hilucsAraziKullanimi": null, "hilucsDurumu": null, "olcek": "1:10000", "surumBaslangicZamani": null, "surumBitisZamani": null, "total_population": 0.0, "estimated_water_supply": 1.4850402103041471, "population_pressure": 0.0, "urban_water_stress_score": 0.0 }, "geometry": { "type": "MultiPolygon", "coordinates": [ [ [ [ 32.504, 40.0053 ], [ 32.5041, 40.0054 ], [ 32.5041, 40.0054 ], [ 32.5046, 40.0052 ], [ 32.5045, 40.0051 ], [ 32.504, 40.0053 ] ] ] ] } },
{ "type": "Feature", "properties": { "id": "sehirAtlasi.757", "kentAtlasiDegeriKodu": "11240", "kentAtlasiDegeri": "Çok Düşük Yoğunluklu Süreksiz Kentsel Alan (< 10%)", "gecirimsizlikKatmani": 0, "tucbsNo": "CBSGM_1_7976249", "aciklama": null, "gecerlilikBaslangici": "2019-05-24T00:00:00Z", "gecerlilikSonu": null, "gozlemTarihi": null, "hilucsAraziKullanimi": null, "hilucsDurumu": null, "olcek": "1:10000", "surumBaslangicZamani": null, "surumBitisZamani": null, "total_population": 0.0, "estimated_water_supply": 1.4472001298854906, "population_pressure": 0.0, "urban_water_stress_score": 0.0 }, "geometry": { "type": "MultiPolygon", "coordinates": [ [ [ [ 32.5011, 39.9989 ], [ 32.5012, 39.999 ], [ 32.5014, 39.9989 ], [ 32.5015, 39.9987 ], [ 32.5016, 39.9986 ], [ 32.5015, 39.9985 ], [ 32.5011, 39.9989 ] ] ] ] } },
{ "type": "Feature", "properties": { "id": "sehirAtlasi.758", "kentAtlasiDegeriKodu": "12110", "kentAtlasiDegeri": "Sanayi ve Üretim Alanları", "gecirimsizlikKatmani": 0, "tucbsNo": "CBSGM_1_7976250", "aciklama": null, "gecerlilikBaslangici": "2019-05-24T00:00:00Z", "gecerlilikSonu": null, "gozlemTarihi": null, "hilucsAraziKullanimi": null, "hilucsDurumu": null, "olcek": "1:10000", "surumBaslangicZamani": null, "surumBitisZamani": null, "total_population": 0.0, "estimated_water_supply": 1.3065264009383624, "population_pressure": 0.0, "urban_water_stress_score": 0.0 }, "geometry": { "type": "MultiPolygon", "coordinates": [ [ [ [ 32.738, 40.0141 ], [ 32.7383, 40.0141 ], [ 32.7385, 40.0138 ], [ 32.7382, 40.0137 ], [ 32.738, 40.0141 ] ] ] ] } },
{ "type": "Feature", "properties": { "id": "sehirAtlasi.759", "kentAtlasiDegeriKodu": "32000", "kentAtlasiDegeri": "Maki veya Otsu Bitkiler", "gecirimsizlikKatmani": 0, "tucbsNo": "CBSGM_1_7976251", "aciklama": null, "gecerlilikBaslangici": "2019-05-24T00:00:00Z", "gecerlilikSonu": null, "gozlemTarihi": null, "hilucsAraziKullanimi": null, "hilucsDurumu": null, "olcek": "1:10000", "surumBaslangicZamani": null, "surumBitisZamani": null, "total_population": 0.0, "estimated_water_supply": 1.3715224884351875, "population_pressure": 0.0, "urban_water_stress_score": 0.0 }, "geometry": { "type": "MultiPolygon", "coordinates": [ [ [ [ 32.5765, 40.0065 ], [ 32.5766, 40.0065 ], [ 32.5767, 40.0065 ], [ 32.5767, 40.0065 ], [ 32.5769, 40.0065 ], [ 32.5769, 40.0065 ], [ 32.5769, 40.0065 ], [ 32.577, 40.0066 ], [ 32.5771, 40.0065 ], [ 32.5771, 40.0065 ], [ 32.5771, 40.0064 ], [ 32.5772, 40.0064 ], [ 32.5773, 40.0064 ], [ 32.5773, 40.0064 ], [ 32.5774, 40.0065 ], [ 32.5775, 40.0065 ], [ 32.5776, 40.0066 ], [ 32.5778, 40.0066 ], [ 32.5779, 40.0066 ], [ 32.5782, 40.0064 ], [ 32.5783, 40.0064 ], [ 32.5783, 40.0064 ], [ 32.5782, 40.0063 ], [ 32.5782, 40.0063 ], [ 32.5782, 40.0062 ], [ 32.5782, 40.006 ], [ 32.5782, 40.0059 ], [ 32.5782, 40.0056 ], [ 32.5781, 40.0055 ], [ 32.5778, 40.0054 ], [ 32.5777, 40.0053 ], [ 32.5776, 40.0051 ], [ 32.5773, 40.0051 ], [ 32.5773, 40.0052 ], [ 32.5772, 40.0052 ], [ 32.5771, 40.0055 ], [ 32.577, 40.0057 ], [ 32.577, 40.0058 ], [ 32.577, 40.006 ], [ 32.5769, 40.0061 ], [ 32.5767, 40.0062 ], [ 32.5766, 40.0063 ], [ 32.5766, 40.0064 ], [ 32.5765, 40.0064 ], [ 32.5765, 40.0065 ] ] ] ] } },
{ "type": "Feature", "properties": { "id": "sehirAtlasi.760", "kentAtlasiDegeriKodu": "23000", "kentAtlasiDegeri": "Mera Alanları", "gecirimsizlikKatmani": 0, "tucbsNo": "CBSGM_1_7976252", "aciklama": null, "gecerlilikBaslangici": "2019-05-24T00:00:00Z", "gecerlilikSonu": null, "gozlemTarihi": null, "hilucsAraziKullanimi": null, "hilucsDurumu": null, "olcek": "1:10000", "surumBaslangicZamani": null, "surumBitisZamani": null, "total_population": 0.0, "estimated_water_supply": 1.4562857099566786, "population_pressure": 0.0, "urban_water_stress_score": 0.0 }, "geometry": { "type": "MultiPolygon", "coordinates": [ [ [ [ 32.6292, 40.0253 ], [ 32.6291, 40.0253 ], [ 32.6288, 40.0251 ], [ 32.6286, 40.0251 ], [ 32.6286, 40.025 ], [ 32.6285, 40.0249 ], [ 32.6283, 40.0248 ], [ 32.6282, 40.0248 ], [ 32.6282, 40.0247 ], [ 32.6281, 40.0245 ], [ 32.6281, 40.0245 ], [ 32.6282, 40.0245 ], [ 32.6283, 40.0245 ], [ 32.6283, 40.0245 ], [ 32.6283, 40.0243 ], [ 32.6284, 40.0242 ], [ 32.6284, 40.0242 ], [ 32.6282, 40.0242 ], [ 32.6279, 40.0242 ], [ 32.6279, 40.0242 ], [ 32.6278, 40.0241 ], [ 32.6277, 40.0241 ], [ 32.6277, 40.024 ], [ 32.6275, 40.024 ], [ 32.6273, 40.024 ], [ 32.6272, 40.0242 ], [ 32.6271, 40.0243 ], [ 32.6272, 40.0244 ], [ 32.6272, 40.0246 ], [ 32.6278, 40.025 ], [ 32.6282, 40.0253 ], [ 32.6284, 40.0253 ], [ 32.6285, 40.0253 ], [ 32.6286, 40.0253 ], [ 32.6289, 40.0253 ], [ 32.6291, 40.0253 ], [ 32.6292, 40.0253 ] ] ] ] } },
{ "type": "Feature", "properties": { "id": "sehirAtlasi.761", "kentAtlasiDegeriKodu": "13300", "kentAtlasiDegeri": "İnşaat Alanları", "gecirimsizlikKatmani": 11, "tucbsNo": "CBSGM_1_7976253", "aciklama": null, "gecerlilikBaslangici": "2019-02-06T00:00:00Z", "gecerlilikSonu": null, "gozlemTarihi": null, "hilucsAraziKullanimi": null, "hilucsDurumu": null, "olcek": "1:10000", "surumBaslangicZamani": null, "surumBitisZamani": null, "total_population": 0.0, "estimated_water_supply": 1.2875424724166442, "population_pressure": 0.0, "urban_water_stress_score": 0.0 }, "geometry": { "type": "MultiPolygon", "coordinates": [ [ [ [ 32.8051, 40.0092 ], [ 32.8051, 40.0092 ], [ 32.8052, 40.0094 ], [ 32.8052, 40.0094 ], [ 32.8052, 40.0096 ], [ 32.8055, 40.0096 ], [ 32.8056, 40.0096 ], [ 32.8056, 40.0096 ], [ 32.8056, 40.0096 ], [ 32.8057, 40.0096 ], [ 32.8058, 40.0096 ], [ 32.8058, 40.0096 ], [ 32.8058, 40.0096 ], [ 32.8058, 40.0096 ], [ 32.8063, 40.0099 ], [ 32.8066, 40.0095 ], [ 32.8064, 40.0093 ], [ 32.806, 40.0092 ], [ 32.8055, 40.009 ], [ 32.8053, 40.009 ], [ 32.8051, 40.0092 ] ] ] ] } },
{ "type": "Feature", "properties": { "id": "sehirAtlasi.762", "kentAtlasiDegeriKodu": "12170", "kentAtlasiDegeri": "İbadethane Alanları", "gecirimsizlikKatmani": 0, "tucbsNo": "CBSGM_1_7976254", "aciklama": null, "gecerlilikBaslangici": "2019-06-10T00:00:00Z", "gecerlilikSonu": null, "gozlemTarihi": null, "hilucsAraziKullanimi": null, "hilucsDurumu": null, "olcek": "1:10000", "surumBaslangicZamani": null, "surumBitisZamani": null, "total_population": 0.0, "estimated_water_supply": 1.1953106942042035, "population_pressure": 0.0, "urban_water_stress_score": 0.0 }, "geometry": { "type": "MultiPolygon", "coordinates": [ [ [ [ 32.9046, 39.9645 ], [ 32.9049, 39.9646 ], [ 32.905, 39.9643 ], [ 32.9046, 39.9642 ], [ 32.9046, 39.9645 ] ] ] ] } },
{ "type": "Feature", "properties": { "id": "sehirAtlasi.763", "kentAtlasiDegeriKodu": "14200", "kentAtlasiDegeri": "Spor Ve Eğlence Alanları", "gecirimsizlikKatmani": 0, "tucbsNo": "CBSGM_1_7976255", "aciklama": null, "gecerlilikBaslangici": "2019-02-12T00:00:00Z", "gecerlilikSonu": null, "gozlemTarihi": null, "hilucsAraziKullanimi": null, "hilucsDurumu": null, "olcek": "1:10000", "surumBaslangicZamani": null, "surumBitisZamani": null, "total_population": 0.0, "estimated_water_supply": 0.83489693990876068, "population_pressure": 0.0, "urban_water_stress_score": 0.0 }, "geometry": { "type": "MultiPolygon", "coordinates": [ [ [ [ 32.9703, 39.8849 ], [ 32.9705, 39.885 ], [ 32.9707, 39.8848 ], [ 32.9705, 39.8847 ], [ 32.9703, 39.8849 ] ] ] ] } },
{ "type": "Feature", "properties": { "id": "sehirAtlasi.764", "kentAtlasiDegeriKodu": "11240", "kentAtlasiDegeri": "Çok Düşük Yoğunluklu Süreksiz Kentsel Alan (< 10%)", "gecirimsizlikKatmani": 17, "tucbsNo": "CBSGM_1_7976256", "aciklama": null, "gecerlilikBaslangici": "2019-02-12T00:00:00Z", "gecerlilikSonu": null, "gozlemTarihi": null, "hilucsAraziKullanimi": null, "hilucsDurumu": null, "olcek": "1:10000", "surumBaslangicZamani": null, "surumBitisZamani": null, "total_population": 0.0, "estimated_water_supply": 0.77191025958209702, "population_pressure": 0.0, "urban_water_stress_score": 0.0 }, "geometry": { "type": "MultiPolygon", "coordinates": [ [ [ [ 32.9459, 39.8728 ], [ 32.946, 39.8728 ], [ 32.9462, 39.8729 ], [ 32.9463, 39.873 ], [ 32.9465, 39.8724 ], [ 32.9464, 39.8723 ], [ 32.9461, 39.8722 ], [ 32.946, 39.8727 ], [ 32.9459, 39.8726 ], [ 32.9459, 39.8728 ] ] ] ] } },
{ "type": "Feature", "properties": { "id": "sehirAtlasi.765", "kentAtlasiDegeriKodu": "11240", "kentAtlasiDegeri": "Çok Düşük Yoğunluklu Süreksiz Kentsel Alan (< 10%)", "gecirimsizlikKatmani": 13, "tucbsNo": "CBSGM_1_7976257", "aciklama": null, "gecerlilikBaslangici": "2019-02-12T00:00:00Z", "gecerlilikSonu": null, "gozlemTarihi": null, "hilucsAraziKullanimi": null, "hilucsDurumu": null, "olcek": "1:10000", "surumBaslangicZamani": null, "surumBitisZamani": null, "total_population": 0.0, "estimated_water_supply": 0.76393561139216071, "population_pressure": 0.0, "urban_water_stress_score": 0.0 }, "geometry": { "type": "MultiPolygon", "coordinates": [ [ [ [ 32.946, 39.8697 ], [ 32.9457, 39.8696 ], [ 32.9454, 39.8699 ], [ 32.9453, 39.87 ], [ 32.9452, 39.8704 ], [ 32.9454, 39.8703 ], [ 32.9459, 39.8699 ], [ 32.946, 39.8697 ] ] ] ] } },
{ "type": "Feature", "properties": { "id": "sehirAtlasi.766", "kentAtlasiDegeriKodu": "12110", "kentAtlasiDegeri": "Sanayi ve Üretim Alanları", "gecirimsizlikKatmani": 6, "tucbsNo": "CBSGM_1_7976258", "aciklama": null, "gecerlilikBaslangici": "2019-05-29T00:00:00Z", "gecerlilikSonu": null, "gozlemTarihi": null, "hilucsAraziKullanimi": null, "hilucsDurumu": null, "olcek": "1:10000", "surumBaslangicZamani": null, "surumBitisZamani": null, "total_population": 0.0, "estimated_water_supply": 1.5206882840987412, "population_pressure": 0.0, "urban_water_stress_score": 0.0 }, "geometry": { "type": "MultiPolygon", "coordinates": [ [ [ [ 32.6474, 40.0465 ], [ 32.6487, 40.0472 ], [ 32.6488, 40.0472 ], [ 32.6488, 40.0472 ], [ 32.6496, 40.0474 ], [ 32.6496, 40.0474 ], [ 32.65, 40.0475 ], [ 32.65, 40.0475 ], [ 32.6504, 40.0476 ], [ 32.6504, 40.0466 ], [ 32.6504, 40.0466 ], [ 32.6504, 40.0462 ], [ 32.6504, 40.0461 ], [ 32.6504, 40.0461 ], [ 32.6503, 40.046 ], [ 32.6502, 40.0459 ], [ 32.65, 40.0459 ], [ 32.6499, 40.0459 ], [ 32.6499, 40.0459 ], [ 32.6496, 40.0457 ], [ 32.6496, 40.0457 ], [ 32.649, 40.0455 ], [ 32.649, 40.0455 ], [ 32.649, 40.0455 ], [ 32.649, 40.0455 ], [ 32.649, 40.0454 ], [ 32.649, 40.0454 ], [ 32.6491, 40.0454 ], [ 32.6491, 40.0454 ], [ 32.6496, 40.0457 ], [ 32.65, 40.0458 ], [ 32.65, 40.0458 ], [ 32.6501, 40.0458 ], [ 32.6504, 40.046 ], [ 32.6504, 40.046 ], [ 32.6505, 40.0451 ], [ 32.65, 40.0447 ], [ 32.6496, 40.0447 ], [ 32.6495, 40.0447 ], [ 32.6493, 40.0448 ], [ 32.6492, 40.0449 ], [ 32.649, 40.045 ], [ 32.6488, 40.045 ], [ 32.6485, 40.0452 ], [ 32.6483, 40.0452 ], [ 32.6481, 40.0456 ], [ 32.6479, 40.0459 ], [ 32.6474, 40.0465 ] ] ] ] } },
{ "type": "Feature", "properties": { "id": "sehirAtlasi.767", "kentAtlasiDegeriKodu": "12110", "kentAtlasiDegeri": "Sanayi ve Üretim Alanları", "gecirimsizlikKatmani": 0, "tucbsNo": "CBSGM_1_7976259", "aciklama": null, "gecerlilikBaslangici": "2019-05-29T00:00:00Z", "gecerlilikSonu": null, "gozlemTarihi": null, "hilucsAraziKullanimi": null, "hilucsDurumu": null, "olcek": "1:10000", "surumBaslangicZamani": null, "surumBitisZamani": null, "total_population": 0.0, "estimated_water_supply": 1.5215455191297578, "population_pressure": 0.0, "urban_water_stress_score": 0.0 }, "geometry": { "type": "MultiPolygon", "coordinates": [ [ [ [ 32.6514, 40.0501 ], [ 32.6526, 40.051 ], [ 32.6533, 40.0505 ], [ 32.6537, 40.0508 ], [ 32.6539, 40.0508 ], [ 32.6544, 40.0504 ], [ 32.6543, 40.05 ], [ 32.6533, 40.0489 ], [ 32.6532, 40.0489 ], [ 32.6523, 40.0495 ], [ 32.6514, 40.0501 ] ] ] ] } },
{ "type": "Feature", "properties": { "id": "sehirAtlasi.768", "kentAtlasiDegeriKodu": "11240", "kentAtlasiDegeri": "Çok Düşük Yoğunluklu Süreksiz Kentsel Alan (< 10%)", "gecirimsizlikKatmani": 0, "tucbsNo": "CBSGM_1_7976260", "aciklama": null, "gecerlilikBaslangici": "2019-05-29T00:00:00Z", "gecerlilikSonu": null, "gozlemTarihi": null, "hilucsAraziKullanimi": null, "hilucsDurumu": null, "olcek": "1:10000", "surumBaslangicZamani": null, "surumBitisZamani": null, "total_population": 0.0, "estimated_water_supply": 1.7099548281433121, "population_pressure": 0.0, "urban_water_stress_score": 0.0 }, "geometry": { "type": "MultiPolygon", "coordinates": [ [ [ [ 32.5123, 40.0292 ], [ 32.5116, 40.0307 ], [ 32.512, 40.0308 ], [ 32.5126, 40.031 ], [ 32.5131, 40.0311 ], [ 32.5132, 40.0311 ], [ 32.5135, 40.0315 ], [ 32.5137, 40.0314 ], [ 32.5138, 40.0315 ], [ 32.5139, 40.0315 ], [ 32.5141, 40.0314 ], [ 32.5141, 40.0313 ], [ 32.5139, 40.0311 ], [ 32.5136, 40.0308 ], [ 32.5134, 40.0304 ], [ 32.5132, 40.03 ], [ 32.5131, 40.0298 ], [ 32.5123, 40.0292 ] ] ] ] } },
{ "type": "Feature", "properties": { "id": "sehirAtlasi.769", "kentAtlasiDegeriKodu": "11240", "kentAtlasiDegeri": "Çok Düşük Yoğunluklu Süreksiz Kentsel Alan (< 10%)", "gecirimsizlikKatmani": 0, "tucbsNo": "CBSGM_1_7976261", "aciklama": null, "gecerlilikBaslangici": "2019-10-01T00:00:00Z", "gecerlilikSonu": null, "gozlemTarihi": null, "hilucsAraziKullanimi": null, "hilucsDurumu": null, "olcek": "1:10000", "surumBaslangicZamani": null, "surumBitisZamani": null, "total_population": 0.0, "estimated_water_supply": 0.56214262787072533, "population_pressure": 0.0, "urban_water_stress_score": 0.0 }, "geometry": { "type": "MultiPolygon", "coordinates": [ [ [ [ 32.8242, 39.7718 ], [ 32.8244, 39.7719 ], [ 32.8249, 39.7717 ], [ 32.8247, 39.7715 ], [ 32.8247, 39.7715 ], [ 32.8242, 39.7718 ] ] ] ] } },
{ "type": "Feature", "properties": { "id": "sehirAtlasi.770", "kentAtlasiDegeriKodu": "50000", "kentAtlasiDegeri": "Su Alanları", "gecirimsizlikKatmani": 0, "tucbsNo": "CBSGM_1_365410", "aciklama": null, "gecerlilikBaslangici": "2019-02-15T00:00:00Z", "gecerlilikSonu": null, "gozlemTarihi": null, "hilucsAraziKullanimi": null, "hilucsDurumu": null, "olcek": "1:10000", "surumBaslangicZamani": null, "surumBitisZamani": null, "total_population": 0.0, "estimated_water_supply": 2.0688870534842128, "population_pressure": 0.0, "urban_water_stress_score": 0.0 }, "geometry": { "type": "MultiPolygon", "coordinates": [ [ [ [ 32.2454, 40.2079 ], [ 32.2454, 40.208 ], [ 32.2454, 40.208 ], [ 32.2454, 40.2079 ], [ 32.2454, 40.2079 ], [ 32.2455, 40.2078 ], [ 32.2455, 40.2077 ], [ 32.2456, 40.2076 ], [ 32.2457, 40.2075 ], [ 32.2457, 40.2075 ], [ 32.2456, 40.2075 ], [ 32.2455, 40.2077 ], [ 32.2454, 40.2077 ], [ 32.2454, 40.2078 ], [ 32.2454, 40.2078 ], [ 32.2454, 40.2079 ], [ 32.2454, 40.2079 ] ] ] ] } },
{ "type": "Feature", "properties": { "id": "sehirAtlasi.771", "kentAtlasiDegeriKodu": "12130", "kentAtlasiDegeri": "Kamu Alanları", "gecirimsizlikKatmani": 0, "tucbsNo": "CBSGM_1_7976262", "aciklama": null, "gecerlilikBaslangici": "2019-05-31T00:00:00Z", "gecerlilikSonu": null, "gozlemTarihi": null, "hilucsAraziKullanimi": null, "hilucsDurumu": null, "olcek": "1:10000", "surumBaslangicZamani": null, "surumBitisZamani": null, "total_population": 0.0, "estimated_water_supply": 0.929331104172747, "population_pressure": 0.0, "urban_water_stress_score": 0.0 }, "geometry": { "type": "MultiPolygon", "coordinates": [ [ [ [ 32.8467, 39.9442 ], [ 32.8474, 39.9438 ], [ 32.8466, 39.943 ], [ 32.8466, 39.9431 ], [ 32.8461, 39.9434 ], [ 32.846, 39.9436 ], [ 32.8461, 39.9436 ], [ 32.8462, 39.9437 ], [ 32.8462, 39.9437 ], [ 32.8467, 39.9442 ] ] ] ] } },
{ "type": "Feature", "properties": { "id": "sehirAtlasi.772", "kentAtlasiDegeriKodu": "14100", "kentAtlasiDegeri": "Kent İçindeki Yeşil Alanlar ( Pasif )", "gecirimsizlikKatmani": 1, "tucbsNo": "CBSGM_1_7976263", "aciklama": null, "gecerlilikBaslangici": "2019-05-29T00:00:00Z", "gecerlilikSonu": null, "gozlemTarihi": null, "hilucsAraziKullanimi": null, "hilucsDurumu": null, "olcek": "1:10000", "surumBaslangicZamani": null, "surumBitisZamani": null, "total_population": 0.0, "estimated_water_supply": 1.2115685753622492, "population_pressure": 0.0, "urban_water_stress_score": 0.0 }, "geometry": { "type": "MultiPolygon", "coordinates": [ [ [ [ 32.9614, 40.0795 ], [ 32.9614, 40.0795 ], [ 32.9616, 40.0795 ], [ 32.9617, 40.0795 ], [ 32.962, 40.0793 ], [ 32.9623, 40.0792 ], [ 32.9625, 40.0791 ], [ 32.9625, 40.0791 ], [ 32.9629, 40.079 ], [ 32.9629, 40.079 ], [ 32.9633, 40.0789 ], [ 32.9618, 40.0785 ], [ 32.9619, 40.0785 ], [ 32.962, 40.0785 ], [ 32.9621, 40.0786 ], [ 32.9621, 40.0786 ], [ 32.9622, 40.0788 ], [ 32.9622, 40.0788 ], [ 32.9622, 40.0789 ], [ 32.9622, 40.0789 ], [ 32.9622, 40.0789 ], [ 32.9621, 40.0791 ], [ 32.9621, 40.0791 ], [ 32.9621, 40.0792 ], [ 32.962, 40.0793 ], [ 32.9619, 40.0794 ], [ 32.9619, 40.0794 ], [ 32.9617, 40.0795 ], [ 32.9617, 40.0795 ], [ 32.9616, 40.0795 ], [ 32.9614, 40.0795 ] ] ] ] } },
{ "type": "Feature", "properties": { "id": "sehirAtlasi.773", "kentAtlasiDegeriKodu": "13400", "kentAtlasiDegeri": "Mevcut Kullanımı Olmayan Alanlar", "gecirimsizlikKatmani": 0, "tucbsNo": "CBSGM_1_365422", "aciklama": null, "gecerlilikBaslangici": "2019-02-15T00:00:00Z", "gecerlilikSonu": null, "gozlemTarihi": null, "hilucsAraziKullanimi": null, "hilucsDurumu": null, "olcek": "1:10000", "surumBaslangicZamani": null, "surumBitisZamani": null, "total_population": 0.0, "estimated_water_supply": 2.0494281131695917, "population_pressure": 0.0, "urban_water_stress_score": 0.0 }, "geometry": { "type": "MultiPolygon", "coordinates": [ [ [ [ 32.2402, 40.2062 ], [ 32.2402, 40.2062 ], [ 32.2402, 40.2062 ], [ 32.2402, 40.2062 ], [ 32.2402, 40.2062 ], [ 32.2402, 40.2062 ], [ 32.2402, 40.2062 ], [ 32.2402, 40.2062 ], [ 32.2402, 40.2064 ], [ 32.2402, 40.2065 ], [ 32.2402, 40.2065 ], [ 32.2403, 40.2065 ], [ 32.2405, 40.2065 ], [ 32.2407, 40.2065 ], [ 32.2407, 40.2065 ], [ 32.2407, 40.2065 ], [ 32.2407, 40.2065 ], [ 32.2407, 40.2066 ], [ 32.2407, 40.2066 ], [ 32.2408, 40.2067 ], [ 32.2408, 40.2068 ], [ 32.2409, 40.207 ], [ 32.2411, 40.2067 ], [ 32.2412, 40.2065 ], [ 32.2413, 40.2064 ], [ 32.2413, 40.2064 ], [ 32.2412, 40.2061 ], [ 32.2402, 40.2061 ], [ 32.2402, 40.2062 ] ] ] ] } },
{ "type": "Feature", "properties": { "id": "sehirAtlasi.774", "kentAtlasiDegeriKodu": "12120", "kentAtlasiDegeri": "Ticaret Alanları", "gecirimsizlikKatmani": 0, "tucbsNo": "CBSGM_1_7976264", "aciklama": null, "gecerlilikBaslangici": "2019-05-30T00:00:00Z", "gecerlilikSonu": null, "gozlemTarihi": null, "hilucsAraziKullanimi": null, "hilucsDurumu": null, "olcek": "1:10000", "surumBaslangicZamani": null, "surumBitisZamani": null, "total_population": 0.0, "estimated_water_supply": 0.75792721270170382, "population_pressure": 0.0, "urban_water_stress_score": 0.0 }, "geometry": { "type": "MultiPolygon", "coordinates": [ [ [ [ 32.8159, 39.8972 ], [ 32.8163, 39.8972 ], [ 32.8163, 39.8972 ], [ 32.8164, 39.8972 ], [ 32.8164, 39.8972 ], [ 32.8164, 39.8972 ], [ 32.8167, 39.8972 ], [ 32.817, 39.8972 ], [ 32.8171, 39.8971 ], [ 32.8172, 39.8971 ], [ 32.8173, 39.8971 ], [ 32.8173, 39.897 ], [ 32.8174, 39.8969 ], [ 32.8174, 39.8968 ], [ 32.8174, 39.8967 ], [ 32.8162, 39.8966 ], [ 32.8161, 39.8966 ], [ 32.8159, 39.8966 ], [ 32.8159, 39.8972 ] ] ] ] } },
{ "type": "Feature", "properties": { "id": "sehirAtlasi.775", "kentAtlasiDegeriKodu": "12150", "kentAtlasiDegeri": "Eğitim Alanları", "gecirimsizlikKatmani": 0, "tucbsNo": "CBSGM_1_7976265", "aciklama": null, "gecerlilikBaslangici": "2019-05-29T00:00:00Z", "gecerlilikSonu": null, "gozlemTarihi": null, "hilucsAraziKullanimi": null, "hilucsDurumu": null, "olcek": "1:10000", "surumBaslangicZamani": null, "surumBitisZamani": null, "total_population": 0.0, "estimated_water_supply": 0.98647324290379412, "population_pressure": 0.0, "urban_water_stress_score": 0.0 }, "geometry": { "type": "MultiPolygon", "coordinates": [ [ [ [ 32.9026, 39.9157 ], [ 32.9031, 39.9161 ], [ 32.9036, 39.9158 ], [ 32.9031, 39.9154 ], [ 32.9031, 39.9153 ], [ 32.9027, 39.9156 ], [ 32.9026, 39.9157 ] ] ] ] } },
{ "type": "Feature", "properties": { "id": "sehirAtlasi.776", "kentAtlasiDegeriKodu": "11230", "kentAtlasiDegeri": "Düşük Yoğunluklu Süreksiz Kentsel Alan (10% - 30%)", "gecirimsizlikKatmani": 0, "tucbsNo": "CBSGM_1_7976266", "aciklama": null, "gecerlilikBaslangici": "2019-10-01T00:00:00Z", "gecerlilikSonu": null, "gozlemTarihi": null, "hilucsAraziKullanimi": null, "hilucsDurumu": null, "olcek": "1:10000", "surumBaslangicZamani": null, "surumBitisZamani": null, "total_population": 0.0, "estimated_water_supply": 0.57345269046129266, "population_pressure": 0.0, "urban_water_stress_score": 0.0 }, "geometry": { "type": "MultiPolygon", "coordinates": [ [ [ [ 32.8247, 39.7722 ], [ 32.8244, 39.7723 ], [ 32.8245, 39.7726 ], [ 32.8248, 39.7725 ], [ 32.8247, 39.7722 ] ] ] ] } },
{ "type": "Feature", "properties": { "id": "sehirAtlasi.777", "kentAtlasiDegeriKodu": "13300", "kentAtlasiDegeri": "İnşaat Alanları", "gecirimsizlikKatmani": 0, "tucbsNo": "CBSGM_1_7976267", "aciklama": null, "gecerlilikBaslangici": "2019-06-10T00:00:00Z", "gecerlilikSonu": null, "gozlemTarihi": null, "hilucsAraziKullanimi": null, "hilucsDurumu": null, "olcek": "1:10000", "surumBaslangicZamani": null, "surumBitisZamani": null, "total_population": 0.0, "estimated_water_supply": 1.006183067042401, "population_pressure": 0.0, "urban_water_stress_score": 0.0 }, "geometry": { "type": "MultiPolygon", "coordinates": [ [ [ [ 32.7144, 39.9456 ], [ 32.7149, 39.9466 ], [ 32.7155, 39.9466 ], [ 32.7167, 39.9466 ], [ 32.7167, 39.9465 ], [ 32.7168, 39.9458 ], [ 32.7167, 39.9457 ], [ 32.7167, 39.9457 ], [ 32.7167, 39.9457 ], [ 32.7166, 39.9455 ], [ 32.7144, 39.9456 ] ] ] ] } },
{ "type": "Feature", "properties": { "id": "sehirAtlasi.778", "kentAtlasiDegeriKodu": "11300", "kentAtlasiDegeri": "İzole Yapılar", "gecirimsizlikKatmani": 6, "tucbsNo": "CBSGM_1_365423", "aciklama": null, "gecerlilikBaslangici": "2019-02-15T00:00:00Z", "gecerlilikSonu": null, "gozlemTarihi": null, "hilucsAraziKullanimi": null, "hilucsDurumu": null, "olcek": "1:10000", "surumBaslangicZamani": null, "surumBitisZamani": null, "total_population": 0.0, "estimated_water_supply": 2.0508843403526629, "population_pressure": 0.0, "urban_water_stress_score": 0.0 }, "geometry": { "type": "MultiPolygon", "coordinates": [ [ [ [ 32.2412, 40.2057 ], [ 32.2412, 40.2057 ], [ 32.2412, 40.2061 ], [ 32.2413, 40.2064 ], [ 32.2414, 40.2062 ], [ 32.2414, 40.2062 ], [ 32.2417, 40.206 ], [ 32.2417, 40.2061 ], [ 32.2415, 40.2058 ], [ 32.2415, 40.2057 ], [ 32.2415, 40.2056 ], [ 32.2412, 40.2057 ] ] ] ] } },
{ "type": "Feature", "properties": { "id": "sehirAtlasi.779", "kentAtlasiDegeriKodu": "11300", "kentAtlasiDegeri": "İzole Yapılar", "gecirimsizlikKatmani": 0, "tucbsNo": "CBSGM_1_365424", "aciklama": null, "gecerlilikBaslangici": "2019-02-15T00:00:00Z", "gecerlilikSonu": null, "gozlemTarihi": null, "hilucsAraziKullanimi": null, "hilucsDurumu": null, "olcek": "1:10000", "surumBaslangicZamani": null, "surumBitisZamani": null, "total_population": 0.0, "estimated_water_supply": 2.028411716078661, "population_pressure": 0.0, "urban_water_stress_score": 0.0 }, "geometry": { "type": "MultiPolygon", "coordinates": [ [ [ [ 32.2375, 40.204 ], [ 32.2375, 40.2039 ], [ 32.2377, 40.2039 ], [ 32.2378, 40.2037 ], [ 32.2379, 40.2037 ], [ 32.238, 40.2036 ], [ 32.238, 40.2036 ], [ 32.238, 40.2036 ], [ 32.238, 40.2036 ], [ 32.2381, 40.2036 ], [ 32.2381, 40.2036 ], [ 32.2381, 40.2036 ], [ 32.2383, 40.2037 ], [ 32.2383, 40.2037 ], [ 32.2383, 40.2037 ], [ 32.2383, 40.2038 ], [ 32.2383, 40.2038 ], [ 32.2383, 40.2037 ], [ 32.2385, 40.2032 ], [ 32.2381, 40.2031 ], [ 32.2379, 40.2034 ], [ 32.2375, 40.2037 ], [ 32.2375, 40.204 ] ] ] ] } },
{ "type": "Feature", "properties": { "id": "sehirAtlasi.780", "kentAtlasiDegeriKodu": "12120", "kentAtlasiDegeri": "Ticaret Alanları", "gecirimsizlikKatmani": 0, "tucbsNo": "CBSGM_1_7976268", "aciklama": null, "gecerlilikBaslangici": "2019-05-23T00:00:00Z", "gecerlilikSonu": null, "gozlemTarihi": null, "hilucsAraziKullanimi": null, "hilucsDurumu": null, "olcek": "1:10000", "surumBaslangicZamani": null, "surumBitisZamani": null, "total_population": 0.0, "estimated_water_supply": 0.62285439620881267, "population_pressure": 0.0, "urban_water_stress_score": 0.0 }, "geometry": { "type": "MultiPolygon", "coordinates": [ [ [ [ 32.8343, 39.8246 ], [ 32.8344, 39.8248 ], [ 32.8346, 39.8251 ], [ 32.8346, 39.8252 ], [ 32.8347, 39.8254 ], [ 32.8346, 39.8255 ], [ 32.8346, 39.8255 ], [ 32.8345, 39.8257 ], [ 32.8345, 39.8258 ], [ 32.8346, 39.8259 ], [ 32.8348, 39.8259 ], [ 32.8348, 39.8254 ], [ 32.8348, 39.825 ], [ 32.8347, 39.8249 ], [ 32.8347, 39.8248 ], [ 32.8344, 39.8245 ], [ 32.8344, 39.8245 ], [ 32.8344, 39.8244 ], [ 32.8344, 39.8246 ], [ 32.8344, 39.8246 ], [ 32.8343, 39.8246 ] ] ] ] } },
{ "type": "Feature", "properties": { "id": "sehirAtlasi.781", "kentAtlasiDegeriKodu": "11300", "kentAtlasiDegeri": "İzole Yapılar", "gecirimsizlikKatmani": 20, "tucbsNo": "CBSGM_1_365425", "aciklama": null, "gecerlilikBaslangici": "2019-02-15T00:00:00Z", "gecerlilikSonu": null, "gozlemTarihi": null, "hilucsAraziKullanimi": null, "hilucsDurumu": null, "olcek": "1:10000", "surumBaslangicZamani": null, "surumBitisZamani": null, "total_population": 0.0, "estimated_water_supply": 2.0554182762654083, "population_pressure": 0.0, "urban_water_stress_score": 0.0 }, "geometry": { "type": "MultiPolygon", "coordinates": [ [ [ [ 32.2469, 40.2018 ], [ 32.2469, 40.2018 ], [ 32.247, 40.2018 ], [ 32.247, 40.2018 ], [ 32.2472, 40.2017 ], [ 32.2473, 40.2017 ], [ 32.2472, 40.2014 ], [ 32.2468, 40.2016 ], [ 32.2469, 40.2018 ] ] ] ] } },
{ "type": "Feature", "properties": { "id": "sehirAtlasi.782", "kentAtlasiDegeriKodu": "12120", "kentAtlasiDegeri": "Ticaret Alanları", "gecirimsizlikKatmani": 0, "tucbsNo": "CBSGM_1_7976269", "aciklama": null, "gecerlilikBaslangici": "2019-05-23T00:00:00Z", "gecerlilikSonu": null, "gozlemTarihi": null, "hilucsAraziKullanimi": null, "hilucsDurumu": null, "olcek": "1:10000", "surumBaslangicZamani": null, "surumBitisZamani": null, "total_population": 0.0, "estimated_water_supply": 0.61925383620465713, "population_pressure": 0.0, "urban_water_stress_score": 0.0 }, "geometry": { "type": "MultiPolygon", "coordinates": [ [ [ [ 32.8298, 39.8219 ], [ 32.8299, 39.8221 ], [ 32.8302, 39.8223 ], [ 32.8303, 39.8224 ], [ 32.8306, 39.8225 ], [ 32.8313, 39.8228 ], [ 32.8316, 39.8228 ], [ 32.8318, 39.8228 ], [ 32.8319, 39.8228 ], [ 32.8319, 39.8227 ], [ 32.8317, 39.8226 ], [ 32.8318, 39.8225 ], [ 32.8311, 39.8223 ], [ 32.8309, 39.8222 ], [ 32.8309, 39.8222 ], [ 32.8304, 39.822 ], [ 32.8303, 39.8219 ], [ 32.8301, 39.8219 ], [ 32.8299, 39.8219 ], [ 32.8298, 39.8219 ] ] ] ] } },
{ "type": "Feature", "properties": { "id": "sehirAtlasi.783", "kentAtlasiDegeriKodu": "32000", "kentAtlasiDegeri": "Maki veya Otsu Bitkiler", "gecirimsizlikKatmani": 0, "tucbsNo": "CBSGM_1_7976270", "aciklama": null, "gecerlilikBaslangici": "2019-05-23T00:00:00Z", "gecerlilikSonu": null, "gozlemTarihi": null, "hilucsAraziKullanimi": null, "hilucsDurumu": null, "olcek": "1:10000", "surumBaslangicZamani": null, "surumBitisZamani": null, "total_population": 0.0, "estimated_water_supply": 0.61604953095709847, "population_pressure": 0.0, "urban_water_stress_score": 0.0 }, "geometry": { "type": "MultiPolygon", "coordinates": [ [ [ [ 32.8296, 39.8219 ], [ 32.8291, 39.822 ], [ 32.8287, 39.8221 ], [ 32.8284, 39.8222 ], [ 32.8282, 39.8223 ], [ 32.828, 39.8225 ], [ 32.828, 39.8225 ], [ 32.8278, 39.8227 ], [ 32.8278, 39.8227 ], [ 32.8278, 39.8227 ], [ 32.8274, 39.8229 ], [ 32.8265, 39.8231 ], [ 32.8264, 39.8231 ], [ 32.8264, 39.8231 ], [ 32.8264, 39.8231 ], [ 32.8263, 39.8231 ], [ 32.8263, 39.8231 ], [ 32.8255, 39.823 ], [ 32.8247, 39.8228 ], [ 32.8239, 39.8227 ], [ 32.8238, 39.8227 ], [ 32.8238, 39.8227 ], [ 32.8246, 39.8228 ], [ 32.8254, 39.8231 ], [ 32.8264, 39.8232 ], [ 32.827, 39.8232 ], [ 32.8274, 39.8232 ], [ 32.8278, 39.8231 ], [ 32.828, 39.8229 ], [ 32.8283, 39.8227 ], [ 32.8283, 39.8226 ], [ 32.8285, 39.8225 ], [ 32.8287, 39.8223 ], [ 32.8289, 39.8221 ], [ 32.8294, 39.822 ], [ 32.8296, 39.8219 ] ] ] ] } },
{ "type": "Feature", "properties": { "id": "sehirAtlasi.784", "kentAtlasiDegeriKodu": "50000", "kentAtlasiDegeri": "Su Alanları", "gecirimsizlikKatmani": 0, "tucbsNo": "CBSGM_1_7976271", "aciklama": null, "gecerlilikBaslangici": "2019-05-22T00:00:00Z", "gecerlilikSonu": null, "gozlemTarihi": null, "hilucsAraziKullanimi": null, "hilucsDurumu": null, "olcek": "1:10000", "surumBaslangicZamani": null, "surumBitisZamani": null, "total_population": 0.0, "estimated_water_supply": 0.66643524739234783, "population_pressure": 0.0, "urban_water_stress_score": 0.0 }, "geometry": { "type": "MultiPolygon", "coordinates": [ [ [ [ 32.7873, 39.8414 ], [ 32.7873, 39.8414 ], [ 32.7873, 39.8414 ], [ 32.7874, 39.8414 ], [ 32.7874, 39.8413 ], [ 32.7874, 39.8413 ], [ 32.7874, 39.8412 ], [ 32.7873, 39.8412 ], [ 32.7873, 39.8412 ], [ 32.7872, 39.8412 ], [ 32.7871, 39.8412 ], [ 32.7871, 39.8412 ], [ 32.787, 39.8412 ], [ 32.787, 39.8412 ], [ 32.7869, 39.8412 ], [ 32.7868, 39.8412 ], [ 32.7868, 39.8412 ], [ 32.7867, 39.8412 ], [ 32.7867, 39.8412 ], [ 32.7866, 39.8413 ], [ 32.7866, 39.8413 ], [ 32.7867, 39.8414 ], [ 32.7867, 39.8414 ], [ 32.7868, 39.8414 ], [ 32.7868, 39.8414 ], [ 32.7869, 39.8414 ], [ 32.7869, 39.8415 ], [ 32.787, 39.8415 ], [ 32.787, 39.8415 ], [ 32.7871, 39.8415 ], [ 32.7872, 39.8415 ], [ 32.7873, 39.8414 ] ] ] ] } },
{ "type": "Feature", "properties": { "id": "sehirAtlasi.785", "kentAtlasiDegeriKodu": "12120", "kentAtlasiDegeri": "Ticaret Alanları", "gecirimsizlikKatmani": 0, "tucbsNo": "CBSGM_1_7976272", "aciklama": null, "gecerlilikBaslangici": "2019-05-22T00:00:00Z", "gecerlilikSonu": null, "gozlemTarihi": null, "hilucsAraziKullanimi": null, "hilucsDurumu": null, "olcek": "1:10000", "surumBaslangicZamani": null, "surumBitisZamani": null, "total_population": 0.0, "estimated_water_supply": 0.66919117876147838, "population_pressure": 0.0, "urban_water_stress_score": 0.0 }, "geometry": { "type": "MultiPolygon", "coordinates": [ [ [ [ 32.7907, 39.8418 ], [ 32.7902, 39.8421 ], [ 32.7902, 39.8422 ], [ 32.7905, 39.8425 ], [ 32.7907, 39.8424 ], [ 32.7908, 39.8425 ], [ 32.7909, 39.8424 ], [ 32.7911, 39.8424 ], [ 32.7913, 39.8425 ], [ 32.7914, 39.8425 ], [ 32.7914, 39.8425 ], [ 32.7915, 39.8424 ], [ 32.7914, 39.8421 ], [ 32.7913, 39.8421 ], [ 32.7907, 39.8418 ] ] ] ] } },
{ "type": "Feature", "properties": { "id": "sehirAtlasi.786", "kentAtlasiDegeriKodu": "12120", "kentAtlasiDegeri": "Ticaret Alanları", "gecirimsizlikKatmani": 0, "tucbsNo": "CBSGM_1_7976273", "aciklama": null, "gecerlilikBaslangici": "2019-05-22T00:00:00Z", "gecerlilikSonu": null, "gozlemTarihi": null, "hilucsAraziKullanimi": null, "hilucsDurumu": null, "olcek": "1:10000", "surumBaslangicZamani": null, "surumBitisZamani": null, "total_population": 0.0, "estimated_water_supply": 0.66935722990250235, "population_pressure": 0.0, "urban_water_stress_score": 0.0 }, "geometry": { "type": "MultiPolygon", "coordinates": [ [ [ [ 32.7903, 39.8438 ], [ 32.7904, 39.8438 ], [ 32.7908, 39.8436 ], [ 32.7906, 39.8433 ], [ 32.7905, 39.8432 ], [ 32.7904, 39.8431 ], [ 32.7903, 39.8432 ], [ 32.7902, 39.8432 ], [ 32.7901, 39.8433 ], [ 32.7901, 39.8434 ], [ 32.7903, 39.8438 ] ] ] ] } },
{ "type": "Feature", "properties": { "id": "sehirAtlasi.787", "kentAtlasiDegeriKodu": "11300", "kentAtlasiDegeri": "İzole Yapılar", "gecirimsizlikKatmani": 0, "tucbsNo": "CBSGM_1_7976274", "aciklama": null, "gecerlilikBaslangici": "2019-05-27T00:00:00Z", "gecerlilikSonu": null, "gozlemTarihi": null, "hilucsAraziKullanimi": null, "hilucsDurumu": null, "olcek": "1:10000", "surumBaslangicZamani": null, "surumBitisZamani": null, "total_population": 0.0, "estimated_water_supply": 0.64294152878460209, "population_pressure": 0.0, "urban_water_stress_score": 0.0 }, "geometry": { "type": "MultiPolygon", "coordinates": [ [ [ [ 32.8776, 39.7596 ], [ 32.8779, 39.7594 ], [ 32.8777, 39.7591 ], [ 32.8773, 39.7592 ], [ 32.8776, 39.7596 ] ] ] ] } },
{ "type": "Feature", "properties": { "id": "sehirAtlasi.788", "kentAtlasiDegeriKodu": "13300", "kentAtlasiDegeri": "İnşaat Alanları", "gecirimsizlikKatmani": 0, "tucbsNo": "CBSGM_1_7976275", "aciklama": null, "gecerlilikBaslangici": "2019-05-27T00:00:00Z", "gecerlilikSonu": null, "gozlemTarihi": null, "hilucsAraziKullanimi": null, "hilucsDurumu": null, "olcek": "1:10000", "surumBaslangicZamani": null, "surumBitisZamani": null, "total_population": 0.0, "estimated_water_supply": 0.655582441877686, "population_pressure": 0.0, "urban_water_stress_score": 0.0 }, "geometry": { "type": "MultiPolygon", "coordinates": [ [ [ [ 32.8764, 39.7567 ], [ 32.8766, 39.7569 ], [ 32.8768, 39.7567 ], [ 32.8765, 39.7566 ], [ 32.8764, 39.7567 ] ] ] ] } },
{ "type": "Feature", "properties": { "id": "sehirAtlasi.789", "kentAtlasiDegeriKodu": "13400", "kentAtlasiDegeri": "Mevcut Kullanımı Olmayan Alanlar", "gecirimsizlikKatmani": 0, "tucbsNo": "CBSGM_1_7976276", "aciklama": null, "gecerlilikBaslangici": "2019-05-24T00:00:00Z", "gecerlilikSonu": null, "gozlemTarihi": null, "hilucsAraziKullanimi": null, "hilucsDurumu": null, "olcek": "1:10000", "surumBaslangicZamani": null, "surumBitisZamani": null, "total_population": 0.0, "estimated_water_supply": 1.3887927451240425, "population_pressure": 0.0, "urban_water_stress_score": 0.0 }, "geometry": { "type": "MultiPolygon", "coordinates": [ [ [ [ 32.5024, 39.9938 ], [ 32.5024, 39.9932 ], [ 32.5018, 39.9932 ], [ 32.5018, 39.9938 ], [ 32.5024, 39.9938 ] ] ] ] } },
{ "type": "Feature", "properties": { "id": "sehirAtlasi.790", "kentAtlasiDegeriKodu": "13400", "kentAtlasiDegeri": "Mevcut Kullanımı Olmayan Alanlar", "gecirimsizlikKatmani": 0, "tucbsNo": "CBSGM_1_7976277", "aciklama": null, "gecerlilikBaslangici": "2019-05-24T00:00:00Z", "gecerlilikSonu": null, "gozlemTarihi": null, "hilucsAraziKullanimi": null, "hilucsDurumu": null, "olcek": "1:10000", "surumBaslangicZamani": null, "surumBitisZamani": null, "total_population": 0.0, "estimated_water_supply": 1.4017085148723853, "population_pressure": 0.0, "urban_water_stress_score": 0.0 }, "geometry": { "type": "MultiPolygon", "coordinates": [ [ [ [ 32.5018, 39.9944 ], [ 32.5031, 39.9944 ], [ 32.5031, 39.9941 ], [ 32.5034, 39.9941 ], [ 32.5033, 39.9944 ], [ 32.5037, 39.9944 ], [ 32.5037, 39.9938 ], [ 32.5024, 39.9938 ], [ 32.5018, 39.9938 ], [ 32.5018, 39.9944 ] ] ] ] } },
{ "type": "Feature", "properties": { "id": "sehirAtlasi.791", "kentAtlasiDegeriKodu": "13400", "kentAtlasiDegeri": "Mevcut Kullanımı Olmayan Alanlar", "gecirimsizlikKatmani": 0, "tucbsNo": "CBSGM_1_7976278", "aciklama": null, "gecerlilikBaslangici": "2019-11-11T00:00:00Z", "gecerlilikSonu": null, "gozlemTarihi": null, "hilucsAraziKullanimi": null, "hilucsDurumu": null, "olcek": "1:10000", "surumBaslangicZamani": null, "surumBitisZamani": null, "total_population": 0.0, "estimated_water_supply": 1.3934016274803893, "population_pressure": 0.0, "urban_water_stress_score": 0.0 }, "geometry": { "type": "MultiPolygon", "coordinates": [ [ [ [ 32.5018, 39.9945 ], [ 32.5019, 39.9951 ], [ 32.5033, 39.9951 ], [ 32.5033, 39.9951 ], [ 32.5033, 39.9947 ], [ 32.5037, 39.9947 ], [ 32.5037, 39.9945 ], [ 32.5031, 39.9945 ], [ 32.5031, 39.9947 ], [ 32.5026, 39.9947 ], [ 32.5026, 39.9945 ], [ 32.5018, 39.9945 ] ] ] ] } },
{ "type": "Feature", "properties": { "id": "sehirAtlasi.792", "kentAtlasiDegeriKodu": "13400", "kentAtlasiDegeri": "Mevcut Kullanımı Olmayan Alanlar", "gecirimsizlikKatmani": 0, "tucbsNo": "CBSGM_1_7976279", "aciklama": null, "gecerlilikBaslangici": "2019-05-24T00:00:00Z", "gecerlilikSonu": null, "gozlemTarihi": null, "hilucsAraziKullanimi": null, "hilucsDurumu": null, "olcek": "1:10000", "surumBaslangicZamani": null, "surumBitisZamani": null, "total_population": 0.0, "estimated_water_supply": 1.4093815890301511, "population_pressure": 0.0, "urban_water_stress_score": 0.0 }, "geometry": { "type": "MultiPolygon", "coordinates": [ [ [ [ 32.5045, 39.9945 ], [ 32.5037, 39.9945 ], [ 32.5037, 39.9951 ], [ 32.5045, 39.9951 ], [ 32.5045, 39.9945 ] ] ] ] } },
{ "type": "Feature", "properties": { "id": "sehirAtlasi.793", "kentAtlasiDegeriKodu": "12220", "kentAtlasiDegeri": "Diğer Yollar ve İlgili Alanlar", "gecirimsizlikKatmani": 0, "tucbsNo": "CBSGM_1_7976280", "aciklama": null, "gecerlilikBaslangici": "2019-01-01T00:00:00Z", "gecerlilikSonu": null, "gozlemTarihi": null, "hilucsAraziKullanimi": null, "hilucsDurumu": null, "olcek": "1:10000", "surumBaslangicZamani": null, "surumBitisZamani": null, "total_population": 0.0, "estimated_water_supply": 1.3968945544674933, "population_pressure": 0.0, "urban_water_stress_score": 0.0 }, "geometry": { "type": "MultiPolygon", "coordinates": [ [ [ [ 32.5066, 39.9936 ], [ 32.5072, 39.9936 ], [ 32.5073, 39.9936 ], [ 32.5073, 39.9936 ], [ 32.5073, 39.9936 ], [ 32.5073, 39.9935 ], [ 32.5073, 39.9935 ], [ 32.5072, 39.9935 ], [ 32.5066, 39.9935 ], [ 32.5066, 39.9936 ], [ 32.5066, 39.9936 ] ] ] ] } },
{ "type": "Feature", "properties": { "id": "sehirAtlasi.794", "kentAtlasiDegeriKodu": "11300", "kentAtlasiDegeri": "İzole Yapılar", "gecirimsizlikKatmani": 0, "tucbsNo": "CBSGM_1_7976281", "aciklama": null, "gecerlilikBaslangici": "2019-05-24T00:00:00Z", "gecerlilikSonu": null, "gozlemTarihi": null, "hilucsAraziKullanimi": null, "hilucsDurumu": null, "olcek": "1:10000", "surumBaslangicZamani": null, "surumBitisZamani": null, "total_population": 0.0, "estimated_water_supply": 1.3679123015548758, "population_pressure": 0.0, "urban_water_stress_score": 0.0 }, "geometry": { "type": "MultiPolygon", "coordinates": [ [ [ [ 32.5068, 39.9901 ], [ 32.5063, 39.9901 ], [ 32.5063, 39.9902 ], [ 32.5067, 39.9903 ], [ 32.5068, 39.9901 ] ] ] ] } },
{ "type": "Feature", "properties": { "id": "sehirAtlasi.795", "kentAtlasiDegeriKodu": "13100", "kentAtlasiDegeri": "Maden Ocağı ve Boşaltım Sahaları", "gecirimsizlikKatmani": 0, "tucbsNo": "CBSGM_1_7976282", "aciklama": null, "gecerlilikBaslangici": "2019-05-22T00:00:00Z", "gecerlilikSonu": null, "gozlemTarihi": null, "hilucsAraziKullanimi": null, "hilucsDurumu": null, "olcek": "1:10000", "surumBaslangicZamani": null, "surumBitisZamani": null, "total_population": 0.0, "estimated_water_supply": 0.60082097967500681, "population_pressure": 0.0, "urban_water_stress_score": 0.0 }, "geometry": { "type": "MultiPolygon", "coordinates": [ [ [ [ 32.7741, 39.8031 ], [ 32.7741, 39.8033 ], [ 32.7742, 39.8036 ], [ 32.7742, 39.8039 ], [ 32.7747, 39.8053 ], [ 32.775, 39.8061 ], [ 32.775, 39.8064 ], [ 32.7751, 39.8066 ], [ 32.7754, 39.8073 ], [ 32.7755, 39.8079 ], [ 32.7755, 39.8079 ], [ 32.7762, 39.8079 ], [ 32.7767, 39.8078 ], [ 32.7769, 39.8076 ], [ 32.7767, 39.8071 ], [ 32.7763, 39.8059 ], [ 32.7762, 39.8053 ], [ 32.7761, 39.8047 ], [ 32.7759, 39.8041 ], [ 32.7757, 39.804 ], [ 32.7755, 39.8035 ], [ 32.7754, 39.8031 ], [ 32.7754, 39.803 ], [ 32.7752, 39.803 ], [ 32.7749, 39.8029 ], [ 32.7747, 39.8028 ], [ 32.7745, 39.8028 ], [ 32.7743, 39.8029 ], [ 32.7741, 39.803 ], [ 32.7741, 39.8031 ] ] ] ] } },
{ "type": "Feature", "properties": { "id": "sehirAtlasi.796", "kentAtlasiDegeriKodu": "11300", "kentAtlasiDegeri": "İzole Yapılar", "gecirimsizlikKatmani": 0, "tucbsNo": "CBSGM_1_7976283", "aciklama": null, "gecerlilikBaslangici": "2019-05-22T00:00:00Z", "gecerlilikSonu": null, "gozlemTarihi": null, "hilucsAraziKullanimi": null, "hilucsDurumu": null, "olcek": "1:10000", "surumBaslangicZamani": null, "surumBitisZamani": null, "total_population": 0.0, "estimated_water_supply": 0.59922609023660067, "population_pressure": 0.0, "urban_water_stress_score": 0.0 }, "geometry": { "type": "MultiPolygon", "coordinates": [ [ [ [ 32.7726, 39.8063 ], [ 32.7726, 39.8063 ], [ 32.7727, 39.8068 ], [ 32.7739, 39.8066 ], [ 32.7738, 39.8061 ], [ 32.7726, 39.8063 ] ] ] ] } },
{ "type": "Feature", "properties": { "id": "sehirAtlasi.797", "kentAtlasiDegeriKodu": "12120", "kentAtlasiDegeri": "Ticaret Alanları", "gecirimsizlikKatmani": 0, "tucbsNo": "CBSGM_1_7976284", "aciklama": null, "gecerlilikBaslangici": "2019-05-22T00:00:00Z", "gecerlilikSonu": null, "gozlemTarihi": null, "hilucsAraziKullanimi": null, "hilucsDurumu": null, "olcek": "1:10000", "surumBaslangicZamani": null, "surumBitisZamani": null, "total_population": 0.0, "estimated_water_supply": 0.59939004569559262, "population_pressure": 0.0, "urban_water_stress_score": 0.0 }, "geometry": { "type": "MultiPolygon", "coordinates": [ [ [ [ 32.7722, 39.8038 ], [ 32.7723, 39.8042 ], [ 32.7723, 39.8042 ], [ 32.7723, 39.8042 ], [ 32.7723, 39.8042 ], [ 32.7725, 39.8041 ], [ 32.7726, 39.804 ], [ 32.7728, 39.804 ], [ 32.773, 39.804 ], [ 32.7731, 39.804 ], [ 32.7732, 39.804 ], [ 32.7736, 39.8039 ], [ 32.7736, 39.8039 ], [ 32.7734, 39.8035 ], [ 32.773, 39.8036 ], [ 32.7728, 39.8036 ], [ 32.7726, 39.8037 ], [ 32.7723, 39.8037 ], [ 32.7722, 39.8038 ] ] ] ] } },
{ "type": "Feature", "properties": { "id": "sehirAtlasi.798", "kentAtlasiDegeriKodu": "50000", "kentAtlasiDegeri": "Su Alanları", "gecirimsizlikKatmani": 0, "tucbsNo": "CBSGM_1_7976285", "aciklama": null, "gecerlilikBaslangici": "2019-05-22T00:00:00Z", "gecerlilikSonu": null, "gozlemTarihi": null, "hilucsAraziKullanimi": null, "hilucsDurumu": null, "olcek": "1:10000", "surumBaslangicZamani": null, "surumBitisZamani": null, "total_population": 0.0, "estimated_water_supply": 0.66988520999292622, "population_pressure": 0.0, "urban_water_stress_score": 0.0 }, "geometry": { "type": "MultiPolygon", "coordinates": [ [ [ [ 32.7913, 39.8433 ], [ 32.7913, 39.8433 ], [ 32.7913, 39.8433 ], [ 32.7914, 39.8433 ], [ 32.7914, 39.8433 ], [ 32.7915, 39.8432 ], [ 32.7915, 39.8432 ], [ 32.7915, 39.8431 ], [ 32.7914, 39.8431 ], [ 32.7914, 39.8431 ], [ 32.7914, 39.843 ], [ 32.7914, 39.843 ], [ 32.7914, 39.843 ], [ 32.7913, 39.843 ], [ 32.7913, 39.843 ], [ 32.7912, 39.843 ], [ 32.7913, 39.843 ], [ 32.7913, 39.8431 ], [ 32.7913, 39.8431 ], [ 32.7913, 39.8431 ], [ 32.7913, 39.8432 ], [ 32.7913, 39.8432 ], [ 32.7913, 39.8433 ] ] ] ] } },
{ "type": "Feature", "properties": { "id": "sehirAtlasi.799", "kentAtlasiDegeriKodu": "12120", "kentAtlasiDegeri": "Ticaret Alanları", "gecirimsizlikKatmani": 0, "tucbsNo": "CBSGM_1_7976286", "aciklama": null, "gecerlilikBaslangici": "2019-05-22T00:00:00Z", "gecerlilikSonu": null, "gozlemTarihi": null, "hilucsAraziKullanimi": null, "hilucsDurumu": null, "olcek": "1:10000", "surumBaslangicZamani": null, "surumBitisZamani": null, "total_population": 0.0, "estimated_water_supply": 0.60512677171432261, "population_pressure": 0.0, "urban_water_stress_score": 0.0 }, "geometry": { "type": "MultiPolygon", "coordinates": [ [ [ [ 32.783, 39.8117 ], [ 32.7832, 39.8119 ], [ 32.7833, 39.8118 ], [ 32.7831, 39.8115 ], [ 32.783, 39.8117 ] ] ] ] } },
{ "type": "Feature", "properties": { "id": "sehirAtlasi.800", "kentAtlasiDegeriKodu": "13400", "kentAtlasiDegeri": "Mevcut Kullanımı Olmayan Alanlar", "gecirimsizlikKatmani": 0, "tucbsNo": "CBSGM_1_7976287", "aciklama": null, "gecerlilikBaslangici": "2019-11-15T00:00:00Z", "gecerlilikSonu": null, "gozlemTarihi": null, "hilucsAraziKullanimi": null, "hilucsDurumu": null, "olcek": "1:10000", "surumBaslangicZamani": null, "surumBitisZamani": null, "total_population": 0.0, "estimated_water_supply": 1.3604346274272525, "population_pressure": 0.0, "urban_water_stress_score": 0.0 }, "geometry": { "type": "MultiPolygon", "coordinates": [ [ [ [ 32.5089, 39.9893 ], [ 32.5085, 39.9892 ], [ 32.5085, 39.9898 ], [ 32.5088, 39.9899 ], [ 32.5089, 39.9893 ] ] ] ] } },
{ "type": "Feature", "properties": { "id": "sehirAtlasi.801", "kentAtlasiDegeriKodu": "11300", "kentAtlasiDegeri": "İzole Yapılar", "gecirimsizlikKatmani": 0, "tucbsNo": "CBSGM_1_7976288", "aciklama": null, "gecerlilikBaslangici": "2019-05-24T00:00:00Z", "gecerlilikSonu": null, "gozlemTarihi": null, "hilucsAraziKullanimi": null, "hilucsDurumu": null, "olcek": "1:10000", "surumBaslangicZamani": null, "surumBitisZamani": null, "total_population": 0.0, "estimated_water_supply": 1.3598908150740778, "population_pressure": 0.0, "urban_water_stress_score": 0.0 }, "geometry": { "type": "MultiPolygon", "coordinates": [ [ [ [ 32.5875, 40.0047 ], [ 32.5876, 40.0047 ], [ 32.5877, 40.0049 ], [ 32.5877, 40.005 ], [ 32.588, 40.005 ], [ 32.5882, 40.0049 ], [ 32.5883, 40.0049 ], [ 32.5885, 40.0048 ], [ 32.5887, 40.0046 ], [ 32.5886, 40.0044 ], [ 32.5885, 40.0043 ], [ 32.5882, 40.0042 ], [ 32.588, 40.0042 ], [ 32.5877, 40.0043 ], [ 32.5877, 40.0043 ], [ 32.5875, 40.0046 ], [ 32.5875, 40.0047 ] ] ] ] } },
{ "type": "Feature", "properties": { "id": "sehirAtlasi.802", "kentAtlasiDegeriKodu": "11230", "kentAtlasiDegeri": "Düşük Yoğunluklu Süreksiz Kentsel Alan (10% - 30%)", "gecirimsizlikKatmani": 0, "tucbsNo": "CBSGM_1_7976289", "aciklama": null, "gecerlilikBaslangici": "2019-05-24T00:00:00Z", "gecerlilikSonu": null, "gozlemTarihi": null, "hilucsAraziKullanimi": null, "hilucsDurumu": null, "olcek": "1:10000", "surumBaslangicZamani": null, "surumBitisZamani": null, "total_population": 0.0, "estimated_water_supply": 1.4448874511463097, "population_pressure": 0.0, "urban_water_stress_score": 0.0 }, "geometry": { "type": "MultiPolygon", "coordinates": [ [ [ [ 32.602, 40.0191 ], [ 32.602, 40.0191 ], [ 32.6026, 40.019 ], [ 32.6026, 40.0187 ], [ 32.6019, 40.0187 ], [ 32.602, 40.0191 ] ] ] ] } },
{ "type": "Feature", "properties": { "id": "sehirAtlasi.803", "kentAtlasiDegeriKodu": "13400", "kentAtlasiDegeri": "Mevcut Kullanımı Olmayan Alanlar", "gecirimsizlikKatmani": 0, "tucbsNo": "CBSGM_1_7976290", "aciklama": null, "gecerlilikBaslangici": "2019-05-24T00:00:00Z", "gecerlilikSonu": null, "gozlemTarihi": null, "hilucsAraziKullanimi": null, "hilucsDurumu": null, "olcek": "1:10000", "surumBaslangicZamani": null, "surumBitisZamani": null, "total_population": 0.0, "estimated_water_supply": 1.4449497498861419, "population_pressure": 0.0, "urban_water_stress_score": 0.0 }, "geometry": { "type": "MultiPolygon", "coordinates": [ [ [ [ 32.6029, 40.0192 ], [ 32.603, 40.0192 ], [ 32.6034, 40.0192 ], [ 32.6034, 40.0189 ], [ 32.603, 40.0189 ], [ 32.6029, 40.0192 ] ] ] ] } },
{ "type": "Feature", "properties": { "id": "sehirAtlasi.804", "kentAtlasiDegeriKodu": "13400", "kentAtlasiDegeri": "Mevcut Kullanımı Olmayan Alanlar", "gecirimsizlikKatmani": 0, "tucbsNo": "CBSGM_1_7976291", "aciklama": null, "gecerlilikBaslangici": "2019-05-24T00:00:00Z", "gecerlilikSonu": null, "gozlemTarihi": null, "hilucsAraziKullanimi": null, "hilucsDurumu": null, "olcek": "1:10000", "surumBaslangicZamani": null, "surumBitisZamani": null, "total_population": 0.0, "estimated_water_supply": 1.4240647028885167, "population_pressure": 0.0, "urban_water_stress_score": 0.0 }, "geometry": { "type": "MultiPolygon", "coordinates": [ [ [ [ 32.6025, 40.0186 ], [ 32.6025, 40.0186 ], [ 32.6028, 40.0186 ], [ 32.6028, 40.0183 ], [ 32.6023, 40.0183 ], [ 32.6025, 40.0186 ] ] ] ] } },
{ "type": "Feature", "properties": { "id": "sehirAtlasi.805", "kentAtlasiDegeriKodu": "11230", "kentAtlasiDegeri": "Düşük Yoğunluklu Süreksiz Kentsel Alan (10% - 30%)", "gecirimsizlikKatmani": 0, "tucbsNo": "CBSGM_1_7976292", "aciklama": null, "gecerlilikBaslangici": "2019-05-24T00:00:00Z", "gecerlilikSonu": null, "gozlemTarihi": null, "hilucsAraziKullanimi": null, "hilucsDurumu": null, "olcek": "1:10000", "surumBaslangicZamani": null, "surumBitisZamani": null, "total_population": 0.0, "estimated_water_supply": 1.4228180415467864, "population_pressure": 0.0, "urban_water_stress_score": 0.0 }, "geometry": { "type": "MultiPolygon", "coordinates": [ [ [ [ 32.6039, 40.0185 ], [ 32.604, 40.0185 ], [ 32.6045, 40.0183 ], [ 32.6043, 40.0178 ], [ 32.6036, 40.018 ], [ 32.6039, 40.0185 ] ] ] ] } },
{ "type": "Feature", "properties": { "id": "sehirAtlasi.806", "kentAtlasiDegeriKodu": "33000", "kentAtlasiDegeri": "Bitki Örtüsü Az Ya da Olmayan Alanlar", "gecirimsizlikKatmani": 0, "tucbsNo": "CBSGM_1_7976293", "aciklama": null, "gecerlilikBaslangici": "2019-05-24T00:00:00Z", "gecerlilikSonu": null, "gozlemTarihi": null, "hilucsAraziKullanimi": null, "hilucsDurumu": null, "olcek": "1:10000", "surumBaslangicZamani": null, "surumBitisZamani": null, "total_population": 0.0, "estimated_water_supply": 1.4654064154378168, "population_pressure": 0.0, "urban_water_stress_score": 0.0 }, "geometry": { "type": "MultiPolygon", "coordinates": [ [ [ [ 32.5901, 40.0229 ], [ 32.5903, 40.0231 ], [ 32.5906, 40.0233 ], [ 32.5909, 40.0235 ], [ 32.5912, 40.0236 ], [ 32.5915, 40.0238 ], [ 32.5917, 40.0239 ], [ 32.5921, 40.0241 ], [ 32.5925, 40.0242 ], [ 32.5926, 40.0244 ], [ 32.5925, 40.0246 ], [ 32.5923, 40.0247 ], [ 32.5921, 40.0249 ], [ 32.5924, 40.025 ], [ 32.593, 40.025 ], [ 32.5931, 40.025 ], [ 32.5933, 40.0249 ], [ 32.5932, 40.0246 ], [ 32.5932, 40.0245 ], [ 32.5931, 40.0243 ], [ 32.593, 40.024 ], [ 32.5928, 40.0238 ], [ 32.5927, 40.0236 ], [ 32.5927, 40.0234 ], [ 32.5927, 40.0234 ], [ 32.5926, 40.0234 ], [ 32.5923, 40.0233 ], [ 32.5918, 40.0232 ], [ 32.5912, 40.0231 ], [ 32.5909, 40.0229 ], [ 32.5906, 40.0228 ], [ 32.5904, 40.0228 ], [ 32.5902, 40.0228 ], [ 32.5901, 40.0229 ] ] ] ] } },
{ "type": "Feature", "properties": { "id": "sehirAtlasi.807", "kentAtlasiDegeriKodu": "12110", "kentAtlasiDegeri": "Sanayi ve Üretim Alanları", "gecirimsizlikKatmani": 0, "tucbsNo": "CBSGM_1_7976294", "aciklama": null, "gecerlilikBaslangici": "2019-05-24T00:00:00Z", "gecerlilikSonu": null, "gozlemTarihi": null, "hilucsAraziKullanimi": null, "hilucsDurumu": null, "olcek": "1:10000", "surumBaslangicZamani": null, "surumBitisZamani": null, "total_population": 0.0, "estimated_water_supply": 1.5326654541524518, "population_pressure": 0.0, "urban_water_stress_score": 0.0 }, "geometry": { "type": "MultiPolygon", "coordinates": [ [ [ [ 32.5705, 40.0289 ], [ 32.5707, 40.0291 ], [ 32.5708, 40.0293 ], [ 32.5709, 40.0295 ], [ 32.571, 40.0295 ], [ 32.5711, 40.0295 ], [ 32.5714, 40.0294 ], [ 32.5715, 40.0293 ], [ 32.5715, 40.0292 ], [ 32.5717, 40.0292 ], [ 32.5719, 40.0292 ], [ 32.572, 40.0293 ], [ 32.5721, 40.0294 ], [ 32.5721, 40.0294 ], [ 32.5722, 40.0294 ], [ 32.5722, 40.0293 ], [ 32.5722, 40.0292 ], [ 32.5719, 40.0288 ], [ 32.5715, 40.0284 ], [ 32.5705, 40.0289 ] ] ] ] } },
{ "type": "Feature", "properties": { "id": "sehirAtlasi.808", "kentAtlasiDegeriKodu": "13400", "kentAtlasiDegeri": "Mevcut Kullanımı Olmayan Alanlar", "gecirimsizlikKatmani": 0, "tucbsNo": "CBSGM_1_7976295", "aciklama": null, "gecerlilikBaslangici": "2019-10-01T00:00:00Z", "gecerlilikSonu": null, "gozlemTarihi": null, "hilucsAraziKullanimi": null, "hilucsDurumu": null, "olcek": "1:10000", "surumBaslangicZamani": null, "surumBitisZamani": null, "total_population": 0.0, "estimated_water_supply": 0.5810060627064273, "population_pressure": 0.0, "urban_water_stress_score": 0.0 }, "geometry": { "type": "MultiPolygon", "coordinates": [ [ [ [ 32.8354, 39.7786 ], [ 32.8354, 39.7786 ], [ 32.8359, 39.7786 ], [ 32.8364, 39.7785 ], [ 32.8368, 39.7784 ], [ 32.8374, 39.778 ], [ 32.837, 39.7779 ], [ 32.8367, 39.7778 ], [ 32.8364, 39.7778 ], [ 32.8361, 39.7778 ], [ 32.8358, 39.7778 ], [ 32.8356, 39.7778 ], [ 32.8353, 39.7778 ], [ 32.8351, 39.7778 ], [ 32.8351, 39.7782 ], [ 32.8353, 39.7782 ], [ 32.8354, 39.7786 ] ] ] ] } },
{ "type": "Feature", "properties": { "id": "sehirAtlasi.809", "kentAtlasiDegeriKodu": "11240", "kentAtlasiDegeri": "Çok Düşük Yoğunluklu Süreksiz Kentsel Alan (< 10%)", "gecirimsizlikKatmani": 0, "tucbsNo": "CBSGM_1_7976296", "aciklama": null, "gecerlilikBaslangici": "2019-10-01T00:00:00Z", "gecerlilikSonu": null, "gozlemTarihi": null, "hilucsAraziKullanimi": null, "hilucsDurumu": null, "olcek": "1:10000", "surumBaslangicZamani": null, "surumBitisZamani": null, "total_population": 0.0, "estimated_water_supply": 0.58313626170734756, "population_pressure": 0.0, "urban_water_stress_score": 0.0 }, "geometry": { "type": "MultiPolygon", "coordinates": [ [ [ [ 32.8361, 39.7754 ], [ 32.8365, 39.7757 ], [ 32.8368, 39.7754 ], [ 32.8363, 39.7751 ], [ 32.8361, 39.7754 ] ] ] ] } },
{ "type": "Feature", "properties": { "id": "sehirAtlasi.810", "kentAtlasiDegeriKodu": "12130", "kentAtlasiDegeri": "Kamu Alanları", "gecirimsizlikKatmani": 0, "tucbsNo": "CBSGM_1_7976297", "aciklama": null, "gecerlilikBaslangici": "2019-11-14T00:00:00Z", "gecerlilikSonu": null, "gozlemTarihi": null, "hilucsAraziKullanimi": null, "hilucsDurumu": null, "olcek": "1:10000", "surumBaslangicZamani": null, "surumBitisZamani": null, "total_population": 0.0, "estimated_water_supply": 1.1342234534217288, "population_pressure": 0.0, "urban_water_stress_score": 0.0 }, "geometry": { "type": "MultiPolygon", "coordinates": [ [ [ [ 32.7603, 39.9792 ], [ 32.7603, 39.9792 ], [ 32.7606, 39.9792 ], [ 32.761, 39.9791 ], [ 32.7615, 39.979 ], [ 32.7612, 39.9784 ], [ 32.7604, 39.9786 ], [ 32.7604, 39.9786 ], [ 32.7604, 39.9786 ], [ 32.7603, 39.9785 ], [ 32.7601, 39.9787 ], [ 32.7603, 39.9792 ] ] ] ] } },
{ "type": "Feature", "properties": { "id": "sehirAtlasi.811", "kentAtlasiDegeriKodu": "12120", "kentAtlasiDegeri": "Ticaret Alanları", "gecirimsizlikKatmani": 0, "tucbsNo": "CBSGM_1_7976298", "aciklama": null, "gecerlilikBaslangici": "2019-05-24T00:00:00Z", "gecerlilikSonu": null, "gozlemTarihi": null, "hilucsAraziKullanimi": null, "hilucsDurumu": null, "olcek": "1:10000", "surumBaslangicZamani": null, "surumBitisZamani": null, "total_population": 0.0, "estimated_water_supply": 1.0894554111684922, "population_pressure": 0.0, "urban_water_stress_score": 0.0 }, "geometry": { "type": "MultiPolygon", "coordinates": [ [ [ [ 32.7525, 39.9633 ], [ 32.7527, 39.9638 ], [ 32.7527, 39.9638 ], [ 32.7529, 39.9637 ], [ 32.753, 39.9637 ], [ 32.7532, 39.9637 ], [ 32.753, 39.9632 ], [ 32.7525, 39.9633 ] ] ] ] } },
{ "type": "Feature", "properties": { "id": "sehirAtlasi.812", "kentAtlasiDegeriKodu": "12170", "kentAtlasiDegeri": "İbadethane Alanları", "gecirimsizlikKatmani": 0, "tucbsNo": "CBSGM_1_7976299", "aciklama": null, "gecerlilikBaslangici": "2019-05-24T00:00:00Z", "gecerlilikSonu": null, "gozlemTarihi": null, "hilucsAraziKullanimi": null, "hilucsDurumu": null, "olcek": "1:10000", "surumBaslangicZamani": null, "surumBitisZamani": null, "total_population": 0.0, "estimated_water_supply": 1.1309216736126539, "population_pressure": 0.0, "urban_water_stress_score": 0.0 }, "geometry": { "type": "MultiPolygon", "coordinates": [ [ [ [ 32.7781, 39.9794 ], [ 32.7783, 39.9797 ], [ 32.7784, 39.9797 ], [ 32.7785, 39.9797 ], [ 32.7785, 39.9797 ], [ 32.7786, 39.9797 ], [ 32.7789, 39.9793 ], [ 32.7785, 39.9791 ], [ 32.7781, 39.9794 ] ] ] ] } },
{ "type": "Feature", "properties": { "id": "sehirAtlasi.813", "kentAtlasiDegeriKodu": "13400", "kentAtlasiDegeri": "Mevcut Kullanımı Olmayan Alanlar", "gecirimsizlikKatmani": 0, "tucbsNo": "CBSGM_1_7976300", "aciklama": null, "gecerlilikBaslangici": "2019-09-12T00:00:00Z", "gecerlilikSonu": null, "gozlemTarihi": null, "hilucsAraziKullanimi": null, "hilucsDurumu": null, "olcek": "1:10000", "surumBaslangicZamani": null, "surumBitisZamani": null, "total_population": 0.0, "estimated_water_supply": 1.3591758107762568, "population_pressure": 0.0, "urban_water_stress_score": 0.0 }, "geometry": { "type": "MultiPolygon", "coordinates": [ [ [ [ 32.507, 39.988 ], [ 32.507, 39.9877 ], [ 32.5066, 39.9878 ], [ 32.5066, 39.9875 ], [ 32.5065, 39.9875 ], [ 32.5064, 39.9876 ], [ 32.5064, 39.9878 ], [ 32.5063, 39.9878 ], [ 32.5063, 39.9879 ], [ 32.5061, 39.9879 ], [ 32.5061, 39.9878 ], [ 32.5062, 39.9878 ], [ 32.5062, 39.9876 ], [ 32.5059, 39.9876 ], [ 32.5059, 39.9877 ], [ 32.5057, 39.9877 ], [ 32.5058, 39.9881 ], [ 32.5053, 39.9882 ], [ 32.507, 39.988 ] ] ] ] } },
{ "type": "Feature", "properties": { "id": "sehirAtlasi.814", "kentAtlasiDegeriKodu": "11230", "kentAtlasiDegeri": "Düşük Yoğunluklu Süreksiz Kentsel Alan (10% - 30%)", "gecirimsizlikKatmani": 0, "tucbsNo": "CBSGM_1_7976301", "aciklama": null, "gecerlilikBaslangici": "2019-05-24T00:00:00Z", "gecerlilikSonu": null, "gozlemTarihi": null, "hilucsAraziKullanimi": null, "hilucsDurumu": null, "olcek": "1:10000", "surumBaslangicZamani": null, "surumBitisZamani": null, "total_population": 0.0, "estimated_water_supply": 1.3902149783989535, "population_pressure": 0.0, "urban_water_stress_score": 0.0 }, "geometry": { "type": "MultiPolygon", "coordinates": [ [ [ [ 32.4937, 39.992 ], [ 32.4937, 39.9922 ], [ 32.4944, 39.9921 ], [ 32.4944, 39.9919 ], [ 32.4944, 39.9919 ], [ 32.4937, 39.992 ] ] ] ] } },
{ "type": "Feature", "properties": { "id": "sehirAtlasi.815", "kentAtlasiDegeriKodu": "11240", "kentAtlasiDegeri": "Çok Düşük Yoğunluklu Süreksiz Kentsel Alan (< 10%)", "gecirimsizlikKatmani": 0, "tucbsNo": "CBSGM_1_7976302", "aciklama": null, "gecerlilikBaslangici": "2019-10-01T00:00:00Z", "gecerlilikSonu": null, "gozlemTarihi": null, "hilucsAraziKullanimi": null, "hilucsDurumu": null, "olcek": "1:10000", "surumBaslangicZamani": null, "surumBitisZamani": null, "total_population": 0.0, "estimated_water_supply": 0.57182583240361207, "population_pressure": 0.0, "urban_water_stress_score": 0.0 }, "geometry": { "type": "MultiPolygon", "coordinates": [ [ [ [ 32.8363, 39.7745 ], [ 32.8361, 39.7747 ], [ 32.8365, 39.775 ], [ 32.8368, 39.7747 ], [ 32.8363, 39.7745 ] ] ] ] } },
{ "type": "Feature", "properties": { "id": "sehirAtlasi.816", "kentAtlasiDegeriKodu": "11240", "kentAtlasiDegeri": "Çok Düşük Yoğunluklu Süreksiz Kentsel Alan (< 10%)", "gecirimsizlikKatmani": 0, "tucbsNo": "CBSGM_1_7976303", "aciklama": null, "gecerlilikBaslangici": "2019-05-24T00:00:00Z", "gecerlilikSonu": null, "gozlemTarihi": null, "hilucsAraziKullanimi": null, "hilucsDurumu": null, "olcek": "1:10000", "surumBaslangicZamani": null, "surumBitisZamani": null, "total_population": 0.0, "estimated_water_supply": 1.4136166305003122, "population_pressure": 0.0, "urban_water_stress_score": 0.0 }, "geometry": { "type": "MultiPolygon", "coordinates": [ [ [ [ 32.4982, 39.9936 ], [ 32.4989, 39.9938 ], [ 32.499, 39.9936 ], [ 32.499, 39.9936 ], [ 32.4982, 39.9934 ], [ 32.4982, 39.9935 ], [ 32.4982, 39.9936 ] ] ] ] } },
{ "type": "Feature", "properties": { "id": "sehirAtlasi.817", "kentAtlasiDegeriKodu": "50000", "kentAtlasiDegeri": "Su Alanları", "gecirimsizlikKatmani": 0, "tucbsNo": "CBSGM_1_7976304", "aciklama": null, "gecerlilikBaslangici": "2019-02-11T00:00:00Z", "gecerlilikSonu": null, "gozlemTarihi": null, "hilucsAraziKullanimi": null, "hilucsDurumu": null, "olcek": "1:10000", "surumBaslangicZamani": null, "surumBitisZamani": null, "total_population": 0.0, "estimated_water_supply": 0.7390707004189232, "population_pressure": 0.0, "urban_water_stress_score": 0.0 }, "geometry": { "type": "MultiPolygon", "coordinates": [ [ [ [ 32.7382, 39.8903 ], [ 32.738, 39.8905 ], [ 32.7379, 39.8908 ], [ 32.7383, 39.8908 ], [ 32.7392, 39.8909 ], [ 32.7393, 39.8909 ], [ 32.7395, 39.8906 ], [ 32.7395, 39.89 ], [ 32.7391, 39.89 ], [ 32.7388, 39.89 ], [ 32.7385, 39.8902 ], [ 32.7382, 39.8903 ] ] ] ] } },
{ "type": "Feature", "properties": { "id": "sehirAtlasi.818", "kentAtlasiDegeriKodu": "11300", "kentAtlasiDegeri": "İzole Yapılar", "gecirimsizlikKatmani": 0, "tucbsNo": "CBSGM_1_7976305", "aciklama": null, "gecerlilikBaslangici": "2019-02-12T00:00:00Z", "gecerlilikSonu": null, "gozlemTarihi": null, "hilucsAraziKullanimi": null, "hilucsDurumu": null, "olcek": "1:10000", "surumBaslangicZamani": null, "surumBitisZamani": null, "total_population": 0.0, "estimated_water_supply": 0.99306042798673821, "population_pressure": 0.0, "urban_water_stress_score": 0.0 }, "geometry": { "type": "MultiPolygon", "coordinates": [ [ [ [ 33.0248, 39.8996 ], [ 33.025, 39.8995 ], [ 33.0251, 39.8995 ], [ 33.0247, 39.8991 ], [ 33.0244, 39.8992 ], [ 33.0248, 39.8996 ] ] ] ] } },
{ "type": "Feature", "properties": { "id": "sehirAtlasi.819", "kentAtlasiDegeriKodu": "11230", "kentAtlasiDegeri": "Düşük Yoğunluklu Süreksiz Kentsel Alan (10% - 30%)", "gecirimsizlikKatmani": 12, "tucbsNo": "CBSGM_1_7976306", "aciklama": null, "gecerlilikBaslangici": "2019-02-07T00:00:00Z", "gecerlilikSonu": null, "gozlemTarihi": null, "hilucsAraziKullanimi": null, "hilucsDurumu": null, "olcek": "1:10000", "surumBaslangicZamani": null, "surumBitisZamani": null, "total_population": 0.0, "estimated_water_supply": 0.65665264481859464, "population_pressure": 0.0, "urban_water_stress_score": 0.0 }, "geometry": { "type": "MultiPolygon", "coordinates": [ [ [ [ 32.8843, 39.8156 ], [ 32.8844, 39.8151 ], [ 32.8843, 39.8149 ], [ 32.8843, 39.8142 ], [ 32.8841, 39.8142 ], [ 32.8838, 39.8153 ], [ 32.8843, 39.8156 ] ] ] ] } },
{ "type": "Feature", "properties": { "id": "sehirAtlasi.820", "kentAtlasiDegeriKodu": "11300", "kentAtlasiDegeri": "İzole Yapılar", "gecirimsizlikKatmani": 0, "tucbsNo": "CBSGM_1_7976307", "aciklama": null, "gecerlilikBaslangici": "2019-02-11T00:00:00Z", "gecerlilikSonu": null, "gozlemTarihi": null, "hilucsAraziKullanimi": null, "hilucsDurumu": null, "olcek": "1:10000", "surumBaslangicZamani": null, "surumBitisZamani": null, "total_population": 0.0, "estimated_water_supply": 1.4872289529144571, "population_pressure": 0.0, "urban_water_stress_score": 0.0 }, "geometry": { "type": "MultiPolygon", "coordinates": [ [ [ [ 33.0317, 40.2526 ], [ 33.0317, 40.2526 ], [ 33.0317, 40.2526 ], [ 33.0317, 40.2526 ], [ 33.0314, 40.253 ], [ 33.0317, 40.2531 ], [ 33.0321, 40.2527 ], [ 33.0317, 40.2526 ] ] ] ] } },
{ "type": "Feature", "properties": { "id": "sehirAtlasi.821", "kentAtlasiDegeriKodu": "11300", "kentAtlasiDegeri": "İzole Yapılar", "gecirimsizlikKatmani": 0, "tucbsNo": "CBSGM_1_7976308", "aciklama": null, "gecerlilikBaslangici": "2019-02-11T00:00:00Z", "gecerlilikSonu": null, "gozlemTarihi": null, "hilucsAraziKullanimi": null, "hilucsDurumu": null, "olcek": "1:10000", "surumBaslangicZamani": null, "surumBitisZamani": null, "total_population": 0.0, "estimated_water_supply": 1.4755186529233615, "population_pressure": 0.0, "urban_water_stress_score": 0.0 }, "geometry": { "type": "MultiPolygon", "coordinates": [ [ [ [ 33.0296, 40.2488 ], [ 33.0294, 40.249 ], [ 33.0296, 40.2491 ], [ 33.0298, 40.2489 ], [ 33.0296, 40.2488 ] ] ] ] } },
{ "type": "Feature", "properties": { "id": "sehirAtlasi.822", "kentAtlasiDegeriKodu": "11300", "kentAtlasiDegeri": "İzole Yapılar", "gecirimsizlikKatmani": 0, "tucbsNo": "CBSGM_1_7976309", "aciklama": null, "gecerlilikBaslangici": "2019-02-11T00:00:00Z", "gecerlilikSonu": null, "gozlemTarihi": null, "hilucsAraziKullanimi": null, "hilucsDurumu": null, "olcek": "1:10000", "surumBaslangicZamani": null, "surumBitisZamani": null, "total_population": 0.0, "estimated_water_supply": 1.4995574059163479, "population_pressure": 0.0, "urban_water_stress_score": 0.0 }, "geometry": { "type": "MultiPolygon", "coordinates": [ [ [ [ 33.0261, 40.2541 ], [ 33.0262, 40.2541 ], [ 33.0262, 40.2541 ], [ 33.0262, 40.2541 ], [ 33.0262, 40.2541 ], [ 33.0262, 40.2541 ], [ 33.0262, 40.2542 ], [ 33.0262, 40.2542 ], [ 33.0262, 40.2545 ], [ 33.0263, 40.2545 ], [ 33.0265, 40.2541 ], [ 33.0265, 40.2535 ], [ 33.0265, 40.2531 ], [ 33.0265, 40.2531 ], [ 33.0265, 40.253 ], [ 33.0261, 40.253 ], [ 33.0261, 40.2541 ] ] ] ] } },
{ "type": "Feature", "properties": { "id": "sehirAtlasi.823", "kentAtlasiDegeriKodu": "12150", "kentAtlasiDegeri": "Eğitim Alanları", "gecirimsizlikKatmani": 0, "tucbsNo": "CBSGM_1_7976310", "aciklama": null, "gecerlilikBaslangici": "2019-05-22T00:00:00Z", "gecerlilikSonu": null, "gozlemTarihi": null, "hilucsAraziKullanimi": null, "hilucsDurumu": null, "olcek": "1:10000", "surumBaslangicZamani": null, "surumBitisZamani": null, "total_population": 0.0, "estimated_water_supply": 1.1532238463193609, "population_pressure": 0.0, "urban_water_stress_score": 0.0 }, "geometry": { "type": "MultiPolygon", "coordinates": [ [ [ [ 32.9682, 39.9704 ], [ 32.9686, 39.9708 ], [ 32.9689, 39.9707 ], [ 32.9685, 39.9702 ], [ 32.9682, 39.9704 ] ] ] ] } },
{ "type": "Feature", "properties": { "id": "sehirAtlasi.824", "kentAtlasiDegeriKodu": "11240", "kentAtlasiDegeri": "Çok Düşük Yoğunluklu Süreksiz Kentsel Alan (< 10%)", "gecirimsizlikKatmani": 26, "tucbsNo": "CBSGM_1_7976311", "aciklama": null, "gecerlilikBaslangici": "2019-02-12T00:00:00Z", "gecerlilikSonu": null, "gozlemTarihi": null, "hilucsAraziKullanimi": null, "hilucsDurumu": null, "olcek": "1:10000", "surumBaslangicZamani": null, "surumBitisZamani": null, "total_population": 0.0, "estimated_water_supply": 0.85249022213057657, "population_pressure": 0.0, "urban_water_stress_score": 0.0 }, "geometry": { "type": "MultiPolygon", "coordinates": [ [ [ [ 32.9727, 39.8862 ], [ 32.9727, 39.8862 ], [ 32.9727, 39.8862 ], [ 32.9727, 39.8862 ], [ 32.9727, 39.8862 ], [ 32.9727, 39.8862 ], [ 32.9728, 39.8862 ], [ 32.9728, 39.8864 ], [ 32.9728, 39.8864 ], [ 32.9727, 39.8867 ], [ 32.9727, 39.8868 ], [ 32.9727, 39.8869 ], [ 32.9728, 39.887 ], [ 32.973, 39.8866 ], [ 32.973, 39.8864 ], [ 32.973, 39.8863 ], [ 32.973, 39.8863 ], [ 32.973, 39.8862 ], [ 32.973, 39.8862 ], [ 32.973, 39.886 ], [ 32.973, 39.8858 ], [ 32.9729, 39.8857 ], [ 32.9727, 39.8859 ], [ 32.9726, 39.8861 ], [ 32.9727, 39.8862 ] ] ] ] } },
{ "type": "Feature", "properties": { "id": "sehirAtlasi.825", "kentAtlasiDegeriKodu": "11300", "kentAtlasiDegeri": "İzole Yapılar", "gecirimsizlikKatmani": 3, "tucbsNo": "CBSGM_1_7976312", "aciklama": null, "gecerlilikBaslangici": "2019-02-12T00:00:00Z", "gecerlilikSonu": null, "gozlemTarihi": null, "hilucsAraziKullanimi": null, "hilucsDurumu": null, "olcek": "1:10000", "surumBaslangicZamani": null, "surumBitisZamani": null, "total_population": 0.0, "estimated_water_supply": 0.79434117730749843, "population_pressure": 0.0, "urban_water_stress_score": 0.0 }, "geometry": { "type": "MultiPolygon", "coordinates": [ [ [ [ 32.981, 39.8757 ], [ 32.9811, 39.8757 ], [ 32.9816, 39.8761 ], [ 32.9821, 39.8758 ], [ 32.9819, 39.8756 ], [ 32.9823, 39.8753 ], [ 32.9819, 39.875 ], [ 32.9816, 39.8753 ], [ 32.9817, 39.8754 ], [ 32.981, 39.8757 ] ] ] ] } },
{ "type": "Feature", "properties": { "id": "sehirAtlasi.826", "kentAtlasiDegeriKodu": "11300", "kentAtlasiDegeri": "İzole Yapılar", "gecirimsizlikKatmani": 3, "tucbsNo": "CBSGM_1_7976313", "aciklama": null, "gecerlilikBaslangici": "2019-02-12T00:00:00Z", "gecerlilikSonu": null, "gozlemTarihi": null, "hilucsAraziKullanimi": null, "hilucsDurumu": null, "olcek": "1:10000", "surumBaslangicZamani": null, "surumBitisZamani": null, "total_population": 0.0, "estimated_water_supply": 0.79341541583640629, "population_pressure": 0.0, "urban_water_stress_score": 0.0 }, "geometry": { "type": "MultiPolygon", "coordinates": [ [ [ [ 32.9831, 39.8749 ], [ 32.9828, 39.875 ], [ 32.9828, 39.8752 ], [ 32.9824, 39.8753 ], [ 32.9824, 39.8754 ], [ 32.9827, 39.8757 ], [ 32.983, 39.8755 ], [ 32.9835, 39.8755 ], [ 32.9831, 39.8749 ] ] ] ] } },
{ "type": "Feature", "properties": { "id": "sehirAtlasi.827", "kentAtlasiDegeriKodu": "11240", "kentAtlasiDegeri": "Çok Düşük Yoğunluklu Süreksiz Kentsel Alan (< 10%)", "gecirimsizlikKatmani": 0, "tucbsNo": "CBSGM_1_7976314", "aciklama": null, "gecerlilikBaslangici": "2019-02-07T00:00:00Z", "gecerlilikSonu": null, "gozlemTarihi": null, "hilucsAraziKullanimi": null, "hilucsDurumu": null, "olcek": "1:10000", "surumBaslangicZamani": null, "surumBitisZamani": null, "total_population": 0.0, "estimated_water_supply": 1.4021851631102873, "population_pressure": 0.0, "urban_water_stress_score": 0.0 }, "geometry": { "type": "MultiPolygon", "coordinates": [ [ [ [ 32.8493, 40.0531 ], [ 32.8495, 40.053 ], [ 32.8496, 40.0529 ], [ 32.8496, 40.0529 ], [ 32.8496, 40.0529 ], [ 32.8495, 40.0527 ], [ 32.8494, 40.0527 ], [ 32.8493, 40.0526 ], [ 32.8493, 40.0526 ], [ 32.8492, 40.0526 ], [ 32.8492, 40.0527 ], [ 32.8492, 40.0527 ], [ 32.8492, 40.0528 ], [ 32.8491, 40.0528 ], [ 32.8491, 40.0529 ], [ 32.8492, 40.0529 ], [ 32.8492, 40.053 ], [ 32.8493, 40.0531 ] ] ] ] } },
{ "type": "Feature", "properties": { "id": "sehirAtlasi.828", "kentAtlasiDegeriKodu": "11230", "kentAtlasiDegeri": "Düşük Yoğunluklu Süreksiz Kentsel Alan (10% - 30%)", "gecirimsizlikKatmani": 9, "tucbsNo": "CBSGM_1_7976315", "aciklama": null, "gecerlilikBaslangici": "2019-02-13T00:00:00Z", "gecerlilikSonu": null, "gozlemTarihi": null, "hilucsAraziKullanimi": null, "hilucsDurumu": null, "olcek": "1:10000", "surumBaslangicZamani": null, "surumBitisZamani": null, "total_population": 0.0, "estimated_water_supply": 0.61562893999888757, "population_pressure": 0.0, "urban_water_stress_score": 0.0 }, "geometry": { "type": "MultiPolygon", "coordinates": [ [ [ [ 32.6548, 39.8162 ], [ 32.655, 39.8163 ], [ 32.6551, 39.8163 ], [ 32.6551, 39.8163 ], [ 32.6551, 39.8163 ], [ 32.6551, 39.8163 ], [ 32.6551, 39.8163 ], [ 32.6552, 39.8163 ], [ 32.6554, 39.8163 ], [ 32.6555, 39.8163 ], [ 32.6555, 39.8163 ], [ 32.6558, 39.8165 ], [ 32.6558, 39.8165 ], [ 32.6562, 39.8167 ], [ 32.6565, 39.8168 ], [ 32.6568, 39.817 ], [ 32.657, 39.8171 ], [ 32.6572, 39.8172 ], [ 32.6572, 39.8172 ], [ 32.6572, 39.8172 ], [ 32.6575, 39.8173 ], [ 32.6575, 39.8173 ], [ 32.6576, 39.8173 ], [ 32.6576, 39.8173 ], [ 32.6576, 39.8172 ], [ 32.6576, 39.8172 ], [ 32.6576, 39.8172 ], [ 32.6576, 39.8172 ], [ 32.6572, 39.8171 ], [ 32.6571, 39.817 ], [ 32.6573, 39.8168 ], [ 32.6573, 39.8168 ], [ 32.6573, 39.8168 ], [ 32.6574, 39.8165 ], [ 32.6574, 39.8165 ], [ 32.6574, 39.8165 ], [ 32.6574, 39.8165 ], [ 32.6574, 39.8165 ], [ 32.6573, 39.8163 ], [ 32.6573, 39.8163 ], [ 32.6571, 39.8162 ], [ 32.6571, 39.8162 ], [ 32.657, 39.816 ], [ 32.6568, 39.8159 ], [ 32.6568, 39.8159 ], [ 32.6567, 39.8158 ], [ 32.6564, 39.8157 ], [ 32.6561, 39.8157 ], [ 32.6557, 39.8157 ], [ 32.6555, 39.8158 ], [ 32.6554, 39.8158 ], [ 32.6553, 39.8159 ], [ 32.6551, 39.8159 ], [ 32.6549, 39.816 ], [ 32.6549, 39.816 ], [ 32.6548, 39.8162 ] ] ] ] } },
{ "type": "Feature", "properties": { "id": "sehirAtlasi.829", "kentAtlasiDegeriKodu": "12170", "kentAtlasiDegeri": "İbadethane Alanları", "gecirimsizlikKatmani": 21, "tucbsNo": "CBSGM_1_7976316", "aciklama": null, "gecerlilikBaslangici": "2019-06-13T00:00:00Z", "gecerlilikSonu": null, "gozlemTarihi": null, "hilucsAraziKullanimi": null, "hilucsDurumu": null, "olcek": "1:10000", "surumBaslangicZamani": null, "surumBitisZamani": null, "total_population": 0.0, "estimated_water_supply": 0.59216143309418934, "population_pressure": 0.0, "urban_water_stress_score": 0.0 }, "geometry": { "type": "MultiPolygon", "coordinates": [ [ [ [ 32.6536, 39.817 ], [ 32.6537, 39.8171 ], [ 32.654, 39.8172 ], [ 32.6542, 39.8171 ], [ 32.6543, 39.8168 ], [ 32.6541, 39.8167 ], [ 32.6539, 39.8168 ], [ 32.6538, 39.8169 ], [ 32.6536, 39.817 ] ] ] ] } },
{ "type": "Feature", "properties": { "id": "sehirAtlasi.830", "kentAtlasiDegeriKodu": "32000", "kentAtlasiDegeri": "Maki veya Otsu Bitkiler", "gecirimsizlikKatmani": 0, "tucbsNo": "CBSGM_1_7976317", "aciklama": null, "gecerlilikBaslangici": "2019-05-23T00:00:00Z", "gecerlilikSonu": null, "gozlemTarihi": null, "hilucsAraziKullanimi": null, "hilucsDurumu": null, "olcek": "1:10000", "surumBaslangicZamani": null, "surumBitisZamani": null, "total_population": 0.0, "estimated_water_supply": 0.60474863596155171, "population_pressure": 0.0, "urban_water_stress_score": 0.0 }, "geometry": { "type": "MultiPolygon", "coordinates": [ [ [ [ 32.8157, 39.8227 ], [ 32.8158, 39.8228 ], [ 32.8159, 39.8229 ], [ 32.8162, 39.823 ], [ 32.8165, 39.8231 ], [ 32.8165, 39.8231 ], [ 32.8165, 39.8231 ], [ 32.8167, 39.8232 ], [ 32.8171, 39.8235 ], [ 32.8173, 39.8236 ], [ 32.8173, 39.8236 ], [ 32.8175, 39.8239 ], [ 32.8176, 39.8241 ], [ 32.8178, 39.8242 ], [ 32.818, 39.8243 ], [ 32.8187, 39.8246 ], [ 32.819, 39.8247 ], [ 32.8193, 39.8247 ], [ 32.8197, 39.8248 ], [ 32.8203, 39.8248 ], [ 32.8203, 39.8248 ], [ 32.8211, 39.8251 ], [ 32.8218, 39.8253 ], [ 32.8218, 39.8253 ], [ 32.8223, 39.8255 ], [ 32.8227, 39.8256 ], [ 32.8224, 39.8253 ], [ 32.8218, 39.825 ], [ 32.821, 39.8246 ], [ 32.8202, 39.8244 ], [ 32.8195, 39.8242 ], [ 32.8187, 39.824 ], [ 32.8177, 39.8236 ], [ 32.8171, 39.8231 ], [ 32.8164, 39.8228 ], [ 32.8157, 39.8227 ], [ 32.8157, 39.8227 ] ] ] ] } },
{ "type": "Feature", "properties": { "id": "sehirAtlasi.831", "kentAtlasiDegeriKodu": "13400", "kentAtlasiDegeri": "Mevcut Kullanımı Olmayan Alanlar", "gecirimsizlikKatmani": 0, "tucbsNo": "CBSGM_1_7976318", "aciklama": null, "gecerlilikBaslangici": "2019-06-11T00:00:00Z", "gecerlilikSonu": null, "gozlemTarihi": null, "hilucsAraziKullanimi": null, "hilucsDurumu": null, "olcek": "1:10000", "surumBaslangicZamani": null, "surumBitisZamani": null, "total_population": 0.0, "estimated_water_supply": 1.3001534588688766, "population_pressure": 0.0, "urban_water_stress_score": 0.0 }, "geometry": { "type": "MultiPolygon", "coordinates": [ [ [ [ 32.6241, 39.9813 ], [ 32.6242, 39.9816 ], [ 32.6242, 39.9816 ], [ 32.6243, 39.9818 ], [ 32.6243, 39.9817 ], [ 32.6245, 39.9817 ], [ 32.6245, 39.9816 ], [ 32.6254, 39.9816 ], [ 32.6266, 39.9816 ], [ 32.6266, 39.9814 ], [ 32.6266, 39.9812 ], [ 32.6241, 39.9813 ] ] ] ] } },
{ "type": "Feature", "properties": { "id": "sehirAtlasi.832", "kentAtlasiDegeriKodu": "11230", "kentAtlasiDegeri": "Düşük Yoğunluklu Süreksiz Kentsel Alan (10% - 30%)", "gecirimsizlikKatmani": 0, "tucbsNo": "CBSGM_1_7976539", "aciklama": null, "gecerlilikBaslangici": "2019-09-12T00:00:00Z", "gecerlilikSonu": null, "gozlemTarihi": null, "hilucsAraziKullanimi": null, "hilucsDurumu": null, "olcek": "1:10000", "surumBaslangicZamani": null, "surumBitisZamani": null, "total_population": 0.0, "estimated_water_supply": 1.2218039500655695, "population_pressure": 0.0, "urban_water_stress_score": 0.0 }, "geometry": { "type": "MultiPolygon", "coordinates": [ [ [ [ 32.9708, 40.1118 ], [ 32.9709, 40.1117 ], [ 32.9709, 40.1116 ], [ 32.9706, 40.1116 ], [ 32.9706, 40.1118 ], [ 32.9708, 40.1118 ] ] ] ] } },
{ "type": "Feature", "properties": { "id": "sehirAtlasi.833", "kentAtlasiDegeriKodu": "11230", "kentAtlasiDegeri": "Düşük Yoğunluklu Süreksiz Kentsel Alan (10% - 30%)", "gecirimsizlikKatmani": 0, "tucbsNo": "CBSGM_1_7976540", "aciklama": null, "gecerlilikBaslangici": "2019-09-12T00:00:00Z", "gecerlilikSonu": null, "gozlemTarihi": null, "hilucsAraziKullanimi": null, "hilucsDurumu": null, "olcek": "1:10000", "surumBaslangicZamani": null, "surumBitisZamani": null, "total_population": 0.0, "estimated_water_supply": 1.225822716556729, "population_pressure": 0.0, "urban_water_stress_score": 0.0 }, "geometry": { "type": "MultiPolygon", "coordinates": [ [ [ [ 32.9679, 40.112 ], [ 32.9679, 40.112 ], [ 32.9682, 40.1122 ], [ 32.9683, 40.1121 ], [ 32.9682, 40.1119 ], [ 32.968, 40.112 ], [ 32.9679, 40.112 ] ] ] ] } },
{ "type": "Feature", "properties": { "id": "sehirAtlasi.834", "kentAtlasiDegeriKodu": "11230", "kentAtlasiDegeri": "Düşük Yoğunluklu Süreksiz Kentsel Alan (10% - 30%)", "gecirimsizlikKatmani": 0, "tucbsNo": "CBSGM_1_7976541", "aciklama": null, "gecerlilikBaslangici": "2019-09-12T00:00:00Z", "gecerlilikSonu": null, "gozlemTarihi": null, "hilucsAraziKullanimi": null, "hilucsDurumu": null, "olcek": "1:10000", "surumBaslangicZamani": null, "surumBitisZamani": null, "total_population": 0.0, "estimated_water_supply": 1.2580088454552274, "population_pressure": 0.0, "urban_water_stress_score": 0.0 }, "geometry": { "type": "MultiPolygon", "coordinates": [ [ [ [ 32.9631, 40.1161 ], [ 32.9632, 40.1163 ], [ 32.9635, 40.1162 ], [ 32.9635, 40.1159 ], [ 32.9634, 40.1159 ], [ 32.9634, 40.1161 ], [ 32.9631, 40.1161 ] ] ] ] } },
{ "type": "Feature", "properties": { "id": "sehirAtlasi.835", "kentAtlasiDegeriKodu": "23000", "kentAtlasiDegeri": "Mera Alanları", "gecirimsizlikKatmani": 0, "tucbsNo": "CBSGM_1_7976542", "aciklama": null, "gecerlilikBaslangici": "2019-09-12T00:00:00Z", "gecerlilikSonu": null, "gozlemTarihi": null, "hilucsAraziKullanimi": null, "hilucsDurumu": null, "olcek": "1:10000", "surumBaslangicZamani": null, "surumBitisZamani": null, "total_population": 0.0, "estimated_water_supply": 1.2407608942489659, "population_pressure": 0.0, "urban_water_stress_score": 0.0 }, "geometry": { "type": "MultiPolygon", "coordinates": [ [ [ [ 32.9625, 40.1096 ], [ 32.9625, 40.1096 ], [ 32.9629, 40.1095 ], [ 32.9635, 40.1095 ], [ 32.9641, 40.1093 ], [ 32.964, 40.1091 ], [ 32.9639, 40.109 ], [ 32.9639, 40.109 ], [ 32.9639, 40.109 ], [ 32.9636, 40.1086 ], [ 32.9636, 40.1085 ], [ 32.9636, 40.1085 ], [ 32.9634, 40.1085 ], [ 32.9634, 40.1086 ], [ 32.9634, 40.1086 ], [ 32.9633, 40.1087 ], [ 32.9633, 40.1088 ], [ 32.9635, 40.1087 ], [ 32.9635, 40.1087 ], [ 32.9638, 40.1093 ], [ 32.9636, 40.1093 ], [ 32.9636, 40.1093 ], [ 32.9635, 40.1092 ], [ 32.9635, 40.1092 ], [ 32.9634, 40.1093 ], [ 32.9635, 40.1094 ], [ 32.9634, 40.1094 ], [ 32.963, 40.1095 ], [ 32.9625, 40.1096 ] ] ] ] } },
{ "type": "Feature", "properties": { "id": "sehirAtlasi.836", "kentAtlasiDegeriKodu": "23000", "kentAtlasiDegeri": "Mera Alanları", "gecirimsizlikKatmani": 0, "tucbsNo": "CBSGM_1_7976543", "aciklama": null, "gecerlilikBaslangici": "2019-09-12T00:00:00Z", "gecerlilikSonu": null, "gozlemTarihi": null, "hilucsAraziKullanimi": null, "hilucsDurumu": null, "olcek": "1:10000", "surumBaslangicZamani": null, "surumBitisZamani": null, "total_population": 0.0, "estimated_water_supply": 1.2223486999182911, "population_pressure": 0.0, "urban_water_stress_score": 0.0 }, "geometry": { "type": "MultiPolygon", "coordinates": [ [ [ [ 32.9682, 40.1095 ], [ 32.9683, 40.1092 ], [ 32.9684, 40.1089 ], [ 32.9686, 40.1087 ], [ 32.9687, 40.1086 ], [ 32.9684, 40.1086 ], [ 32.9684, 40.1088 ], [ 32.9683, 40.1089 ], [ 32.9682, 40.1091 ], [ 32.9682, 40.1093 ], [ 32.9682, 40.1094 ], [ 32.9682, 40.1095 ] ] ] ] } },
{ "type": "Feature", "properties": { "id": "sehirAtlasi.837", "kentAtlasiDegeriKodu": "11230", "kentAtlasiDegeri": "Düşük Yoğunluklu Süreksiz Kentsel Alan (10% - 30%)", "gecirimsizlikKatmani": 0, "tucbsNo": "CBSGM_1_7976544", "aciklama": null, "gecerlilikBaslangici": "2019-11-23T00:00:00Z", "gecerlilikSonu": null, "gozlemTarihi": null, "hilucsAraziKullanimi": null, "hilucsDurumu": null, "olcek": "1:10000", "surumBaslangicZamani": null, "surumBitisZamani": null, "total_population": 0.0, "estimated_water_supply": 0.52364559480518558, "population_pressure": 0.0, "urban_water_stress_score": 0.0 }, "geometry": { "type": "MultiPolygon", "coordinates": [ [ [ [ 32.7169, 39.7672 ], [ 32.7173, 39.7671 ], [ 32.7174, 39.7671 ], [ 32.7173, 39.7669 ], [ 32.7172, 39.7669 ], [ 32.7172, 39.7668 ], [ 32.7168, 39.7669 ], [ 32.7169, 39.7672 ] ] ] ] } },
{ "type": "Feature", "properties": { "id": "sehirAtlasi.838", "kentAtlasiDegeriKodu": "11230", "kentAtlasiDegeri": "Düşük Yoğunluklu Süreksiz Kentsel Alan (10% - 30%)", "gecirimsizlikKatmani": 0, "tucbsNo": "CBSGM_1_7976545", "aciklama": null, "gecerlilikBaslangici": "2019-09-13T00:00:00Z", "gecerlilikSonu": null, "gozlemTarihi": null, "hilucsAraziKullanimi": null, "hilucsDurumu": null, "olcek": "1:10000", "surumBaslangicZamani": null, "surumBitisZamani": null, "total_population": 0.0, "estimated_water_supply": 0.52377314542391296, "population_pressure": 0.0, "urban_water_stress_score": 0.0 }, "geometry": { "type": "MultiPolygon", "coordinates": [ [ [ [ 32.7168, 39.7667 ], [ 32.7171, 39.7666 ], [ 32.717, 39.7664 ], [ 32.7167, 39.7665 ], [ 32.7168, 39.7667 ] ] ] ] } },
{ "type": "Feature", "properties": { "id": "sehirAtlasi.839", "kentAtlasiDegeriKodu": "11230", "kentAtlasiDegeri": "Düşük Yoğunluklu Süreksiz Kentsel Alan (10% - 30%)", "gecirimsizlikKatmani": 0, "tucbsNo": "CBSGM_1_7976546", "aciklama": null, "gecerlilikBaslangici": "2019-09-13T00:00:00Z", "gecerlilikSonu": null, "gozlemTarihi": null, "hilucsAraziKullanimi": null, "hilucsDurumu": null, "olcek": "1:10000", "surumBaslangicZamani": null, "surumBitisZamani": null, "total_population": 0.0, "estimated_water_supply": 0.53400995650353122, "population_pressure": 0.0, "urban_water_stress_score": 0.0 }, "geometry": { "type": "MultiPolygon", "coordinates": [ [ [ [ 32.7168, 39.7695 ], [ 32.7169, 39.7698 ], [ 32.7169, 39.7698 ], [ 32.7172, 39.7697 ], [ 32.717, 39.7694 ], [ 32.7168, 39.7695 ] ] ] ] } },
{ "type": "Feature", "properties": { "id": "sehirAtlasi.840", "kentAtlasiDegeriKodu": "11240", "kentAtlasiDegeri": "Çok Düşük Yoğunluklu Süreksiz Kentsel Alan (< 10%)", "gecirimsizlikKatmani": 0, "tucbsNo": "CBSGM_1_7976547", "aciklama": null, "gecerlilikBaslangici": "2019-09-13T00:00:00Z", "gecerlilikSonu": null, "gozlemTarihi": null, "hilucsAraziKullanimi": null, "hilucsDurumu": null, "olcek": "1:10000", "surumBaslangicZamani": null, "surumBitisZamani": null, "total_population": 0.0, "estimated_water_supply": 0.52184792213468667, "population_pressure": 0.0, "urban_water_stress_score": 0.0 }, "geometry": { "type": "MultiPolygon", "coordinates": [ [ [ [ 32.7164, 39.77 ], [ 32.7167, 39.7699 ], [ 32.7165, 39.7694 ], [ 32.7161, 39.7696 ], [ 32.7164, 39.77 ] ] ] ] } },
{ "type": "Feature", "properties": { "id": "sehirAtlasi.841", "kentAtlasiDegeriKodu": "22000", "kentAtlasiDegeri": "Sürekli Ürünler", "gecirimsizlikKatmani": 0, "tucbsNo": "CBSGM_1_7976548", "aciklama": null, "gecerlilikBaslangici": "2019-09-16T00:00:00Z", "gecerlilikSonu": null, "gozlemTarihi": null, "hilucsAraziKullanimi": null, "hilucsDurumu": null, "olcek": "1:10000", "surumBaslangicZamani": null, "surumBitisZamani": null, "total_population": 0.0, "estimated_water_supply": 1.3198897175066377, "population_pressure": 0.0, "urban_water_stress_score": 0.0 }, "geometry": { "type": "MultiPolygon", "coordinates": [ [ [ [ 33.049, 40.2273 ], [ 33.0488, 40.2275 ], [ 33.0491, 40.2276 ], [ 33.0492, 40.2275 ], [ 33.049, 40.2273 ] ] ] ] } },
{ "type": "Feature", "properties": { "id": "sehirAtlasi.842", "kentAtlasiDegeriKodu": "11230", "kentAtlasiDegeri": "Düşük Yoğunluklu Süreksiz Kentsel Alan (10% - 30%)", "gecirimsizlikKatmani": 0, "tucbsNo": "CBSGM_1_7976549", "aciklama": null, "gecerlilikBaslangici": "2019-09-16T00:00:00Z", "gecerlilikSonu": null, "gozlemTarihi": null, "hilucsAraziKullanimi": null, "hilucsDurumu": null, "olcek": "1:10000", "surumBaslangicZamani": null, "surumBitisZamani": null, "total_population": 0.0, "estimated_water_supply": 1.3689207567354926, "population_pressure": 0.0, "urban_water_stress_score": 0.0 }, "geometry": { "type": "MultiPolygon", "coordinates": [ [ [ [ 33.0491, 40.2361 ], [ 33.0489, 40.236 ], [ 33.0485, 40.2363 ], [ 33.0487, 40.2364 ], [ 33.0491, 40.2361 ] ] ] ] } },
{ "type": "Feature", "properties": { "id": "sehirAtlasi.843", "kentAtlasiDegeriKodu": "11230", "kentAtlasiDegeri": "Düşük Yoğunluklu Süreksiz Kentsel Alan (10% - 30%)", "gecirimsizlikKatmani": 0, "tucbsNo": "CBSGM_1_7976550", "aciklama": null, "gecerlilikBaslangici": "2019-09-16T00:00:00Z", "gecerlilikSonu": null, "gozlemTarihi": null, "hilucsAraziKullanimi": null, "hilucsDurumu": null, "olcek": "1:10000", "surumBaslangicZamani": null, "surumBitisZamani": null, "total_population": 0.0, "estimated_water_supply": 1.3591946760694893, "population_pressure": 0.0, "urban_water_stress_score": 0.0 }, "geometry": { "type": "MultiPolygon", "coordinates": [ [ [ [ 33.0506, 40.2365 ], [ 33.0504, 40.2367 ], [ 33.0507, 40.237 ], [ 33.051, 40.2369 ], [ 33.0506, 40.2365 ] ] ] ] } },
{ "type": "Feature", "properties": { "id": "sehirAtlasi.844", "kentAtlasiDegeriKodu": "11230", "kentAtlasiDegeri": "Düşük Yoğunluklu Süreksiz Kentsel Alan (10% - 30%)", "gecirimsizlikKatmani": 0, "tucbsNo": "CBSGM_1_7976551", "aciklama": null, "gecerlilikBaslangici": "2019-09-16T00:00:00Z", "gecerlilikSonu": null, "gozlemTarihi": null, "hilucsAraziKullanimi": null, "hilucsDurumu": null, "olcek": "1:10000", "surumBaslangicZamani": null, "surumBitisZamani": null, "total_population": 0.0, "estimated_water_supply": 1.365541077660132, "population_pressure": 0.0, "urban_water_stress_score": 0.0 }, "geometry": { "type": "MultiPolygon", "coordinates": [ [ [ [ 33.0504, 40.24 ], [ 33.0504, 40.2403 ], [ 33.0507, 40.2402 ], [ 33.0506, 40.24 ], [ 33.0504, 40.24 ] ] ] ] } },
{ "type": "Feature", "properties": { "id": "sehirAtlasi.845", "kentAtlasiDegeriKodu": "11230", "kentAtlasiDegeri": "Düşük Yoğunluklu Süreksiz Kentsel Alan (10% - 30%)", "gecirimsizlikKatmani": 0, "tucbsNo": "CBSGM_1_7976552", "aciklama": null, "gecerlilikBaslangici": "2019-09-16T00:00:00Z", "gecerlilikSonu": null, "gozlemTarihi": null, "hilucsAraziKullanimi": null, "hilucsDurumu": null, "olcek": "1:10000", "surumBaslangicZamani": null, "surumBitisZamani": null, "total_population": 0.0, "estimated_water_supply": 1.3375106068271969, "population_pressure": 0.0, "urban_water_stress_score": 0.0 }, "geometry": { "type": "MultiPolygon", "coordinates": [ [ [ [ 33.0474, 40.2297 ], [ 33.0471, 40.2295 ], [ 33.0469, 40.2297 ], [ 33.0472, 40.2299 ], [ 33.0474, 40.2297 ] ] ] ] } },
{ "type": "Feature", "properties": { "id": "sehirAtlasi.846", "kentAtlasiDegeriKodu": "11230", "kentAtlasiDegeri": "Düşük Yoğunluklu Süreksiz Kentsel Alan (10% - 30%)", "gecirimsizlikKatmani": 0, "tucbsNo": "CBSGM_1_7976553", "aciklama": null, "gecerlilikBaslangici": "2019-09-16T00:00:00Z", "gecerlilikSonu": null, "gozlemTarihi": null, "hilucsAraziKullanimi": null, "hilucsDurumu": null, "olcek": "1:10000", "surumBaslangicZamani": null, "surumBitisZamani": null, "total_population": 0.0, "estimated_water_supply": 1.346292562157464, "population_pressure": 0.0, "urban_water_stress_score": 0.0 }, "geometry": { "type": "MultiPolygon", "coordinates": [ [ [ [ 33.0464, 40.2298 ], [ 33.0467, 40.23 ], [ 33.0469, 40.2298 ], [ 33.0466, 40.2297 ], [ 33.0464, 40.2298 ] ] ] ] } },
{ "type": "Feature", "properties": { "id": "sehirAtlasi.847", "kentAtlasiDegeriKodu": "11230", "kentAtlasiDegeri": "Düşük Yoğunluklu Süreksiz Kentsel Alan (10% - 30%)", "gecirimsizlikKatmani": 0, "tucbsNo": "CBSGM_1_7976554", "aciklama": null, "gecerlilikBaslangici": "2019-09-16T00:00:00Z", "gecerlilikSonu": null, "gozlemTarihi": null, "hilucsAraziKullanimi": null, "hilucsDurumu": null, "olcek": "1:10000", "surumBaslangicZamani": null, "surumBitisZamani": null, "total_population": 0.0, "estimated_water_supply": 1.352550138799302, "population_pressure": 0.0, "urban_water_stress_score": 0.0 }, "geometry": { "type": "MultiPolygon", "coordinates": [ [ [ [ 33.0544, 40.2362 ], [ 33.0546, 40.236 ], [ 33.0543, 40.2358 ], [ 33.0541, 40.2359 ], [ 33.0544, 40.2362 ] ] ] ] } },
{ "type": "Feature", "properties": { "id": "sehirAtlasi.848", "kentAtlasiDegeriKodu": "11230", "kentAtlasiDegeri": "Düşük Yoğunluklu Süreksiz Kentsel Alan (10% - 30%)", "gecirimsizlikKatmani": 0, "tucbsNo": "CBSGM_1_7976555", "aciklama": null, "gecerlilikBaslangici": "2019-09-16T00:00:00Z", "gecerlilikSonu": null, "gozlemTarihi": null, "hilucsAraziKullanimi": null, "hilucsDurumu": null, "olcek": "1:10000", "surumBaslangicZamani": null, "surumBitisZamani": null, "total_population": 0.0, "estimated_water_supply": 1.3233812692397002, "population_pressure": 0.0, "urban_water_stress_score": 0.0 }, "geometry": { "type": "MultiPolygon", "coordinates": [ [ [ [ 33.0551, 40.233 ], [ 33.0553, 40.2331 ], [ 33.0554, 40.233 ], [ 33.0552, 40.2329 ], [ 33.0551, 40.233 ] ] ] ] } },
{ "type": "Feature", "properties": { "id": "sehirAtlasi.849", "kentAtlasiDegeriKodu": "11230", "kentAtlasiDegeri": "Düşük Yoğunluklu Süreksiz Kentsel Alan (10% - 30%)", "gecirimsizlikKatmani": 0, "tucbsNo": "CBSGM_1_7976556", "aciklama": null, "gecerlilikBaslangici": "2019-09-16T00:00:00Z", "gecerlilikSonu": null, "gozlemTarihi": null, "hilucsAraziKullanimi": null, "hilucsDurumu": null, "olcek": "1:10000", "surumBaslangicZamani": null, "surumBitisZamani": null, "total_population": 0.0, "estimated_water_supply": 1.3596299159830563, "population_pressure": 0.0, "urban_water_stress_score": 0.0 }, "geometry": { "type": "MultiPolygon", "coordinates": [ [ [ [ 33.0536, 40.2397 ], [ 33.0538, 40.2396 ], [ 33.0538, 40.2395 ], [ 33.0537, 40.2395 ], [ 33.0535, 40.2395 ], [ 33.0535, 40.2395 ], [ 33.0536, 40.2397 ] ] ] ] } },
{ "type": "Feature", "properties": { "id": "sehirAtlasi.850", "kentAtlasiDegeriKodu": "11230", "kentAtlasiDegeri": "Düşük Yoğunluklu Süreksiz Kentsel Alan (10% - 30%)", "gecirimsizlikKatmani": 0, "tucbsNo": "CBSGM_1_7976557", "aciklama": null, "gecerlilikBaslangici": "2019-09-13T00:00:00Z", "gecerlilikSonu": null, "gozlemTarihi": null, "hilucsAraziKullanimi": null, "hilucsDurumu": null, "olcek": "1:10000", "surumBaslangicZamani": null, "surumBitisZamani": null, "total_population": 0.0, "estimated_water_supply": 0.52556465883639436, "population_pressure": 0.0, "urban_water_stress_score": 0.0 }, "geometry": { "type": "MultiPolygon", "coordinates": [ [ [ [ 32.7081, 39.7774 ], [ 32.7082, 39.7775 ], [ 32.7084, 39.7775 ], [ 32.7084, 39.7774 ], [ 32.7082, 39.7773 ], [ 32.7082, 39.7772 ], [ 32.7082, 39.7772 ], [ 32.7081, 39.7772 ], [ 32.7081, 39.7774 ] ] ] ] } },
{ "type": "Feature", "properties": { "id": "sehirAtlasi.851", "kentAtlasiDegeriKodu": "11230", "kentAtlasiDegeri": "Düşük Yoğunluklu Süreksiz Kentsel Alan (10% - 30%)", "gecirimsizlikKatmani": 0, "tucbsNo": "CBSGM_1_7976558", "aciklama": null, "gecerlilikBaslangici": "2019-09-16T00:00:00Z", "gecerlilikSonu": null, "gozlemTarihi": null, "hilucsAraziKullanimi": null, "hilucsDurumu": null, "olcek": "1:10000", "surumBaslangicZamani": null, "surumBitisZamani": null, "total_population": 0.0, "estimated_water_supply": 1.3622926214566917, "population_pressure": 0.0, "urban_water_stress_score": 0.0 }, "geometry": { "type": "MultiPolygon", "coordinates": [ [ [ [ 33.0546, 40.242 ], [ 33.0547, 40.2422 ], [ 33.0549, 40.2421 ], [ 33.055, 40.242 ], [ 33.055, 40.2419 ], [ 33.0546, 40.242 ] ] ] ] } },
{ "type": "Feature", "properties": { "id": "sehirAtlasi.852", "kentAtlasiDegeriKodu": "11230", "kentAtlasiDegeri": "Düşük Yoğunluklu Süreksiz Kentsel Alan (10% - 30%)", "gecirimsizlikKatmani": 0, "tucbsNo": "CBSGM_1_7976559", "aciklama": null, "gecerlilikBaslangici": "2019-09-16T00:00:00Z", "gecerlilikSonu": null, "gozlemTarihi": null, "hilucsAraziKullanimi": null, "hilucsDurumu": null, "olcek": "1:10000", "surumBaslangicZamani": null, "surumBitisZamani": null, "total_population": 0.0, "estimated_water_supply": 1.3634846211011673, "population_pressure": 0.0, "urban_water_stress_score": 0.0 }, "geometry": { "type": "MultiPolygon", "coordinates": [ [ [ [ 33.0538, 40.2421 ], [ 33.0542, 40.2422 ], [ 33.0543, 40.2422 ], [ 33.0543, 40.242 ], [ 33.0539, 40.2419 ], [ 33.0538, 40.2421 ] ] ] ] } },
{ "type": "Feature", "properties": { "id": "sehirAtlasi.853", "kentAtlasiDegeriKodu": "11230", "kentAtlasiDegeri": "Düşük Yoğunluklu Süreksiz Kentsel Alan (10% - 30%)", "gecirimsizlikKatmani": 0, "tucbsNo": "CBSGM_1_7976560", "aciklama": null, "gecerlilikBaslangici": "2019-09-16T00:00:00Z", "gecerlilikSonu": null, "gozlemTarihi": null, "hilucsAraziKullanimi": null, "hilucsDurumu": null, "olcek": "1:10000", "surumBaslangicZamani": null, "surumBitisZamani": null, "total_population": 0.0, "estimated_water_supply": 1.3639510115626265, "population_pressure": 0.0, "urban_water_stress_score": 0.0 }, "geometry": { "type": "MultiPolygon", "coordinates": [ [ [ [ 33.0541, 40.2425 ], [ 33.0545, 40.2423 ], [ 33.0542, 40.2423 ], [ 33.0541, 40.2423 ], [ 33.054, 40.2422 ], [ 33.0539, 40.2424 ], [ 33.0541, 40.2425 ] ] ] ] } },
{ "type": "Feature", "properties": { "id": "sehirAtlasi.854", "kentAtlasiDegeriKodu": "22000", "kentAtlasiDegeri": "Sürekli Ürünler", "gecirimsizlikKatmani": 0, "tucbsNo": "CBSGM_1_7976561", "aciklama": null, "gecerlilikBaslangici": "2019-09-16T00:00:00Z", "gecerlilikSonu": null, "gozlemTarihi": null, "hilucsAraziKullanimi": null, "hilucsDurumu": null, "olcek": "1:10000", "surumBaslangicZamani": null, "surumBitisZamani": null, "total_population": 0.0, "estimated_water_supply": 1.3772455686414427, "population_pressure": 0.0, "urban_water_stress_score": 0.0 }, "geometry": { "type": "MultiPolygon", "coordinates": [ [ [ [ 33.0489, 40.2408 ], [ 33.0489, 40.241 ], [ 33.0489, 40.241 ], [ 33.0492, 40.241 ], [ 33.0492, 40.2408 ], [ 33.0489, 40.2408 ] ] ] ] } },
{ "type": "Feature", "properties": { "id": "sehirAtlasi.855", "kentAtlasiDegeriKodu": "11230", "kentAtlasiDegeri": "Düşük Yoğunluklu Süreksiz Kentsel Alan (10% - 30%)", "gecirimsizlikKatmani": 0, "tucbsNo": "CBSGM_1_7976562", "aciklama": null, "gecerlilikBaslangici": "2019-09-16T00:00:00Z", "gecerlilikSonu": null, "gozlemTarihi": null, "hilucsAraziKullanimi": null, "hilucsDurumu": null, "olcek": "1:10000", "surumBaslangicZamani": null, "surumBitisZamani": null, "total_population": 0.0, "estimated_water_supply": 1.3784660993915079, "population_pressure": 0.0, "urban_water_stress_score": 0.0 }, "geometry": { "type": "MultiPolygon", "coordinates": [ [ [ [ 33.0468, 40.2399 ], [ 33.0469, 40.2399 ], [ 33.047, 40.2398 ], [ 33.0471, 40.2397 ], [ 33.0472, 40.2396 ], [ 33.0468, 40.2396 ], [ 33.0468, 40.2399 ] ] ] ] } },
{ "type": "Feature", "properties": { "id": "sehirAtlasi.856", "kentAtlasiDegeriKodu": "11230", "kentAtlasiDegeri": "Düşük Yoğunluklu Süreksiz Kentsel Alan (10% - 30%)", "gecirimsizlikKatmani": 0, "tucbsNo": "CBSGM_1_7976563", "aciklama": null, "gecerlilikBaslangici": "2019-09-16T00:00:00Z", "gecerlilikSonu": null, "gozlemTarihi": null, "hilucsAraziKullanimi": null, "hilucsDurumu": null, "olcek": "1:10000", "surumBaslangicZamani": null, "surumBitisZamani": null, "total_population": 0.0, "estimated_water_supply": 1.3806504686360803, "population_pressure": 0.0, "urban_water_stress_score": 0.0 }, "geometry": { "type": "MultiPolygon", "coordinates": [ [ [ [ 33.0448, 40.2395 ], [ 33.0449, 40.2397 ], [ 33.0449, 40.2397 ], [ 33.0449, 40.2397 ], [ 33.0449, 40.2397 ], [ 33.0452, 40.2398 ], [ 33.0451, 40.24 ], [ 33.0454, 40.24 ], [ 33.0454, 40.2398 ], [ 33.0464, 40.2399 ], [ 33.0465, 40.2396 ], [ 33.0464, 40.2396 ], [ 33.0464, 40.2396 ], [ 33.0456, 40.2395 ], [ 33.0448, 40.2395 ] ] ] ] } },
{ "type": "Feature", "properties": { "id": "sehirAtlasi.857", "kentAtlasiDegeriKodu": "12120", "kentAtlasiDegeri": "Ticaret Alanları", "gecirimsizlikKatmani": 0, "tucbsNo": "CBSGM_1_7976564", "aciklama": null, "gecerlilikBaslangici": "2019-09-13T00:00:00Z", "gecerlilikSonu": null, "gozlemTarihi": null, "hilucsAraziKullanimi": null, "hilucsDurumu": null, "olcek": "1:10000", "surumBaslangicZamani": null, "surumBitisZamani": null, "total_population": 0.0, "estimated_water_supply": 1.1937920054906428, "population_pressure": 0.0, "urban_water_stress_score": 0.0 }, "geometry": { "type": "MultiPolygon", "coordinates": [ [ [ [ 32.9742, 40.1069 ], [ 32.9742, 40.107 ], [ 32.9742, 40.1072 ], [ 32.9743, 40.1074 ], [ 32.9744, 40.1075 ], [ 32.9745, 40.1075 ], [ 32.9747, 40.1075 ], [ 32.9746, 40.1073 ], [ 32.9746, 40.1072 ], [ 32.9746, 40.1071 ], [ 32.9745, 40.1069 ], [ 32.9742, 40.1069 ] ] ] ] } },
{ "type": "Feature", "properties": { "id": "sehirAtlasi.858", "kentAtlasiDegeriKodu": "11240", "kentAtlasiDegeri": "Çok Düşük Yoğunluklu Süreksiz Kentsel Alan (< 10%)", "gecirimsizlikKatmani": 4, "tucbsNo": "CBSGM_1_9021504", "aciklama": null, "gecerlilikBaslangici": "2019-04-29T00:00:00Z", "gecerlilikSonu": null, "gozlemTarihi": null, "hilucsAraziKullanimi": null, "hilucsDurumu": null, "olcek": "1:10000", "surumBaslangicZamani": null, "surumBitisZamani": null, "total_population": 0.0, "estimated_water_supply": 0.4192701072211677, "population_pressure": 0.0, "urban_water_stress_score": 0.0 }, "geometry": { "type": "MultiPolygon", "coordinates": [ [ [ [ 35.2316, 38.7661 ], [ 35.2314, 38.7659 ], [ 35.2314, 38.7659 ], [ 35.2314, 38.7659 ], [ 35.2314, 38.7659 ], [ 35.2314, 38.7659 ], [ 35.2314, 38.7659 ], [ 35.2314, 38.7658 ], [ 35.2314, 38.7658 ], [ 35.2314, 38.7658 ], [ 35.2314, 38.7658 ], [ 35.2314, 38.7658 ], [ 35.2314, 38.7658 ], [ 35.2314, 38.7658 ], [ 35.2314, 38.7658 ], [ 35.2314, 38.7658 ], [ 35.2315, 38.7657 ], [ 35.2314, 38.7656 ], [ 35.2311, 38.7654 ], [ 35.231, 38.7654 ], [ 35.2309, 38.7654 ], [ 35.2307, 38.7653 ], [ 35.2307, 38.7654 ], [ 35.2307, 38.7655 ], [ 35.2309, 38.7657 ], [ 35.2309, 38.7658 ], [ 35.231, 38.7659 ], [ 35.2314, 38.7663 ], [ 35.2314, 38.7663 ], [ 35.2314, 38.7663 ], [ 35.2314, 38.7663 ], [ 35.2315, 38.7663 ], [ 35.2315, 38.7663 ], [ 35.2315, 38.7663 ], [ 35.2315, 38.7663 ], [ 35.2315, 38.7662 ], [ 35.2315, 38.7662 ], [ 35.2315, 38.7662 ], [ 35.2315, 38.7662 ], [ 35.2316, 38.7661 ] ] ] ] } },
{ "type": "Feature", "properties": { "id": "sehirAtlasi.859", "kentAtlasiDegeriKodu": "11230", "kentAtlasiDegeri": "Düşük Yoğunluklu Süreksiz Kentsel Alan (10% - 30%)", "gecirimsizlikKatmani": 0, "tucbsNo": "CBSGM_1_7976565", "aciklama": null, "gecerlilikBaslangici": "2019-09-13T00:00:00Z", "gecerlilikSonu": null, "gozlemTarihi": null, "hilucsAraziKullanimi": null, "hilucsDurumu": null, "olcek": "1:10000", "surumBaslangicZamani": null, "surumBitisZamani": null, "total_population": 0.0, "estimated_water_supply": 1.193561537052733, "population_pressure": 0.0, "urban_water_stress_score": 0.0 }, "geometry": { "type": "MultiPolygon", "coordinates": [ [ [ [ 32.9741, 40.1067 ], [ 32.9742, 40.1067 ], [ 32.9744, 40.1067 ], [ 32.9745, 40.1066 ], [ 32.9745, 40.1066 ], [ 32.9745, 40.1066 ], [ 32.9742, 40.1066 ], [ 32.9741, 40.1067 ] ] ] ] } },
{ "type": "Feature", "properties": { "id": "sehirAtlasi.860", "kentAtlasiDegeriKodu": "11230", "kentAtlasiDegeri": "Düşük Yoğunluklu Süreksiz Kentsel Alan (10% - 30%)", "gecirimsizlikKatmani": 0, "tucbsNo": "CBSGM_1_7976566", "aciklama": null, "gecerlilikBaslangici": "2019-09-13T00:00:00Z", "gecerlilikSonu": null, "gozlemTarihi": null, "hilucsAraziKullanimi": null, "hilucsDurumu": null, "olcek": "1:10000", "surumBaslangicZamani": null, "surumBitisZamani": null, "total_population": 0.0, "estimated_water_supply": 1.1924566307291904, "population_pressure": 0.0, "urban_water_stress_score": 0.0 }, "geometry": { "type": "MultiPolygon", "coordinates": [ [ [ [ 32.9746, 40.1058 ], [ 32.9749, 40.1058 ], [ 32.9749, 40.1057 ], [ 32.9747, 40.1056 ], [ 32.9746, 40.1058 ] ] ] ] } },
{ "type": "Feature", "properties": { "id": "sehirAtlasi.861", "kentAtlasiDegeriKodu": "11230", "kentAtlasiDegeri": "Düşük Yoğunluklu Süreksiz Kentsel Alan (10% - 30%)", "gecirimsizlikKatmani": 0, "tucbsNo": "CBSGM_1_7976567", "aciklama": null, "gecerlilikBaslangici": "2019-09-13T00:00:00Z", "gecerlilikSonu": null, "gozlemTarihi": null, "hilucsAraziKullanimi": null, "hilucsDurumu": null, "olcek": "1:10000", "surumBaslangicZamani": null, "surumBitisZamani": null, "total_population": 0.0, "estimated_water_supply": 1.192136831751696, "population_pressure": 0.0, "urban_water_stress_score": 0.0 }, "geometry": { "type": "MultiPolygon", "coordinates": [ [ [ [ 32.9749, 40.1054 ], [ 32.975, 40.1052 ], [ 32.9748, 40.1051 ], [ 32.9747, 40.1051 ], [ 32.9746, 40.1054 ], [ 32.9749, 40.1054 ] ] ] ] } },
{ "type": "Feature", "properties": { "id": "sehirAtlasi.862", "kentAtlasiDegeriKodu": "11230", "kentAtlasiDegeri": "Düşük Yoğunluklu Süreksiz Kentsel Alan (10% - 30%)", "gecirimsizlikKatmani": 0, "tucbsNo": "CBSGM_1_7976568", "aciklama": null, "gecerlilikBaslangici": "2019-09-13T00:00:00Z", "gecerlilikSonu": null, "gozlemTarihi": null, "hilucsAraziKullanimi": null, "hilucsDurumu": null, "olcek": "1:10000", "surumBaslangicZamani": null, "surumBitisZamani": null, "total_population": 0.0, "estimated_water_supply": 1.1923842199099077, "population_pressure": 0.0, "urban_water_stress_score": 0.0 }, "geometry": { "type": "MultiPolygon", "coordinates": [ [ [ [ 32.9746, 40.105 ], [ 32.9746, 40.105 ], [ 32.9746, 40.105 ], [ 32.9746, 40.1049 ], [ 32.9746, 40.1049 ], [ 32.9746, 40.1049 ], [ 32.9745, 40.1046 ], [ 32.9745, 40.1045 ], [ 32.9744, 40.1044 ], [ 32.9743, 40.1044 ], [ 32.9742, 40.1045 ], [ 32.9742, 40.1047 ], [ 32.9742, 40.1051 ], [ 32.9741, 40.1054 ], [ 32.9741, 40.1054 ], [ 32.9743, 40.1054 ], [ 32.9743, 40.1051 ], [ 32.9745, 40.1051 ], [ 32.9745, 40.105 ], [ 32.9746, 40.105 ], [ 32.9746, 40.105 ] ] ] ] } },
{ "type": "Feature", "properties": { "id": "sehirAtlasi.863", "kentAtlasiDegeriKodu": "32000", "kentAtlasiDegeri": "Maki veya Otsu Bitkiler", "gecirimsizlikKatmani": 0, "tucbsNo": "CBSGM_1_7976569", "aciklama": null, "gecerlilikBaslangici": "2019-09-13T00:00:00Z", "gecerlilikSonu": null, "gozlemTarihi": null, "hilucsAraziKullanimi": null, "hilucsDurumu": null, "olcek": "1:10000", "surumBaslangicZamani": null, "surumBitisZamani": null, "total_population": 0.0, "estimated_water_supply": 1.2024641203363533, "population_pressure": 0.0, "urban_water_stress_score": 0.0 }, "geometry": { "type": "MultiPolygon", "coordinates": [ [ [ [ 32.9742, 40.1021 ], [ 32.9742, 40.1021 ], [ 32.9744, 40.1021 ], [ 32.9744, 40.1022 ], [ 32.9745, 40.1023 ], [ 32.9746, 40.1024 ], [ 32.9746, 40.1026 ], [ 32.9746, 40.1027 ], [ 32.9745, 40.1028 ], [ 32.9745, 40.1028 ], [ 32.9746, 40.1029 ], [ 32.9747, 40.103 ], [ 32.9748, 40.103 ], [ 32.9748, 40.1023 ], [ 32.9751, 40.1022 ], [ 32.9751, 40.1023 ], [ 32.9751, 40.1023 ], [ 32.9752, 40.1022 ], [ 32.9752, 40.1021 ], [ 32.9752, 40.1021 ], [ 32.9742, 40.1021 ], [ 32.9742, 40.1021 ] ] ] ] } },
{ "type": "Feature", "properties": { "id": "sehirAtlasi.864", "kentAtlasiDegeriKodu": "13400", "kentAtlasiDegeri": "Mevcut Kullanımı Olmayan Alanlar", "gecirimsizlikKatmani": 0, "tucbsNo": "CBSGM_1_9021505", "aciklama": null, "gecerlilikBaslangici": "2019-04-29T00:00:00Z", "gecerlilikSonu": null, "gozlemTarihi": null, "hilucsAraziKullanimi": null, "hilucsDurumu": null, "olcek": "1:10000", "surumBaslangicZamani": null, "surumBitisZamani": null, "total_population": 0.0, "estimated_water_supply": 0.46533511861997678, "population_pressure": 0.0, "urban_water_stress_score": 0.0 }, "geometry": { "type": "MultiPolygon", "coordinates": [ [ [ [ 35.2303, 38.7911 ], [ 35.2297, 38.7912 ], [ 35.2297, 38.7913 ], [ 35.2299, 38.7916 ], [ 35.2302, 38.792 ], [ 35.2308, 38.7917 ], [ 35.2305, 38.7913 ], [ 35.2304, 38.7912 ], [ 35.2303, 38.7911 ] ] ] ] } },
{ "type": "Feature", "properties": { "id": "sehirAtlasi.865", "kentAtlasiDegeriKodu": "11230", "kentAtlasiDegeri": "Düşük Yoğunluklu Süreksiz Kentsel Alan (10% - 30%)", "gecirimsizlikKatmani": 0, "tucbsNo": "CBSGM_1_7976570", "aciklama": null, "gecerlilikBaslangici": "2019-09-13T00:00:00Z", "gecerlilikSonu": null, "gozlemTarihi": null, "hilucsAraziKullanimi": null, "hilucsDurumu": null, "olcek": "1:10000", "surumBaslangicZamani": null, "surumBitisZamani": null, "total_population": 0.0, "estimated_water_supply": 0.52997611267312195, "population_pressure": 0.0, "urban_water_stress_score": 0.0 }, "geometry": { "type": "MultiPolygon", "coordinates": [ [ [ [ 32.7167, 39.779 ], [ 32.7168, 39.7791 ], [ 32.717, 39.7791 ], [ 32.7169, 39.7789 ], [ 32.7167, 39.779 ] ] ] ] } },
{ "type": "Feature", "properties": { "id": "sehirAtlasi.866", "kentAtlasiDegeriKodu": "11240", "kentAtlasiDegeri": "Çok Düşük Yoğunluklu Süreksiz Kentsel Alan (< 10%)", "gecirimsizlikKatmani": 0, "tucbsNo": "CBSGM_1_7976571", "aciklama": null, "gecerlilikBaslangici": "2019-09-13T00:00:00Z", "gecerlilikSonu": null, "gozlemTarihi": null, "hilucsAraziKullanimi": null, "hilucsDurumu": null, "olcek": "1:10000", "surumBaslangicZamani": null, "surumBitisZamani": null, "total_population": 0.0, "estimated_water_supply": 0.53140734965072445, "population_pressure": 0.0, "urban_water_stress_score": 0.0 }, "geometry": { "type": "MultiPolygon", "coordinates": [ [ [ [ 32.7179, 39.7765 ], [ 32.7176, 39.7763 ], [ 32.7174, 39.7764 ], [ 32.7176, 39.7767 ], [ 32.7179, 39.7765 ] ] ] ] } },
{ "type": "Feature", "properties": { "id": "sehirAtlasi.867", "kentAtlasiDegeriKodu": "22000", "kentAtlasiDegeri": "Sürekli Ürünler", "gecirimsizlikKatmani": 0, "tucbsNo": "CBSGM_1_7976572", "aciklama": null, "gecerlilikBaslangici": "2019-09-13T00:00:00Z", "gecerlilikSonu": null, "gozlemTarihi": null, "hilucsAraziKullanimi": null, "hilucsDurumu": null, "olcek": "1:10000", "surumBaslangicZamani": null, "surumBitisZamani": null, "total_population": 0.0, "estimated_water_supply": 0.53025422112313902, "population_pressure": 0.0, "urban_water_stress_score": 0.0 }, "geometry": { "type": "MultiPolygon", "coordinates": [ [ [ [ 32.7159, 39.7768 ], [ 32.7159, 39.7763 ], [ 32.7156, 39.7763 ], [ 32.7156, 39.7769 ], [ 32.7159, 39.7768 ] ] ] ] } },
{ "type": "Feature", "properties": { "id": "sehirAtlasi.868", "kentAtlasiDegeriKodu": "50000", "kentAtlasiDegeri": "Su Alanları", "gecirimsizlikKatmani": 0, "tucbsNo": "CBSGM_1_8933243", "aciklama": null, "gecerlilikBaslangici": "2019-12-16T00:00:00Z", "gecerlilikSonu": null, "gozlemTarihi": null, "hilucsAraziKullanimi": null, "hilucsDurumu": null, "olcek": "1:10000", "surumBaslangicZamani": null, "surumBitisZamani": null, "total_population": 0.0, "estimated_water_supply": 0.80819841900796019, "population_pressure": 0.0, "urban_water_stress_score": 0.0 }, "geometry": { "type": "MultiPolygon", "coordinates": [ [ [ [ 30.6163, 40.0332 ], [ 30.6158, 40.0334 ], [ 30.6159, 40.0335 ], [ 30.616, 40.0337 ], [ 30.6159, 40.0338 ], [ 30.6153, 40.0342 ], [ 30.6152, 40.0343 ], [ 30.6154, 40.0342 ], [ 30.6156, 40.0341 ], [ 30.6156, 40.0341 ], [ 30.6157, 40.0341 ], [ 30.6157, 40.0341 ], [ 30.6157, 40.0341 ], [ 30.6161, 40.0338 ], [ 30.6162, 40.0339 ], [ 30.6163, 40.0336 ], [ 30.6166, 40.0334 ], [ 30.6166, 40.0334 ], [ 30.6165, 40.0333 ], [ 30.6163, 40.0332 ] ] ] ] } },
{ "type": "Feature", "properties": { "id": "sehirAtlasi.869", "kentAtlasiDegeriKodu": "11210", "kentAtlasiDegeri": "Yüksek Yoğunluklu Süreksiz Kentsel Alan (50% - 80%)", "gecirimsizlikKatmani": 43, "tucbsNo": "CBSGM_1_8933244", "aciklama": null, "gecerlilikBaslangici": "2019-02-11T00:00:00Z", "gecerlilikSonu": null, "gozlemTarihi": null, "hilucsAraziKullanimi": null, "hilucsDurumu": null, "olcek": "1:10000", "surumBaslangicZamani": null, "surumBitisZamani": null, "total_population": 0.0, "estimated_water_supply": 0.80617337274848566, "population_pressure": 0.0, "urban_water_stress_score": 0.0 }, "geometry": { "type": "MultiPolygon", "coordinates": [ [ [ [ 30.6155, 40.0359 ], [ 30.6154, 40.0357 ], [ 30.6154, 40.0357 ], [ 30.6154, 40.0357 ], [ 30.6154, 40.0355 ], [ 30.6153, 40.0354 ], [ 30.6152, 40.0354 ], [ 30.6152, 40.0355 ], [ 30.6151, 40.0364 ], [ 30.6154, 40.0365 ], [ 30.6155, 40.0359 ] ] ] ] } },
{ "type": "Feature", "properties": { "id": "sehirAtlasi.870", "kentAtlasiDegeriKodu": "14200", "kentAtlasiDegeri": "Spor Ve Eğlence Alanları", "gecirimsizlikKatmani": 7, "tucbsNo": "CBSGM_1_8933245", "aciklama": null, "gecerlilikBaslangici": "2019-06-14T00:00:00Z", "gecerlilikSonu": null, "gozlemTarihi": null, "hilucsAraziKullanimi": null, "hilucsDurumu": null, "olcek": "1:10000", "surumBaslangicZamani": null, "surumBitisZamani": null, "total_population": 0.0, "estimated_water_supply": 0.79238016084032581, "population_pressure": 0.0, "urban_water_stress_score": 0.0 }, "geometry": { "type": "MultiPolygon", "coordinates": [ [ [ [ 30.6146, 40.0379 ], [ 30.6132, 40.0379 ], [ 30.6132, 40.0385 ], [ 30.6132, 40.0385 ], [ 30.6132, 40.0389 ], [ 30.6135, 40.0392 ], [ 30.6139, 40.0393 ], [ 30.6141, 40.0393 ], [ 30.6143, 40.0391 ], [ 30.6145, 40.0383 ], [ 30.6146, 40.0379 ] ] ] ] } },
{ "type": "Feature", "properties": { "id": "sehirAtlasi.871", "kentAtlasiDegeriKodu": "12120", "kentAtlasiDegeri": "Ticaret Alanları", "gecirimsizlikKatmani": 0, "tucbsNo": "CBSGM_1_7976573", "aciklama": null, "gecerlilikBaslangici": "2019-09-13T00:00:00Z", "gecerlilikSonu": null, "gozlemTarihi": null, "hilucsAraziKullanimi": null, "hilucsDurumu": null, "olcek": "1:10000", "surumBaslangicZamani": null, "surumBitisZamani": null, "total_population": 0.0, "estimated_water_supply": 1.2182927415887914, "population_pressure": 0.0, "urban_water_stress_score": 0.0 }, "geometry": { "type": "MultiPolygon", "coordinates": [ [ [ [ 32.9825, 40.1261 ], [ 32.9827, 40.1264 ], [ 32.9831, 40.1266 ], [ 32.9832, 40.1269 ], [ 32.9836, 40.1268 ], [ 32.9832, 40.1259 ], [ 32.9825, 40.1261 ] ] ] ] } },
{ "type": "Feature", "properties": { "id": "sehirAtlasi.872", "kentAtlasiDegeriKodu": "11240", "kentAtlasiDegeri": "Çok Düşük Yoğunluklu Süreksiz Kentsel Alan (< 10%)", "gecirimsizlikKatmani": 0, "tucbsNo": "CBSGM_1_7976574", "aciklama": null, "gecerlilikBaslangici": "2019-09-13T00:00:00Z", "gecerlilikSonu": null, "gozlemTarihi": null, "hilucsAraziKullanimi": null, "hilucsDurumu": null, "olcek": "1:10000", "surumBaslangicZamani": null, "surumBitisZamani": null, "total_population": 0.0, "estimated_water_supply": 1.2287213155288244, "population_pressure": 0.0, "urban_water_stress_score": 0.0 }, "geometry": { "type": "MultiPolygon", "coordinates": [ [ [ [ 32.9795, 40.1314 ], [ 32.9799, 40.1313 ], [ 32.9799, 40.1313 ], [ 32.9799, 40.1313 ], [ 32.9798, 40.1311 ], [ 32.9796, 40.1312 ], [ 32.9796, 40.1313 ], [ 32.9795, 40.1314 ], [ 32.9795, 40.1313 ], [ 32.9794, 40.1313 ], [ 32.9795, 40.1314 ] ] ] ] } },
{ "type": "Feature", "properties": { "id": "sehirAtlasi.873", "kentAtlasiDegeriKodu": "11230", "kentAtlasiDegeri": "Düşük Yoğunluklu Süreksiz Kentsel Alan (10% - 30%)", "gecirimsizlikKatmani": 0, "tucbsNo": "CBSGM_1_7976575", "aciklama": null, "gecerlilikBaslangici": "2019-09-13T00:00:00Z", "gecerlilikSonu": null, "gozlemTarihi": null, "hilucsAraziKullanimi": null, "hilucsDurumu": null, "olcek": "1:10000", "surumBaslangicZamani": null, "surumBitisZamani": null, "total_population": 0.0, "estimated_water_supply": 1.2286278056714282, "population_pressure": 0.0, "urban_water_stress_score": 0.0 }, "geometry": { "type": "MultiPolygon", "coordinates": [ [ [ [ 32.9849, 40.1393 ], [ 32.9851, 40.1396 ], [ 32.9853, 40.1395 ], [ 32.9854, 40.1394 ], [ 32.9853, 40.1392 ], [ 32.9849, 40.1393 ] ] ] ] } },
{ "type": "Feature", "properties": { "id": "sehirAtlasi.874", "kentAtlasiDegeriKodu": "11230", "kentAtlasiDegeri": "Düşük Yoğunluklu Süreksiz Kentsel Alan (10% - 30%)", "gecirimsizlikKatmani": 0, "tucbsNo": "CBSGM_1_7976576", "aciklama": null, "gecerlilikBaslangici": "2019-09-13T00:00:00Z", "gecerlilikSonu": null, "gozlemTarihi": null, "hilucsAraziKullanimi": null, "hilucsDurumu": null, "olcek": "1:10000", "surumBaslangicZamani": null, "surumBitisZamani": null, "total_population": 0.0, "estimated_water_supply": 1.2280847807719277, "population_pressure": 0.0, "urban_water_stress_score": 0.0 }, "geometry": { "type": "MultiPolygon", "coordinates": [ [ [ [ 32.9849, 40.1388 ], [ 32.985, 40.139 ], [ 32.9854, 40.1389 ], [ 32.9853, 40.1387 ], [ 32.9849, 40.1388 ] ] ] ] } },
{ "type": "Feature", "properties": { "id": "sehirAtlasi.875", "kentAtlasiDegeriKodu": "22000", "kentAtlasiDegeri": "Sürekli Ürünler", "gecirimsizlikKatmani": 0, "tucbsNo": "CBSGM_1_7976577", "aciklama": null, "gecerlilikBaslangici": "2019-09-13T00:00:00Z", "gecerlilikSonu": null, "gozlemTarihi": null, "hilucsAraziKullanimi": null, "hilucsDurumu": null, "olcek": "1:10000", "surumBaslangicZamani": null, "surumBitisZamani": null, "total_population": 0.0, "estimated_water_supply": 1.2187788073078127, "population_pressure": 0.0, "urban_water_stress_score": 0.0 }, "geometry": { "type": "MultiPolygon", "coordinates": [ [ [ [ 32.99, 40.1372 ], [ 32.9903, 40.1374 ], [ 32.9904, 40.1373 ], [ 32.9903, 40.137 ], [ 32.99, 40.1372 ] ] ] ] } },
{ "type": "Feature", "properties": { "id": "sehirAtlasi.876", "kentAtlasiDegeriKodu": "11230", "kentAtlasiDegeri": "Düşük Yoğunluklu Süreksiz Kentsel Alan (10% - 30%)", "gecirimsizlikKatmani": 0, "tucbsNo": "CBSGM_1_7976578", "aciklama": null, "gecerlilikBaslangici": "2019-09-13T00:00:00Z", "gecerlilikSonu": null, "gozlemTarihi": null, "hilucsAraziKullanimi": null, "hilucsDurumu": null, "olcek": "1:10000", "surumBaslangicZamani": null, "surumBitisZamani": null, "total_population": 0.0, "estimated_water_supply": 1.2038310203344258, "population_pressure": 0.0, "urban_water_stress_score": 0.0 }, "geometry": { "type": "MultiPolygon", "coordinates": [ [ [ [ 32.9967, 40.1433 ], [ 32.9969, 40.1434 ], [ 32.997, 40.1433 ], [ 32.9969, 40.1432 ], [ 32.9967, 40.1433 ] ] ] ] } },
{ "type": "Feature", "properties": { "id": "sehirAtlasi.877", "kentAtlasiDegeriKodu": "12130", "kentAtlasiDegeri": "Kamu Alanları", "gecirimsizlikKatmani": 14, "tucbsNo": "CBSGM_1_8933246", "aciklama": null, "gecerlilikBaslangici": "2019-12-16T00:00:00Z", "gecerlilikSonu": null, "gozlemTarihi": null, "hilucsAraziKullanimi": null, "hilucsDurumu": null, "olcek": "1:10000", "surumBaslangicZamani": null, "surumBitisZamani": null, "total_population": 0.0, "estimated_water_supply": 0.80554059764040742, "population_pressure": 0.0, "urban_water_stress_score": 0.0 }, "geometry": { "type": "MultiPolygon", "coordinates": [ [ [ [ 30.6125, 40.0367 ], [ 30.6128, 40.0362 ], [ 30.6121, 40.0361 ], [ 30.6121, 40.0361 ], [ 30.6121, 40.0361 ], [ 30.612, 40.0367 ], [ 30.6122, 40.0367 ], [ 30.6125, 40.0367 ] ] ] ] } },
{ "type": "Feature", "properties": { "id": "sehirAtlasi.878", "kentAtlasiDegeriKodu": "11240", "kentAtlasiDegeri": "Çok Düşük Yoğunluklu Süreksiz Kentsel Alan (< 10%)", "gecirimsizlikKatmani": 0, "tucbsNo": "CBSGM_1_7976579", "aciklama": null, "gecerlilikBaslangici": "2019-09-13T00:00:00Z", "gecerlilikSonu": null, "gozlemTarihi": null, "hilucsAraziKullanimi": null, "hilucsDurumu": null, "olcek": "1:10000", "surumBaslangicZamani": null, "surumBitisZamani": null, "total_population": 0.0, "estimated_water_supply": 1.2180768228516725, "population_pressure": 0.0, "urban_water_stress_score": 0.0 }, "geometry": { "type": "MultiPolygon", "coordinates": [ [ [ [ 33.0105, 40.1565 ], [ 33.0105, 40.1565 ], [ 33.0106, 40.1565 ], [ 33.0106, 40.1565 ], [ 33.0108, 40.1564 ], [ 33.0108, 40.1564 ], [ 33.0108, 40.1564 ], [ 33.0109, 40.1564 ], [ 33.0109, 40.1564 ], [ 33.0109, 40.1564 ], [ 33.011, 40.1564 ], [ 33.011, 40.1564 ], [ 33.0111, 40.1564 ], [ 33.0112, 40.1565 ], [ 33.0111, 40.1562 ], [ 33.0111, 40.1562 ], [ 33.0111, 40.1562 ], [ 33.0111, 40.1562 ], [ 33.0111, 40.1562 ], [ 33.0111, 40.1562 ], [ 33.0111, 40.1562 ], [ 33.0111, 40.1562 ], [ 33.0112, 40.1563 ], [ 33.0115, 40.1561 ], [ 33.0109, 40.1549 ], [ 33.0109, 40.1549 ], [ 33.0109, 40.1549 ], [ 33.0105, 40.1565 ] ] ] ] } },
{ "type": "Feature", "properties": { "id": "sehirAtlasi.879", "kentAtlasiDegeriKodu": "11230", "kentAtlasiDegeri": "Düşük Yoğunluklu Süreksiz Kentsel Alan (10% - 30%)", "gecirimsizlikKatmani": 0, "tucbsNo": "CBSGM_1_7976580", "aciklama": null, "gecerlilikBaslangici": "2019-09-13T00:00:00Z", "gecerlilikSonu": null, "gozlemTarihi": null, "hilucsAraziKullanimi": null, "hilucsDurumu": null, "olcek": "1:10000", "surumBaslangicZamani": null, "surumBitisZamani": null, "total_population": 0.0, "estimated_water_supply": 1.2204226867907777, "population_pressure": 0.0, "urban_water_stress_score": 0.0 }, "geometry": { "type": "MultiPolygon", "coordinates": [ [ [ [ 33.0091, 40.1567 ], [ 33.0091, 40.1567 ], [ 33.0093, 40.1567 ], [ 33.0093, 40.1567 ], [ 33.0094, 40.1567 ], [ 33.0094, 40.1567 ], [ 33.0094, 40.1567 ], [ 33.0094, 40.1567 ], [ 33.0097, 40.1566 ], [ 33.0097, 40.1566 ], [ 33.0095, 40.1564 ], [ 33.0093, 40.1564 ], [ 33.0093, 40.1563 ], [ 33.009, 40.1563 ], [ 33.0091, 40.1567 ] ] ] ] } },
{ "type": "Feature", "properties": { "id": "sehirAtlasi.880", "kentAtlasiDegeriKodu": "33000", "kentAtlasiDegeri": "Bitki Örtüsü Az Ya da Olmayan Alanlar", "gecirimsizlikKatmani": 0, "tucbsNo": "CBSGM_1_7976581", "aciklama": null, "gecerlilikBaslangici": "2019-09-13T00:00:00Z", "gecerlilikSonu": null, "gozlemTarihi": null, "hilucsAraziKullanimi": null, "hilucsDurumu": null, "olcek": "1:10000", "surumBaslangicZamani": null, "surumBitisZamani": null, "total_population": 0.0, "estimated_water_supply": 0.5266828280711302, "population_pressure": 0.0, "urban_water_stress_score": 0.0 }, "geometry": { "type": "MultiPolygon", "coordinates": [ [ [ [ 32.7093, 39.7765 ], [ 32.7095, 39.7766 ], [ 32.7097, 39.7765 ], [ 32.7098, 39.7764 ], [ 32.7097, 39.7762 ], [ 32.7095, 39.7761 ], [ 32.7094, 39.776 ], [ 32.7094, 39.7758 ], [ 32.7093, 39.7758 ], [ 32.7092, 39.7758 ], [ 32.7093, 39.776 ], [ 32.7093, 39.7763 ], [ 32.7093, 39.7765 ] ] ] ] } },
{ "type": "Feature", "properties": { "id": "sehirAtlasi.881", "kentAtlasiDegeriKodu": "33000", "kentAtlasiDegeri": "Bitki Örtüsü Az Ya da Olmayan Alanlar", "gecirimsizlikKatmani": 0, "tucbsNo": "CBSGM_1_7976582", "aciklama": null, "gecerlilikBaslangici": "2019-09-13T00:00:00Z", "gecerlilikSonu": null, "gozlemTarihi": null, "hilucsAraziKullanimi": null, "hilucsDurumu": null, "olcek": "1:10000", "surumBaslangicZamani": null, "surumBitisZamani": null, "total_population": 0.0, "estimated_water_supply": 0.52578924072178312, "population_pressure": 0.0, "urban_water_stress_score": 0.0 }, "geometry": { "type": "MultiPolygon", "coordinates": [ [ [ [ 32.7079, 39.7767 ], [ 32.7081, 39.7766 ], [ 32.7081, 39.7761 ], [ 32.7082, 39.7759 ], [ 32.7083, 39.7757 ], [ 32.7083, 39.7754 ], [ 32.7083, 39.7751 ], [ 32.7082, 39.7751 ], [ 32.7082, 39.7752 ], [ 32.7082, 39.7754 ], [ 32.7081, 39.7755 ], [ 32.708, 39.7757 ], [ 32.708, 39.7759 ], [ 32.7079, 39.776 ], [ 32.7078, 39.7761 ], [ 32.7077, 39.7759 ], [ 32.7076, 39.7758 ], [ 32.7076, 39.7756 ], [ 32.7075, 39.7755 ], [ 32.7074, 39.7758 ], [ 32.7074, 39.776 ], [ 32.7075, 39.7765 ], [ 32.7075, 39.7766 ], [ 32.7078, 39.7767 ], [ 32.7079, 39.7767 ] ] ] ] } },
{ "type": "Feature", "properties": { "id": "sehirAtlasi.882", "kentAtlasiDegeriKodu": "33000", "kentAtlasiDegeri": "Bitki Örtüsü Az Ya da Olmayan Alanlar", "gecirimsizlikKatmani": 0, "tucbsNo": "CBSGM_1_7976583", "aciklama": null, "gecerlilikBaslangici": "2019-09-13T00:00:00Z", "gecerlilikSonu": null, "gozlemTarihi": null, "hilucsAraziKullanimi": null, "hilucsDurumu": null, "olcek": "1:10000", "surumBaslangicZamani": null, "surumBitisZamani": null, "total_population": 0.0, "estimated_water_supply": 0.52505168903525756, "population_pressure": 0.0, "urban_water_stress_score": 0.0 }, "geometry": { "type": "MultiPolygon", "coordinates": [ [ [ [ 32.7073, 39.7764 ], [ 32.7073, 39.7762 ], [ 32.7073, 39.7759 ], [ 32.7068, 39.7758 ], [ 32.7069, 39.7761 ], [ 32.7069, 39.7763 ], [ 32.7069, 39.7765 ], [ 32.7068, 39.7767 ], [ 32.7066, 39.7767 ], [ 32.7065, 39.7767 ], [ 32.7063, 39.7767 ], [ 32.7058, 39.7766 ], [ 32.7055, 39.7765 ], [ 32.7055, 39.7766 ], [ 32.7059, 39.7767 ], [ 32.7064, 39.7769 ], [ 32.7067, 39.7769 ], [ 32.707, 39.7768 ], [ 32.7071, 39.7766 ], [ 32.7073, 39.7764 ] ] ] ] } },
{ "type": "Feature", "properties": { "id": "sehirAtlasi.883", "kentAtlasiDegeriKodu": "11300", "kentAtlasiDegeri": "İzole Yapılar", "gecirimsizlikKatmani": 0, "tucbsNo": "CBSGM_1_7976584", "aciklama": null, "gecerlilikBaslangici": "2019-09-13T00:00:00Z", "gecerlilikSonu": null, "gozlemTarihi": null, "hilucsAraziKullanimi": null, "hilucsDurumu": null, "olcek": "1:10000", "surumBaslangicZamani": null, "surumBitisZamani": null, "total_population": 0.0, "estimated_water_supply": 0.5266200858122696, "population_pressure": 0.0, "urban_water_stress_score": 0.0 }, "geometry": { "type": "MultiPolygon", "coordinates": [ [ [ [ 32.7087, 39.7753 ], [ 32.7088, 39.7753 ], [ 32.7088, 39.7752 ], [ 32.7087, 39.7752 ], [ 32.7087, 39.7753 ] ] ] ] } },
{ "type": "Feature", "properties": { "id": "sehirAtlasi.884", "kentAtlasiDegeriKodu": "11230", "kentAtlasiDegeri": "Düşük Yoğunluklu Süreksiz Kentsel Alan (10% - 30%)", "gecirimsizlikKatmani": 0, "tucbsNo": "CBSGM_1_7976585", "aciklama": null, "gecerlilikBaslangici": "2019-09-13T00:00:00Z", "gecerlilikSonu": null, "gozlemTarihi": null, "hilucsAraziKullanimi": null, "hilucsDurumu": null, "olcek": "1:10000", "surumBaslangicZamani": null, "surumBitisZamani": null, "total_population": 0.0, "estimated_water_supply": 0.51665301180341161, "population_pressure": 0.0, "urban_water_stress_score": 0.0 }, "geometry": { "type": "MultiPolygon", "coordinates": [ [ [ [ 32.7108, 39.7729 ], [ 32.7104, 39.7727 ], [ 32.7104, 39.7726 ], [ 32.7099, 39.7733 ], [ 32.7103, 39.7735 ], [ 32.7104, 39.7733 ], [ 32.7106, 39.7734 ], [ 32.7107, 39.7732 ], [ 32.7106, 39.7731 ], [ 32.7108, 39.7729 ] ] ] ] } },
{ "type": "Feature", "properties": { "id": "sehirAtlasi.885", "kentAtlasiDegeriKodu": "33000", "kentAtlasiDegeri": "Bitki Örtüsü Az Ya da Olmayan Alanlar", "gecirimsizlikKatmani": 0, "tucbsNo": "CBSGM_1_7976586", "aciklama": null, "gecerlilikBaslangici": "2019-09-13T00:00:00Z", "gecerlilikSonu": null, "gozlemTarihi": null, "hilucsAraziKullanimi": null, "hilucsDurumu": null, "olcek": "1:10000", "surumBaslangicZamani": null, "surumBitisZamani": null, "total_population": 0.0, "estimated_water_supply": 0.54851977211980374, "population_pressure": 0.0, "urban_water_stress_score": 0.0 }, "geometry": { "type": "MultiPolygon", "coordinates": [ [ [ [ 32.7006, 39.7818 ], [ 32.7009, 39.782 ], [ 32.7039, 39.7829 ], [ 32.7046, 39.783 ], [ 32.7045, 39.7829 ], [ 32.7044, 39.7826 ], [ 32.7043, 39.7825 ], [ 32.704, 39.7824 ], [ 32.7038, 39.7825 ], [ 32.7036, 39.7826 ], [ 32.7033, 39.7825 ], [ 32.7029, 39.7825 ], [ 32.7027, 39.7824 ], [ 32.7027, 39.7822 ], [ 32.7027, 39.782 ], [ 32.7026, 39.7819 ], [ 32.7021, 39.7817 ], [ 32.7019, 39.7817 ], [ 32.7017, 39.7817 ], [ 32.7016, 39.7818 ], [ 32.7016, 39.782 ], [ 32.7014, 39.782 ], [ 32.7012, 39.782 ], [ 32.7009, 39.7818 ], [ 32.7007, 39.7818 ], [ 32.7006, 39.7818 ] ] ] ] } },
{ "type": "Feature", "properties": { "id": "sehirAtlasi.886", "kentAtlasiDegeriKodu": "32000", "kentAtlasiDegeri": "Maki veya Otsu Bitkiler", "gecirimsizlikKatmani": 0, "tucbsNo": "CBSGM_1_7976587", "aciklama": null, "gecerlilikBaslangici": "2019-09-13T00:00:00Z", "gecerlilikSonu": null, "gozlemTarihi": null, "hilucsAraziKullanimi": null, "hilucsDurumu": null, "olcek": "1:10000", "surumBaslangicZamani": null, "surumBitisZamani": null, "total_population": 0.0, "estimated_water_supply": 1.2173918987887089, "population_pressure": 0.0, "urban_water_stress_score": 0.0 }, "geometry": { "type": "MultiPolygon", "coordinates": [ [ [ [ 32.9715, 40.108 ], [ 32.9714, 40.108 ], [ 32.9714, 40.1079 ], [ 32.9714, 40.1079 ], [ 32.9714, 40.1079 ], [ 32.9714, 40.1078 ], [ 32.9714, 40.1077 ], [ 32.9714, 40.1076 ], [ 32.9715, 40.1075 ], [ 32.9716, 40.1073 ], [ 32.9718, 40.1071 ], [ 32.9715, 40.1073 ], [ 32.9712, 40.1076 ], [ 32.9713, 40.1077 ], [ 32.9713, 40.1078 ], [ 32.9713, 40.1079 ], [ 32.9713, 40.108 ], [ 32.9712, 40.1081 ], [ 32.9712, 40.1081 ], [ 32.9712, 40.1083 ], [ 32.9713, 40.1082 ], [ 32.9713, 40.1081 ], [ 32.9714, 40.108 ], [ 32.9715, 40.108 ], [ 32.9715, 40.108 ] ] ] ] } },
{ "type": "Feature", "properties": { "id": "sehirAtlasi.887", "kentAtlasiDegeriKodu": "11230", "kentAtlasiDegeri": "Düşük Yoğunluklu Süreksiz Kentsel Alan (10% - 30%)", "gecirimsizlikKatmani": 0, "tucbsNo": "CBSGM_1_7976588", "aciklama": null, "gecerlilikBaslangici": "2019-11-15T00:00:00Z", "gecerlilikSonu": null, "gozlemTarihi": null, "hilucsAraziKullanimi": null, "hilucsDurumu": null, "olcek": "1:10000", "surumBaslangicZamani": null, "surumBitisZamani": null, "total_population": 0.0, "estimated_water_supply": 1.3317587223802061, "population_pressure": 0.0, "urban_water_stress_score": 0.0 }, "geometry": { "type": "MultiPolygon", "coordinates": [ [ [ [ 32.7767, 40.0393 ], [ 32.7769, 40.0398 ], [ 32.7774, 40.0396 ], [ 32.7773, 40.0393 ], [ 32.7773, 40.0392 ], [ 32.7767, 40.0393 ] ] ] ] } },
{ "type": "Feature", "properties": { "id": "sehirAtlasi.888", "kentAtlasiDegeriKodu": "11100", "kentAtlasiDegeri": "Sürekli Kentsel Alan (> 80%)", "gecirimsizlikKatmani": 33, "tucbsNo": "CBSGM_1_1398987", "aciklama": null, "gecerlilikBaslangici": "2019-02-25T00:00:00Z", "gecerlilikSonu": null, "gozlemTarihi": null, "hilucsAraziKullanimi": null, "hilucsDurumu": null, "olcek": "1:10000", "surumBaslangicZamani": null, "surumBitisZamani": null, "total_population": 0.0, "estimated_water_supply": 0.5632720718530283, "population_pressure": 0.0, "urban_water_stress_score": 0.0 }, "geometry": { "type": "MultiPolygon", "coordinates": [ [ [ [ 32.2102, 38.2436 ], [ 32.2103, 38.2434 ], [ 32.2099, 38.2433 ], [ 32.2099, 38.2433 ], [ 32.2099, 38.2433 ], [ 32.2099, 38.2432 ], [ 32.2099, 38.2432 ], [ 32.2099, 38.2432 ], [ 32.2099, 38.2432 ], [ 32.2099, 38.2432 ], [ 32.2099, 38.2432 ], [ 32.2099, 38.2428 ], [ 32.2098, 38.2428 ], [ 32.2096, 38.2434 ], [ 32.2102, 38.2436 ] ] ] ] } },
{ "type": "Feature", "properties": { "id": "sehirAtlasi.889", "kentAtlasiDegeriKodu": "11230", "kentAtlasiDegeri": "Düşük Yoğunluklu Süreksiz Kentsel Alan (10% - 30%)", "gecirimsizlikKatmani": 0, "tucbsNo": "CBSGM_1_7976589", "aciklama": null, "gecerlilikBaslangici": "2019-11-15T00:00:00Z", "gecerlilikSonu": null, "gozlemTarihi": null, "hilucsAraziKullanimi": null, "hilucsDurumu": null, "olcek": "1:10000", "surumBaslangicZamani": null, "surumBitisZamani": null, "total_population": 0.0, "estimated_water_supply": 1.3248299603230222, "population_pressure": 0.0, "urban_water_stress_score": 0.0 }, "geometry": { "type": "MultiPolygon", "coordinates": [ [ [ [ 32.7762, 40.0415 ], [ 32.7766, 40.0416 ], [ 32.7768, 40.0413 ], [ 32.7763, 40.0411 ], [ 32.7762, 40.0415 ] ] ] ] } },
{ "type": "Feature", "properties": { "id": "sehirAtlasi.890", "kentAtlasiDegeriKodu": "11230", "kentAtlasiDegeri": "Düşük Yoğunluklu Süreksiz Kentsel Alan (10% - 30%)", "gecirimsizlikKatmani": 0, "tucbsNo": "CBSGM_1_7976590", "aciklama": null, "gecerlilikBaslangici": "2019-11-15T00:00:00Z", "gecerlilikSonu": null, "gozlemTarihi": null, "hilucsAraziKullanimi": null, "hilucsDurumu": null, "olcek": "1:10000", "surumBaslangicZamani": null, "surumBitisZamani": null, "total_population": 0.0, "estimated_water_supply": 1.3175465833947968, "population_pressure": 0.0, "urban_water_stress_score": 0.0 }, "geometry": { "type": "MultiPolygon", "coordinates": [ [ [ [ 32.7777, 40.0419 ], [ 32.7778, 40.0419 ], [ 32.7778, 40.0419 ], [ 32.7779, 40.0418 ], [ 32.778, 40.0417 ], [ 32.7781, 40.0416 ], [ 32.7776, 40.041 ], [ 32.7774, 40.0411 ], [ 32.7772, 40.0418 ], [ 32.7777, 40.0419 ] ] ] ] } },
{ "type": "Feature", "properties": { "id": "sehirAtlasi.891", "kentAtlasiDegeriKodu": "11230", "kentAtlasiDegeri": "Düşük Yoğunluklu Süreksiz Kentsel Alan (10% - 30%)", "gecirimsizlikKatmani": 0, "tucbsNo": "CBSGM_1_7976591", "aciklama": null, "gecerlilikBaslangici": "2019-09-13T00:00:00Z", "gecerlilikSonu": null, "gozlemTarihi": null, "hilucsAraziKullanimi": null, "hilucsDurumu": null, "olcek": "1:10000", "surumBaslangicZamani": null, "surumBitisZamani": null, "total_population": 0.0, "estimated_water_supply": 1.2180267791739832, "population_pressure": 0.0, "urban_water_stress_score": 0.0 }, "geometry": { "type": "MultiPolygon", "coordinates": [ [ [ [ 32.9729, 40.1109 ], [ 32.9731, 40.1109 ], [ 32.973, 40.1108 ], [ 32.9729, 40.1108 ], [ 32.9729, 40.1109 ] ] ] ] } },
{ "type": "Feature", "properties": { "id": "sehirAtlasi.892", "kentAtlasiDegeriKodu": "11230", "kentAtlasiDegeri": "Düşük Yoğunluklu Süreksiz Kentsel Alan (10% - 30%)", "gecirimsizlikKatmani": 0, "tucbsNo": "CBSGM_1_7976592", "aciklama": null, "gecerlilikBaslangici": "2019-09-13T00:00:00Z", "gecerlilikSonu": null, "gozlemTarihi": null, "hilucsAraziKullanimi": null, "hilucsDurumu": null, "olcek": "1:10000", "surumBaslangicZamani": null, "surumBitisZamani": null, "total_population": 0.0, "estimated_water_supply": 1.21961147084563, "population_pressure": 0.0, "urban_water_stress_score": 0.0 }, "geometry": { "type": "MultiPolygon", "coordinates": [ [ [ [ 32.9715, 40.1105 ], [ 32.9715, 40.1107 ], [ 32.9717, 40.1106 ], [ 32.9717, 40.1105 ], [ 32.9715, 40.1105 ] ] ] ] } },
{ "type": "Feature", "properties": { "id": "sehirAtlasi.893", "kentAtlasiDegeriKodu": "11230", "kentAtlasiDegeri": "Düşük Yoğunluklu Süreksiz Kentsel Alan (10% - 30%)", "gecirimsizlikKatmani": 0, "tucbsNo": "CBSGM_1_7976593", "aciklama": null, "gecerlilikBaslangici": "2019-09-13T00:00:00Z", "gecerlilikSonu": null, "gozlemTarihi": null, "hilucsAraziKullanimi": null, "hilucsDurumu": null, "olcek": "1:10000", "surumBaslangicZamani": null, "surumBitisZamani": null, "total_population": 0.0, "estimated_water_supply": 1.2212542949294531, "population_pressure": 0.0, "urban_water_stress_score": 0.0 }, "geometry": { "type": "MultiPolygon", "coordinates": [ [ [ [ 32.9711, 40.1123 ], [ 32.9712, 40.1124 ], [ 32.9716, 40.1124 ], [ 32.9716, 40.1121 ], [ 32.9717, 40.1121 ], [ 32.9716, 40.1117 ], [ 32.9715, 40.1117 ], [ 32.9712, 40.1117 ], [ 32.9711, 40.1123 ] ] ] ] } },
{ "type": "Feature", "properties": { "id": "sehirAtlasi.894", "kentAtlasiDegeriKodu": "11230", "kentAtlasiDegeri": "Düşük Yoğunluklu Süreksiz Kentsel Alan (10% - 30%)", "gecirimsizlikKatmani": 0, "tucbsNo": "CBSGM_1_7976594", "aciklama": null, "gecerlilikBaslangici": "2019-09-13T00:00:00Z", "gecerlilikSonu": null, "gozlemTarihi": null, "hilucsAraziKullanimi": null, "hilucsDurumu": null, "olcek": "1:10000", "surumBaslangicZamani": null, "surumBitisZamani": null, "total_population": 0.0, "estimated_water_supply": 1.2220526474571369, "population_pressure": 0.0, "urban_water_stress_score": 0.0 }, "geometry": { "type": "MultiPolygon", "coordinates": [ [ [ [ 32.971, 40.1128 ], [ 32.9711, 40.1128 ], [ 32.9716, 40.1128 ], [ 32.9715, 40.1126 ], [ 32.9712, 40.1126 ], [ 32.9712, 40.1124 ], [ 32.971, 40.1124 ], [ 32.971, 40.1128 ] ] ] ] } },
{ "type": "Feature", "properties": { "id": "sehirAtlasi.895", "kentAtlasiDegeriKodu": "11230", "kentAtlasiDegeri": "Düşük Yoğunluklu Süreksiz Kentsel Alan (10% - 30%)", "gecirimsizlikKatmani": 0, "tucbsNo": "CBSGM_1_7976595", "aciklama": null, "gecerlilikBaslangici": "2019-09-13T00:00:00Z", "gecerlilikSonu": null, "gozlemTarihi": null, "hilucsAraziKullanimi": null, "hilucsDurumu": null, "olcek": "1:10000", "surumBaslangicZamani": null, "surumBitisZamani": null, "total_population": 0.0, "estimated_water_supply": 1.2211239341020406, "population_pressure": 0.0, "urban_water_stress_score": 0.0 }, "geometry": { "type": "MultiPolygon", "coordinates": [ [ [ [ 32.971, 40.1115 ], [ 32.971, 40.1116 ], [ 32.971, 40.1116 ], [ 32.9712, 40.1116 ], [ 32.9712, 40.1114 ], [ 32.971, 40.1114 ], [ 32.971, 40.1115 ] ] ] ] } },
{ "type": "Feature", "properties": { "id": "sehirAtlasi.896", "kentAtlasiDegeriKodu": "32000", "kentAtlasiDegeri": "Maki veya Otsu Bitkiler", "gecirimsizlikKatmani": 0, "tucbsNo": "CBSGM_1_7976596", "aciklama": null, "gecerlilikBaslangici": "2019-09-13T00:00:00Z", "gecerlilikSonu": null, "gozlemTarihi": null, "hilucsAraziKullanimi": null, "hilucsDurumu": null, "olcek": "1:10000", "surumBaslangicZamani": null, "surumBitisZamani": null, "total_population": 0.0, "estimated_water_supply": 1.219971153150494, "population_pressure": 0.0, "urban_water_stress_score": 0.0 }, "geometry": { "type": "MultiPolygon", "coordinates": [ [ [ [ 32.9723, 40.1122 ], [ 32.9724, 40.1123 ], [ 32.9725, 40.1123 ], [ 32.9725, 40.1122 ], [ 32.9724, 40.1121 ], [ 32.9724, 40.112 ], [ 32.9724, 40.1119 ], [ 32.9723, 40.1119 ], [ 32.9722, 40.1119 ], [ 32.9722, 40.112 ], [ 32.9723, 40.1121 ], [ 32.9723, 40.1122 ], [ 32.9723, 40.1122 ] ] ] ] } },
{ "type": "Feature", "properties": { "id": "sehirAtlasi.897", "kentAtlasiDegeriKodu": "11240", "kentAtlasiDegeri": "Çok Düşük Yoğunluklu Süreksiz Kentsel Alan (< 10%)", "gecirimsizlikKatmani": 0, "tucbsNo": "CBSGM_1_7976597", "aciklama": null, "gecerlilikBaslangici": "2019-09-13T00:00:00Z", "gecerlilikSonu": null, "gozlemTarihi": null, "hilucsAraziKullanimi": null, "hilucsDurumu": null, "olcek": "1:10000", "surumBaslangicZamani": null, "surumBitisZamani": null, "total_population": 0.0, "estimated_water_supply": 1.2063508904075946, "population_pressure": 0.0, "urban_water_stress_score": 0.0 }, "geometry": { "type": "MultiPolygon", "coordinates": [ [ [ [ 32.9815, 40.1247 ], [ 32.9816, 40.1249 ], [ 32.9817, 40.1248 ], [ 32.9818, 40.1251 ], [ 32.9827, 40.1249 ], [ 32.9827, 40.1249 ], [ 32.9825, 40.1245 ], [ 32.9824, 40.1243 ], [ 32.9825, 40.1243 ], [ 32.9815, 40.1247 ] ] ] ] } },
{ "type": "Feature", "properties": { "id": "sehirAtlasi.898", "kentAtlasiDegeriKodu": "11230", "kentAtlasiDegeri": "Düşük Yoğunluklu Süreksiz Kentsel Alan (10% - 30%)", "gecirimsizlikKatmani": 0, "tucbsNo": "CBSGM_1_7976598", "aciklama": null, "gecerlilikBaslangici": "2019-09-13T00:00:00Z", "gecerlilikSonu": null, "gozlemTarihi": null, "hilucsAraziKullanimi": null, "hilucsDurumu": null, "olcek": "1:10000", "surumBaslangicZamani": null, "surumBitisZamani": null, "total_population": 0.0, "estimated_water_supply": 1.2093679089456419, "population_pressure": 0.0, "urban_water_stress_score": 0.0 }, "geometry": { "type": "MultiPolygon", "coordinates": [ [ [ [ 32.9802, 40.1251 ], [ 32.9804, 40.1254 ], [ 32.9806, 40.1253 ], [ 32.9806, 40.1252 ], [ 32.9804, 40.1252 ], [ 32.9804, 40.1251 ], [ 32.9802, 40.1251 ] ] ] ] } },
{ "type": "Feature", "properties": { "id": "sehirAtlasi.899", "kentAtlasiDegeriKodu": "11230", "kentAtlasiDegeri": "Düşük Yoğunluklu Süreksiz Kentsel Alan (10% - 30%)", "gecirimsizlikKatmani": 0, "tucbsNo": "CBSGM_1_7976599", "aciklama": null, "gecerlilikBaslangici": "2019-09-13T00:00:00Z", "gecerlilikSonu": null, "gozlemTarihi": null, "hilucsAraziKullanimi": null, "hilucsDurumu": null, "olcek": "1:10000", "surumBaslangicZamani": null, "surumBitisZamani": null, "total_population": 0.0, "estimated_water_supply": 1.2230688501972273, "population_pressure": 0.0, "urban_water_stress_score": 0.0 }, "geometry": { "type": "MultiPolygon", "coordinates": [ [ [ [ 32.9823, 40.1302 ], [ 32.9825, 40.1301 ], [ 32.9826, 40.1301 ], [ 32.9825, 40.1298 ], [ 32.9822, 40.1299 ], [ 32.9823, 40.1302 ] ] ] ] } },
{ "type": "Feature", "properties": { "id": "sehirAtlasi.900", "kentAtlasiDegeriKodu": "11230", "kentAtlasiDegeri": "Düşük Yoğunluklu Süreksiz Kentsel Alan (10% - 30%)", "gecirimsizlikKatmani": 0, "tucbsNo": "CBSGM_1_7976600", "aciklama": null, "gecerlilikBaslangici": "2019-09-13T00:00:00Z", "gecerlilikSonu": null, "gozlemTarihi": null, "hilucsAraziKullanimi": null, "hilucsDurumu": null, "olcek": "1:10000", "surumBaslangicZamani": null, "surumBitisZamani": null, "total_population": 0.0, "estimated_water_supply": 1.2224719677172575, "population_pressure": 0.0, "urban_water_stress_score": 0.0 }, "geometry": { "type": "MultiPolygon", "coordinates": [ [ [ [ 32.9827, 40.1301 ], [ 32.9829, 40.13 ], [ 32.9828, 40.1298 ], [ 32.9826, 40.1298 ], [ 32.9827, 40.1301 ] ] ] ] } },
{ "type": "Feature", "properties": { "id": "sehirAtlasi.901", "kentAtlasiDegeriKodu": "11230", "kentAtlasiDegeri": "Düşük Yoğunluklu Süreksiz Kentsel Alan (10% - 30%)", "gecirimsizlikKatmani": 0, "tucbsNo": "CBSGM_1_7976601", "aciklama": null, "gecerlilikBaslangici": "2019-09-13T00:00:00Z", "gecerlilikSonu": null, "gozlemTarihi": null, "hilucsAraziKullanimi": null, "hilucsDurumu": null, "olcek": "1:10000", "surumBaslangicZamani": null, "surumBitisZamani": null, "total_population": 0.0, "estimated_water_supply": 1.2233929356042204, "population_pressure": 0.0, "urban_water_stress_score": 0.0 }, "geometry": { "type": "MultiPolygon", "coordinates": [ [ [ [ 32.9814, 40.1291 ], [ 32.9815, 40.1293 ], [ 32.9818, 40.1292 ], [ 32.9817, 40.129 ], [ 32.9814, 40.1291 ] ] ] ] } },
{ "type": "Feature", "properties": { "id": "sehirAtlasi.902", "kentAtlasiDegeriKodu": "11230", "kentAtlasiDegeri": "Düşük Yoğunluklu Süreksiz Kentsel Alan (10% - 30%)", "gecirimsizlikKatmani": 0, "tucbsNo": "CBSGM_1_7976602", "aciklama": null, "gecerlilikBaslangici": "2019-09-13T00:00:00Z", "gecerlilikSonu": null, "gozlemTarihi": null, "hilucsAraziKullanimi": null, "hilucsDurumu": null, "olcek": "1:10000", "surumBaslangicZamani": null, "surumBitisZamani": null, "total_population": 0.0, "estimated_water_supply": 1.223717971290621, "population_pressure": 0.0, "urban_water_stress_score": 0.0 }, "geometry": { "type": "MultiPolygon", "coordinates": [ [ [ [ 32.9815, 40.1294 ], [ 32.9816, 40.1296 ], [ 32.9816, 40.1296 ], [ 32.9817, 40.1295 ], [ 32.9817, 40.1294 ], [ 32.9815, 40.1294 ] ] ] ] } },
{ "type": "Feature", "properties": { "id": "sehirAtlasi.903", "kentAtlasiDegeriKodu": "11230", "kentAtlasiDegeri": "Düşük Yoğunluklu Süreksiz Kentsel Alan (10% - 30%)", "gecirimsizlikKatmani": 0, "tucbsNo": "CBSGM_1_7976603", "aciklama": null, "gecerlilikBaslangici": "2019-09-13T00:00:00Z", "gecerlilikSonu": null, "gozlemTarihi": null, "hilucsAraziKullanimi": null, "hilucsDurumu": null, "olcek": "1:10000", "surumBaslangicZamani": null, "surumBitisZamani": null, "total_population": 0.0, "estimated_water_supply": 1.2255193689568573, "population_pressure": 0.0, "urban_water_stress_score": 0.0 }, "geometry": { "type": "MultiPolygon", "coordinates": [ [ [ [ 32.9802, 40.1292 ], [ 32.9802, 40.1293 ], [ 32.9804, 40.1293 ], [ 32.9803, 40.1291 ], [ 32.9802, 40.1292 ] ] ] ] } },
{ "type": "Feature", "properties": { "id": "sehirAtlasi.904", "kentAtlasiDegeriKodu": "11230", "kentAtlasiDegeri": "Düşük Yoğunluklu Süreksiz Kentsel Alan (10% - 30%)", "gecirimsizlikKatmani": 0, "tucbsNo": "CBSGM_1_7976604", "aciklama": null, "gecerlilikBaslangici": "2019-09-13T00:00:00Z", "gecerlilikSonu": null, "gozlemTarihi": null, "hilucsAraziKullanimi": null, "hilucsDurumu": null, "olcek": "1:10000", "surumBaslangicZamani": null, "surumBitisZamani": null, "total_population": 0.0, "estimated_water_supply": 1.2249906513106874, "population_pressure": 0.0, "urban_water_stress_score": 0.0 }, "geometry": { "type": "MultiPolygon", "coordinates": [ [ [ [ 32.9805, 40.129 ], [ 32.9805, 40.129 ], [ 32.9804, 40.129 ], [ 32.9805, 40.1291 ], [ 32.9806, 40.1291 ], [ 32.9805, 40.129 ], [ 32.9805, 40.129 ] ] ] ] } },
{ "type": "Feature", "properties": { "id": "sehirAtlasi.905", "kentAtlasiDegeriKodu": "32000", "kentAtlasiDegeri": "Maki veya Otsu Bitkiler", "gecirimsizlikKatmani": 0, "tucbsNo": "CBSGM_1_7976605", "aciklama": null, "gecerlilikBaslangici": "2019-09-13T00:00:00Z", "gecerlilikSonu": null, "gozlemTarihi": null, "hilucsAraziKullanimi": null, "hilucsDurumu": null, "olcek": "1:10000", "surumBaslangicZamani": null, "surumBitisZamani": null, "total_population": 0.0, "estimated_water_supply": 1.2219819783116606, "population_pressure": 0.0, "urban_water_stress_score": 0.0 }, "geometry": { "type": "MultiPolygon", "coordinates": [ [ [ [ 32.986, 40.1342 ], [ 32.9861, 40.1342 ], [ 32.9862, 40.1341 ], [ 32.9863, 40.1341 ], [ 32.9862, 40.1341 ], [ 32.9862, 40.1341 ], [ 32.9861, 40.1341 ], [ 32.986, 40.134 ], [ 32.9859, 40.134 ], [ 32.9858, 40.134 ], [ 32.9857, 40.1341 ], [ 32.9857, 40.1341 ], [ 32.9858, 40.1342 ], [ 32.986, 40.1342 ], [ 32.986, 40.1342 ] ] ] ] } },
{ "type": "Feature", "properties": { "id": "sehirAtlasi.906", "kentAtlasiDegeriKodu": "11240", "kentAtlasiDegeri": "Çok Düşük Yoğunluklu Süreksiz Kentsel Alan (< 10%)", "gecirimsizlikKatmani": 0, "tucbsNo": "CBSGM_1_7976606", "aciklama": null, "gecerlilikBaslangici": "2019-09-13T00:00:00Z", "gecerlilikSonu": null, "gozlemTarihi": null, "hilucsAraziKullanimi": null, "hilucsDurumu": null, "olcek": "1:10000", "surumBaslangicZamani": null, "surumBitisZamani": null, "total_population": 0.0, "estimated_water_supply": 1.2033959155726137, "population_pressure": 0.0, "urban_water_stress_score": 0.0 }, "geometry": { "type": "MultiPolygon", "coordinates": [ [ [ [ 32.9966, 40.1426 ], [ 32.9968, 40.1428 ], [ 32.9969, 40.1428 ], [ 32.9967, 40.1426 ], [ 32.9969, 40.1425 ], [ 32.9968, 40.1425 ], [ 32.9966, 40.1426 ] ] ] ] } },
{ "type": "Feature", "properties": { "id": "sehirAtlasi.907", "kentAtlasiDegeriKodu": "11230", "kentAtlasiDegeri": "Düşük Yoğunluklu Süreksiz Kentsel Alan (10% - 30%)", "gecirimsizlikKatmani": 0, "tucbsNo": "CBSGM_1_7976607", "aciklama": null, "gecerlilikBaslangici": "2019-09-13T00:00:00Z", "gecerlilikSonu": null, "gozlemTarihi": null, "hilucsAraziKullanimi": null, "hilucsDurumu": null, "olcek": "1:10000", "surumBaslangicZamani": null, "surumBitisZamani": null, "total_population": 0.0, "estimated_water_supply": 1.2044152530426526, "population_pressure": 0.0, "urban_water_stress_score": 0.0 }, "geometry": { "type": "MultiPolygon", "coordinates": [ [ [ [ 32.9959, 40.143 ], [ 32.9963, 40.1433 ], [ 32.9964, 40.1433 ], [ 32.9963, 40.1431 ], [ 32.9965, 40.143 ], [ 32.9963, 40.1428 ], [ 32.9959, 40.143 ] ] ] ] } },
{ "type": "Feature", "properties": { "id": "sehirAtlasi.908", "kentAtlasiDegeriKodu": "21010", "kentAtlasiDegeri": "Sera Alanları", "gecirimsizlikKatmani": 0, "tucbsNo": "CBSGM_1_7976608", "aciklama": null, "gecerlilikBaslangici": "2019-09-13T00:00:00Z", "gecerlilikSonu": null, "gozlemTarihi": null, "hilucsAraziKullanimi": null, "hilucsDurumu": null, "olcek": "1:10000", "surumBaslangicZamani": null, "surumBitisZamani": null, "total_population": 0.0, "estimated_water_supply": 1.2171575835935164, "population_pressure": 0.0, "urban_water_stress_score": 0.0 }, "geometry": { "type": "MultiPolygon", "coordinates": [ [ [ [ 32.9957, 40.1437 ], [ 32.9957, 40.1437 ], [ 32.996, 40.1436 ], [ 32.9959, 40.1435 ], [ 32.9957, 40.1437 ] ] ] ] } },
{ "type": "Feature", "properties": { "id": "sehirAtlasi.909", "kentAtlasiDegeriKodu": "11240", "kentAtlasiDegeri": "Çok Düşük Yoğunluklu Süreksiz Kentsel Alan (< 10%)", "gecirimsizlikKatmani": 0, "tucbsNo": "CBSGM_1_7976609", "aciklama": null, "gecerlilikBaslangici": "2019-09-13T00:00:00Z", "gecerlilikSonu": null, "gozlemTarihi": null, "hilucsAraziKullanimi": null, "hilucsDurumu": null, "olcek": "1:10000", "surumBaslangicZamani": null, "surumBitisZamani": null, "total_population": 0.0, "estimated_water_supply": 1.2031235415572115, "population_pressure": 0.0, "urban_water_stress_score": 0.0 }, "geometry": { "type": "MultiPolygon", "coordinates": [ [ [ [ 32.9978, 40.1439 ], [ 32.998, 40.1441 ], [ 32.998, 40.1441 ], [ 32.9979, 40.1439 ], [ 32.9979, 40.1439 ], [ 32.9979, 40.1439 ], [ 32.9978, 40.1439 ] ] ] ] } },
{ "type": "Feature", "properties": { "id": "sehirAtlasi.910", "kentAtlasiDegeriKodu": "11240", "kentAtlasiDegeri": "Çok Düşük Yoğunluklu Süreksiz Kentsel Alan (< 10%)", "gecirimsizlikKatmani": 0, "tucbsNo": "CBSGM_1_7976611", "aciklama": null, "gecerlilikBaslangici": "2019-09-13T00:00:00Z", "gecerlilikSonu": null, "gozlemTarihi": null, "hilucsAraziKullanimi": null, "hilucsDurumu": null, "olcek": "1:10000", "surumBaslangicZamani": null, "surumBitisZamani": null, "total_population": 0.0, "estimated_water_supply": 1.2182372908788139, "population_pressure": 0.0, "urban_water_stress_score": 0.0 }, "geometry": { "type": "MultiPolygon", "coordinates": [ [ [ [ 33.0017, 40.1532 ], [ 33.0021, 40.1534 ], [ 33.0023, 40.1532 ], [ 33.0021, 40.1531 ], [ 33.0019, 40.153 ], [ 33.0017, 40.1532 ] ] ] ] } },
{ "type": "Feature", "properties": { "id": "sehirAtlasi.911", "kentAtlasiDegeriKodu": "21010", "kentAtlasiDegeri": "Sera Alanları", "gecirimsizlikKatmani": 0, "tucbsNo": "CBSGM_1_7976612", "aciklama": null, "gecerlilikBaslangici": "2019-09-13T00:00:00Z", "gecerlilikSonu": null, "gozlemTarihi": null, "hilucsAraziKullanimi": null, "hilucsDurumu": null, "olcek": "1:10000", "surumBaslangicZamani": null, "surumBitisZamani": null, "total_population": 0.0, "estimated_water_supply": 1.2170817060233252, "population_pressure": 0.0, "urban_water_stress_score": 0.0 }, "geometry": { "type": "MultiPolygon", "coordinates": [ [ [ [ 33.0044, 40.1556 ], [ 33.0045, 40.1557 ], [ 33.0049, 40.1554 ], [ 33.0048, 40.1553 ], [ 33.0044, 40.1556 ] ] ] ] } },
{ "type": "Feature", "properties": { "id": "sehirAtlasi.912", "kentAtlasiDegeriKodu": "22000", "kentAtlasiDegeri": "Sürekli Ürünler", "gecirimsizlikKatmani": 0, "tucbsNo": "CBSGM_1_7976613", "aciklama": null, "gecerlilikBaslangici": "2019-09-13T00:00:00Z", "gecerlilikSonu": null, "gozlemTarihi": null, "hilucsAraziKullanimi": null, "hilucsDurumu": null, "olcek": "1:10000", "surumBaslangicZamani": null, "surumBitisZamani": null, "total_population": 0.0, "estimated_water_supply": 1.2371161002603608, "population_pressure": 0.0, "urban_water_stress_score": 0.0 }, "geometry": { "type": "MultiPolygon", "coordinates": [ [ [ [ 33.0067, 40.1594 ], [ 33.0072, 40.1599 ], [ 33.0073, 40.1599 ], [ 33.0073, 40.1598 ], [ 33.0075, 40.1597 ], [ 33.0076, 40.1598 ], [ 33.0076, 40.1598 ], [ 33.0076, 40.1597 ], [ 33.0079, 40.1595 ], [ 33.008, 40.1595 ], [ 33.0076, 40.1592 ], [ 33.0074, 40.159 ], [ 33.0071, 40.1592 ], [ 33.0067, 40.1594 ] ] ] ] } },
{ "type": "Feature", "properties": { "id": "sehirAtlasi.913", "kentAtlasiDegeriKodu": "13400", "kentAtlasiDegeri": "Mevcut Kullanımı Olmayan Alanlar", "gecirimsizlikKatmani": 0, "tucbsNo": "CBSGM_1_7976614", "aciklama": null, "gecerlilikBaslangici": "2019-09-13T00:00:00Z", "gecerlilikSonu": null, "gozlemTarihi": null, "hilucsAraziKullanimi": null, "hilucsDurumu": null, "olcek": "1:10000", "surumBaslangicZamani": null, "surumBitisZamani": null, "total_population": 0.0, "estimated_water_supply": 1.2353639490107178, "population_pressure": 0.0, "urban_water_stress_score": 0.0 }, "geometry": { "type": "MultiPolygon", "coordinates": [ [ [ [ 33.0086, 40.1598 ], [ 33.0087, 40.1599 ], [ 33.0094, 40.1598 ], [ 33.0093, 40.1595 ], [ 33.0089, 40.1597 ], [ 33.0086, 40.1598 ], [ 33.0086, 40.1598 ], [ 33.0086, 40.1598 ] ] ] ] } },
{ "type": "Feature", "properties": { "id": "sehirAtlasi.914", "kentAtlasiDegeriKodu": "11230", "kentAtlasiDegeri": "Düşük Yoğunluklu Süreksiz Kentsel Alan (10% - 30%)", "gecirimsizlikKatmani": 0, "tucbsNo": "CBSGM_1_7976615", "aciklama": null, "gecerlilikBaslangici": "2019-09-13T00:00:00Z", "gecerlilikSonu": null, "gozlemTarihi": null, "hilucsAraziKullanimi": null, "hilucsDurumu": null, "olcek": "1:10000", "surumBaslangicZamani": null, "surumBitisZamani": null, "total_population": 0.0, "estimated_water_supply": 0.53261406933355182, "population_pressure": 0.0, "urban_water_stress_score": 0.0 }, "geometry": { "type": "MultiPolygon", "coordinates": [ [ [ [ 32.721, 39.7786 ], [ 32.7211, 39.7788 ], [ 32.7213, 39.7786 ], [ 32.7211, 39.7785 ], [ 32.721, 39.7786 ], [ 32.721, 39.7786 ] ] ] ] } },
{ "type": "Feature", "properties": { "id": "sehirAtlasi.915", "kentAtlasiDegeriKodu": "11230", "kentAtlasiDegeri": "Düşük Yoğunluklu Süreksiz Kentsel Alan (10% - 30%)", "gecirimsizlikKatmani": 8, "tucbsNo": "CBSGM_1_7976616", "aciklama": null, "gecerlilikBaslangici": "2019-09-13T00:00:00Z", "gecerlilikSonu": null, "gozlemTarihi": null, "hilucsAraziKullanimi": null, "hilucsDurumu": null, "olcek": "1:10000", "surumBaslangicZamani": null, "surumBitisZamani": null, "total_population": 0.0, "estimated_water_supply": 0.53517638828802971, "population_pressure": 0.0, "urban_water_stress_score": 0.0 }, "geometry": { "type": "MultiPolygon", "coordinates": [ [ [ [ 32.7215, 39.7723 ], [ 32.7213, 39.7723 ], [ 32.7212, 39.7723 ], [ 32.7208, 39.7726 ], [ 32.7207, 39.7726 ], [ 32.7206, 39.7726 ], [ 32.7206, 39.7727 ], [ 32.7206, 39.7728 ], [ 32.7207, 39.7728 ], [ 32.7211, 39.7729 ], [ 32.7212, 39.7729 ], [ 32.7213, 39.7729 ], [ 32.7214, 39.7728 ], [ 32.7215, 39.7723 ] ] ] ] } },
{ "type": "Feature", "properties": { "id": "sehirAtlasi.916", "kentAtlasiDegeriKodu": "11230", "kentAtlasiDegeri": "Düşük Yoğunluklu Süreksiz Kentsel Alan (10% - 30%)", "gecirimsizlikKatmani": 0, "tucbsNo": "CBSGM_1_7976617", "aciklama": null, "gecerlilikBaslangici": "2019-09-13T00:00:00Z", "gecerlilikSonu": null, "gozlemTarihi": null, "hilucsAraziKullanimi": null, "hilucsDurumu": null, "olcek": "1:10000", "surumBaslangicZamani": null, "surumBitisZamani": null, "total_population": 0.0, "estimated_water_supply": 0.53449678621535668, "population_pressure": 0.0, "urban_water_stress_score": 0.0 }, "geometry": { "type": "MultiPolygon", "coordinates": [ [ [ [ 32.7207, 39.7736 ], [ 32.7207, 39.7737 ], [ 32.7207, 39.7738 ], [ 32.7208, 39.7738 ], [ 32.7209, 39.7738 ], [ 32.7209, 39.7736 ], [ 32.7207, 39.7736 ] ] ] ] } },
{ "type": "Feature", "properties": { "id": "sehirAtlasi.917", "kentAtlasiDegeriKodu": "11230", "kentAtlasiDegeri": "Düşük Yoğunluklu Süreksiz Kentsel Alan (10% - 30%)", "gecirimsizlikKatmani": 0, "tucbsNo": "CBSGM_1_7976618", "aciklama": null, "gecerlilikBaslangici": "2019-09-13T00:00:00Z", "gecerlilikSonu": null, "gozlemTarihi": null, "hilucsAraziKullanimi": null, "hilucsDurumu": null, "olcek": "1:10000", "surumBaslangicZamani": null, "surumBitisZamani": null, "total_population": 0.0, "estimated_water_supply": 1.2258971185438345, "population_pressure": 0.0, "urban_water_stress_score": 0.0 }, "geometry": { "type": "MultiPolygon", "coordinates": [ [ [ [ 32.9817, 40.1319 ], [ 32.9818, 40.1321 ], [ 32.9818, 40.1322 ], [ 32.9819, 40.1322 ], [ 32.9822, 40.1321 ], [ 32.9821, 40.1318 ], [ 32.9817, 40.1319 ] ] ] ] } },
{ "type": "Feature", "properties": { "id": "sehirAtlasi.918", "kentAtlasiDegeriKodu": "11230", "kentAtlasiDegeri": "Düşük Yoğunluklu Süreksiz Kentsel Alan (10% - 30%)", "gecirimsizlikKatmani": 0, "tucbsNo": "CBSGM_1_7976619", "aciklama": null, "gecerlilikBaslangici": "2019-09-13T00:00:00Z", "gecerlilikSonu": null, "gozlemTarihi": null, "hilucsAraziKullanimi": null, "hilucsDurumu": null, "olcek": "1:10000", "surumBaslangicZamani": null, "surumBitisZamani": null, "total_population": 0.0, "estimated_water_supply": 1.2225208191373254, "population_pressure": 0.0, "urban_water_stress_score": 0.0 }, "geometry": { "type": "MultiPolygon", "coordinates": [ [ [ [ 32.9838, 40.1319 ], [ 32.984, 40.1319 ], [ 32.9842, 40.1319 ], [ 32.9842, 40.1318 ], [ 32.9842, 40.1317 ], [ 32.9838, 40.1317 ], [ 32.9838, 40.1319 ] ] ] ] } },
{ "type": "Feature", "properties": { "id": "sehirAtlasi.919", "kentAtlasiDegeriKodu": "11230", "kentAtlasiDegeri": "Düşük Yoğunluklu Süreksiz Kentsel Alan (10% - 30%)", "gecirimsizlikKatmani": 0, "tucbsNo": "CBSGM_1_7976620", "aciklama": null, "gecerlilikBaslangici": "2019-09-13T00:00:00Z", "gecerlilikSonu": null, "gozlemTarihi": null, "hilucsAraziKullanimi": null, "hilucsDurumu": null, "olcek": "1:10000", "surumBaslangicZamani": null, "surumBitisZamani": null, "total_population": 0.0, "estimated_water_supply": 1.223212529466156, "population_pressure": 0.0, "urban_water_stress_score": 0.0 }, "geometry": { "type": "MultiPolygon", "coordinates": [ [ [ [ 32.9838, 40.132 ], [ 32.9837, 40.132 ], [ 32.9837, 40.1322 ], [ 32.9835, 40.1322 ], [ 32.9835, 40.1322 ], [ 32.9838, 40.1322 ], [ 32.9838, 40.132 ] ] ] ] } },
{ "type": "Feature", "properties": { "id": "sehirAtlasi.920", "kentAtlasiDegeriKodu": "22000", "kentAtlasiDegeri": "Sürekli Ürünler", "gecirimsizlikKatmani": 0, "tucbsNo": "CBSGM_1_7976621", "aciklama": null, "gecerlilikBaslangici": "2019-09-13T00:00:00Z", "gecerlilikSonu": null, "gozlemTarihi": null, "hilucsAraziKullanimi": null, "hilucsDurumu": null, "olcek": "1:10000", "surumBaslangicZamani": null, "surumBitisZamani": null, "total_population": 0.0, "estimated_water_supply": 1.2275387539160061, "population_pressure": 0.0, "urban_water_stress_score": 0.0 }, "geometry": { "type": "MultiPolygon", "coordinates": [ [ [ [ 32.9826, 40.1349 ], [ 32.9828, 40.1354 ], [ 32.9832, 40.1353 ], [ 32.9831, 40.1351 ], [ 32.9834, 40.1349 ], [ 32.9834, 40.1349 ], [ 32.9831, 40.1347 ], [ 32.9826, 40.1349 ] ] ] ] } },
{ "type": "Feature", "properties": { "id": "sehirAtlasi.921", "kentAtlasiDegeriKodu": "32000", "kentAtlasiDegeri": "Maki veya Otsu Bitkiler", "gecirimsizlikKatmani": 0, "tucbsNo": "CBSGM_1_7976622", "aciklama": null, "gecerlilikBaslangici": "2019-09-13T00:00:00Z", "gecerlilikSonu": null, "gozlemTarihi": null, "hilucsAraziKullanimi": null, "hilucsDurumu": null, "olcek": "1:10000", "surumBaslangicZamani": null, "surumBitisZamani": null, "total_population": 0.0, "estimated_water_supply": 1.2224039245004334, "population_pressure": 0.0, "urban_water_stress_score": 0.0 }, "geometry": { "type": "MultiPolygon", "coordinates": [ [ [ [ 33.008, 40.1574 ], [ 33.0081, 40.1575 ], [ 33.0082, 40.1575 ], [ 33.0084, 40.1575 ], [ 33.0084, 40.1574 ], [ 33.0083, 40.1573 ], [ 33.0083, 40.1572 ], [ 33.008, 40.1574 ], [ 33.008, 40.1574 ] ] ] ] } },
{ "type": "Feature", "properties": { "id": "sehirAtlasi.922", "kentAtlasiDegeriKodu": "11230", "kentAtlasiDegeri": "Düşük Yoğunluklu Süreksiz Kentsel Alan (10% - 30%)", "gecirimsizlikKatmani": 0, "tucbsNo": "CBSGM_1_7976623", "aciklama": null, "gecerlilikBaslangici": "2019-09-13T00:00:00Z", "gecerlilikSonu": null, "gozlemTarihi": null, "hilucsAraziKullanimi": null, "hilucsDurumu": null, "olcek": "1:10000", "surumBaslangicZamani": null, "surumBitisZamani": null, "total_population": 0.0, "estimated_water_supply": 1.22150991325424, "population_pressure": 0.0, "urban_water_stress_score": 0.0 }, "geometry": { "type": "MultiPolygon", "coordinates": [ [ [ [ 33.0086, 40.1568 ], [ 33.0086, 40.1571 ], [ 33.0088, 40.1571 ], [ 33.0087, 40.1568 ], [ 33.0086, 40.1568 ] ] ] ] } },
{ "type": "Feature", "properties": { "id": "sehirAtlasi.923", "kentAtlasiDegeriKodu": "11230", "kentAtlasiDegeri": "Düşük Yoğunluklu Süreksiz Kentsel Alan (10% - 30%)", "gecirimsizlikKatmani": 0, "tucbsNo": "CBSGM_1_7976624", "aciklama": null, "gecerlilikBaslangici": "2019-09-13T00:00:00Z", "gecerlilikSonu": null, "gozlemTarihi": null, "hilucsAraziKullanimi": null, "hilucsDurumu": null, "olcek": "1:10000", "surumBaslangicZamani": null, "surumBitisZamani": null, "total_population": 0.0, "estimated_water_supply": 1.2170265538799527, "population_pressure": 0.0, "urban_water_stress_score": 0.0 }, "geometry": { "type": "MultiPolygon", "coordinates": [ [ [ [ 33.0119, 40.156 ], [ 33.0119, 40.156 ], [ 33.012, 40.1562 ], [ 33.0122, 40.1561 ], [ 33.012, 40.1558 ], [ 33.0121, 40.1557 ], [ 33.0119, 40.1555 ], [ 33.0118, 40.1555 ], [ 33.0119, 40.1558 ], [ 33.0118, 40.1558 ], [ 33.0119, 40.156 ] ] ] ] } },
{ "type": "Feature", "properties": { "id": "sehirAtlasi.924", "kentAtlasiDegeriKodu": "50000", "kentAtlasiDegeri": "Su Alanları", "gecirimsizlikKatmani": 0, "tucbsNo": "CBSGM_1_7976625", "aciklama": null, "gecerlilikBaslangici": "2019-09-13T00:00:00Z", "gecerlilikSonu": null, "gozlemTarihi": null, "hilucsAraziKullanimi": null, "hilucsDurumu": null, "olcek": "1:10000", "surumBaslangicZamani": null, "surumBitisZamani": null, "total_population": 0.0, "estimated_water_supply": 1.2163585339233676, "population_pressure": 0.0, "urban_water_stress_score": 0.0 }, "geometry": { "type": "MultiPolygon", "coordinates": [ [ [ [ 33.0124, 40.1546 ], [ 33.0124, 40.1546 ], [ 33.0123, 40.1546 ], [ 33.0123, 40.1545 ], [ 33.0123, 40.1545 ], [ 33.0122, 40.1546 ], [ 33.012, 40.1546 ], [ 33.012, 40.1546 ], [ 33.0118, 40.1547 ], [ 33.0116, 40.1547 ], [ 33.0115, 40.1546 ], [ 33.0114, 40.1546 ], [ 33.0113, 40.1545 ], [ 33.0111, 40.1543 ], [ 33.0111, 40.1543 ], [ 33.011, 40.1543 ], [ 33.011, 40.1543 ], [ 33.011, 40.1544 ], [ 33.011, 40.1544 ], [ 33.011, 40.1544 ], [ 33.011, 40.1544 ], [ 33.0113, 40.1545 ], [ 33.0114, 40.1546 ], [ 33.0115, 40.1547 ], [ 33.0115, 40.1547 ], [ 33.0115, 40.1547 ], [ 33.0116, 40.1547 ], [ 33.0116, 40.1547 ], [ 33.0118, 40.1547 ], [ 33.0118, 40.1547 ], [ 33.0118, 40.1547 ], [ 33.012, 40.1547 ], [ 33.0122, 40.1546 ], [ 33.0122, 40.1546 ], [ 33.0123, 40.1546 ], [ 33.0123, 40.1546 ], [ 33.0124, 40.1546 ], [ 33.0124, 40.1546 ] ] ] ] } },
{ "type": "Feature", "properties": { "id": "sehirAtlasi.925", "kentAtlasiDegeriKodu": "11240", "kentAtlasiDegeri": "Çok Düşük Yoğunluklu Süreksiz Kentsel Alan (< 10%)", "gecirimsizlikKatmani": 0, "tucbsNo": "CBSGM_1_7976626", "aciklama": null, "gecerlilikBaslangici": "2019-11-15T00:00:00Z", "gecerlilikSonu": null, "gozlemTarihi": null, "hilucsAraziKullanimi": null, "hilucsDurumu": null, "olcek": "1:10000", "surumBaslangicZamani": null, "surumBitisZamani": null, "total_population": 0.0, "estimated_water_supply": 1.3223628733930017, "population_pressure": 0.0, "urban_water_stress_score": 0.0 }, "geometry": { "type": "MultiPolygon", "coordinates": [ [ [ [ 32.7776, 40.043 ], [ 32.7776, 40.0432 ], [ 32.7776, 40.0432 ], [ 32.7776, 40.0432 ], [ 32.7775, 40.0433 ], [ 32.7775, 40.0433 ], [ 32.7775, 40.0433 ], [ 32.7775, 40.0433 ], [ 32.7775, 40.0433 ], [ 32.7773, 40.0435 ], [ 32.7773, 40.0435 ], [ 32.7775, 40.0437 ], [ 32.7778, 40.0434 ], [ 32.7781, 40.0435 ], [ 32.7783, 40.0433 ], [ 32.7776, 40.043 ] ] ] ] } },
{ "type": "Feature", "properties": { "id": "sehirAtlasi.926", "kentAtlasiDegeriKodu": "11230", "kentAtlasiDegeri": "Düşük Yoğunluklu Süreksiz Kentsel Alan (10% - 30%)", "gecirimsizlikKatmani": 0, "tucbsNo": "CBSGM_1_7976627", "aciklama": null, "gecerlilikBaslangici": "2019-11-15T00:00:00Z", "gecerlilikSonu": null, "gozlemTarihi": null, "hilucsAraziKullanimi": null, "hilucsDurumu": null, "olcek": "1:10000", "surumBaslangicZamani": null, "surumBitisZamani": null, "total_population": 0.0, "estimated_water_supply": 1.3372365159890811, "population_pressure": 0.0, "urban_water_stress_score": 0.0 }, "geometry": { "type": "MultiPolygon", "coordinates": [ [ [ [ 32.9179, 40.0021 ], [ 32.9178, 40.0018 ], [ 32.9176, 40.0009 ], [ 32.9174, 40.0006 ], [ 32.9171, 40.0005 ], [ 32.9171, 40.0006 ], [ 32.917, 40.0007 ], [ 32.9169, 40.0007 ], [ 32.9168, 40.0008 ], [ 32.9168, 40.0008 ], [ 32.9167, 40.001 ], [ 32.9167, 40.0012 ], [ 32.9165, 40.0013 ], [ 32.9164, 40.0014 ], [ 32.9162, 40.0014 ], [ 32.9161, 40.0013 ], [ 32.9159, 40.0011 ], [ 32.9156, 40.0009 ], [ 32.9155, 40.0008 ], [ 32.9158, 40.0004 ], [ 32.9159, 40.0004 ], [ 32.916, 40.0003 ], [ 32.916, 40.0001 ], [ 32.916, 40.0 ], [ 32.9167, 40.0004 ], [ 32.9159, 40.0 ], [ 32.9159, 40.0 ], [ 32.9159, 40.0 ], [ 32.9154, 39.9994 ], [ 32.9154, 39.9994 ], [ 32.9151, 39.9989 ], [ 32.9147, 39.9984 ], [ 32.914, 39.998 ], [ 32.9139, 39.9982 ], [ 32.9137, 39.9985 ], [ 32.9137, 39.9985 ], [ 32.9137, 39.9985 ], [ 32.9131, 39.9985 ], [ 32.9129, 39.9985 ], [ 32.9126, 39.9984 ], [ 32.9126, 39.9984 ], [ 32.9127, 39.9985 ], [ 32.9127, 39.9985 ], [ 32.9128, 39.9986 ], [ 32.9129, 39.9987 ], [ 32.913, 39.9987 ], [ 32.9135, 39.9988 ], [ 32.9135, 39.9988 ], [ 32.9135, 39.9988 ], [ 32.9136, 39.9989 ], [ 32.9136, 39.9989 ], [ 32.9138, 39.999 ], [ 32.9139, 39.9991 ], [ 32.9141, 39.9991 ], [ 32.9141, 39.9991 ], [ 32.9141, 39.9991 ], [ 32.9142, 39.9992 ], [ 32.9142, 39.9992 ], [ 32.9142, 39.9992 ], [ 32.9142, 39.9992 ], [ 32.9142, 39.9993 ], [ 32.9145, 39.9999 ], [ 32.9145, 40.0 ], [ 32.9146, 40.0 ], [ 32.9146, 40.0001 ], [ 32.9148, 40.0003 ], [ 32.9148, 40.0003 ], [ 32.9148, 40.0003 ], [ 32.9149, 40.0004 ], [ 32.9149, 40.0004 ], [ 32.9149, 40.0005 ], [ 32.9149, 40.0005 ], [ 32.9149, 40.0005 ], [ 32.9149, 40.0006 ], [ 32.9149, 40.0006 ], [ 32.9149, 40.0006 ], [ 32.9146, 40.0008 ], [ 32.9145, 40.0009 ], [ 32.9145, 40.001 ], [ 32.9145, 40.0013 ], [ 32.9146, 40.0015 ], [ 32.9146, 40.0016 ], [ 32.9146, 40.0016 ], [ 32.9147, 40.0018 ], [ 32.915, 40.0024 ], [ 32.915, 40.0025 ], [ 32.9151, 40.0025 ], [ 32.9155, 40.0025 ], [ 32.916, 40.0025 ], [ 32.916, 40.0025 ], [ 32.9161, 40.0025 ], [ 32.9162, 40.0025 ], [ 32.9162, 40.0025 ], [ 32.9163, 40.0026 ], [ 32.9163, 40.0026 ], [ 32.9163, 40.0026 ], [ 32.9164, 40.0028 ], [ 32.9164, 40.0029 ], [ 32.9164, 40.003 ], [ 32.9164, 40.0032 ], [ 32.9164, 40.0033 ], [ 32.9165, 40.0037 ], [ 32.9165, 40.0037 ], [ 32.9165, 40.0038 ], [ 32.9165, 40.0038 ], [ 32.9165, 40.0038 ], [ 32.9164, 40.004 ], [ 32.9164, 40.0041 ], [ 32.9164, 40.0042 ], [ 32.9165, 40.0044 ], [ 32.9166, 40.0045 ], [ 32.9166, 40.0045 ], [ 32.9167, 40.0046 ], [ 32.9167, 40.0047 ], [ 32.9167, 40.0048 ], [ 32.9168, 40.0049 ], [ 32.9169, 40.005 ], [ 32.9173, 40.0052 ], [ 32.9175, 40.0053 ], [ 32.9176, 40.0051 ], [ 32.9176, 40.0049 ], [ 32.9174, 40.0049 ], [ 32.9171, 40.0049 ], [ 32.9171, 40.0047 ], [ 32.9171, 40.0047 ], [ 32.9174, 40.0046 ], [ 32.9171, 40.0041 ], [ 32.9171, 40.0041 ], [ 32.9171, 40.004 ], [ 32.9171, 40.004 ], [ 32.9171, 40.004 ], [ 32.9171, 40.0039 ], [ 32.9171, 40.0039 ], [ 32.9174, 40.0036 ], [ 32.9176, 40.0033 ], [ 32.9177, 40.0027 ], [ 32.9177, 40.0027 ], [ 32.9178, 40.0023 ], [ 32.9179, 40.0021 ] ] ] ] } },
{ "type": "Feature", "properties": { "id": "sehirAtlasi.927", "kentAtlasiDegeriKodu": "12150", "kentAtlasiDegeri": "Eğitim Alanları", "gecirimsizlikKatmani": 0, "tucbsNo": "CBSGM_1_7976628", "aciklama": null, "gecerlilikBaslangici": "2019-06-11T00:00:00Z", "gecerlilikSonu": null, "gozlemTarihi": null, "hilucsAraziKullanimi": null, "hilucsDurumu": null, "olcek": "1:10000", "surumBaslangicZamani": null, "surumBitisZamani": null, "total_population": 0.0, "estimated_water_supply": 0.64685039328381289, "population_pressure": 0.0, "urban_water_stress_score": 0.0 }, "geometry": { "type": "MultiPolygon", "coordinates": [ [ [ [ 32.7255, 39.8414 ], [ 32.7256, 39.8415 ], [ 32.7256, 39.8415 ], [ 32.7256, 39.8416 ], [ 32.7256, 39.8416 ], [ 32.7258, 39.8417 ], [ 32.7265, 39.841 ], [ 32.7262, 39.8408 ], [ 32.7255, 39.8414 ] ] ] ] } },
{ "type": "Feature", "properties": { "id": "sehirAtlasi.928", "kentAtlasiDegeriKodu": "12150", "kentAtlasiDegeri": "Eğitim Alanları", "gecirimsizlikKatmani": 16, "tucbsNo": "CBSGM_1_7976629", "aciklama": null, "gecerlilikBaslangici": "2019-06-12T00:00:00Z", "gecerlilikSonu": null, "gozlemTarihi": null, "hilucsAraziKullanimi": null, "hilucsDurumu": null, "olcek": "1:10000", "surumBaslangicZamani": null, "surumBitisZamani": null, "total_population": 0.0, "estimated_water_supply": 1.0452957853655835, "population_pressure": 0.0, "urban_water_stress_score": 0.0 }, "geometry": { "type": "MultiPolygon", "coordinates": [ [ [ [ 32.7398, 39.9619 ], [ 32.7398, 39.962 ], [ 32.7399, 39.9622 ], [ 32.7399, 39.9621 ], [ 32.7403, 39.9621 ], [ 32.7403, 39.962 ], [ 32.7402, 39.9618 ], [ 32.7398, 39.9617 ], [ 32.7398, 39.9617 ], [ 32.7398, 39.9619 ] ] ] ] } },
{ "type": "Feature", "properties": { "id": "sehirAtlasi.929", "kentAtlasiDegeriKodu": "12160", "kentAtlasiDegeri": "Sağlık Alanları", "gecirimsizlikKatmani": 0, "tucbsNo": "CBSGM_1_7976630", "aciklama": null, "gecerlilikBaslangici": "2019-06-12T00:00:00Z", "gecerlilikSonu": null, "gozlemTarihi": null, "hilucsAraziKullanimi": null, "hilucsDurumu": null, "olcek": "1:10000", "surumBaslangicZamani": null, "surumBitisZamani": null, "total_population": 0.0, "estimated_water_supply": 1.0268894746729187, "population_pressure": 0.0, "urban_water_stress_score": 0.0 }, "geometry": { "type": "MultiPolygon", "coordinates": [ [ [ [ 32.7277, 39.9526 ], [ 32.7279, 39.953 ], [ 32.7283, 39.9527 ], [ 32.7283, 39.9527 ], [ 32.7283, 39.9527 ], [ 32.7281, 39.9524 ], [ 32.7277, 39.9526 ] ] ] ] } },
{ "type": "Feature", "properties": { "id": "sehirAtlasi.930", "kentAtlasiDegeriKodu": "12150", "kentAtlasiDegeri": "Eğitim Alanları", "gecirimsizlikKatmani": 0, "tucbsNo": "CBSGM_1_7976631", "aciklama": null, "gecerlilikBaslangici": "2019-06-12T00:00:00Z", "gecerlilikSonu": null, "gozlemTarihi": null, "hilucsAraziKullanimi": null, "hilucsDurumu": null, "olcek": "1:10000", "surumBaslangicZamani": null, "surumBitisZamani": null, "total_population": 0.0, "estimated_water_supply": 1.0483058098860414, "population_pressure": 0.0, "urban_water_stress_score": 0.0 }, "geometry": { "type": "MultiPolygon", "coordinates": [ [ [ [ 32.7107, 39.9532 ], [ 32.7107, 39.9536 ], [ 32.7112, 39.9536 ], [ 32.7116, 39.9535 ], [ 32.7119, 39.9533 ], [ 32.7118, 39.9532 ], [ 32.7118, 39.9532 ], [ 32.7118, 39.9532 ], [ 32.7114, 39.9529 ], [ 32.7109, 39.9533 ], [ 32.7109, 39.9533 ], [ 32.7109, 39.9533 ], [ 32.7108, 39.9533 ], [ 32.7108, 39.9533 ], [ 32.7108, 39.9533 ], [ 32.7108, 39.9533 ], [ 32.7108, 39.9533 ], [ 32.7112, 39.953 ], [ 32.7107, 39.9532 ] ] ] ] } },
{ "type": "Feature", "properties": { "id": "sehirAtlasi.931", "kentAtlasiDegeriKodu": "14200", "kentAtlasiDegeri": "Spor Ve Eğlence Alanları", "gecirimsizlikKatmani": 0, "tucbsNo": "CBSGM_1_7976632", "aciklama": null, "gecerlilikBaslangici": "2019-06-12T00:00:00Z", "gecerlilikSonu": null, "gozlemTarihi": null, "hilucsAraziKullanimi": null, "hilucsDurumu": null, "olcek": "1:10000", "surumBaslangicZamani": null, "surumBitisZamani": null, "total_population": 0.0, "estimated_water_supply": 0.62046335858900159, "population_pressure": 0.0, "urban_water_stress_score": 0.0 }, "geometry": { "type": "MultiPolygon", "coordinates": [ [ [ [ 32.7443, 39.8332 ], [ 32.7441, 39.8335 ], [ 32.7437, 39.8334 ], [ 32.7437, 39.8336 ], [ 32.7441, 39.8337 ], [ 32.7441, 39.8336 ], [ 32.7451, 39.834 ], [ 32.7453, 39.8337 ], [ 32.7447, 39.8335 ], [ 32.7447, 39.8334 ], [ 32.7443, 39.8332 ] ] ] ] } },
{ "type": "Feature", "properties": { "id": "sehirAtlasi.932", "kentAtlasiDegeriKodu": "14100", "kentAtlasiDegeri": "Kent İçindeki Yeşil Alanlar ( Pasif )", "gecirimsizlikKatmani": 0, "tucbsNo": "CBSGM_1_7976633", "aciklama": null, "gecerlilikBaslangici": "2019-06-12T00:00:00Z", "gecerlilikSonu": null, "gozlemTarihi": null, "hilucsAraziKullanimi": null, "hilucsDurumu": null, "olcek": "1:10000", "surumBaslangicZamani": null, "surumBitisZamani": null, "total_population": 0.0, "estimated_water_supply": 0.70630823638242468, "population_pressure": 0.0, "urban_water_stress_score": 0.0 }, "geometry": { "type": "MultiPolygon", "coordinates": [ [ [ [ 32.6467, 39.8643 ], [ 32.6472, 39.8645 ], [ 32.6473, 39.8643 ], [ 32.6467, 39.8643 ] ] ] ] } },
{ "type": "Feature", "properties": { "id": "sehirAtlasi.933", "kentAtlasiDegeriKodu": "12150", "kentAtlasiDegeri": "Eğitim Alanları", "gecirimsizlikKatmani": 0, "tucbsNo": "CBSGM_1_7976634", "aciklama": null, "gecerlilikBaslangici": "2019-11-14T00:00:00Z", "gecerlilikSonu": null, "gozlemTarihi": null, "hilucsAraziKullanimi": null, "hilucsDurumu": null, "olcek": "1:10000", "surumBaslangicZamani": null, "surumBitisZamani": null, "total_population": 0.0, "estimated_water_supply": 0.75666505805760242, "population_pressure": 0.0, "urban_water_stress_score": 0.0 }, "geometry": { "type": "MultiPolygon", "coordinates": [ [ [ [ 32.7198, 39.8915 ], [ 32.72, 39.8917 ], [ 32.7207, 39.8911 ], [ 32.7204, 39.8909 ], [ 32.7198, 39.8913 ], [ 32.7198, 39.8915 ], [ 32.7198, 39.8915 ], [ 32.7198, 39.8915 ], [ 32.7198, 39.8915 ] ] ] ] } },
{ "type": "Feature", "properties": { "id": "sehirAtlasi.934", "kentAtlasiDegeriKodu": "14200", "kentAtlasiDegeri": "Spor Ve Eğlence Alanları", "gecirimsizlikKatmani": 0, "tucbsNo": "CBSGM_1_7976635", "aciklama": null, "gecerlilikBaslangici": "2019-11-14T00:00:00Z", "gecerlilikSonu": null, "gozlemTarihi": null, "hilucsAraziKullanimi": null, "hilucsDurumu": null, "olcek": "1:10000", "surumBaslangicZamani": null, "surumBitisZamani": null, "total_population": 0.0, "estimated_water_supply": 0.75749350001524229, "population_pressure": 0.0, "urban_water_stress_score": 0.0 }, "geometry": { "type": "MultiPolygon", "coordinates": [ [ [ [ 32.7206, 39.892 ], [ 32.7202, 39.8918 ], [ 32.72, 39.8921 ], [ 32.7199, 39.8921 ], [ 32.7203, 39.8923 ], [ 32.7206, 39.892 ] ] ] ] } },
{ "type": "Feature", "properties": { "id": "sehirAtlasi.935", "kentAtlasiDegeriKodu": "12170", "kentAtlasiDegeri": "İbadethane Alanları", "gecirimsizlikKatmani": 0, "tucbsNo": "CBSGM_1_7976636", "aciklama": null, "gecerlilikBaslangici": "2019-06-12T00:00:00Z", "gecerlilikSonu": null, "gozlemTarihi": null, "hilucsAraziKullanimi": null, "hilucsDurumu": null, "olcek": "1:10000", "surumBaslangicZamani": null, "surumBitisZamani": null, "total_population": 0.0, "estimated_water_supply": 0.74245596867050667, "population_pressure": 0.0, "urban_water_stress_score": 0.0 }, "geometry": { "type": "MultiPolygon", "coordinates": [ [ [ [ 32.8822, 39.8824 ], [ 32.8824, 39.8827 ], [ 32.8824, 39.8827 ], [ 32.8829, 39.8826 ], [ 32.8826, 39.8822 ], [ 32.8822, 39.8824 ] ] ] ] } },
{ "type": "Feature", "properties": { "id": "sehirAtlasi.936", "kentAtlasiDegeriKodu": "11230", "kentAtlasiDegeri": "Düşük Yoğunluklu Süreksiz Kentsel Alan (10% - 30%)", "gecirimsizlikKatmani": 0, "tucbsNo": "CBSGM_1_7976637", "aciklama": null, "gecerlilikBaslangici": "2019-06-12T00:00:00Z", "gecerlilikSonu": null, "gozlemTarihi": null, "hilucsAraziKullanimi": null, "hilucsDurumu": null, "olcek": "1:10000", "surumBaslangicZamani": null, "surumBitisZamani": null, "total_population": 0.0, "estimated_water_supply": 0.68882918933829362, "population_pressure": 0.0, "urban_water_stress_score": 0.0 }, "geometry": { "type": "MultiPolygon", "coordinates": [ [ [ [ 32.8111, 39.8528 ], [ 32.812, 39.853 ], [ 32.812, 39.8529 ], [ 32.8121, 39.8528 ], [ 32.8119, 39.8528 ], [ 32.8122, 39.8521 ], [ 32.8117, 39.8519 ], [ 32.8114, 39.8524 ], [ 32.8112, 39.8523 ], [ 32.8111, 39.8524 ], [ 32.8111, 39.8525 ], [ 32.8111, 39.8526 ], [ 32.8111, 39.8527 ], [ 32.8111, 39.8528 ] ] ] ] } },
{ "type": "Feature", "properties": { "id": "sehirAtlasi.937", "kentAtlasiDegeriKodu": "14100", "kentAtlasiDegeri": "Kent İçindeki Yeşil Alanlar ( Pasif )", "gecirimsizlikKatmani": 0, "tucbsNo": "CBSGM_1_7976638", "aciklama": null, "gecerlilikBaslangici": "2019-06-12T00:00:00Z", "gecerlilikSonu": null, "gozlemTarihi": null, "hilucsAraziKullanimi": null, "hilucsDurumu": null, "olcek": "1:10000", "surumBaslangicZamani": null, "surumBitisZamani": null, "total_population": 0.0, "estimated_water_supply": 0.69461775516489122, "population_pressure": 0.0, "urban_water_stress_score": 0.0 }, "geometry": { "type": "MultiPolygon", "coordinates": [ [ [ [ 32.8156, 39.8557 ], [ 32.8158, 39.856 ], [ 32.816, 39.8566 ], [ 32.8162, 39.8565 ], [ 32.8164, 39.8562 ], [ 32.8156, 39.8556 ], [ 32.8156, 39.8557 ] ] ] ] } },
{ "type": "Feature", "properties": { "id": "sehirAtlasi.938", "kentAtlasiDegeriKodu": "14200", "kentAtlasiDegeri": "Spor Ve Eğlence Alanları", "gecirimsizlikKatmani": 0, "tucbsNo": "CBSGM_1_7976639", "aciklama": null, "gecerlilikBaslangici": "2019-06-12T00:00:00Z", "gecerlilikSonu": null, "gozlemTarihi": null, "hilucsAraziKullanimi": null, "hilucsDurumu": null, "olcek": "1:10000", "surumBaslangicZamani": null, "surumBitisZamani": null, "total_population": 0.0, "estimated_water_supply": 0.70553847790022539, "population_pressure": 0.0, "urban_water_stress_score": 0.0 }, "geometry": { "type": "MultiPolygon", "coordinates": [ [ [ [ 32.8678, 39.8754 ], [ 32.8682, 39.8754 ], [ 32.8682, 39.8751 ], [ 32.8684, 39.8751 ], [ 32.8684, 39.8746 ], [ 32.8679, 39.8746 ], [ 32.8678, 39.8754 ] ] ] ] } },
{ "type": "Feature", "properties": { "id": "sehirAtlasi.939", "kentAtlasiDegeriKodu": "12130", "kentAtlasiDegeri": "Kamu Alanları", "gecirimsizlikKatmani": 0, "tucbsNo": "CBSGM_1_7976640", "aciklama": null, "gecerlilikBaslangici": "2019-06-12T00:00:00Z", "gecerlilikSonu": null, "gozlemTarihi": null, "hilucsAraziKullanimi": null, "hilucsDurumu": null, "olcek": "1:10000", "surumBaslangicZamani": null, "surumBitisZamani": null, "total_population": 0.0, "estimated_water_supply": 0.73116462380287728, "population_pressure": 0.0, "urban_water_stress_score": 0.0 }, "geometry": { "type": "MultiPolygon", "coordinates": [ [ [ [ 32.8382, 39.8779 ], [ 32.8374, 39.8782 ], [ 32.8375, 39.8783 ], [ 32.8379, 39.8787 ], [ 32.8383, 39.8792 ], [ 32.8382, 39.8791 ], [ 32.8382, 39.8779 ] ] ] ] } },
{ "type": "Feature", "properties": { "id": "sehirAtlasi.940", "kentAtlasiDegeriKodu": "12170", "kentAtlasiDegeri": "İbadethane Alanları", "gecirimsizlikKatmani": 0, "tucbsNo": "CBSGM_1_7976641", "aciklama": null, "gecerlilikBaslangici": "2019-06-12T00:00:00Z", "gecerlilikSonu": null, "gozlemTarihi": null, "hilucsAraziKullanimi": null, "hilucsDurumu": null, "olcek": "1:10000", "surumBaslangicZamani": null, "surumBitisZamani": null, "total_population": 0.0, "estimated_water_supply": 0.82498522780220918, "population_pressure": 0.0, "urban_water_stress_score": 0.0 }, "geometry": { "type": "MultiPolygon", "coordinates": [ [ [ [ 32.8869, 39.8981 ], [ 32.8872, 39.8983 ], [ 32.8872, 39.8983 ], [ 32.8873, 39.8982 ], [ 32.8873, 39.8981 ], [ 32.8869, 39.898 ], [ 32.8869, 39.898 ], [ 32.8869, 39.8981 ] ] ] ] } },
{ "type": "Feature", "properties": { "id": "sehirAtlasi.941", "kentAtlasiDegeriKodu": "12130", "kentAtlasiDegeri": "Kamu Alanları", "gecirimsizlikKatmani": 0, "tucbsNo": "CBSGM_1_7976642", "aciklama": null, "gecerlilikBaslangici": "2019-06-13T00:00:00Z", "gecerlilikSonu": null, "gozlemTarihi": null, "hilucsAraziKullanimi": null, "hilucsDurumu": null, "olcek": "1:10000", "surumBaslangicZamani": null, "surumBitisZamani": null, "total_population": 0.0, "estimated_water_supply": 0.77757143188954803, "population_pressure": 0.0, "urban_water_stress_score": 0.0 }, "geometry": { "type": "MultiPolygon", "coordinates": [ [ [ [ 32.705, 39.8991 ], [ 32.7053, 39.8994 ], [ 32.7053, 39.8994 ], [ 32.7056, 39.8992 ], [ 32.705, 39.8991 ] ] ] ] } },
{ "type": "Feature", "properties": { "id": "sehirAtlasi.942", "kentAtlasiDegeriKodu": "12170", "kentAtlasiDegeri": "İbadethane Alanları", "gecirimsizlikKatmani": 0, "tucbsNo": "CBSGM_1_7976643", "aciklama": null, "gecerlilikBaslangici": "2019-06-12T00:00:00Z", "gecerlilikSonu": null, "gozlemTarihi": null, "hilucsAraziKullanimi": null, "hilucsDurumu": null, "olcek": "1:10000", "surumBaslangicZamani": null, "surumBitisZamani": null, "total_population": 0.0, "estimated_water_supply": 1.2990182851431589, "population_pressure": 0.0, "urban_water_stress_score": 0.0 }, "geometry": { "type": "MultiPolygon", "coordinates": [ [ [ [ 32.7245, 40.0164 ], [ 32.7244, 40.016 ], [ 32.7244, 40.016 ], [ 32.7239, 40.0161 ], [ 32.7239, 40.0163 ], [ 32.7238, 40.0163 ], [ 32.7238, 40.0164 ], [ 32.7239, 40.0165 ], [ 32.7245, 40.0164 ] ] ] ] } },
{ "type": "Feature", "properties": { "id": "sehirAtlasi.943", "kentAtlasiDegeriKodu": "14200", "kentAtlasiDegeri": "Spor Ve Eğlence Alanları", "gecirimsizlikKatmani": 0, "tucbsNo": "CBSGM_1_7976644", "aciklama": null, "gecerlilikBaslangici": "2019-06-12T00:00:00Z", "gecerlilikSonu": null, "gozlemTarihi": null, "hilucsAraziKullanimi": null, "hilucsDurumu": null, "olcek": "1:10000", "surumBaslangicZamani": null, "surumBitisZamani": null, "total_population": 0.0, "estimated_water_supply": 1.0363888082589376, "population_pressure": 0.0, "urban_water_stress_score": 0.0 }, "geometry": { "type": "MultiPolygon", "coordinates": [ [ [ [ 32.8108, 39.9697 ], [ 32.8108, 39.9701 ], [ 32.8122, 39.9701 ], [ 32.8122, 39.9701 ], [ 32.8123, 39.9701 ], [ 32.8123, 39.9701 ], [ 32.8123, 39.9697 ], [ 32.8123, 39.9697 ], [ 32.8123, 39.9697 ], [ 32.8113, 39.9695 ], [ 32.8113, 39.9695 ], [ 32.8113, 39.9695 ], [ 32.8109, 39.9694 ], [ 32.8109, 39.9694 ], [ 32.8108, 39.9694 ], [ 32.8108, 39.9697 ] ] ] ] } },
{ "type": "Feature", "properties": { "id": "sehirAtlasi.944", "kentAtlasiDegeriKodu": "12130", "kentAtlasiDegeri": "Kamu Alanları", "gecirimsizlikKatmani": 0, "tucbsNo": "CBSGM_1_7976645", "aciklama": null, "gecerlilikBaslangici": "2019-06-12T00:00:00Z", "gecerlilikSonu": null, "gozlemTarihi": null, "hilucsAraziKullanimi": null, "hilucsDurumu": null, "olcek": "1:10000", "surumBaslangicZamani": null, "surumBitisZamani": null, "total_population": 0.0, "estimated_water_supply": 1.1535904264832391, "population_pressure": 0.0, "urban_water_stress_score": 0.0 }, "geometry": { "type": "MultiPolygon", "coordinates": [ [ [ [ 32.8657, 39.9856 ], [ 32.866, 39.9857 ], [ 32.8659, 39.9857 ], [ 32.8661, 39.9856 ], [ 32.8657, 39.9855 ], [ 32.8657, 39.9856 ] ] ] ] } },
{ "type": "Feature", "properties": { "id": "sehirAtlasi.945", "kentAtlasiDegeriKodu": "12170", "kentAtlasiDegeri": "İbadethane Alanları", "gecirimsizlikKatmani": 0, "tucbsNo": "CBSGM_1_7976646", "aciklama": null, "gecerlilikBaslangici": "2019-06-12T00:00:00Z", "gecerlilikSonu": null, "gozlemTarihi": null, "hilucsAraziKullanimi": null, "hilucsDurumu": null, "olcek": "1:10000", "surumBaslangicZamani": null, "surumBitisZamani": null, "total_population": 0.0, "estimated_water_supply": 1.1316827463004611, "population_pressure": 0.0, "urban_water_stress_score": 0.0 }, "geometry": { "type": "MultiPolygon", "coordinates": [ [ [ [ 32.7185, 39.976 ], [ 32.7181, 39.976 ], [ 32.7181, 39.9764 ], [ 32.7186, 39.9764 ], [ 32.7185, 39.976 ] ] ] ] } },
{ "type": "Feature", "properties": { "id": "sehirAtlasi.946", "kentAtlasiDegeriKodu": "12170", "kentAtlasiDegeri": "İbadethane Alanları", "gecirimsizlikKatmani": 0, "tucbsNo": "CBSGM_1_7976647", "aciklama": null, "gecerlilikBaslangici": "2019-06-12T00:00:00Z", "gecerlilikSonu": null, "gozlemTarihi": null, "hilucsAraziKullanimi": null, "hilucsDurumu": null, "olcek": "1:10000", "surumBaslangicZamani": null, "surumBitisZamani": null, "total_population": 0.0, "estimated_water_supply": 1.0618189183319258, "population_pressure": 0.0, "urban_water_stress_score": 0.0 }, "geometry": { "type": "MultiPolygon", "coordinates": [ [ [ [ 32.7871, 39.9712 ], [ 32.7875, 39.9715 ], [ 32.7881, 39.9711 ], [ 32.788, 39.971 ], [ 32.788, 39.971 ], [ 32.7877, 39.9708 ], [ 32.7871, 39.9712 ] ] ] ] } },
{ "type": "Feature", "properties": { "id": "sehirAtlasi.947", "kentAtlasiDegeriKodu": "23000", "kentAtlasiDegeri": "Mera Alanları", "gecirimsizlikKatmani": 0, "tucbsNo": "CBSGM_1_7976648", "aciklama": null, "gecerlilikBaslangici": "2019-06-28T00:00:00Z", "gecerlilikSonu": null, "gozlemTarihi": null, "hilucsAraziKullanimi": null, "hilucsDurumu": null, "olcek": "1:10000", "surumBaslangicZamani": null, "surumBitisZamani": null, "total_population": 0.0, "estimated_water_supply": 0.96851638285028119, "population_pressure": 0.0, "urban_water_stress_score": 0.0 }, "geometry": { "type": "MultiPolygon", "coordinates": [ [ [ [ 32.5905, 39.9309 ], [ 32.5908, 39.9306 ], [ 32.5919, 39.9298 ], [ 32.5924, 39.9295 ], [ 32.5925, 39.9293 ], [ 32.5924, 39.929 ], [ 32.5918, 39.9284 ], [ 32.5898, 39.93 ], [ 32.5896, 39.9301 ], [ 32.5896, 39.9301 ], [ 32.5896, 39.9301 ], [ 32.5896, 39.9301 ], [ 32.5896, 39.9301 ], [ 32.5899, 39.9302 ], [ 32.5901, 39.9304 ], [ 32.5903, 39.9306 ], [ 32.5905, 39.9309 ] ] ] ] } },
{ "type": "Feature", "properties": { "id": "sehirAtlasi.948", "kentAtlasiDegeriKodu": "11230", "kentAtlasiDegeri": "Düşük Yoğunluklu Süreksiz Kentsel Alan (10% - 30%)", "gecirimsizlikKatmani": 0, "tucbsNo": "CBSGM_1_7976649", "aciklama": null, "gecerlilikBaslangici": "2019-06-28T00:00:00Z", "gecerlilikSonu": null, "gozlemTarihi": null, "hilucsAraziKullanimi": null, "hilucsDurumu": null, "olcek": "1:10000", "surumBaslangicZamani": null, "surumBitisZamani": null, "total_population": 0.0, "estimated_water_supply": 0.95762944118292759, "population_pressure": 0.0, "urban_water_stress_score": 0.0 }, "geometry": { "type": "MultiPolygon", "coordinates": [ [ [ [ 32.5882, 39.9303 ], [ 32.5882, 39.9304 ], [ 32.5883, 39.9307 ], [ 32.5885, 39.9308 ], [ 32.5887, 39.9308 ], [ 32.5888, 39.9308 ], [ 32.5888, 39.9308 ], [ 32.5884, 39.9302 ], [ 32.5883, 39.9302 ], [ 32.5882, 39.9303 ] ] ] ] } },
{ "type": "Feature", "properties": { "id": "sehirAtlasi.949", "kentAtlasiDegeriKodu": "32000", "kentAtlasiDegeri": "Maki veya Otsu Bitkiler", "gecirimsizlikKatmani": 0, "tucbsNo": "CBSGM_1_7976650", "aciklama": null, "gecerlilikBaslangici": "2019-06-28T00:00:00Z", "gecerlilikSonu": null, "gozlemTarihi": null, "hilucsAraziKullanimi": null, "hilucsDurumu": null, "olcek": "1:10000", "surumBaslangicZamani": null, "surumBitisZamani": null, "total_population": 0.0, "estimated_water_supply": 1.0599928906854572, "population_pressure": 0.0, "urban_water_stress_score": 0.0 }, "geometry": { "type": "MultiPolygon", "coordinates": [ [ [ [ 32.5744, 39.9403 ], [ 32.5743, 39.9403 ], [ 32.5743, 39.9404 ], [ 32.5742, 39.9404 ], [ 32.5742, 39.9405 ], [ 32.5742, 39.9406 ], [ 32.5742, 39.9406 ], [ 32.5742, 39.9406 ], [ 32.5743, 39.941 ], [ 32.5744, 39.9412 ], [ 32.5744, 39.9414 ], [ 32.5745, 39.9416 ], [ 32.5745, 39.9417 ], [ 32.5744, 39.9418 ], [ 32.5744, 39.942 ], [ 32.5742, 39.9421 ], [ 32.5742, 39.9422 ], [ 32.5742, 39.9422 ], [ 32.5743, 39.9422 ], [ 32.5743, 39.9422 ], [ 32.5743, 39.9422 ], [ 32.5743, 39.9422 ], [ 32.5743, 39.9422 ], [ 32.5744, 39.942 ], [ 32.5744, 39.942 ], [ 32.5745, 39.9419 ], [ 32.5745, 39.9419 ], [ 32.5745, 39.9417 ], [ 32.5746, 39.9416 ], [ 32.5746, 39.9416 ], [ 32.5746, 39.9416 ], [ 32.5745, 39.9414 ], [ 32.5745, 39.9412 ], [ 32.5744, 39.941 ], [ 32.5743, 39.9406 ], [ 32.5743, 39.9405 ], [ 32.5744, 39.9404 ], [ 32.5744, 39.9403 ], [ 32.5744, 39.9403 ] ] ] ] } },
{ "type": "Feature", "properties": { "id": "sehirAtlasi.950", "kentAtlasiDegeriKodu": "11230", "kentAtlasiDegeri": "Düşük Yoğunluklu Süreksiz Kentsel Alan (10% - 30%)", "gecirimsizlikKatmani": 0, "tucbsNo": "CBSGM_1_7976651", "aciklama": null, "gecerlilikBaslangici": "2019-06-28T00:00:00Z", "gecerlilikSonu": null, "gozlemTarihi": null, "hilucsAraziKullanimi": null, "hilucsDurumu": null, "olcek": "1:10000", "surumBaslangicZamani": null, "surumBitisZamani": null, "total_population": 0.0, "estimated_water_supply": 0.99395864569146186, "population_pressure": 0.0, "urban_water_stress_score": 0.0 }, "geometry": { "type": "MultiPolygon", "coordinates": [ [ [ [ 32.5748, 39.9344 ], [ 32.5744, 39.9344 ], [ 32.5744, 39.9344 ], [ 32.5744, 39.9344 ], [ 32.5745, 39.9348 ], [ 32.575, 39.9347 ], [ 32.5748, 39.9344 ] ] ] ] } },
{ "type": "Feature", "properties": { "id": "sehirAtlasi.951", "kentAtlasiDegeriKodu": "11240", "kentAtlasiDegeri": "Çok Düşük Yoğunluklu Süreksiz Kentsel Alan (< 10%)", "gecirimsizlikKatmani": 0, "tucbsNo": "CBSGM_1_7976652", "aciklama": null, "gecerlilikBaslangici": "2019-06-27T00:00:00Z", "gecerlilikSonu": null, "gozlemTarihi": null, "hilucsAraziKullanimi": null, "hilucsDurumu": null, "olcek": "1:10000", "surumBaslangicZamani": null, "surumBitisZamani": null, "total_population": 0.0, "estimated_water_supply": 0.95728112684067546, "population_pressure": 0.0, "urban_water_stress_score": 0.0 }, "geometry": { "type": "MultiPolygon", "coordinates": [ [ [ [ 32.5798, 39.9266 ], [ 32.5802, 39.9266 ], [ 32.5803, 39.9264 ], [ 32.5804, 39.9263 ], [ 32.5805, 39.9258 ], [ 32.58, 39.9256 ], [ 32.5798, 39.9266 ] ] ] ] } },
{ "type": "Feature", "properties": { "id": "sehirAtlasi.952", "kentAtlasiDegeriKodu": "11230", "kentAtlasiDegeri": "Düşük Yoğunluklu Süreksiz Kentsel Alan (10% - 30%)", "gecirimsizlikKatmani": 0, "tucbsNo": "CBSGM_1_7976653", "aciklama": null, "gecerlilikBaslangici": "2019-06-27T00:00:00Z", "gecerlilikSonu": null, "gozlemTarihi": null, "hilucsAraziKullanimi": null, "hilucsDurumu": null, "olcek": "1:10000", "surumBaslangicZamani": null, "surumBitisZamani": null, "total_population": 0.0, "estimated_water_supply": 0.96317584619002661, "population_pressure": 0.0, "urban_water_stress_score": 0.0 }, "geometry": { "type": "MultiPolygon", "coordinates": [ [ [ [ 32.5777, 39.9273 ], [ 32.5776, 39.9273 ], [ 32.5776, 39.9273 ], [ 32.5776, 39.9273 ], [ 32.5776, 39.9273 ], [ 32.5776, 39.9271 ], [ 32.5771, 39.9271 ], [ 32.5771, 39.9273 ], [ 32.5772, 39.9275 ], [ 32.5777, 39.9276 ], [ 32.5777, 39.9273 ] ] ] ] } },
{ "type": "Feature", "properties": { "id": "sehirAtlasi.953", "kentAtlasiDegeriKodu": "11230", "kentAtlasiDegeri": "Düşük Yoğunluklu Süreksiz Kentsel Alan (10% - 30%)", "gecirimsizlikKatmani": 0, "tucbsNo": "CBSGM_1_7976654", "aciklama": null, "gecerlilikBaslangici": "2019-06-27T00:00:00Z", "gecerlilikSonu": null, "gozlemTarihi": null, "hilucsAraziKullanimi": null, "hilucsDurumu": null, "olcek": "1:10000", "surumBaslangicZamani": null, "surumBitisZamani": null, "total_population": 0.0, "estimated_water_supply": 0.96173947359803535, "population_pressure": 0.0, "urban_water_stress_score": 0.0 }, "geometry": { "type": "MultiPolygon", "coordinates": [ [ [ [ 32.5817, 39.9295 ], [ 32.5826, 39.9293 ], [ 32.5826, 39.9292 ], [ 32.5826, 39.9291 ], [ 32.5818, 39.9292 ], [ 32.5818, 39.9292 ], [ 32.5817, 39.9295 ] ] ] ] } },
{ "type": "Feature", "properties": { "id": "sehirAtlasi.954", "kentAtlasiDegeriKodu": "11230", "kentAtlasiDegeri": "Düşük Yoğunluklu Süreksiz Kentsel Alan (10% - 30%)", "gecirimsizlikKatmani": 0, "tucbsNo": "CBSGM_1_7976655", "aciklama": null, "gecerlilikBaslangici": "2019-06-27T00:00:00Z", "gecerlilikSonu": null, "gozlemTarihi": null, "hilucsAraziKullanimi": null, "hilucsDurumu": null, "olcek": "1:10000", "surumBaslangicZamani": null, "surumBitisZamani": null, "total_population": 0.0, "estimated_water_supply": 0.95912124143723265, "population_pressure": 0.0, "urban_water_stress_score": 0.0 }, "geometry": { "type": "MultiPolygon", "coordinates": [ [ [ [ 32.5833, 39.9286 ], [ 32.5831, 39.9285 ], [ 32.5831, 39.9287 ], [ 32.5833, 39.9287 ], [ 32.5833, 39.9286 ] ] ] ] } },
{ "type": "Feature", "properties": { "id": "sehirAtlasi.955", "kentAtlasiDegeriKodu": "11230", "kentAtlasiDegeri": "Düşük Yoğunluklu Süreksiz Kentsel Alan (10% - 30%)", "gecirimsizlikKatmani": 0, "tucbsNo": "CBSGM_1_7976656", "aciklama": null, "gecerlilikBaslangici": "2019-06-27T00:00:00Z", "gecerlilikSonu": null, "gozlemTarihi": null, "hilucsAraziKullanimi": null, "hilucsDurumu": null, "olcek": "1:10000", "surumBaslangicZamani": null, "surumBitisZamani": null, "total_population": 0.0, "estimated_water_supply": 0.96086530234448109, "population_pressure": 0.0, "urban_water_stress_score": 0.0 }, "geometry": { "type": "MultiPolygon", "coordinates": [ [ [ [ 32.5827, 39.9294 ], [ 32.5828, 39.9296 ], [ 32.5837, 39.9295 ], [ 32.5837, 39.9293 ], [ 32.5836, 39.9293 ], [ 32.5831, 39.9293 ], [ 32.5827, 39.9294 ] ] ] ] } },
{ "type": "Feature", "properties": { "id": "sehirAtlasi.956", "kentAtlasiDegeriKodu": "11230", "kentAtlasiDegeri": "Düşük Yoğunluklu Süreksiz Kentsel Alan (10% - 30%)", "gecirimsizlikKatmani": 0, "tucbsNo": "CBSGM_1_7976657", "aciklama": null, "gecerlilikBaslangici": "2019-06-27T00:00:00Z", "gecerlilikSonu": null, "gozlemTarihi": null, "hilucsAraziKullanimi": null, "hilucsDurumu": null, "olcek": "1:10000", "surumBaslangicZamani": null, "surumBitisZamani": null, "total_population": 0.0, "estimated_water_supply": 0.96156786657911764, "population_pressure": 0.0, "urban_water_stress_score": 0.0 }, "geometry": { "type": "MultiPolygon", "coordinates": [ [ [ [ 32.5833, 39.93 ], [ 32.5835, 39.93 ], [ 32.5835, 39.9297 ], [ 32.5833, 39.9297 ], [ 32.5833, 39.93 ] ] ] ] } },
{ "type": "Feature", "properties": { "id": "sehirAtlasi.957", "kentAtlasiDegeriKodu": "32000", "kentAtlasiDegeri": "Maki veya Otsu Bitkiler", "gecirimsizlikKatmani": 8, "tucbsNo": "CBSGM_1_7976658", "aciklama": null, "gecerlilikBaslangici": "2019-06-28T00:00:00Z", "gecerlilikSonu": null, "gozlemTarihi": null, "hilucsAraziKullanimi": null, "hilucsDurumu": null, "olcek": "1:10000", "surumBaslangicZamani": null, "surumBitisZamani": null, "total_population": 0.0, "estimated_water_supply": 0.99877817450665662, "population_pressure": 0.0, "urban_water_stress_score": 0.0 }, "geometry": { "type": "MultiPolygon", "coordinates": [ [ [ [ 32.5738, 39.9372 ], [ 32.5746, 39.9373 ], [ 32.5746, 39.9372 ], [ 32.5746, 39.9371 ], [ 32.5745, 39.9369 ], [ 32.5744, 39.9367 ], [ 32.5744, 39.9365 ], [ 32.5743, 39.9365 ], [ 32.5743, 39.9363 ], [ 32.5743, 39.9363 ], [ 32.5743, 39.9363 ], [ 32.5743, 39.936 ], [ 32.5743, 39.936 ], [ 32.5743, 39.9357 ], [ 32.5743, 39.9357 ], [ 32.5744, 39.9356 ], [ 32.5744, 39.9355 ], [ 32.574, 39.9355 ], [ 32.5739, 39.9368 ], [ 32.5738, 39.9372 ] ] ] ] } },
{ "type": "Feature", "properties": { "id": "sehirAtlasi.958", "kentAtlasiDegeriKodu": "12170", "kentAtlasiDegeri": "İbadethane Alanları", "gecirimsizlikKatmani": 0, "tucbsNo": "CBSGM_1_7976659", "aciklama": null, "gecerlilikBaslangici": "2019-06-27T00:00:00Z", "gecerlilikSonu": null, "gozlemTarihi": null, "hilucsAraziKullanimi": null, "hilucsDurumu": null, "olcek": "1:10000", "surumBaslangicZamani": null, "surumBitisZamani": null, "total_population": 0.0, "estimated_water_supply": 0.96274257031536914, "population_pressure": 0.0, "urban_water_stress_score": 0.0 }, "geometry": { "type": "MultiPolygon", "coordinates": [ [ [ [ 32.5837, 39.9306 ], [ 32.5837, 39.9308 ], [ 32.5843, 39.9308 ], [ 32.5842, 39.9307 ], [ 32.5842, 39.9307 ], [ 32.5842, 39.9307 ], [ 32.5842, 39.9305 ], [ 32.5837, 39.9306 ], [ 32.5837, 39.9306 ], [ 32.5837, 39.9306 ], [ 32.5837, 39.9306 ], [ 32.5837, 39.9306 ] ] ] ] } },
{ "type": "Feature", "properties": { "id": "sehirAtlasi.959", "kentAtlasiDegeriKodu": "11230", "kentAtlasiDegeri": "Düşük Yoğunluklu Süreksiz Kentsel Alan (10% - 30%)", "gecirimsizlikKatmani": 0, "tucbsNo": "CBSGM_1_7976660", "aciklama": null, "gecerlilikBaslangici": "2019-06-27T00:00:00Z", "gecerlilikSonu": null, "gozlemTarihi": null, "hilucsAraziKullanimi": null, "hilucsDurumu": null, "olcek": "1:10000", "surumBaslangicZamani": null, "surumBitisZamani": null, "total_population": 0.0, "estimated_water_supply": 0.96411538941996178, "population_pressure": 0.0, "urban_water_stress_score": 0.0 }, "geometry": { "type": "MultiPolygon", "coordinates": [ [ [ [ 32.5834, 39.9311 ], [ 32.5835, 39.9313 ], [ 32.5835, 39.9314 ], [ 32.5841, 39.9313 ], [ 32.584, 39.931 ], [ 32.5839, 39.931 ], [ 32.5838, 39.931 ], [ 32.5838, 39.931 ], [ 32.5838, 39.931 ], [ 32.5838, 39.931 ], [ 32.5838, 39.931 ], [ 32.5838, 39.931 ], [ 32.5838, 39.931 ], [ 32.5834, 39.9311 ] ] ] ] } },
{ "type": "Feature", "properties": { "id": "sehirAtlasi.960", "kentAtlasiDegeriKodu": "11230", "kentAtlasiDegeri": "Düşük Yoğunluklu Süreksiz Kentsel Alan (10% - 30%)", "gecirimsizlikKatmani": 0, "tucbsNo": "CBSGM_1_7976661", "aciklama": null, "gecerlilikBaslangici": "2019-06-27T00:00:00Z", "gecerlilikSonu": null, "gozlemTarihi": null, "hilucsAraziKullanimi": null, "hilucsDurumu": null, "olcek": "1:10000", "surumBaslangicZamani": null, "surumBitisZamani": null, "total_population": 0.0, "estimated_water_supply": 0.96530476909519169, "population_pressure": 0.0, "urban_water_stress_score": 0.0 }, "geometry": { "type": "MultiPolygon", "coordinates": [ [ [ [ 32.5842, 39.9319 ], [ 32.5841, 39.9317 ], [ 32.5841, 39.9317 ], [ 32.5841, 39.9317 ], [ 32.5838, 39.9318 ], [ 32.5839, 39.932 ], [ 32.5842, 39.9319 ] ] ] ] } },
{ "type": "Feature", "properties": { "id": "sehirAtlasi.961", "kentAtlasiDegeriKodu": "11230", "kentAtlasiDegeri": "Düşük Yoğunluklu Süreksiz Kentsel Alan (10% - 30%)", "gecirimsizlikKatmani": 0, "tucbsNo": "CBSGM_1_7976662", "aciklama": null, "gecerlilikBaslangici": "2019-06-27T00:00:00Z", "gecerlilikSonu": null, "gozlemTarihi": null, "hilucsAraziKullanimi": null, "hilucsDurumu": null, "olcek": "1:10000", "surumBaslangicZamani": null, "surumBitisZamani": null, "total_population": 0.0, "estimated_water_supply": 0.96766814369895049, "population_pressure": 0.0, "urban_water_stress_score": 0.0 }, "geometry": { "type": "MultiPolygon", "coordinates": [ [ [ [ 32.5817, 39.9318 ], [ 32.5819, 39.9321 ], [ 32.582, 39.932 ], [ 32.5822, 39.932 ], [ 32.582, 39.9317 ], [ 32.5817, 39.9318 ] ] ] ] } },
{ "type": "Feature", "properties": { "id": "sehirAtlasi.962", "kentAtlasiDegeriKodu": "11230", "kentAtlasiDegeri": "Düşük Yoğunluklu Süreksiz Kentsel Alan (10% - 30%)", "gecirimsizlikKatmani": 0, "tucbsNo": "CBSGM_1_7976663", "aciklama": null, "gecerlilikBaslangici": "2019-06-27T00:00:00Z", "gecerlilikSonu": null, "gozlemTarihi": null, "hilucsAraziKullanimi": null, "hilucsDurumu": null, "olcek": "1:10000", "surumBaslangicZamani": null, "surumBitisZamani": null, "total_population": 0.0, "estimated_water_supply": 0.96789642888152194, "population_pressure": 0.0, "urban_water_stress_score": 0.0 }, "geometry": { "type": "MultiPolygon", "coordinates": [ [ [ [ 32.583, 39.9326 ], [ 32.583, 39.9327 ], [ 32.5833, 39.9326 ], [ 32.5832, 39.9325 ], [ 32.5831, 39.9325 ], [ 32.583, 39.9326 ] ] ] ] } },
{ "type": "Feature", "properties": { "id": "sehirAtlasi.963", "kentAtlasiDegeriKodu": "13100", "kentAtlasiDegeri": "Maden Ocağı ve Boşaltım Sahaları", "gecirimsizlikKatmani": 0, "tucbsNo": "CBSGM_1_7976664", "aciklama": null, "gecerlilikBaslangici": "2019-06-28T00:00:00Z", "gecerlilikSonu": null, "gozlemTarihi": null, "hilucsAraziKullanimi": null, "hilucsDurumu": null, "olcek": "1:10000", "surumBaslangicZamani": null, "surumBitisZamani": null, "total_population": 0.0, "estimated_water_supply": 1.5545989366059287, "population_pressure": 0.0, "urban_water_stress_score": 0.0 }, "geometry": { "type": "MultiPolygon", "coordinates": [ [ [ [ 32.6236, 40.0481 ], [ 32.6237, 40.0482 ], [ 32.6239, 40.0483 ], [ 32.6241, 40.0484 ], [ 32.6243, 40.0484 ], [ 32.6245, 40.0484 ], [ 32.6248, 40.0483 ], [ 32.6249, 40.0483 ], [ 32.6249, 40.0482 ], [ 32.6249, 40.0479 ], [ 32.6249, 40.0479 ], [ 32.6244, 40.0479 ], [ 32.6241, 40.048 ], [ 32.624, 40.0481 ], [ 32.6239, 40.0481 ], [ 32.6238, 40.0481 ], [ 32.6238, 40.0481 ], [ 32.6238, 40.0481 ], [ 32.6236, 40.0481 ] ] ] ] } },
{ "type": "Feature", "properties": { "id": "sehirAtlasi.964", "kentAtlasiDegeriKodu": "13400", "kentAtlasiDegeri": "Mevcut Kullanımı Olmayan Alanlar", "gecirimsizlikKatmani": 0, "tucbsNo": "CBSGM_1_7976665", "aciklama": null, "gecerlilikBaslangici": "2019-06-28T00:00:00Z", "gecerlilikSonu": null, "gozlemTarihi": null, "hilucsAraziKullanimi": null, "hilucsDurumu": null, "olcek": "1:10000", "surumBaslangicZamani": null, "surumBitisZamani": null, "total_population": 0.0, "estimated_water_supply": 1.6425956306531311, "population_pressure": 0.0, "urban_water_stress_score": 0.0 }, "geometry": { "type": "MultiPolygon", "coordinates": [ [ [ [ 32.6112, 40.0575 ], [ 32.6114, 40.0583 ], [ 32.6118, 40.0582 ], [ 32.612, 40.0583 ], [ 32.6122, 40.0586 ], [ 32.6122, 40.0584 ], [ 32.6121, 40.0582 ], [ 32.6119, 40.0578 ], [ 32.6118, 40.0575 ], [ 32.6117, 40.0575 ], [ 32.6116, 40.0575 ], [ 32.6116, 40.0574 ], [ 32.6112, 40.0575 ] ] ] ] } },
{ "type": "Feature", "properties": { "id": "sehirAtlasi.965", "kentAtlasiDegeriKodu": "12220", "kentAtlasiDegeri": "Diğer Yollar ve İlgili Alanlar", "gecirimsizlikKatmani": 0, "tucbsNo": "CBSGM_1_312972", "aciklama": null, "gecerlilikBaslangici": "2019-02-15T00:00:00Z", "gecerlilikSonu": null, "gozlemTarihi": null, "hilucsAraziKullanimi": null, "hilucsDurumu": null, "olcek": "1:10000", "surumBaslangicZamani": null, "surumBitisZamani": null, "total_population": 0.0, "estimated_water_supply": 2.2991688105614521, "population_pressure": 0.0, "urban_water_stress_score": 0.0 }, "geometry": { "type": "MultiPolygon", "coordinates": [ [ [ [ 32.688, 40.1837 ], [ 32.6888, 40.1848 ], [ 32.6888, 40.1848 ], [ 32.6889, 40.1848 ], [ 32.6881, 40.1836 ], [ 32.6881, 40.1837 ], [ 32.688, 40.1837 ] ] ] ] } },
{ "type": "Feature", "properties": { "id": "sehirAtlasi.966", "kentAtlasiDegeriKodu": "23000", "kentAtlasiDegeri": "Mera Alanları", "gecirimsizlikKatmani": 0, "tucbsNo": "CBSGM_1_7976666", "aciklama": null, "gecerlilikBaslangici": "2019-06-28T00:00:00Z", "gecerlilikSonu": null, "gozlemTarihi": null, "hilucsAraziKullanimi": null, "hilucsDurumu": null, "olcek": "1:10000", "surumBaslangicZamani": null, "surumBitisZamani": null, "total_population": 0.0, "estimated_water_supply": 1.4672215928274044, "population_pressure": 0.0, "urban_water_stress_score": 0.0 }, "geometry": { "type": "MultiPolygon", "coordinates": [ [ [ [ 32.6207, 40.0292 ], [ 32.6215, 40.031 ], [ 32.6217, 40.0311 ], [ 32.6217, 40.031 ], [ 32.6217, 40.0307 ], [ 32.622, 40.0307 ], [ 32.6224, 40.0307 ], [ 32.6225, 40.0306 ], [ 32.6224, 40.0303 ], [ 32.6226, 40.0303 ], [ 32.6229, 40.0303 ], [ 32.623, 40.03 ], [ 32.6231, 40.0297 ], [ 32.6231, 40.0294 ], [ 32.6231, 40.0292 ], [ 32.6233, 40.0291 ], [ 32.6236, 40.0292 ], [ 32.6237, 40.0293 ], [ 32.6237, 40.0295 ], [ 32.624, 40.0296 ], [ 32.6241, 40.0298 ], [ 32.6245, 40.0298 ], [ 32.6245, 40.0298 ], [ 32.6247, 40.0296 ], [ 32.6247, 40.0294 ], [ 32.6247, 40.0294 ], [ 32.6247, 40.0293 ], [ 32.6244, 40.0291 ], [ 32.6242, 40.0291 ], [ 32.6239, 40.0289 ], [ 32.6236, 40.0287 ], [ 32.6235, 40.0285 ], [ 32.6234, 40.0283 ], [ 32.6231, 40.0283 ], [ 32.6226, 40.0284 ], [ 32.6222, 40.0286 ], [ 32.6219, 40.0289 ], [ 32.6218, 40.0292 ], [ 32.6217, 40.0294 ], [ 32.6215, 40.0294 ], [ 32.6213, 40.0293 ], [ 32.6209, 40.029 ], [ 32.6207, 40.0292 ] ] ] ] } },
{ "type": "Feature", "properties": { "id": "sehirAtlasi.967", "kentAtlasiDegeriKodu": "11240", "kentAtlasiDegeri": "Çok Düşük Yoğunluklu Süreksiz Kentsel Alan (< 10%)", "gecirimsizlikKatmani": 0, "tucbsNo": "CBSGM_1_7976667", "aciklama": null, "gecerlilikBaslangici": "2019-06-28T00:00:00Z", "gecerlilikSonu": null, "gozlemTarihi": null, "hilucsAraziKullanimi": null, "hilucsDurumu": null, "olcek": "1:10000", "surumBaslangicZamani": null, "surumBitisZamani": null, "total_population": 0.0, "estimated_water_supply": 1.8615885549628657, "population_pressure": 0.0, "urban_water_stress_score": 0.0 }, "geometry": { "type": "MultiPolygon", "coordinates": [ [ [ [ 32.63, 40.0883 ], [ 32.63, 40.0883 ], [ 32.6304, 40.0879 ], [ 32.6288, 40.0875 ], [ 32.6287, 40.0875 ], [ 32.6285, 40.0878 ], [ 32.63, 40.0883 ] ] ] ] } },
{ "type": "Feature", "properties": { "id": "sehirAtlasi.968", "kentAtlasiDegeriKodu": "12220", "kentAtlasiDegeri": "Diğer Yollar ve İlgili Alanlar", "gecirimsizlikKatmani": 0, "tucbsNo": "CBSGM_1_312973", "aciklama": null, "gecerlilikBaslangici": "2019-02-15T00:00:00Z", "gecerlilikSonu": null, "gozlemTarihi": null, "hilucsAraziKullanimi": null, "hilucsDurumu": null, "olcek": "1:10000", "surumBaslangicZamani": null, "surumBitisZamani": null, "total_population": 0.0, "estimated_water_supply": 2.298681700648618, "population_pressure": 0.0, "urban_water_stress_score": 0.0 }, "geometry": { "type": "MultiPolygon", "coordinates": [ [ [ [ 32.6888, 40.1865 ], [ 32.6888, 40.1865 ], [ 32.6888, 40.1865 ], [ 32.6894, 40.1863 ], [ 32.6894, 40.1863 ], [ 32.6894, 40.1863 ], [ 32.6903, 40.186 ], [ 32.6903, 40.186 ], [ 32.6903, 40.186 ], [ 32.6903, 40.186 ], [ 32.6902, 40.186 ], [ 32.6893, 40.1863 ], [ 32.6888, 40.1865 ] ] ] ] } },
{ "type": "Feature", "properties": { "id": "sehirAtlasi.969", "kentAtlasiDegeriKodu": "11210", "kentAtlasiDegeri": "Yüksek Yoğunluklu Süreksiz Kentsel Alan (50% - 80%)", "gecirimsizlikKatmani": 0, "tucbsNo": "CBSGM_1_7976668", "aciklama": null, "gecerlilikBaslangici": "2019-11-11T00:00:00Z", "gecerlilikSonu": null, "gozlemTarihi": null, "hilucsAraziKullanimi": null, "hilucsDurumu": null, "olcek": "1:10000", "surumBaslangicZamani": null, "surumBitisZamani": null, "total_population": 0.0, "estimated_water_supply": 0.70370834308806929, "population_pressure": 0.0, "urban_water_stress_score": 0.0 }, "geometry": { "type": "MultiPolygon", "coordinates": [ [ [ [ 32.682, 39.8662 ], [ 32.6826, 39.8663 ], [ 32.6828, 39.8664 ], [ 32.6828, 39.866 ], [ 32.6829, 39.8659 ], [ 32.6829, 39.8659 ], [ 32.6829, 39.8658 ], [ 32.6829, 39.8658 ], [ 32.6827, 39.8657 ], [ 32.6825, 39.8656 ], [ 32.6823, 39.8658 ], [ 32.6823, 39.8658 ], [ 32.6823, 39.8658 ], [ 32.6823, 39.8659 ], [ 32.682, 39.8662 ] ] ] ] } },
{ "type": "Feature", "properties": { "id": "sehirAtlasi.970", "kentAtlasiDegeriKodu": "12120", "kentAtlasiDegeri": "Ticaret Alanları", "gecirimsizlikKatmani": 0, "tucbsNo": "CBSGM_1_7976669", "aciklama": null, "gecerlilikBaslangici": "2019-07-01T00:00:00Z", "gecerlilikSonu": null, "gozlemTarihi": null, "hilucsAraziKullanimi": null, "hilucsDurumu": null, "olcek": "1:10000", "surumBaslangicZamani": null, "surumBitisZamani": null, "total_population": 0.0, "estimated_water_supply": 0.70269365926734562, "population_pressure": 0.0, "urban_water_stress_score": 0.0 }, "geometry": { "type": "MultiPolygon", "coordinates": [ [ [ [ 32.6839, 39.8648 ], [ 32.6842, 39.8653 ], [ 32.6843, 39.8654 ], [ 32.6844, 39.8654 ], [ 32.685, 39.8652 ], [ 32.6848, 39.8649 ], [ 32.6845, 39.8646 ], [ 32.6841, 39.8648 ], [ 32.6841, 39.8648 ], [ 32.6839, 39.8648 ] ] ] ] } },
{ "type": "Feature", "properties": { "id": "sehirAtlasi.971", "kentAtlasiDegeriKodu": "12120", "kentAtlasiDegeri": "Ticaret Alanları", "gecirimsizlikKatmani": 0, "tucbsNo": "CBSGM_1_7976670", "aciklama": null, "gecerlilikBaslangici": "2019-07-02T00:00:00Z", "gecerlilikSonu": null, "gozlemTarihi": null, "hilucsAraziKullanimi": null, "hilucsDurumu": null, "olcek": "1:10000", "surumBaslangicZamani": null, "surumBitisZamani": null, "total_population": 0.0, "estimated_water_supply": 0.88081711573203114, "population_pressure": 0.0, "urban_water_stress_score": 0.0 }, "geometry": { "type": "MultiPolygon", "coordinates": [ [ [ [ 32.8455, 39.9286 ], [ 32.8461, 39.9288 ], [ 32.8465, 39.9278 ], [ 32.847, 39.9269 ], [ 32.8473, 39.9263 ], [ 32.8468, 39.926 ], [ 32.8467, 39.9264 ], [ 32.8462, 39.9273 ], [ 32.8457, 39.9284 ], [ 32.8456, 39.9284 ], [ 32.8455, 39.9286 ] ] ] ] } },
{ "type": "Feature", "properties": { "id": "sehirAtlasi.972", "kentAtlasiDegeriKodu": "11230", "kentAtlasiDegeri": "Düşük Yoğunluklu Süreksiz Kentsel Alan (10% - 30%)", "gecirimsizlikKatmani": 0, "tucbsNo": "CBSGM_1_7976671", "aciklama": null, "gecerlilikBaslangici": "2019-07-02T00:00:00Z", "gecerlilikSonu": null, "gozlemTarihi": null, "hilucsAraziKullanimi": null, "hilucsDurumu": null, "olcek": "1:10000", "surumBaslangicZamani": null, "surumBitisZamani": null, "total_population": 0.0, "estimated_water_supply": 0.72582485621478621, "population_pressure": 0.0, "urban_water_stress_score": 0.0 }, "geometry": { "type": "MultiPolygon", "coordinates": [ [ [ [ 32.6538, 39.8653 ], [ 32.6538, 39.8657 ], [ 32.6546, 39.8656 ], [ 32.6545, 39.8653 ], [ 32.6538, 39.8653 ] ] ] ] } },
{ "type": "Feature", "properties": { "id": "sehirAtlasi.973", "kentAtlasiDegeriKodu": "11230", "kentAtlasiDegeri": "Düşük Yoğunluklu Süreksiz Kentsel Alan (10% - 30%)", "gecirimsizlikKatmani": 0, "tucbsNo": "CBSGM_1_7976672", "aciklama": null, "gecerlilikBaslangici": "2019-07-02T00:00:00Z", "gecerlilikSonu": null, "gozlemTarihi": null, "hilucsAraziKullanimi": null, "hilucsDurumu": null, "olcek": "1:10000", "surumBaslangicZamani": null, "surumBitisZamani": null, "total_population": 0.0, "estimated_water_supply": 0.72530488404670401, "population_pressure": 0.0, "urban_water_stress_score": 0.0 }, "geometry": { "type": "MultiPolygon", "coordinates": [ [ [ [ 32.6547, 39.865 ], [ 32.6548, 39.8653 ], [ 32.655, 39.8652 ], [ 32.655, 39.865 ], [ 32.6547, 39.865 ] ] ] ] } },
{ "type": "Feature", "properties": { "id": "sehirAtlasi.974", "kentAtlasiDegeriKodu": "11230", "kentAtlasiDegeri": "Düşük Yoğunluklu Süreksiz Kentsel Alan (10% - 30%)", "gecirimsizlikKatmani": 0, "tucbsNo": "CBSGM_1_7976673", "aciklama": null, "gecerlilikBaslangici": "2019-07-02T00:00:00Z", "gecerlilikSonu": null, "gozlemTarihi": null, "hilucsAraziKullanimi": null, "hilucsDurumu": null, "olcek": "1:10000", "surumBaslangicZamani": null, "surumBitisZamani": null, "total_population": 0.0, "estimated_water_supply": 0.72546774815044457, "population_pressure": 0.0, "urban_water_stress_score": 0.0 }, "geometry": { "type": "MultiPolygon", "coordinates": [ [ [ [ 32.6553, 39.8655 ], [ 32.6554, 39.8655 ], [ 32.6554, 39.8655 ], [ 32.6554, 39.8652 ], [ 32.6552, 39.8652 ], [ 32.6553, 39.8655 ] ] ] ] } },
{ "type": "Feature", "properties": { "id": "sehirAtlasi.975", "kentAtlasiDegeriKodu": "13400", "kentAtlasiDegeri": "Mevcut Kullanımı Olmayan Alanlar", "gecirimsizlikKatmani": 0, "tucbsNo": "CBSGM_1_7976674", "aciklama": null, "gecerlilikBaslangici": "2019-07-02T00:00:00Z", "gecerlilikSonu": null, "gozlemTarihi": null, "hilucsAraziKullanimi": null, "hilucsDurumu": null, "olcek": "1:10000", "surumBaslangicZamani": null, "surumBitisZamani": null, "total_population": 0.0, "estimated_water_supply": 0.71698552203452781, "population_pressure": 0.0, "urban_water_stress_score": 0.0 }, "geometry": { "type": "MultiPolygon", "coordinates": [ [ [ [ 32.6526, 39.8645 ], [ 32.6525, 39.8641 ], [ 32.6515, 39.864 ], [ 32.6513, 39.8644 ], [ 32.6513, 39.8644 ], [ 32.6526, 39.8645 ] ] ] ] } },
{ "type": "Feature", "properties": { "id": "sehirAtlasi.976", "kentAtlasiDegeriKodu": "11230", "kentAtlasiDegeri": "Düşük Yoğunluklu Süreksiz Kentsel Alan (10% - 30%)", "gecirimsizlikKatmani": 0, "tucbsNo": "CBSGM_1_7976675", "aciklama": null, "gecerlilikBaslangici": "2019-07-02T00:00:00Z", "gecerlilikSonu": null, "gozlemTarihi": null, "hilucsAraziKullanimi": null, "hilucsDurumu": null, "olcek": "1:10000", "surumBaslangicZamani": null, "surumBitisZamani": null, "total_population": 0.0, "estimated_water_supply": 0.72139524118595744, "population_pressure": 0.0, "urban_water_stress_score": 0.0 }, "geometry": { "type": "MultiPolygon", "coordinates": [ [ [ [ 32.6592, 39.8726 ], [ 32.6592, 39.8729 ], [ 32.6596, 39.8729 ], [ 32.6596, 39.8726 ], [ 32.6592, 39.8726 ] ] ] ] } },
{ "type": "Feature", "properties": { "id": "sehirAtlasi.977", "kentAtlasiDegeriKodu": "13400", "kentAtlasiDegeri": "Mevcut Kullanımı Olmayan Alanlar", "gecirimsizlikKatmani": 0, "tucbsNo": "CBSGM_1_7976676", "aciklama": null, "gecerlilikBaslangici": "2019-07-02T00:00:00Z", "gecerlilikSonu": null, "gozlemTarihi": null, "hilucsAraziKullanimi": null, "hilucsDurumu": null, "olcek": "1:10000", "surumBaslangicZamani": null, "surumBitisZamani": null, "total_population": 0.0, "estimated_water_supply": 0.71444332007585465, "population_pressure": 0.0, "urban_water_stress_score": 0.0 }, "geometry": { "type": "MultiPolygon", "coordinates": [ [ [ [ 32.6563, 39.873 ], [ 32.6563, 39.8732 ], [ 32.6565, 39.8732 ], [ 32.6573, 39.8732 ], [ 32.6572, 39.8732 ], [ 32.6572, 39.8729 ], [ 32.6563, 39.873 ] ] ] ] } },
{ "type": "Feature", "properties": { "id": "sehirAtlasi.978", "kentAtlasiDegeriKodu": "11230", "kentAtlasiDegeri": "Düşük Yoğunluklu Süreksiz Kentsel Alan (10% - 30%)", "gecirimsizlikKatmani": 0, "tucbsNo": "CBSGM_1_7976677", "aciklama": null, "gecerlilikBaslangici": "2019-07-02T00:00:00Z", "gecerlilikSonu": null, "gozlemTarihi": null, "hilucsAraziKullanimi": null, "hilucsDurumu": null, "olcek": "1:10000", "surumBaslangicZamani": null, "surumBitisZamani": null, "total_population": 0.0, "estimated_water_supply": 0.71423464296445704, "population_pressure": 0.0, "urban_water_stress_score": 0.0 }, "geometry": { "type": "MultiPolygon", "coordinates": [ [ [ [ 32.6558, 39.8728 ], [ 32.6558, 39.8726 ], [ 32.6554, 39.8726 ], [ 32.6555, 39.8728 ], [ 32.6558, 39.8728 ] ] ] ] } },
{ "type": "Feature", "properties": { "id": "sehirAtlasi.979", "kentAtlasiDegeriKodu": "11230", "kentAtlasiDegeri": "Düşük Yoğunluklu Süreksiz Kentsel Alan (10% - 30%)", "gecirimsizlikKatmani": 0, "tucbsNo": "CBSGM_1_7976678", "aciklama": null, "gecerlilikBaslangici": "2019-07-02T00:00:00Z", "gecerlilikSonu": null, "gozlemTarihi": null, "hilucsAraziKullanimi": null, "hilucsDurumu": null, "olcek": "1:10000", "surumBaslangicZamani": null, "surumBitisZamani": null, "total_population": 0.0, "estimated_water_supply": 0.72437260649696866, "population_pressure": 0.0, "urban_water_stress_score": 0.0 }, "geometry": { "type": "MultiPolygon", "coordinates": [ [ [ [ 32.6564, 39.8715 ], [ 32.6563, 39.8713 ], [ 32.6562, 39.8712 ], [ 32.656, 39.8714 ], [ 32.6561, 39.8716 ], [ 32.6564, 39.8715 ] ] ] ] } },
{ "type": "Feature", "properties": { "id": "sehirAtlasi.980", "kentAtlasiDegeriKodu": "11230", "kentAtlasiDegeri": "Düşük Yoğunluklu Süreksiz Kentsel Alan (10% - 30%)", "gecirimsizlikKatmani": 0, "tucbsNo": "CBSGM_1_7976679", "aciklama": null, "gecerlilikBaslangici": "2019-07-02T00:00:00Z", "gecerlilikSonu": null, "gozlemTarihi": null, "hilucsAraziKullanimi": null, "hilucsDurumu": null, "olcek": "1:10000", "surumBaslangicZamani": null, "surumBitisZamani": null, "total_population": 0.0, "estimated_water_supply": 0.7276306465346235, "population_pressure": 0.0, "urban_water_stress_score": 0.0 }, "geometry": { "type": "MultiPolygon", "coordinates": [ [ [ [ 32.6527, 39.8736 ], [ 32.6528, 39.8737 ], [ 32.6528, 39.8737 ], [ 32.653, 39.8737 ], [ 32.653, 39.8734 ], [ 32.6529, 39.8733 ], [ 32.6527, 39.8736 ] ] ] ] } },
{ "type": "Feature", "properties": { "id": "sehirAtlasi.981", "kentAtlasiDegeriKodu": "11230", "kentAtlasiDegeri": "Düşük Yoğunluklu Süreksiz Kentsel Alan (10% - 30%)", "gecirimsizlikKatmani": 0, "tucbsNo": "CBSGM_1_7976680", "aciklama": null, "gecerlilikBaslangici": "2019-07-02T00:00:00Z", "gecerlilikSonu": null, "gozlemTarihi": null, "hilucsAraziKullanimi": null, "hilucsDurumu": null, "olcek": "1:10000", "surumBaslangicZamani": null, "surumBitisZamani": null, "total_population": 0.0, "estimated_water_supply": 0.7247413320454752, "population_pressure": 0.0, "urban_water_stress_score": 0.0 }, "geometry": { "type": "MultiPolygon", "coordinates": [ [ [ [ 32.6606, 39.8758 ], [ 32.6606, 39.8756 ], [ 32.6602, 39.8756 ], [ 32.6602, 39.8759 ], [ 32.6606, 39.8758 ] ] ] ] } },
{ "type": "Feature", "properties": { "id": "sehirAtlasi.982", "kentAtlasiDegeriKodu": "14120", "kentAtlasiDegeri": "Kent İçindeki Yeşil Alanlar ( Aktif )", "gecirimsizlikKatmani": 10, "tucbsNo": "CBSGM_1_7976444", "aciklama": null, "gecerlilikBaslangici": "2019-06-12T00:00:00Z", "gecerlilikSonu": null, "gozlemTarihi": null, "hilucsAraziKullanimi": null, "hilucsDurumu": null, "olcek": "1:10000", "surumBaslangicZamani": null, "surumBitisZamani": null, "total_population": 0.0, "estimated_water_supply": 0.56583824261356463, "population_pressure": 0.0, "urban_water_stress_score": 0.0 }, "geometry": { "type": "MultiPolygon", "coordinates": [ [ [ [ 32.8119, 39.7862 ], [ 32.8122, 39.7862 ], [ 32.8124, 39.7862 ], [ 32.8123, 39.7862 ], [ 32.8127, 39.7857 ], [ 32.8127, 39.7857 ], [ 32.8127, 39.7857 ], [ 32.8127, 39.7857 ], [ 32.8128, 39.7856 ], [ 32.8129, 39.7856 ], [ 32.8129, 39.7856 ], [ 32.8129, 39.7856 ], [ 32.813, 39.7856 ], [ 32.8125, 39.7854 ], [ 32.8126, 39.7852 ], [ 32.8124, 39.7856 ], [ 32.8124, 39.7856 ], [ 32.8123, 39.7858 ], [ 32.8123, 39.7858 ], [ 32.812, 39.7861 ], [ 32.8119, 39.7862 ], [ 32.8119, 39.7862 ] ] ] ] } },
{ "type": "Feature", "properties": { "id": "sehirAtlasi.983", "kentAtlasiDegeriKodu": "12170", "kentAtlasiDegeri": "İbadethane Alanları", "gecirimsizlikKatmani": 0, "tucbsNo": "CBSGM_1_7976445", "aciklama": null, "gecerlilikBaslangici": "2019-06-12T00:00:00Z", "gecerlilikSonu": null, "gozlemTarihi": null, "hilucsAraziKullanimi": null, "hilucsDurumu": null, "olcek": "1:10000", "surumBaslangicZamani": null, "surumBitisZamani": null, "total_population": 0.0, "estimated_water_supply": 0.56540022610644747, "population_pressure": 0.0, "urban_water_stress_score": 0.0 }, "geometry": { "type": "MultiPolygon", "coordinates": [ [ [ [ 32.8175, 39.797 ], [ 32.8174, 39.7974 ], [ 32.8173, 39.7974 ], [ 32.8181, 39.7976 ], [ 32.8182, 39.7975 ], [ 32.8183, 39.7973 ], [ 32.8183, 39.7972 ], [ 32.8181, 39.7971 ], [ 32.8175, 39.797 ] ] ] ] } },
{ "type": "Feature", "properties": { "id": "sehirAtlasi.984", "kentAtlasiDegeriKodu": "12150", "kentAtlasiDegeri": "Eğitim Alanları", "gecirimsizlikKatmani": 0, "tucbsNo": "CBSGM_1_7976446", "aciklama": null, "gecerlilikBaslangici": "2019-06-12T00:00:00Z", "gecerlilikSonu": null, "gozlemTarihi": null, "hilucsAraziKullanimi": null, "hilucsDurumu": null, "olcek": "1:10000", "surumBaslangicZamani": null, "surumBitisZamani": null, "total_population": 0.0, "estimated_water_supply": 0.56687434679837412, "population_pressure": 0.0, "urban_water_stress_score": 0.0 }, "geometry": { "type": "MultiPolygon", "coordinates": [ [ [ [ 32.8188, 39.7974 ], [ 32.8194, 39.7975 ], [ 32.8194, 39.7971 ], [ 32.8199, 39.7972 ], [ 32.8199, 39.7964 ], [ 32.8188, 39.7964 ], [ 32.8188, 39.7974 ] ] ] ] } },
{ "type": "Feature", "properties": { "id": "sehirAtlasi.985", "kentAtlasiDegeriKodu": "12130", "kentAtlasiDegeri": "Kamu Alanları", "gecirimsizlikKatmani": 0, "tucbsNo": "CBSGM_1_7976447", "aciklama": null, "gecerlilikBaslangici": "2019-06-12T00:00:00Z", "gecerlilikSonu": null, "gozlemTarihi": null, "hilucsAraziKullanimi": null, "hilucsDurumu": null, "olcek": "1:10000", "surumBaslangicZamani": null, "surumBitisZamani": null, "total_population": 0.0, "estimated_water_supply": 0.78505965930739841, "population_pressure": 0.0, "urban_water_stress_score": 0.0 }, "geometry": { "type": "MultiPolygon", "coordinates": [ [ [ [ 32.7082, 39.8927 ], [ 32.7087, 39.8929 ], [ 32.709, 39.8926 ], [ 32.7086, 39.8923 ], [ 32.7086, 39.8923 ], [ 32.7085, 39.8922 ], [ 32.7085, 39.8922 ], [ 32.7085, 39.8922 ], [ 32.7082, 39.8926 ], [ 32.7082, 39.8927 ] ] ] ] } },
{ "type": "Feature", "properties": { "id": "sehirAtlasi.986", "kentAtlasiDegeriKodu": "12130", "kentAtlasiDegeri": "Kamu Alanları", "gecirimsizlikKatmani": 0, "tucbsNo": "CBSGM_1_7976448", "aciklama": null, "gecerlilikBaslangici": "2019-06-12T00:00:00Z", "gecerlilikSonu": null, "gozlemTarihi": null, "hilucsAraziKullanimi": null, "hilucsDurumu": null, "olcek": "1:10000", "surumBaslangicZamani": null, "surumBitisZamani": null, "total_population": 0.0, "estimated_water_supply": 0.83209142546401804, "population_pressure": 0.0, "urban_water_stress_score": 0.0 }, "geometry": { "type": "MultiPolygon", "coordinates": [ [ [ [ 32.8273, 39.9171 ], [ 32.8264, 39.9172 ], [ 32.8262, 39.9173 ], [ 32.8258, 39.9181 ], [ 32.8268, 39.9183 ], [ 32.8273, 39.9171 ] ] ] ] } },
{ "type": "Feature", "properties": { "id": "sehirAtlasi.987", "kentAtlasiDegeriKodu": "12150", "kentAtlasiDegeri": "Eğitim Alanları", "gecirimsizlikKatmani": 0, "tucbsNo": "CBSGM_1_7976449", "aciklama": null, "gecerlilikBaslangici": "2019-06-12T00:00:00Z", "gecerlilikSonu": null, "gozlemTarihi": null, "hilucsAraziKullanimi": null, "hilucsDurumu": null, "olcek": "1:10000", "surumBaslangicZamani": null, "surumBitisZamani": null, "total_population": 0.0, "estimated_water_supply": 0.71786554181273066, "population_pressure": 0.0, "urban_water_stress_score": 0.0 }, "geometry": { "type": "MultiPolygon", "coordinates": [ [ [ [ 32.9499, 39.8317 ], [ 32.9503, 39.8323 ], [ 32.9507, 39.8322 ], [ 32.9507, 39.8322 ], [ 32.9509, 39.832 ], [ 32.9509, 39.8321 ], [ 32.9507, 39.8319 ], [ 32.9506, 39.8318 ], [ 32.9502, 39.8316 ], [ 32.9499, 39.8317 ] ] ] ] } },
{ "type": "Feature", "properties": { "id": "sehirAtlasi.988", "kentAtlasiDegeriKodu": "14210", "kentAtlasiDegeri": "Otel/ Tatil Köyü", "gecirimsizlikKatmani": 0, "tucbsNo": "CBSGM_1_7976450", "aciklama": null, "gecerlilikBaslangici": "2019-12-24T00:00:00Z", "gecerlilikSonu": null, "gozlemTarihi": null, "hilucsAraziKullanimi": null, "hilucsDurumu": null, "olcek": "1:10000", "surumBaslangicZamani": null, "surumBitisZamani": null, "total_population": 0.0, "estimated_water_supply": 0.87442421264981007, "population_pressure": 0.0, "urban_water_stress_score": 0.0 }, "geometry": { "type": "MultiPolygon", "coordinates": [ [ [ [ 32.8569, 39.9139 ], [ 32.8569, 39.9138 ], [ 32.8563, 39.9138 ], [ 32.8563, 39.9134 ], [ 32.8562, 39.9134 ], [ 32.8561, 39.9134 ], [ 32.856, 39.9138 ], [ 32.8562, 39.9138 ], [ 32.8562, 39.9143 ], [ 32.8558, 39.9143 ], [ 32.8558, 39.9145 ], [ 32.8564, 39.9145 ], [ 32.8565, 39.9143 ], [ 32.8569, 39.9143 ], [ 32.8569, 39.9139 ] ] ] ] } },
{ "type": "Feature", "properties": { "id": "sehirAtlasi.989", "kentAtlasiDegeriKodu": "14210", "kentAtlasiDegeri": "Otel/ Tatil Köyü", "gecirimsizlikKatmani": 0, "tucbsNo": "CBSGM_1_7976451", "aciklama": null, "gecerlilikBaslangici": "2019-12-24T00:00:00Z", "gecerlilikSonu": null, "gozlemTarihi": null, "hilucsAraziKullanimi": null, "hilucsDurumu": null, "olcek": "1:10000", "surumBaslangicZamani": null, "surumBitisZamani": null, "total_population": 0.0, "estimated_water_supply": 0.8756293906134438, "population_pressure": 0.0, "urban_water_stress_score": 0.0 }, "geometry": { "type": "MultiPolygon", "coordinates": [ [ [ [ 32.8561, 39.9147 ], [ 32.8561, 39.915 ], [ 32.8565, 39.915 ], [ 32.8565, 39.9147 ], [ 32.8561, 39.9147 ] ] ] ] } },
{ "type": "Feature", "properties": { "id": "sehirAtlasi.990", "kentAtlasiDegeriKodu": "22000", "kentAtlasiDegeri": "Sürekli Ürünler", "gecirimsizlikKatmani": 0, "tucbsNo": "CBSGM_1_7976452", "aciklama": null, "gecerlilikBaslangici": "2019-06-11T00:00:00Z", "gecerlilikSonu": null, "gozlemTarihi": null, "hilucsAraziKullanimi": null, "hilucsDurumu": null, "olcek": "1:10000", "surumBaslangicZamani": null, "surumBitisZamani": null, "total_population": 0.0, "estimated_water_supply": 0.64776895290643344, "population_pressure": 0.0, "urban_water_stress_score": 0.0 }, "geometry": { "type": "MultiPolygon", "coordinates": [ [ [ [ 32.7426, 39.854 ], [ 32.7427, 39.8549 ], [ 32.7431, 39.8551 ], [ 32.7434, 39.8552 ], [ 32.7434, 39.8552 ], [ 32.7442, 39.8553 ], [ 32.7442, 39.8551 ], [ 32.7445, 39.8551 ], [ 32.7445, 39.8553 ], [ 32.7447, 39.8552 ], [ 32.7449, 39.8552 ], [ 32.7449, 39.8548 ], [ 32.7453, 39.8548 ], [ 32.7452, 39.8547 ], [ 32.7451, 39.8546 ], [ 32.745, 39.8545 ], [ 32.7448, 39.8546 ], [ 32.7443, 39.8545 ], [ 32.7437, 39.8543 ], [ 32.7432, 39.8541 ], [ 32.7426, 39.854 ] ] ] ] } },
{ "type": "Feature", "properties": { "id": "sehirAtlasi.991", "kentAtlasiDegeriKodu": "14110", "kentAtlasiDegeri": "Mezarlık Alanları", "gecirimsizlikKatmani": 0, "tucbsNo": "CBSGM_1_7976453", "aciklama": null, "gecerlilikBaslangici": "2019-06-11T00:00:00Z", "gecerlilikSonu": null, "gozlemTarihi": null, "hilucsAraziKullanimi": null, "hilucsDurumu": null, "olcek": "1:10000", "surumBaslangicZamani": null, "surumBitisZamani": null, "total_population": 0.0, "estimated_water_supply": 1.0341969582057908, "population_pressure": 0.0, "urban_water_stress_score": 0.0 }, "geometry": { "type": "MultiPolygon", "coordinates": [ [ [ [ 32.9453, 39.9097 ], [ 32.945, 39.9097 ], [ 32.945, 39.9097 ], [ 32.945, 39.9097 ], [ 32.9449, 39.9096 ], [ 32.9449, 39.9096 ], [ 32.9449, 39.9096 ], [ 32.9449, 39.9096 ], [ 32.9449, 39.9096 ], [ 32.9449, 39.9096 ], [ 32.9449, 39.9095 ], [ 32.9449, 39.9095 ], [ 32.945, 39.9095 ], [ 32.945, 39.9095 ], [ 32.945, 39.9095 ], [ 32.9453, 39.9093 ], [ 32.9453, 39.9093 ], [ 32.9453, 39.9093 ], [ 32.9452, 39.9092 ], [ 32.9452, 39.9092 ], [ 32.9452, 39.909 ], [ 32.9452, 39.909 ], [ 32.9452, 39.9086 ], [ 32.9452, 39.9086 ], [ 32.9452, 39.9086 ], [ 32.9452, 39.9085 ], [ 32.9452, 39.9085 ], [ 32.9452, 39.9085 ], [ 32.9452, 39.9086 ], [ 32.9452, 39.9086 ], [ 32.9453, 39.909 ], [ 32.9453, 39.9091 ], [ 32.9456, 39.9088 ], [ 32.9456, 39.9087 ], [ 32.9455, 39.9084 ], [ 32.9455, 39.9084 ], [ 32.9455, 39.9084 ], [ 32.9455, 39.9083 ], [ 32.9455, 39.9083 ], [ 32.9449, 39.9082 ], [ 32.9449, 39.9082 ], [ 32.9447, 39.9084 ], [ 32.9445, 39.9086 ], [ 32.9442, 39.9088 ], [ 32.9441, 39.909 ], [ 32.944, 39.9092 ], [ 32.9442, 39.9094 ], [ 32.9445, 39.9096 ], [ 32.9449, 39.9097 ], [ 32.9453, 39.9097 ] ] ] ] } },
{ "type": "Feature", "properties": { "id": "sehirAtlasi.992", "kentAtlasiDegeriKodu": "14200", "kentAtlasiDegeri": "Spor Ve Eğlence Alanları", "gecirimsizlikKatmani": 0, "tucbsNo": "CBSGM_1_7976454", "aciklama": null, "gecerlilikBaslangici": "2019-06-11T00:00:00Z", "gecerlilikSonu": null, "gozlemTarihi": null, "hilucsAraziKullanimi": null, "hilucsDurumu": null, "olcek": "1:10000", "surumBaslangicZamani": null, "surumBitisZamani": null, "total_population": 0.0, "estimated_water_supply": 0.66504322842171493, "population_pressure": 0.0, "urban_water_stress_score": 0.0 }, "geometry": { "type": "MultiPolygon", "coordinates": [ [ [ [ 32.7806, 39.8479 ], [ 32.7812, 39.8482 ], [ 32.7815, 39.8479 ], [ 32.7814, 39.8478 ], [ 32.7823, 39.847 ], [ 32.7819, 39.8468 ], [ 32.7818, 39.8468 ], [ 32.7816, 39.8471 ], [ 32.7814, 39.8472 ], [ 32.7806, 39.8479 ] ] ] ] } },
{ "type": "Feature", "properties": { "id": "sehirAtlasi.993", "kentAtlasiDegeriKodu": "12130", "kentAtlasiDegeri": "Kamu Alanları", "gecirimsizlikKatmani": 0, "tucbsNo": "CBSGM_1_7976455", "aciklama": null, "gecerlilikBaslangici": "2019-06-13T00:00:00Z", "gecerlilikSonu": null, "gozlemTarihi": null, "hilucsAraziKullanimi": null, "hilucsDurumu": null, "olcek": "1:10000", "surumBaslangicZamani": null, "surumBitisZamani": null, "total_population": 0.0, "estimated_water_supply": 0.65868541856286644, "population_pressure": 0.0, "urban_water_stress_score": 0.0 }, "geometry": { "type": "MultiPolygon", "coordinates": [ [ [ [ 32.7709, 39.8453 ], [ 32.7711, 39.8458 ], [ 32.7714, 39.8464 ], [ 32.7714, 39.8464 ], [ 32.7721, 39.8463 ], [ 32.7728, 39.8462 ], [ 32.7736, 39.8462 ], [ 32.7736, 39.8458 ], [ 32.7742, 39.8457 ], [ 32.7743, 39.8455 ], [ 32.7743, 39.8452 ], [ 32.7743, 39.8449 ], [ 32.774, 39.8446 ], [ 32.7738, 39.8444 ], [ 32.7737, 39.8439 ], [ 32.7729, 39.844 ], [ 32.7726, 39.8431 ], [ 32.7721, 39.8435 ], [ 32.7715, 39.8438 ], [ 32.7711, 39.8442 ], [ 32.771, 39.8448 ], [ 32.7709, 39.8453 ] ] ] ] } },
{ "type": "Feature", "properties": { "id": "sehirAtlasi.994", "kentAtlasiDegeriKodu": "11230", "kentAtlasiDegeri": "Düşük Yoğunluklu Süreksiz Kentsel Alan (10% - 30%)", "gecirimsizlikKatmani": 0, "tucbsNo": "CBSGM_1_7976456", "aciklama": null, "gecerlilikBaslangici": "2019-05-29T00:00:00Z", "gecerlilikSonu": null, "gozlemTarihi": null, "hilucsAraziKullanimi": null, "hilucsDurumu": null, "olcek": "1:10000", "surumBaslangicZamani": null, "surumBitisZamani": null, "total_population": 0.0, "estimated_water_supply": 0.79755241719185888, "population_pressure": 0.0, "urban_water_stress_score": 0.0 }, "geometry": { "type": "MultiPolygon", "coordinates": [ [ [ [ 32.8996, 39.8878 ], [ 32.8994, 39.8881 ], [ 32.8997, 39.8882 ], [ 32.8997, 39.8881 ], [ 32.8999, 39.8879 ], [ 32.8996, 39.8878 ] ] ] ] } },
{ "type": "Feature", "properties": { "id": "sehirAtlasi.995", "kentAtlasiDegeriKodu": "13400", "kentAtlasiDegeri": "Mevcut Kullanımı Olmayan Alanlar", "gecirimsizlikKatmani": 0, "tucbsNo": "CBSGM_1_7976457", "aciklama": null, "gecerlilikBaslangici": "2019-05-29T00:00:00Z", "gecerlilikSonu": null, "gozlemTarihi": null, "hilucsAraziKullanimi": null, "hilucsDurumu": null, "olcek": "1:10000", "surumBaslangicZamani": null, "surumBitisZamani": null, "total_population": 0.0, "estimated_water_supply": 0.79994360844392909, "population_pressure": 0.0, "urban_water_stress_score": 0.0 }, "geometry": { "type": "MultiPolygon", "coordinates": [ [ [ [ 32.9006, 39.8879 ], [ 32.9006, 39.8879 ], [ 32.9006, 39.8879 ], [ 32.9006, 39.888 ], [ 32.9006, 39.888 ], [ 32.9006, 39.888 ], [ 32.9006, 39.8881 ], [ 32.9006, 39.8881 ], [ 32.9006, 39.8881 ], [ 32.9006, 39.8881 ], [ 32.9006, 39.8881 ], [ 32.9005, 39.8881 ], [ 32.9009, 39.8882 ], [ 32.9011, 39.8879 ], [ 32.901, 39.8878 ], [ 32.9008, 39.8878 ], [ 32.9007, 39.8879 ], [ 32.9006, 39.8879 ] ] ] ] } },
{ "type": "Feature", "properties": { "id": "sehirAtlasi.996", "kentAtlasiDegeriKodu": "23000", "kentAtlasiDegeri": "Mera Alanları", "gecirimsizlikKatmani": 0, "tucbsNo": "CBSGM_1_7976458", "aciklama": null, "gecerlilikBaslangici": "2019-05-29T00:00:00Z", "gecerlilikSonu": null, "gozlemTarihi": null, "hilucsAraziKullanimi": null, "hilucsDurumu": null, "olcek": "1:10000", "surumBaslangicZamani": null, "surumBitisZamani": null, "total_population": 0.0, "estimated_water_supply": 0.78806833981703761, "population_pressure": 0.0, "urban_water_stress_score": 0.0 }, "geometry": { "type": "MultiPolygon", "coordinates": [ [ [ [ 32.9001, 39.8867 ], [ 32.9003, 39.8865 ], [ 32.9005, 39.8865 ], [ 32.9009, 39.8865 ], [ 32.9012, 39.8866 ], [ 32.9014, 39.8867 ], [ 32.9014, 39.8869 ], [ 32.9013, 39.887 ], [ 32.9013, 39.8872 ], [ 32.9012, 39.8875 ], [ 32.9012, 39.8876 ], [ 32.9013, 39.8877 ], [ 32.9015, 39.8876 ], [ 32.9017, 39.8875 ], [ 32.9018, 39.8872 ], [ 32.9019, 39.887 ], [ 32.902, 39.8868 ], [ 32.902, 39.8866 ], [ 32.902, 39.8862 ], [ 32.9017, 39.8859 ], [ 32.9015, 39.8857 ], [ 32.9014, 39.8856 ], [ 32.9011, 39.8857 ], [ 32.9007, 39.8859 ], [ 32.9004, 39.8861 ], [ 32.9001, 39.8864 ], [ 32.9, 39.8866 ], [ 32.9, 39.8867 ], [ 32.9001, 39.8867 ] ] ] ] } },
{ "type": "Feature", "properties": { "id": "sehirAtlasi.997", "kentAtlasiDegeriKodu": "13400", "kentAtlasiDegeri": "Mevcut Kullanımı Olmayan Alanlar", "gecirimsizlikKatmani": 0, "tucbsNo": "CBSGM_1_7976459", "aciklama": null, "gecerlilikBaslangici": "2019-05-29T00:00:00Z", "gecerlilikSonu": null, "gozlemTarihi": null, "hilucsAraziKullanimi": null, "hilucsDurumu": null, "olcek": "1:10000", "surumBaslangicZamani": null, "surumBitisZamani": null, "total_population": 0.0, "estimated_water_supply": 0.65627738237609068, "population_pressure": 0.0, "urban_water_stress_score": 0.0 }, "geometry": { "type": "MultiPolygon", "coordinates": [ [ [ [ 32.8724, 39.8577 ], [ 32.8732, 39.8587 ], [ 32.8737, 39.8587 ], [ 32.8739, 39.8587 ], [ 32.8739, 39.8587 ], [ 32.8739, 39.8586 ], [ 32.8739, 39.8585 ], [ 32.8738, 39.8578 ], [ 32.8738, 39.8578 ], [ 32.8738, 39.8577 ], [ 32.8738, 39.8576 ], [ 32.8738, 39.8576 ], [ 32.8739, 39.8574 ], [ 32.8739, 39.8574 ], [ 32.8741, 39.8571 ], [ 32.8742, 39.8569 ], [ 32.8741, 39.8568 ], [ 32.8735, 39.8569 ], [ 32.873, 39.8571 ], [ 32.8727, 39.8573 ], [ 32.8724, 39.8577 ] ] ] ] } },
{ "type": "Feature", "properties": { "id": "sehirAtlasi.998", "kentAtlasiDegeriKodu": "12120", "kentAtlasiDegeri": "Ticaret Alanları", "gecirimsizlikKatmani": 0, "tucbsNo": "CBSGM_1_7976460", "aciklama": null, "gecerlilikBaslangici": "2019-05-29T00:00:00Z", "gecerlilikSonu": null, "gozlemTarihi": null, "hilucsAraziKullanimi": null, "hilucsDurumu": null, "olcek": "1:10000", "surumBaslangicZamani": null, "surumBitisZamani": null, "total_population": 0.0, "estimated_water_supply": 1.1550856034583943, "population_pressure": 0.0, "urban_water_stress_score": 0.0 }, "geometry": { "type": "MultiPolygon", "coordinates": [ [ [ [ 33.0403, 40.127 ], [ 33.0411, 40.1264 ], [ 33.0414, 40.1261 ], [ 33.0416, 40.1262 ], [ 33.0416, 40.1264 ], [ 33.0417, 40.1264 ], [ 33.0422, 40.1259 ], [ 33.0419, 40.1257 ], [ 33.0422, 40.1254 ], [ 33.0418, 40.1253 ], [ 33.0414, 40.1251 ], [ 33.0407, 40.125 ], [ 33.0403, 40.127 ] ] ] ] } },
{ "type": "Feature", "properties": { "id": "sehirAtlasi.999", "kentAtlasiDegeriKodu": "12120", "kentAtlasiDegeri": "Ticaret Alanları", "gecirimsizlikKatmani": 13, "tucbsNo": "CBSGM_1_7976461", "aciklama": null, "gecerlilikBaslangici": "2019-05-29T00:00:00Z", "gecerlilikSonu": null, "gozlemTarihi": null, "hilucsAraziKullanimi": null, "hilucsDurumu": null, "olcek": "1:10000", "surumBaslangicZamani": null, "surumBitisZamani": null, "total_population": 0.0, "estimated_water_supply": 1.1453312570381635, "population_pressure": 0.0, "urban_water_stress_score": 0.0 }, "geometry": { "type": "MultiPolygon", "coordinates": [ [ [ [ 33.0443, 40.1298 ], [ 33.0446, 40.1284 ], [ 33.0437, 40.1285 ], [ 33.0436, 40.1296 ], [ 33.044, 40.1297 ], [ 33.0443, 40.1298 ] ] ] ] } },
{ "type": "Feature", "properties": { "id": "sehirAtlasi.1000", "kentAtlasiDegeriKodu": "21010", "kentAtlasiDegeri": "Sera Alanları", "gecirimsizlikKatmani": 0, "tucbsNo": "CBSGM_1_7976462", "aciklama": null, "gecerlilikBaslangici": "2019-05-29T00:00:00Z", "gecerlilikSonu": null, "gozlemTarihi": null, "hilucsAraziKullanimi": null, "hilucsDurumu": null, "olcek": "1:10000", "surumBaslangicZamani": null, "surumBitisZamani": null, "total_population": 0.0, "estimated_water_supply": 1.1629360857393172, "population_pressure": 0.0, "urban_water_stress_score": 0.0 }, "geometry": { "type": "MultiPolygon", "coordinates": [ [ [ [ 33.0285, 40.1222 ], [ 33.0293, 40.1223 ], [ 33.0294, 40.1219 ], [ 33.0292, 40.1219 ], [ 33.0292, 40.1217 ], [ 33.0286, 40.1216 ], [ 33.0285, 40.1222 ] ] ] ] } }
]
}
